date,open,high,low,close,adj_close,volume
2015-01-01,74.39971160888672,75.4956283569336,73.66399383544922,75.10477447509766,70.729736328125,3946806
2015-01-02,75.30403900146484,76.17770385742188,75.10477447509766,75.47264099121094,71.07616424560547,6565229
2015-01-05,75.27338409423828,77.6414794921875,75.21207427978516,76.72183227539062,72.25261688232422,9404837
2015-01-06,75.96311950683594,79.38114929199219,74.21578216552734,76.1393814086914,71.70407104492188,18412441
2015-01-07,76.63752746582031,77.79475402832031,73.87857818603516,75.46497344970703,71.0689468383789,10863352
2015-01-08,76.53023529052734,78.78337860107422,76.45359802246094,78.43851470947266,73.86927795410156,7942903
2015-01-09,79.08992767333984,79.81798553466797,76.33097839355469,77.65680694580078,73.13310241699219,12083224
2015-01-12,78.26990509033203,80.07089233398438,78.17028045654297,78.86768341064453,74.27344512939453,12302379
2015-01-13,79.3888168334961,79.51909637451172,75.86348724365234,76.13172149658203,71.69686126708984,7711411
2015-01-14,76.4076156616211,76.43827056884766,74.4916763305664,75.31169891357422,70.92459869384766,6088603
2015-01-15,76.63752746582031,77.38091278076172,74.4916763305664,76.77547454833984,72.30310821533203,8490702
2015-01-16,76.4076156616211,77.63381958007812,75.47264099121094,76.68350982666016,72.21651458740234,7528008
2015-01-19,76.94407653808594,78.4768295288086,76.6605224609375,77.60316467285156,73.08260345458984,7947209
2015-01-20,77.97102355957031,78.17028045654297,77.04370880126953,77.63381958007812,73.11144256591797,6590817
2015-01-21,77.71045684814453,78.00167846679688,76.59921264648438,77.58016967773438,73.06094360351562,6416875
2015-01-22,77.71045684814453,80.00958251953125,77.63381958007812,79.48844146728516,74.85804748535156,8134532
2015-01-23,80.46940612792969,88.04119110107422,80.36211395263672,86.42414093017578,81.38973236083984,45485926
2015-01-27,86.43946838378906,87.78062438964844,84.96036529541016,86.03328704833984,81.02164459228516,12114821
2015-01-28,84.91438293457031,88.95317840576172,84.45455932617188,85.40486145019531,80.42981719970703,13903344
2015-01-29,85.52748107910156,91.31361389160156,85.40486145019531,89.42066955566406,84.21170806884766,37824705
2015-01-30,90.95342254638672,99.01568603515625,86.46246337890625,96.14944458007812,90.54850769042969,65285063
2015-02-02,99.78206634521484,101.56005096435547,97.95809173583984,100.36450958251953,94.5180435180664,41701833
2015-02-03,100.44114685058594,100.4641342163086,97.19171142578125,98.34127807617188,92.61265563964844,11937206
2015-02-04,98.3949203491211,101.83595275878906,97.0001220703125,99.36821746826172,93.57978057861328,20534456
2015-02-05,99.93534088134766,100.01197814941406,94.93856811523438,95.46736907958984,89.90615844726562,15521514
2015-02-06,95.79691314697266,98.69380950927734,95.4980239868164,96.1571044921875,90.55572509765625,13093343
2015-02-09,93.49778747558594,97.25302124023438,92.73140716552734,93.37516784667969,87.93584442138672,9986256
2015-02-10,92.88468170166016,98.00407409667969,91.97269439697266,97.3219985961914,91.65275573730469,16479576
2015-02-11,98.09603881835938,102.20381164550781,97.63621520996094,101.39144897460938,95.48515319824219,19163587
2015-02-12,101.90492248535156,105.29996490478516,101.7746353149414,104.89378356933594,98.78346252441406,19540915
2015-02-13,105.36127471923828,105.71380615234375,102.35708618164062,102.98551177978516,96.98636627197266,11217343
2015-02-16,103.33804321289062,105.00874328613281,100.77835083007812,101.6213607788086,95.70166778564453,11523388
2015-02-18,101.98922729492188,103.46066284179688,101.39144897460938,102.0428695678711,96.09862518310547,6802972
2015-02-19,102.83989715576172,107.49945831298828,101.95857238769531,106.10466003417969,99.9238052368164,16545483
2015-02-20,107.13926696777344,108.4727554321289,104.22703552246094,105.36127471923828,99.22372436523438,13753196
2015-02-23,105.7597885131836,106.21961212158203,103.32271575927734,104.20404815673828,98.1339111328125,6944254
2015-02-24,104.15806579589844,109.54568481445312,104.15806579589844,109.1624984741211,102.80350494384766,18937816
2015-02-25,109.8982162475586,110.27374267578125,106.37288665771484,106.66411590576172,100.45067596435547,13553581
2015-02-26,106.69477081298828,107.9056396484375,104.38031768798828,105.46090698242188,99.31755065917969,15476196
2015-02-27,106.09699249267578,109.33110046386719,105.43791198730469,109.03221130371094,102.68083190917969,12843035
2015-03-02,107.59909057617188,109.74494171142578,105.7597885131836,108.80996704101562,102.47152709960938,8781363
2015-03-03,109.36175537109375,111.50760650634766,108.38079071044922,110.6339340209961,104.18923950195312,10908493
2015-03-04,111.57657623291016,111.68386840820312,107.29254150390625,107.95162200927734,101.66316223144531,9656926
2015-03-05,108.09723663330078,108.35780334472656,105.7597885131836,107.20823669433594,100.96309661865234,12558461
2015-03-09,106.5108413696289,106.5108413696289,101.68267059326172,102.0428695678711,96.09862518310547,7975309
2015-03-10,102.08119201660156,104.15039825439453,98.0577163696289,99.3912124633789,93.6014404296875,9985479
2015-03-11,99.52149200439453,101.39144897460938,97.7435073852539,99.42952728271484,93.63751983642578,11566206
2015-03-12,100.24188995361328,101.11555480957031,99.56747436523438,100.50245666503906,94.64794921875,6724218
2015-03-13,101.12322235107422,101.92791748046875,96.2567367553711,97.19171142578125,91.5300521850586,9152930
2015-03-16,97.32965850830078,98.83942413330078,95.26045227050781,98.09603881835938,92.3817138671875,10155774
2015-03-17,98.59417724609375,99.5521469116211,97.19937896728516,98.83942413330078,93.081787109375,6650031
2015-03-18,98.87773895263672,99.78206634521484,98.01940155029297,98.7244644165039,92.97354125976562,4567788
2015-03-19,99.6364517211914,99.78206634521484,94.0112533569336,94.83894348144531,89.31434631347656,8507137
2015-03-20,94.57070922851562,95.22978973388672,92.57813262939453,93.47479248046875,88.02965545654297,12267377
2015-03-23,93.8426513671875,94.70099639892578,90.89977264404297,91.39025115966797,86.0665512084961,9837934
2015-03-24,90.97640991210938,91.6968002319336,89.12944793701172,90.65453338623047,85.37369537353516,9013384
2015-03-25,91.24464416503906,93.86564636230469,90.89977264404297,93.31385803222656,87.87810516357422,8756630
2015-03-26,92.70075225830078,94.17985534667969,91.3595962524414,92.1949462890625,86.82437133789062,14607308
2015-03-27,91.96503448486328,91.96503448486328,89.42066955566406,91.23697662353516,85.92219543457031,7045197
2015-03-30,92.42485809326172,95.03053283691406,92.1949462890625,94.83894348144531,89.31434631347656,5615297
2015-03-31,95.3524169921875,97.02310943603516,93.75068664550781,94.31781005859375,88.82357788085938,8187770
2015-04-01,93.31385803222656,94.38677978515625,92.42485809326172,93.86564636230469,88.39774322509766,5663060
2015-04-06,94.26416015625,97.32965850830078,93.90396118164062,96.4100112915039,90.79390716552734,5353082
2015-04-07,97.32965850830078,98.84708404541016,95.88121032714844,98.24164581298828,92.51883697509766,8201797
2015-04-08,98.69380950927734,99.4601821899414,97.17638397216797,98.83942413330078,93.081787109375,9957941
2015-04-09,99.15363311767578,99.15363311767578,96.95413970947266,98.09603881835938,92.3817138671875,4112808
2015-04-10,96.57095336914062,98.49455261230469,95.8428955078125,97.79714965820312,92.10023498535156,6573554
2015-04-13,97.71285247802734,101.7746353149414,97.32965850830078,101.43743133544922,95.52845001220703,10420149
2015-04-15,101.74398040771484,102.55634307861328,98.12669372558594,98.92372131347656,93.16117095947266,7813182
2015-04-16,98.89306640625,100.40282440185547,97.02310943603516,98.21099090576172,92.48997497558594,7010657
2015-04-17,98.09603881835938,99.56747436523438,97.50592803955078,98.4792251586914,92.7425537109375,6112233
2015-04-20,98.4792251586914,99.29158020019531,96.86983489990234,98.36426544189453,92.63430786132812,8286932
2015-04-21,98.09603881835938,101.29182434082031,97.32965850830078,99.8127212524414,93.99838256835938,11180742
2015-04-22,100.52544403076172,101.88192749023438,98.94671630859375,101.19219207763672,95.2975082397461,9174702
2015-04-23,101.9509048461914,103.99712371826172,101.17686462402344,103.1081314086914,97.10183715820312,9486964
2015-04-24,102.99317169189453,102.99317169189453,100.08861541748047,101.19985961914062,95.30471801757812,7851453
2015-04-27,101.4604263305664,102.31110382080078,98.12669372558594,100.24188995361328,94.40255737304688,6648955
2015-04-28,98.9007339477539,100.65573120117188,98.10369873046875,100.23422241210938,94.39532470703125,5830498
2015-04-29,100.540771484375,104.6868667602539,100.2265625,103.8438491821289,97.7947006225586,7722104
2015-04-30,103.92048645019531,105.60651397705078,102.80158233642578,103.33804321289062,97.31836700439453,13112048
2015-05-04,103.92048645019531,109.25446319580078,102.84756469726562,108.45742797851562,102.13951110839844,11619476
2015-05-05,108.8252944946289,111.12442016601562,107.63740539550781,109.66063690185547,103.27265167236328,9925470
2015-05-06,108.69500732421875,108.8252944946289,103.15411376953125,104.0201187133789,97.960693359375,9298055
2015-05-07,103.16178131103516,103.46066284179688,97.09974670410156,99.57514190673828,93.774658203125,6735975
2015-05-08,101.19985961914062,105.60651397705078,100.70171356201172,104.86312866210938,98.75459289550781,6537756
2015-05-11,106.06633758544922,108.8252944946289,105.54520416259766,108.38845825195312,102.0745620727539,6250194
2015-05-12,108.36546325683594,108.4037857055664,102.69429016113281,103.25374603271484,97.23896789550781,6854481
2015-05-13,104.38031768798828,111.88312530517578,104.38031768798828,110.69524383544922,104.24697875976562,38481851
2015-05-14,109.28511810302734,113.55382537841797,108.12022399902344,113.0326919555664,106.44825744628906,26280844
2015-05-15,113.11699676513672,114.08262634277344,111.58424377441406,113.22428131103516,106.62869262695312,15502215
2015-05-18,112.67249298095703,119.4012680053711,112.67249298095703,118.68853759765625,111.77465057373047,17281278
2015-05-19,117.86852264404297,119.93773651123047,117.02550506591797,118.02945709228516,111.15396881103516,13493245
2015-05-20,118.78816986083984,120.3975601196289,118.3283462524414,119.62351989746094,112.65516662597656,14434024
2015-05-21,119.96072387695312,120.3209228515625,118.1750717163086,119.62351989746094,112.65516662597656,9851602
2015-05-22,120.45886993408203,122.54341125488281,119.5545425415039,121.81535339355469,114.71931457519531,13381322
2015-05-25,121.08729553222656,122.39013671875,119.78445434570312,120.52017974853516,113.49958038330078,11963825
2015-05-26,121.056640625,123.2254867553711,120.3209228515625,121.6237564086914,114.53889465332031,17826044
2015-05-27,119.73847198486328,121.70039367675781,119.72314453125,121.16393280029297,114.1058349609375,11121457
2015-05-28,120.93402099609375,121.24057006835938,109.6529769897461,112.58052825927734,106.02244567871094,38326555
2015-05-29,112.50389099121094,112.50389099121094,104.0201187133789,108.25817108154297,101.9518814086914,52597892
2015-06-01,108.67201232910156,110.61860656738281,96.14944458007812,97.03077697753906,91.37847900390625,71545880
2015-06-02,97.78948974609375,100.15758514404297,95.26045227050781,97.63621520996094,91.94866180419922,112566102
2015-06-03,312.3918762207031,312.3918762207031,57.95024490356445,59.80290985107422,56.319252014160156,89673759
2015-06-04,61.02893829345703,65.0339584350586,59.55770492553711,63.50823974609375,59.80873107910156,27138057
2015-06-05,63.75344467163086,65.96029663085938,61.21965408325195,62.79986572265625,59.14162063598633,18109318
2015-06-08,63.56272888183594,63.971405029296875,53.700016021728516,54.35389709472656,51.18765640258789,27980663
2015-06-09,54.84430694580078,56.615238189697266,53.29133987426758,54.626346588134766,51.44422912597656,24868857
2015-06-10,54.7625732421875,56.34278869628906,54.4901237487793,54.81706237792969,51.62384033203125,9294001
2015-06-11,55.41645431518555,55.68890380859375,52.582969665527344,53.345829010009766,50.23830795288086,10489218
2015-06-12,52.85541915893555,52.88266372680664,50.73030471801758,51.1934700012207,48.21132278442383,9493008
2015-06-15,51.1934700012207,56.96942138671875,50.13091278076172,54.735328674316406,51.54686737060547,23764327
2015-06-16,54.735328674316406,54.898799896240234,51.11173629760742,52.746437072753906,49.673828125,11264023
2015-06-17,53.345829010009766,55.225738525390625,52.419498443603516,54.08144760131836,50.93107604980469,13221475
2015-06-18,54.57185745239258,55.19849395751953,53.454811096191406,54.299407958984375,51.13633346557617,7826482
2015-06-19,54.299407958984375,54.95328903198242,52.44674301147461,52.80093002319336,49.72515106201172,6430158
2015-06-22,53.100624084472656,54.13593673706055,52.582969665527344,53.31858444213867,50.212650299072266,5395954
2015-06-23,53.40031814575195,55.25298309326172,53.100624084472656,54.68083953857422,51.49554443359375,8146500
2015-06-24,54.51736831665039,54.95328903198242,52.63745880126953,52.93715286254883,49.85343551635742,5616487
2015-06-25,51.493167877197266,52.03806686401367,50.15815734863281,51.493167877197266,48.493568420410156,14788371
2015-06-26,51.60214614868164,52.96439743041992,51.08449172973633,51.41143035888672,48.416587829589844,8700138
2015-06-29,50.62132263183594,50.62132263183594,49.150089263916016,49.77672576904297,46.87710952758789,5251014
2015-06-30,49.44978713989258,51.16622543334961,48.904884338378906,49.504276275634766,46.62053298950195,10729342
2015-07-01,49.749481201171875,50.67581558227539,49.61325454711914,49.9401969909668,47.031063079833984,8195635
2015-07-02,50.40336227416992,50.67581558227539,49.259071350097656,49.749481201171875,46.85145950317383,9383950
2015-07-03,49.9129524230957,50.86652755737305,49.313560485839844,49.58600997924805,46.697505950927734,8627185
2015-07-06,49.04111099243164,49.9129524230957,48.85039520263672,49.44978713989258,46.569217681884766,8015491
2015-07-07,49.80397033691406,50.948265075683594,49.068355560302734,50.15815734863281,47.236324310302734,8715245
2015-07-08,49.749481201171875,49.83121871948242,48.60519027709961,48.74141311645508,45.90210723876953,8641503
2015-07-09,49.04111099243164,49.47703170776367,48.16926956176758,48.468963623046875,45.64552688598633,6958615
2015-07-10,48.714168548583984,49.259071350097656,48.114776611328125,48.823150634765625,45.979087829589844,9393005
2015-07-13,49.04111099243164,49.69499206542969,48.49620819091797,49.395294189453125,46.51789474487305,7490181
2015-07-14,49.640499114990234,50.212646484375,48.3599853515625,48.714168548583984,45.8764533996582,7973389
2015-07-15,48.76865768432617,49.150089263916016,48.27824783325195,48.550697326660156,45.72249984741211,6202960
2015-07-16,48.904884338378906,49.422542572021484,47.869571685791016,48.49620819091797,45.67118453979492,6807914
2015-07-17,48.76865768432617,48.904884338378906,48.06028747558594,48.27824783325195,45.46592712402344,3031881
2015-07-20,48.468963623046875,48.550697326660156,47.624366760253906,47.92406463623047,45.13236999511719,3264000
2015-07-21,47.95130920410156,48.033042907714844,45.85343933105469,46.153133392333984,43.464595794677734,5711592
2015-07-22,45.96241760253906,46.507320404052734,45.662723541259766,46.234867095947266,43.54157257080078,3952747
2015-07-23,46.56180953979492,46.56180953979492,45.3902702331543,46.0713996887207,43.38762664794922,3068660
2015-07-24,46.044151306152344,47.542633056640625,45.96241760253906,46.507320404052734,43.798160552978516,5275442
2015-07-27,46.31660461425781,46.343849182128906,43.97352981567383,44.16424560546875,41.591575622558594,6322345
2015-07-28,44.46393966674805,44.54567337036133,43.483116149902344,43.782814025878906,41.23236083984375,4621143
2015-07-29,44.028018951416016,44.84537124633789,43.64658737182617,44.54567337036133,41.950782775878906,3638918
2015-07-30,44.709144592285156,49.259071350097656,44.35496139526367,48.30549240112305,45.491580963134766,12972903
2015-07-31,47.95130920410156,48.3599853515625,47.0794677734375,47.48814010620117,46.01475143432617,6479144
2015-08-03,47.84232711791992,47.84232711791992,45.826194763183594,46.20762252807617,44.77396774291992,4156120
2015-08-04,46.53456497192383,52.2015380859375,46.044151306152344,51.465919494628906,49.86911392211914,19284731
2015-08-05,52.36500930786133,56.15207290649414,51.76561737060547,53.89073181152344,52.21870040893555,33057721
2015-08-06,53.12786865234375,53.345829010009766,51.00275421142578,51.84735107421875,50.23871994018555,10882998
2015-08-07,51.41143035888672,51.41143035888672,48.87763977050781,49.2045783996582,47.67793655395508,10726140
2015-08-10,49.858463287353516,52.11980056762695,49.2045783996582,49.72223663330078,48.17953872680664,11261468
2015-08-11,50.48509979248047,52.25602722167969,49.259071350097656,50.37611770629883,48.813133239746094,17005676
2015-08-12,50.67581558227539,50.86652755737305,47.678855895996094,48.08753204345703,46.595550537109375,8282185
2015-08-13,48.85039520263672,49.72223663330078,46.20762252807617,46.86150360107422,45.40755844116211,11534758
2015-08-14,47.29742431640625,49.150089263916016,46.6435432434082,48.30549240112305,46.8067512512207,8585856
2015-08-17,48.6596794128418,49.36804962158203,47.95130920410156,48.25100326538086,46.75395202636719,8447000
2015-08-18,48.52345275878906,49.259071350097656,46.86150360107422,47.0794677734375,45.61875915527344,8124520
2015-08-19,47.0794677734375,47.678855895996094,46.45282745361328,46.752525329589844,45.30195999145508,6206812
2015-08-20,47.188446044921875,48.387229919433594,44.7908821105957,45.33578109741211,43.92917251586914,12799958
2015-08-21,45.00884246826172,45.33578109741211,43.91904067993164,44.73638916015625,43.34838104248047,6279851
2015-08-24,43.592098236083984,43.673831939697266,38.17033004760742,38.878700256347656,37.67243194580078,10248837
2015-08-25,41.41249465942383,41.466983795166016,36.671852111816406,39.53258514404297,38.306034088134766,13239669
2015-08-26,39.641563415527344,40.2681999206543,37.9796142578125,39.232887268066406,38.015628814697266,7753423
2015-08-27,39.77779006958008,44.54567337036133,39.77779006958008,43.483116149902344,42.133995056152344,19986363
2015-08-28,44.24597930908203,45.090576171875,41.05830764770508,42.01188278198242,40.70840835571289,10542721
2015-08-31,42.17535400390625,42.61127471923828,40.81310272216797,40.94932556152344,39.67881393432617,6080032
2015-09-01,40.322689056396484,40.64963150024414,38.33380126953125,39.232887268066406,38.015628814697266,6376473
2015-09-02,39.88676834106445,40.21371078491211,38.442779541015625,38.82421112060547,37.61963653564453,5904936
2015-09-03,39.232887268066406,41.08555221557617,39.232887268066406,39.77779006958008,38.54362487792969,6226743
2015-09-04,39.641563415527344,39.641563415527344,37.05328369140625,37.81614685058594,36.642845153808594,6305827
2015-09-07,38.006858825683594,38.47002410888672,36.50838088989258,36.671852111816406,35.534053802490234,6581132
2015-09-08,37.05328369140625,37.598182678222656,35.881744384765625,37.271244049072266,36.11484909057617,5289929
2015-09-09,38.006858825683594,39.641563415527344,37.598182678222656,38.38829040527344,37.197242736816406,6264546
2015-09-10,38.006858825683594,38.306556701660156,36.671852111816406,37.870635986328125,36.695648193359375,5148802
2015-09-11,38.27931213378906,39.042171478271484,37.516448974609375,37.81614685058594,36.642845153808594,5485829
2015-09-14,38.63349533081055,43.26515579223633,38.14308547973633,42.01188278198242,40.70840835571289,16092993
2015-09-15,41.031063079833984,41.98463821411133,39.55982971191406,40.02299499511719,38.78122329711914,7953935
2015-09-16,40.64963150024414,42.202598571777344,39.396358489990234,40.676876068115234,39.414817810058594,10028024
2015-09-18,41.05830764770508,43.101688385009766,41.05830764770508,42.47505187988281,41.157203674316406,16642761
2015-09-21,41.84841537475586,45.199554443359375,41.466983795166016,44.21873474121094,42.84678649902344,10205902
2015-09-22,44.518428802490234,45.77170181274414,42.2570915222168,42.72025680541992,41.394798278808594,7453139
2015-09-23,41.43973922729492,44.13699722290039,41.41249465942383,43.592098236083984,42.23958969116211,7308058
2015-09-24,43.592098236083984,44.273223876953125,42.77474594116211,43.75556945800781,42.39799118041992,6136409
2015-09-28,44.13699722290039,45.117820739746094,43.40138244628906,43.782814025878906,42.42439651489258,5042820
2015-09-29,42.8019905090332,44.68190002441406,41.84841537475586,43.07444381713867,41.73800277709961,7114293
2015-09-30,43.592098236083984,44.35496139526367,42.85647964477539,44.05526351928711,42.68839645385742,4967654
2015-10-01,44.518428802490234,45.063331604003906,43.29240036010742,43.89179229736328,42.52999496459961,5458967
2015-10-05,44.30046844482422,45.226802825927734,44.16424560546875,44.8181266784668,43.427581787109375,5424113
2015-10-06,45.226802825927734,47.16120147705078,45.03608703613281,45.85343933105469,44.43076705932617,8280258
2015-10-07,46.0713996887207,47.0794677734375,45.88068389892578,46.234867095947266,44.80036926269531,5196692
2015-10-08,46.48007583618164,46.53456497192383,44.7908821105957,45.85343933105469,44.43076705932617,3677139
2015-10-09,46.31660461425781,46.99773025512695,44.89986038208008,45.74445724487305,44.325172424316406,4981978
2015-10-12,46.01690673828125,47.84232711791992,45.635475158691406,46.91599655151367,45.460365295410156,5669432
2015-10-13,46.86150360107422,47.0794677734375,45.88068389892578,46.343849182128906,44.90596389770508,3209653
2015-10-14,46.28936004638672,47.624366760253906,45.798946380615234,46.20762252807617,44.77396774291992,3471935
2015-10-15,46.56180953979492,53.72726058959961,46.56180953979492,52.71919250488281,51.08350372314453,46389867
2015-10-16,53.40031814575195,55.579925537109375,51.65663528442383,52.36500930786133,50.74030685424805,29536061
2015-10-19,52.03806686401367,52.28327178955078,50.67581558227539,51.08449172973633,49.4995231628418,6970459
2015-10-20,51.2207145690918,53.509300231933594,51.138980865478516,52.310516357421875,50.68750762939453,8720857
2015-10-21,52.310516357421875,52.746437072753906,49.749481201171875,51.05724334716797,49.47312545776367,5527554
2015-10-23,51.493167877197266,52.555721282958984,51.05724334716797,51.24795913696289,49.657920837402344,5240377
2015-10-26,51.32969665527344,51.65663528442383,49.640499114990234,49.9401969909668,48.39073181152344,3787304
2015-10-27,49.69499206542969,50.430606842041016,49.44978713989258,50.02193069458008,48.469932556152344,5276126
2015-10-28,49.80397033691406,50.67581558227539,49.04111099243164,49.640499114990234,48.10033416748047,6442492
2015-10-29,49.749481201171875,50.348873138427734,49.28631591796875,49.667747497558594,48.126739501953125,5365170
2015-10-30,49.749481201171875,51.43867492675781,49.58600997924805,50.348873138427734,48.7867317199707,8062369
2015-11-02,50.40336227416992,50.539588928222656,47.73334884643555,48.16926956176758,46.67475128173828,9626089
2015-11-03,48.60519027709961,49.068355560302734,47.51538848876953,48.16926956176758,46.67475128173828,6570152
2015-11-04,48.49620819091797,48.823150634765625,46.234867095947266,46.42558288574219,44.985164642333984,5166112
2015-11-05,46.343849182128906,46.42558288574219,44.13699722290039,44.43669509887695,43.057979583740234,4818884
2015-11-06,44.627410888671875,44.89986038208008,42.502296447753906,43.07444381713867,41.73800277709961,6193549
2015-11-09,41.2490234375,43.75556945800781,40.922080993652344,43.29240036010742,41.949195861816406,7812735
2015-11-10,43.21066665649414,43.40138244628906,41.41249465942383,41.57596206665039,40.2860107421875,4699200
2015-11-13,42.17535400390625,42.17535400390625,40.48616027832031,41.112796783447266,39.83721923828125,4378881
2015-11-16,41.031063079833984,42.638519287109375,40.73136520385742,42.01188278198242,40.70840835571289,4831517
2015-11-17,42.28433609008789,44.627410888671875,42.17535400390625,43.673831939697266,42.318790435791016,9313041
2015-11-18,43.673831939697266,43.782814025878906,42.202598571777344,42.47505187988281,41.157203674316406,3872022
2015-11-19,42.72025680541992,43.18342208862305,41.712188720703125,42.47505187988281,41.157203674316406,3884973
2015-11-20,42.665767669677734,43.483116149902344,42.066375732421875,42.61127471923828,41.2891960144043,4890165
2015-11-23,42.77474594116211,44.13699722290039,42.77474594116211,43.18342208862305,41.84359359741211,5297543
2015-11-24,43.428627014160156,44.273223876953125,42.992706298828125,43.37413787841797,42.02839660644531,7182239
2015-11-26,43.592098236083984,45.635475158691406,43.31964874267578,45.00884246826172,43.61237716674805,7493473
2015-11-27,45.226802825927734,45.71721267700195,44.518428802490234,44.8181266784668,43.427581787109375,3772617
2015-11-30,44.8181266784668,45.472007751464844,44.46393966674805,44.89986038208008,43.506778717041016,2773913
2015-12-01,45.090576171875,45.117820739746094,44.05526351928711,44.40945053100586,43.03158950805664,2357904
2015-12-02,44.57292175292969,46.12588882446289,43.946285247802734,45.3902702331543,43.98197555541992,6203687
2015-12-03,45.226802825927734,45.25404739379883,43.89179229736328,44.1097526550293,42.74118423461914,4221337
2015-12-04,43.70107650756836,45.063331604003906,42.72025680541992,43.04719543457031,41.71160125732422,4636317
2015-12-07,43.29240036010742,44.00077438354492,43.04719543457031,43.21066665649414,41.8699951171875,2366502
2015-12-08,42.992706298828125,43.428627014160156,41.30351257324219,41.5487174987793,40.259613037109375,3861641
2015-12-09,41.2490234375,42.01188278198242,40.29544448852539,41.031063079833984,39.75801467895508,5907154
2015-12-10,41.2490234375,41.68494415283203,40.867591857910156,41.112796783447266,39.83721923828125,3362000
2015-12-11,41.38524627685547,41.68494415283203,39.232887268066406,39.69605255126953,38.46442794799805,5117674
2015-12-14,39.66880798339844,41.63045120239258,39.505340576171875,40.89483642578125,39.626014709472656,5144866
2015-12-15,43.26515579223633,43.86454772949219,42.17535400390625,42.8019905090332,41.474002838134766,13412010
2015-12-16,43.01995086669922,43.237911224365234,42.066375732421875,42.311580657958984,40.99880599975586,4200454
2015-12-17,42.69301223754883,44.0825080871582,41.76667785644531,43.61934280395508,42.265987396240234,5904341
2015-12-18,43.12893295288086,44.57292175292969,42.8292350769043,43.64658737182617,42.29240036010742,5630842
2015-12-21,43.837303161621094,44.954349517822266,43.37413787841797,44.382205963134766,43.005184173583984,4289882
2015-12-22,44.30046844482422,45.472007751464844,44.05526351928711,44.30046844482422,42.925987243652344,5794288
2015-12-23,44.68190002441406,45.3902702331543,44.382205963134766,44.872615814208984,43.48038101196289,4970710
2015-12-24,44.954349517822266,46.262115478515625,44.46393966674805,45.907928466796875,44.48357391357422,5838327
2015-12-28,45.77170181274414,46.507320404052734,45.090576171875,45.77170181274414,44.3515739440918,3912777
2015-12-29,45.907928466796875,46.18037796020508,45.28129196166992,45.662723541259766,44.2459716796875,4291684
2015-12-30,45.662723541259766,46.42558288574219,45.226802825927734,45.44476318359375,44.03477478027344,5667355
2015-12-31,45.553741455078125,45.798946380615234,44.8181266784668,45.44476318359375,44.03477478027344,4286718
2016-01-01,45.553741455078125,49.422542572021484,44.872615814208984,49.09560012817383,47.57233810424805,10963906
2016-01-04,48.76865768432617,50.15815734863281,45.907928466796875,46.37109375,44.93236541748047,9408965
2016-01-05,46.67079162597656,48.823150634765625,45.88068389892578,48.27824783325195,46.78034973144531,9801814
2016-01-06,47.95130920410156,48.468963623046875,46.48007583618164,46.99773025512695,45.53955841064453,7093448
2016-01-07,46.262115478515625,46.262115478515625,42.502296447753906,43.56485366821289,42.213191986083984,8919023
2016-01-08,44.68190002441406,45.226802825927734,43.946285247802734,44.68190002441406,43.29558563232422,6409374
2016-01-11,44.13699722290039,45.71721267700195,42.992706298828125,44.872615814208984,43.48038101196289,7610929
2016-01-12,44.872615814208984,45.635475158691406,43.31964874267578,44.028018951416016,42.66197967529297,7187524
2016-01-13,44.57292175292969,46.6435432434082,42.066375732421875,44.05526351928711,42.68839645385742,14813664
2016-01-14,43.01995086669922,44.13699722290039,42.148109436035156,42.393314361572266,41.0780029296875,8517248
2016-01-15,42.72025680541992,43.483116149902344,40.2681999206543,40.5406494140625,39.28281784057617,6162841
2016-01-18,40.21371078491211,40.48616027832031,37.162261962890625,38.197574615478516,37.012447357177734,6988884
2016-01-19,38.9876823425293,40.10472869873047,38.08859634399414,39.505340576171875,38.27962875366211,5936602
2016-01-20,38.442779541015625,39.01492691040039,36.75358581542969,37.48920440673828,36.32605743408203,5302168
2016-01-21,38.361045837402344,39.20564270019531,37.05328369140625,37.92512512207031,36.74844741821289,6301101
2016-01-22,38.49727249145508,40.59514236450195,38.49727249145508,40.186466217041016,38.93962478637695,6412547
2016-01-25,40.56789779663086,41.08555221557617,39.61431884765625,40.37718200683594,39.124420166015625,3702771
2016-01-27,40.758609771728516,40.97657012939453,39.66880798339844,39.91401672363281,38.675636291503906,3456780
2016-01-28,40.13197326660156,40.29544448852539,38.9876823425293,39.2601318359375,38.04203414916992,3743917
2016-01-29,39.2601318359375,39.968505859375,38.25206756591797,39.69605255126953,38.46442794799805,4584955
2016-02-01,40.077484130859375,42.665767669677734,39.995750427246094,40.62238693237305,39.36202621459961,14301204
2016-02-02,40.431671142578125,40.73136520385742,38.796966552734375,39.2601318359375,38.04203414916992,4281060
2016-02-03,40.40442657470703,40.59514236450195,38.796966552734375,39.20564270019531,37.98923110961914,9088526
2016-02-04,39.61431884765625,40.10472869873047,38.76972198486328,39.36911392211914,38.14762878417969,4395526
2016-02-05,39.396358489990234,40.70412063598633,39.12390899658203,40.15922164916992,38.91322708129883,4563542
2016-02-08,40.56789779663086,43.428627014160156,39.941261291503906,41.14004135131836,39.863616943359375,12827236
2016-02-09,40.56789779663086,41.41249465942383,39.505340576171875,40.867591857910156,39.59961700439453,7145205
2016-02-10,40.322689056396484,40.59514236450195,39.12390899658203,39.42360305786133,38.20043182373047,5444984
2016-02-11,39.505340576171875,39.61431884765625,36.26317596435547,36.99879455566406,35.85085678100586,6162865
2016-02-12,37.54369354248047,37.54369354248047,33.51142501831055,34.98265838623047,33.89727020263672,8247087
2016-02-15,35.85449981689453,37.271244049072266,35.1461296081543,35.60929489135742,34.50447082519531,8626379
2016-02-16,36.18144226074219,36.34490966796875,34.1380615234375,34.356021881103516,33.290069580078125,7678551
2016-02-17,34.4105110168457,34.76469802856445,32.966522216796875,34.356021881103516,33.290069580078125,6460857
2016-02-18,34.87367630004883,35.22786331176758,33.37519836425781,34.110816955566406,33.05248260498047,5831539
2016-02-19,34.110816955566406,34.62847137451172,33.70214080810547,34.30153274536133,33.23728561401367,4855147
2016-02-22,34.76469802856445,34.87367630004883,33.64765167236328,33.94734573364258,32.89408493041992,4339569
2016-02-23,34.21979522705078,34.24704360961914,32.830299377441406,33.18448257446289,32.15489196777344,5223434
2016-02-24,33.075504302978516,34.21979522705078,32.476112365722656,33.29346466064453,32.2604866027832,6110278
2016-02-25,33.64765167236328,33.78387451171875,32.61233901977539,32.80305480957031,31.785295486450195,5504340
2016-02-26,33.26622009277344,33.565914154052734,32.23090744018555,32.966522216796875,31.943693161010742,4739308
2016-02-29,33.075504302978516,33.40244674682617,31.7132511138916,32.01294708251953,31.019702911376953,8277215
2016-03-01,32.149173736572266,33.45693588256836,31.931211471557617,33.10274887084961,32.075687408447266,6846633
2016-03-02,33.78387451171875,34.90092468261719,33.29346466064453,34.02907943725586,32.97328567504883,9313684
2016-03-03,34.32877731323242,34.601226806640625,33.429691314697266,34.05632781982422,32.99968719482422,7706783
2016-03-04,34.32877731323242,35.22786331176758,34.05632781982422,34.4377555847168,33.36927795410156,9013442
2016-03-08,34.601226806640625,35.1461296081543,33.920101165771484,34.90092468261719,33.81807327270508,11091171
2016-03-09,34.601226806640625,36.4266471862793,34.38326644897461,36.18144226074219,35.05886459350586,7364105
2016-03-10,36.53562545776367,36.78083038330078,35.36408996582031,35.52756118774414,34.42527389526367,5795786
2016-03-11,35.52756118774414,36.3994026184082,35.309600830078125,35.66378402709961,34.55726623535156,4388832
2016-03-14,35.990726470947266,36.317665100097656,35.22786331176758,35.82725524902344,34.71566390991211,9639983
2016-03-15,36.126949310302734,36.99879455566406,35.96348190307617,36.29042053222656,35.16445541381836,13157445
2016-03-16,36.99879455566406,37.21675109863281,35.58205032348633,36.01797103881836,34.90046691894531,6623525
2016-03-17,36.50838088989258,37.65267562866211,36.126949310302734,36.6990966796875,35.56045150756836,6197000
2016-03-18,36.80807876586914,37.84339141845703,36.671852111816406,37.54369354248047,36.37883758544922,4953618
2016-03-21,37.10777282714844,37.870635986328125,36.94430160522461,37.38022232055664,36.2204475402832,4441860
2016-03-22,37.516448974609375,37.62542724609375,36.6990966796875,37.32573318481445,36.54679870605469,3518755
2016-03-23,37.35297775268555,39.396358489990234,37.18950653076172,38.796966552734375,37.987335205078125,9235585
2016-03-28,38.93319320678711,39.069419860839844,37.080528259277344,37.271244049072266,36.493446350097656,4467554
2016-03-29,37.24399948120117,37.598182678222656,36.53562545776367,36.86256790161133,36.09329605102539,2954449
2016-03-30,37.080528259277344,39.77779006958008,37.05328369140625,39.505340576171875,38.6809196472168,7701201
2016-03-31,39.66880798339844,40.81310272216797,39.505340576171875,40.21371078491211,39.374507904052734,9873493
2016-04-01,40.077484130859375,42.33882522583008,39.66880798339844,41.466983795166016,40.60163497924805,7591623
2016-04-04,43.26515579223633,44.60016632080078,43.15617752075195,43.89179229736328,42.97583770751953,12870242
2016-04-05,44.30046844482422,44.30046844482422,40.322689056396484,40.56789779663086,39.7213020324707,15609107
2016-04-06,40.70412063598633,41.603206634521484,40.56789779663086,41.14004135131836,40.28150939941406,8288100
2016-04-07,41.68494415283203,42.066375732421875,40.84034729003906,41.30351257324219,40.44156265258789,8449410
2016-04-08,40.922080993652344,42.992706298828125,40.922080993652344,42.638519287109375,41.748714447021484,5535709
2016-04-11,42.665767669677734,43.81005859375,41.712188720703125,43.5376091003418,42.62904739379883,9178024
2016-04-12,43.592098236083984,44.24597930908203,42.77474594116211,43.12893295288086,42.22889709472656,5169116
2016-04-13,43.837303161621094,44.46393966674805,42.96546173095703,43.89179229736328,42.97583770751953,8758910
2016-04-18,44.273223876953125,45.662723541259766,44.24597930908203,45.199554443359375,44.25630569458008,6639271
2016-04-20,45.417518615722656,46.31660461425781,45.25404739379883,45.88068389892578,44.923221588134766,9906061
2016-04-21,46.31660461425781,46.31660461425781,44.763633728027344,45.33578109741211,44.389686584472656,7968200
2016-04-22,44.954349517822266,45.417518615722656,44.49118423461914,44.709144592285156,43.776126861572266,2894785
2016-04-25,44.709144592285156,45.472007751464844,44.028018951416016,45.14506530761719,44.20295333862305,4414513
2016-04-26,44.68190002441406,46.0986442565918,44.68190002441406,45.907928466796875,44.949893951416016,7920306
2016-04-27,45.88068389892578,47.29742431640625,45.60823059082031,46.72528076171875,45.75019836425781,6246060
2016-04-28,46.97048568725586,47.106712341308594,45.49925231933594,45.68996810913086,44.736488342285156,15756725
2016-04-29,45.77170181274414,48.387229919433594,45.33578109741211,47.24293518066406,46.25704574584961,6954309
2016-05-02,47.02497482299805,48.30549240112305,46.044151306152344,47.433650970458984,46.44377517700195,8407771
2016-05-03,47.40640640258789,48.114776611328125,46.53456497192383,46.80701446533203,45.83021926879883,3210334
2016-05-04,46.91599655151367,47.02497482299805,42.77474594116211,43.12893295288086,42.22889709472656,20822656
2016-05-05,42.77474594116211,44.028018951416016,41.68494415283203,42.556785583496094,41.66868209838867,9217609
2016-05-06,42.44780349731445,42.665767669677734,41.41249465942383,41.821170806884766,40.94842529296875,4208863
2016-05-09,42.09362030029297,42.72025680541992,41.821170806884766,42.17535400390625,41.29521942138672,3602403
2016-05-10,42.22984313964844,42.393314361572266,40.70412063598633,40.97657012939453,40.1214485168457,4712978
2016-05-11,40.29544448852539,41.76667785644531,39.80503463745117,40.48616027832031,39.641273498535156,6481488
2016-05-12,40.70412063598633,41.466983795166016,40.59514236450195,41.2490234375,40.388221740722656,2523613
2016-05-13,41.031063079833984,41.93014907836914,38.33380126953125,39.968505859375,39.13441848754883,6561921
2016-05-16,40.2681999206543,41.73943328857422,39.941261291503906,41.49422836303711,40.62830352783203,5208855
2016-05-17,41.57596206665039,41.57596206665039,40.56789779663086,40.84034729003906,39.988067626953125,2650065
2016-05-18,40.322689056396484,41.68494415283203,40.02299499511719,40.84034729003906,39.988067626953125,4061224
2016-05-19,40.84034729003906,40.84034729003906,38.68798828125,38.9604377746582,38.14738464355469,4148628
2016-05-20,39.396358489990234,39.478092193603516,37.32573318481445,37.54369354248047,36.76020431518555,5822513
2016-05-23,37.870635986328125,38.905948638916016,37.73440933227539,37.9796142578125,37.18703842163086,4193119
2016-05-24,37.92512512207031,38.76972198486328,37.598182678222656,38.442779541015625,37.64053726196289,3990547
2016-05-25,38.74247741699219,39.01492691040039,38.306556701660156,38.74247741699219,37.93397903442383,2631012
2016-05-26,38.9604377746582,40.758609771728516,38.76972198486328,40.37718200683594,39.53456115722656,3692219
2016-05-27,40.431671142578125,41.41249465942383,39.55982971191406,39.968505859375,39.13441848754883,3452128
2016-05-30,40.2681999206543,41.00381851196289,39.641563415527344,40.676876068115234,39.82801055908203,2433947
2016-05-31,41.05830764770508,41.05830764770508,39.17839813232422,39.69605255126953,38.86765670776367,6312199
2016-06-01,39.77779006958008,42.12086486816406,39.55982971191406,40.94932556152344,40.09477233886719,9021732
2016-06-02,41.466983795166016,41.63045120239258,40.431671142578125,41.16728591918945,40.30818176269531,5390009
2016-06-03,41.41249465942383,41.793922424316406,38.93319320678711,39.2601318359375,38.440826416015625,5454098
2016-06-06,39.2601318359375,39.723297119140625,38.197574615478516,39.396358489990234,38.574214935302734,5051899
2016-06-07,39.723297119140625,39.995750427246094,39.12390899658203,39.66880798339844,38.840972900390625,4197626
2016-06-08,39.77779006958008,41.14004135131836,39.61431884765625,40.81310272216797,39.961395263671875,4976982
2016-06-09,40.922080993652344,41.276268005371094,40.2409553527832,40.70412063598633,39.85468292236328,3803414
2016-06-10,40.62238693237305,41.358001708984375,40.2681999206543,40.676876068115234,39.82801055908203,2797763
2016-06-13,39.88676834106445,40.513404846191406,39.2601318359375,39.66880798339844,38.840972900390625,4466319
2016-06-14,39.941261291503906,43.45587158203125,39.66880798339844,42.96546173095703,42.06883239746094,11896589
2016-06-15,43.101688385009766,43.81005859375,42.556785583496094,43.5376091003418,42.62904739379883,8418476
2016-06-16,43.04719543457031,43.483116149902344,41.84841537475586,42.883724212646484,41.98880386352539,4883954
2016-06-17,43.21066665649414,44.24597930908203,42.72025680541992,42.93821716308594,42.04215621948242,5533237
2016-06-20,42.502296447753906,44.028018951416016,42.17535400390625,43.45587158203125,42.54901123046875,3617653
2016-06-21,43.56485366821289,43.97352981567383,42.556785583496094,42.85647964477539,41.96213150024414,3180115
2016-06-22,43.21066665649414,43.37413787841797,41.90290451049805,42.311580657958984,41.4286003112793,4106076
2016-06-23,42.47505187988281,43.21066665649414,41.5487174987793,42.93821716308594,42.04215621948242,5537212
2016-06-24,40.867591857910156,41.33075714111328,39.396358489990234,40.431671142578125,39.58792495727539,5617427
2016-06-27,40.64963150024414,41.466983795166016,39.832279205322266,41.16728591918945,40.30818176269531,3331651
2016-06-28,41.2490234375,44.954349517822266,41.08555221557617,44.382205963134766,43.45601272583008,14977945
2016-06-29,44.8181266784668,45.68996810913086,44.028018951416016,45.3902702331543,44.44303512573242,8713634
2016-06-30,45.553741455078125,47.81508255004883,45.3630256652832,47.270179748535156,46.283721923828125,9513478
2016-07-01,47.433650970458984,47.542633056640625,45.989662170410156,46.12588882446289,45.163307189941406,4926955
2016-07-04,46.31660461425781,47.32467269897461,46.18037796020508,46.86150360107422,45.883567810058594,4389525
2016-07-05,46.6435432434082,47.106712341308594,45.85343933105469,46.0986442565918,45.136634826660156,4880851
2016-07-07,46.0713996887207,46.53456497192383,45.44476318359375,45.58098602294922,44.62977981567383,3419333
2016-07-08,45.60823059082031,45.77170181274414,43.946285247802734,44.65465545654297,43.7227783203125,4342598
2016-07-11,45.226802825927734,45.93517303466797,44.73638916015625,45.60823059082031,44.65644836425781,4478982
2016-07-12,45.93517303466797,46.234867095947266,45.308536529541016,45.74445724487305,44.78982925415039,4933490
2016-07-13,45.989662170410156,46.56180953979492,44.46393966674805,44.872615814208984,43.93618392944336,5360149
2016-07-14,44.89986038208008,45.33578109741211,44.49118423461914,44.65465545654297,43.7227783203125,3366956
2016-07-15,44.872615814208984,45.58098602294922,43.592098236083984,44.0825080871582,43.16257095336914,4422082
2016-07-18,44.40945053100586,45.826194763183594,43.64658737182617,44.191490173339844,43.26926803588867,6300888
2016-07-19,44.028018951416016,44.68190002441406,43.31964874267578,43.72832489013672,42.815773010253906,4267228
2016-07-20,43.946285247802734,45.58098602294922,43.72832489013672,45.199554443359375,44.25630569458008,7248467
2016-07-21,45.33578109741211,46.044151306152344,43.86454772949219,44.191490173339844,43.26926803588867,5338705
2016-07-22,43.81005859375,44.7908821105957,43.81005859375,44.46393966674805,43.53604507446289,4153765
2016-07-25,44.40945053100586,44.57292175292969,43.592098236083984,44.05526351928711,43.13589859008789,6642295
2016-07-26,44.24597930908203,46.45282745361328,44.191490173339844,45.17230987548828,44.22962951660156,14027560
2016-07-27,45.28129196166992,45.88068389892578,44.7908821105957,45.14506530761719,44.20295333862305,9301461
2016-07-28,45.28129196166992,45.77170181274414,43.483116149902344,44.84537124633789,43.909515380859375,52012681
2016-07-29,43.97352981567383,44.73638916015625,43.64658737182617,43.946285247802734,43.0291862487793,7206920
2016-08-01,44.191490173339844,44.54567337036133,40.73136520385742,42.36606979370117,41.48195266723633,8520575
2016-08-02,42.22984313964844,43.04719543457031,42.066375732421875,42.393314361572266,41.50863265991211,5121353
2016-08-03,42.22984313964844,42.61127471923828,40.78585433959961,40.94932556152344,40.09477233886719,6990512
2016-08-04,41.276268005371094,42.066375732421875,40.45891571044922,41.712188720703125,40.841712951660156,4363036
2016-08-05,42.01188278198242,42.311580657958984,41.14004135131836,42.09362030029297,41.215187072753906,6216275
2016-08-08,42.33882522583008,43.15617752075195,41.957393646240234,42.883724212646484,41.98880386352539,4328727
2016-08-09,42.8019905090332,43.21066665649414,41.84841537475586,42.28433609008789,41.40192413330078,4575831
2016-08-10,42.393314361572266,44.35496139526367,41.68494415283203,43.5376091003418,42.62904739379883,22730605
2016-08-11,43.592098236083984,43.72832489013672,40.64963150024414,41.358001708984375,40.49491882324219,10262382
2016-08-12,41.466983795166016,41.603206634521484,40.59514236450195,40.867591857910156,40.014739990234375,4789062
2016-08-16,40.97657012939453,41.30351257324219,40.05023956298828,40.2681999206543,39.42786407470703,6591779
2016-08-17,40.322689056396484,41.16728591918945,40.2409553527832,40.5406494140625,39.69462203979492,5498363
2016-08-18,40.70412063598633,41.30351257324219,40.5406494140625,40.73136520385742,39.8813591003418,4474693
2016-08-19,40.81310272216797,42.69301223754883,40.73136520385742,41.93014907836914,41.05512619018555,13148637
2016-08-22,41.93014907836914,41.93014907836914,40.62238693237305,40.867591857910156,40.014739990234375,5673853
2016-08-23,40.81310272216797,41.08555221557617,40.15922164916992,40.56789779663086,39.7213020324707,4062899
2016-08-24,40.431671142578125,41.05830764770508,40.37718200683594,40.78585433959961,39.93471145629883,4865911
2016-08-25,40.867591857910156,41.05830764770508,39.77779006958008,39.91401672363281,39.081077575683594,6835484
2016-08-26,39.968505859375,40.322689056396484,39.069419860839844,39.36911392211914,38.54753875732422,4364418
2016-08-29,38.47002410888672,40.45891571044922,38.442779541015625,39.641563415527344,38.81429672241211,10825980
2016-08-30,39.77779006958008,40.2681999206543,39.641563415527344,39.968505859375,39.13441848754883,4425550
2016-08-31,40.13197326660156,40.29544448852539,39.55982971191406,39.66880798339844,38.840972900390625,3876489
2016-09-01,39.723297119140625,40.05023956298828,38.25206756591797,38.41553497314453,37.61385726928711,4977470
2016-09-02,38.60625076293945,39.09666442871094,38.49727249145508,38.74247741699219,37.93397903442383,3469164
2016-09-06,38.9876823425293,39.69605255126953,38.9876823425293,39.287376403808594,38.46750259399414,4055078
2016-09-07,39.45084762573242,40.21371078491211,39.069419860839844,39.478092193603516,38.654239654541016,4672665
2016-09-08,39.641563415527344,40.81310272216797,39.34186935424805,40.56789779663086,39.7213020324707,6031889
2016-09-09,40.73136520385742,40.73136520385742,39.91401672363281,40.02299499511719,39.18777084350586,3121694
2016-09-12,39.505340576171875,39.505340576171875,36.56287384033203,38.115840911865234,37.32041549682617,4306496
2016-09-14,38.17033004760742,39.09666442871094,38.14308547973633,38.85145568847656,38.04068374633789,3977495
2016-09-15,38.9604377746582,39.232887268066406,38.361045837402344,38.76972198486328,37.96065902709961,1811743
2016-09-16,38.9604377746582,39.505340576171875,37.35297775268555,37.65267562866211,36.86691665649414,12219607
2016-09-19,37.870635986328125,38.49727249145508,37.761653900146484,38.14308547973633,37.34709167480469,2856014
2016-09-20,38.25206756591797,38.878700256347656,38.25206756591797,38.41553497314453,37.61385726928711,4768877
2016-09-21,38.63349533081055,39.09666442871094,38.306556701660156,38.660743713378906,37.85395050048828,4374994
2016-09-22,39.01492691040039,39.36911392211914,38.551761627197266,39.151153564453125,38.33412551879883,4558398
2016-09-23,39.45084762573242,39.69605255126953,38.878700256347656,39.01492691040039,38.200740814208984,4331006
2016-09-26,38.905948638916016,39.287376403808594,38.115840911865234,38.27931213378906,37.48047637939453,3588558
2016-09-27,38.49727249145508,38.905948638916016,38.33380126953125,38.41553497314453,37.61385726928711,3363070
2016-09-28,38.41553497314453,39.12390899658203,38.41553497314453,38.76972198486328,37.96065902709961,2625123
2016-09-29,39.069419860839844,39.287376403808594,34.92816925048828,35.36408996582031,34.626094818115234,9283018
2016-09-30,35.309600830078125,36.126949310302734,34.49224853515625,35.800010681152344,35.052921295166016,5643033
2016-10-03,35.96348190307617,36.6990966796875,35.96348190307617,36.50838088989258,35.74650192260742,2435232
2016-10-04,36.78083038330078,37.434715270996094,36.50838088989258,37.05328369140625,36.280033111572266,4761110
2016-10-05,37.271244049072266,37.48920440673828,36.56287384033203,36.86256790161133,36.09329605102539,2904432
2016-10-06,37.05328369140625,37.35297775268555,36.04521560668945,36.37215805053711,35.613128662109375,2998323
2016-10-07,36.590118408203125,37.24399948120117,36.126949310302734,36.9715461730957,36.20000076293945,5426409
2016-10-10,37.24399948120117,38.33380126953125,36.56287384033203,37.62542724609375,36.840232849121094,9051818
2016-10-13,37.57093811035156,37.9796142578125,36.53562545776367,36.726341247558594,35.95991897583008,4018770
2016-10-14,36.94430160522461,37.32573318481445,36.56287384033203,36.835323333740234,36.066619873046875,3967572
2016-10-17,36.99879455566406,37.57093811035156,36.235931396484375,36.726341247558594,35.95991897583008,5609924
2016-10-18,37.026039123535156,37.46195983886719,36.88981246948242,37.35297775268555,36.57346725463867,2036798
2016-10-19,37.54369354248047,37.92512512207031,37.271244049072266,37.6799201965332,36.893592834472656,3772621
2016-10-20,37.870635986328125,39.042171478271484,37.761653900146484,38.76972198486328,37.96065902709961,4863051
2016-10-21,38.9604377746582,39.36911392211914,38.47002410888672,38.905948638916016,38.094032287597656,5021877
2016-10-24,39.17839813232422,39.66880798339844,38.74247741699219,38.905948638916016,38.094032287597656,5009177
2016-10-25,38.14308547973633,38.41553497314453,36.3994026184082,36.78083038330078,36.013267517089844,12491285
2016-10-26,36.78083038330078,37.10777282714844,36.50838088989258,36.671852111816406,35.90656661987305,4232086
2016-10-27,36.75358581542969,36.75358581542969,36.154197692871094,36.481136322021484,35.71982192993164,4514117
2016-10-28,36.590118408203125,36.917057037353516,36.07246017456055,36.45389175415039,35.69314956665039,4370843
2016-11-01,36.671852111816406,36.726341247558594,36.29042053222656,36.37215805053711,35.613128662109375,2748250
2016-11-02,36.07246017456055,36.07246017456055,35.17337417602539,35.282352447509766,34.546058654785156,5549840
2016-11-03,35.200618743896484,35.7182731628418,35.09164047241211,35.1461296081543,34.412681579589844,2929536
2016-11-04,35.25510787963867,35.4185791015625,33.674896240234375,34.001834869384766,33.29226303100586,4715639
2016-11-07,34.4377555847168,34.68296432495117,34.24704360961914,34.38326644897461,33.665733337402344,1975513
2016-11-08,34.601226806640625,36.37215805053711,34.02907943725586,35.309600830078125,34.57273864746094,7528276
2016-11-09,32.5850944519043,34.110816955566406,31.794986724853516,33.72938537597656,33.02549743652344,5306548
2016-11-10,34.38326644897461,36.78083038330078,34.32877731323242,35.50031661987305,34.75947570800781,5593644
2016-11-11,34.87367630004883,36.45389175415039,34.519493103027344,34.846431732177734,34.11923599243164,3677126
2016-11-15,35.037147521972656,35.09164047241211,32.476112365722656,33.70214080810547,32.99882507324219,4001574
2016-11-16,34.1380615234375,34.49224853515625,33.429691314697266,33.756629943847656,33.052181243896484,3095375
2016-11-17,33.89285659790039,34.87367630004883,33.78387451171875,34.30153274536133,33.58571243286133,2968862
2016-11-18,34.274288177490234,35.4185791015625,33.920101165771484,35.064395904541016,34.33265686035156,4611742
2016-11-21,35.60929489135742,35.60929489135742,33.62040328979492,34.21979522705078,33.50568389892578,3485853
2016-11-22,34.4105110168457,34.81918716430664,33.565914154052734,34.08357238769531,33.37229919433594,2372868
2016-11-23,34.356021881103516,34.87367630004883,34.110816955566406,34.519493103027344,33.79911422729492,2428579
2016-11-24,34.274288177490234,34.519493103027344,33.40244674682617,33.59315872192383,32.892112731933594,3539870
2016-11-25,33.97459030151367,35.00990295410156,33.78387451171875,34.62847137451172,33.90582275390625,4180924
2016-11-28,34.57398223876953,36.29042053222656,34.32877731323242,35.745521545410156,34.99956130981445,4605104
2016-11-29,35.800010681152344,36.75358581542969,35.7182731628418,36.20868682861328,35.45306396484375,3342447
2016-11-30,36.235931396484375,37.38022232055664,36.235931396484375,37.080528259277344,36.30671310424805,3278166
2016-12-01,37.21675109863281,37.54369354248047,36.29042053222656,36.590118408203125,35.82653045654297,1688975
2016-12-02,36.3994026184082,38.49727249145508,36.235931396484375,37.080528259277344,36.30671310424805,8445084
2016-12-05,37.05328369140625,39.042171478271484,36.56287384033203,37.952369689941406,37.16035842895508,8203002
2016-12-06,38.68798828125,38.76972198486328,37.81614685058594,38.03410339355469,37.24038314819336,4109816
2016-12-07,38.68798828125,38.82421112060547,37.38022232055664,38.06135177612305,37.267066955566406,3403877
2016-12-08,38.47002410888672,38.68798828125,38.22481918334961,38.52451705932617,37.7205696105957,2653869
2016-12-09,38.68798828125,39.232887268066406,38.60625076293945,38.905948638916016,38.094032287597656,3444567
2016-12-12,38.74247741699219,39.77779006958008,38.442779541015625,38.76972198486328,37.96065902709961,4230489
2016-12-13,38.85145568847656,39.151153564453125,38.197574615478516,38.63349533081055,37.8272705078125,2127965
2016-12-14,38.63349533081055,39.12390899658203,38.442779541015625,38.660743713378906,37.85395050048828,2190327
2016-12-15,38.361045837402344,40.2681999206543,38.197574615478516,39.723297119140625,38.894325256347656,5888109
2016-12-16,39.995750427246094,40.322689056396484,39.505340576171875,40.077484130859375,39.241119384765625,4653841
2016-12-19,39.832279205322266,40.64963150024414,39.641563415527344,39.85952377319336,39.027713775634766,3108930
2016-12-20,39.77779006958008,40.10472869873047,38.9604377746582,39.36911392211914,38.54753875732422,2956049
2016-12-21,39.505340576171875,40.45891571044922,39.287376403808594,40.10472869873047,39.26780319213867,2934843
2016-12-22,39.941261291503906,40.2681999206543,38.878700256347656,39.069419860839844,38.25409698486328,1856730
2016-12-23,39.042171478271484,39.34186935424805,38.25206756591797,38.878700256347656,38.06735610961914,2004243
2016-12-26,38.52451705932617,38.878700256347656,37.62542724609375,37.9796142578125,37.18703842163086,1737056
2016-12-27,38.08859634399414,38.85145568847656,37.407470703125,38.63349533081055,37.8272705078125,2230132
2016-12-28,38.85145568847656,39.151153564453125,38.41553497314453,38.57900619506836,37.7739143371582,2156431
2016-12-29,38.41553497314453,40.186466217041016,38.22481918334961,39.80503463745117,38.974361419677734,3286922
2016-12-30,39.968505859375,42.039127349853516,39.587074279785156,41.712188720703125,40.841712951660156,9296640
2017-01-02,42.393314361572266,42.393314361572266,41.603206634521484,41.93014907836914,41.05512619018555,4214451
2017-01-03,42.01188278198242,42.17535400390625,41.30351257324219,41.712188720703125,40.841712951660156,2311286
2017-01-04,41.957393646240234,42.93821716308594,41.84841537475586,42.393314361572266,41.50863265991211,3999976
2017-01-05,42.77474594116211,43.37413787841797,42.61127471923828,43.12893295288086,42.22889709472656,4236903
2017-01-06,43.15617752075195,43.5376091003418,42.72025680541992,42.85647964477539,41.96213150024414,2129980
2017-01-09,42.8019905090332,43.346893310546875,42.638519287109375,42.910972595214844,42.015480041503906,1553096
2017-01-10,42.8019905090332,44.24597930908203,42.77474594116211,43.70107650756836,42.78909683227539,5866204
2017-01-11,43.89179229736328,44.46393966674805,43.673831939697266,44.05526351928711,43.13589859008789,2756868
2017-01-12,43.91904067993164,44.273223876953125,43.07444381713867,43.673831939697266,42.76242446899414,2850672
2017-01-13,43.61934280395508,43.86454772949219,42.2570915222168,42.77474594116211,41.88209915161133,3402978
2017-01-16,42.72025680541992,43.81005859375,42.28433609008789,43.483116149902344,42.575687408447266,2758705
2017-01-17,43.5376091003418,43.72832489013672,42.8292350769043,43.01995086669922,42.12218475341797,1636711
2017-01-18,43.101688385009766,43.97352981567383,42.72025680541992,43.15617752075195,42.25556945800781,2935552
2017-01-19,43.31964874267578,44.13699722290039,42.93821716308594,43.91904067993164,43.00251007080078,2358482
2017-01-20,44.1097526550293,44.68190002441406,41.957393646240234,42.22984313964844,41.34856414794922,5478077
2017-01-23,42.17535400390625,43.04719543457031,41.957393646240234,42.61127471923828,41.722042083740234,1623211
2017-01-24,42.665767669677734,43.72832489013672,42.665767669677734,43.40138244628906,42.495662689208984,2803579
2017-01-25,43.5103645324707,43.782814025878906,42.93821716308594,43.592098236083984,42.682395935058594,3122787
2017-01-27,43.64658737182617,51.08449172973633,43.64658737182617,50.45785140991211,49.404869079589844,45884559
2017-01-30,50.07642364501953,51.16622543334961,49.422542572021484,50.32162857055664,49.271488189697266,17647258
2017-01-31,50.13091278076172,50.9210205078125,46.61629867553711,47.48814010620117,46.497127532958984,19334140
2017-02-01,47.95130920410156,49.749481201171875,47.51538848876953,49.504276275634766,48.47119140625,12838038
2017-02-02,49.259071350097656,53.2096061706543,48.6596794128418,51.1934700012207,50.1251335144043,24532952
2017-02-03,51.465919494628906,51.95633316040039,50.37611770629883,51.52041244506836,50.445255279541016,8428402
2017-02-06,51.820106506347656,54.59910202026367,51.57490158081055,52.96439743041992,51.85910415649414,14001719
2017-02-07,53.345829010009766,53.345829010009766,49.44978713989258,50.04917526245117,49.00471878051758,13854294
2017-02-08,50.37611770629883,51.820106506347656,49.58600997924805,50.185401916503906,49.13810348510742,11251319
2017-02-09,50.40336227416992,51.43867492675781,49.34080505371094,51.029998779296875,49.965084075927734,6710539
2017-02-10,51.2207145690918,51.738372802734375,50.348873138427734,50.594078063964844,49.53824996948242,5862282
2017-02-13,50.97550964355469,51.029998779296875,49.04111099243164,49.96744155883789,48.92469024658203,3914814
2017-02-14,50.07642364501953,50.185401916503906,48.6596794128418,49.44978713989258,48.41783905029297,6104677
2017-02-15,49.858463287353516,52.71919250488281,49.72223663330078,50.26713943481445,49.218135833740234,21391968
2017-02-16,50.51234436035156,51.493167877197266,49.58600997924805,51.384185791015625,50.31187438964844,6326139
2017-02-17,51.711124420166016,51.95633316040039,50.89377212524414,51.11173629760742,50.045108795166016,3374607
2017-02-20,51.2207145690918,54.35389709472656,51.029998779296875,53.07337951660156,51.96581268310547,16147853
2017-02-21,53.345829010009766,54.05419921875,52.773685455322266,53.100624084472656,51.99249267578125,6668577
2017-02-22,53.18235778808594,53.56378936767578,51.24795913696289,51.52041244506836,50.445255279541016,8602445
2017-02-23,51.493167877197266,53.23685073852539,51.16622543334961,52.63745880126953,51.53898620605469,10935229
2017-02-27,52.746437072753906,53.23685073852539,51.54765701293945,52.337764739990234,51.245548248291016,4548462
2017-02-28,52.310516357421875,54.898799896240234,51.820106506347656,53.67277145385742,52.552696228027344,14953530
2017-03-01,53.945220947265625,54.24491882324219,52.93715286254883,53.40031814575195,52.28593063354492,4400485
2017-03-02,53.591033935546875,54.435630798339844,50.703060150146484,51.00275421142578,49.93840026855469,7200998
2017-03-03,50.784793853759766,51.9290885925293,50.64856719970703,51.60214614868164,50.52528762817383,7195693
2017-03-06,51.79286193847656,52.228782653808594,51.24795913696289,51.983577728271484,50.89875793457031,4110992
2017-03-07,52.11980056762695,54.16318130493164,51.874595642089844,53.31858444213867,52.205902099609375,9477886
2017-03-08,53.40031814575195,53.97246551513672,51.1934700012207,51.57490158081055,50.49860763549805,5870227
2017-03-09,51.41143035888672,51.68387985229492,50.56683349609375,51.00275421142578,49.93840026855469,4135971
2017-03-10,51.2207145690918,52.03806686401367,50.539588928222656,51.24795913696289,50.17848587036133,3994643
2017-03-14,52.88266372680664,53.945220947265625,52.174293518066406,53.155113220214844,52.04583740234375,9306723
2017-03-15,53.2096061706543,55.470943450927734,52.61021423339844,55.144004821777344,53.99322509765625,17509404
2017-03-16,55.825130462646484,56.64248275756836,55.470943450927734,55.98860168457031,54.82019805908203,13066342
2017-03-17,56.39727783203125,57.43259048461914,55.68890380859375,56.506256103515625,55.32705307006836,11861764
2017-03-20,56.45176696777344,57.105648040771484,55.498191833496094,56.28829574584961,55.113643646240234,4024466
2017-03-21,56.23380661010742,56.88768768310547,55.307472229003906,56.45176696777344,55.27369689941406,4831769
2017-03-22,55.79788589477539,56.506256103515625,55.307472229003906,55.44369888305664,54.28666687011719,3989897
2017-03-23,55.52543640136719,57.350852966308594,55.38920974731445,56.96942138671875,55.78055191040039,7976964
2017-03-24,57.3236083984375,58.3044319152832,56.860443115234375,57.6233024597168,56.4207878112793,9503129
2017-03-27,57.705039978027344,57.705039978027344,56.015846252441406,56.58799362182617,55.40708541870117,6254579
2017-03-28,57.214630126953125,57.67779541015625,56.58799362182617,56.96942138671875,55.78055191040039,4754120
2017-03-29,57.187381744384766,57.350852966308594,56.506256103515625,56.91493225097656,55.727195739746094,3481548
2017-03-30,57.0239143371582,58.031978607177734,56.751461029052734,57.650550842285156,56.44746780395508,13591248
2017-03-31,57.95024490356445,60.04811477661133,57.3236083984375,59.14902877807617,57.914669036865234,12821532
2017-04-03,59.312496185302734,61.19240951538086,58.822086334228516,60.91995620727539,59.64863967895508,8702015
2017-04-05,61.02893829345703,62.90884780883789,60.34781265258789,62.4456787109375,61.14252853393555,7965639
2017-04-06,62.227718353271484,63.29027557373047,62.03700256347656,63.07231521606445,61.75608444213867,5980676
2017-04-07,62.39118957519531,65.1429443359375,62.28221130371094,63.971405029296875,62.63641357421875,10240832
2017-04-10,64.2710952758789,65.7423324584961,63.91691589355469,65.44263458251953,64.07694244384766,8917498
2017-04-11,65.30641174316406,68.38510131835938,64.59803771972656,66.09651947021484,64.71717071533203,20987827
2017-04-12,64.57079315185547,65.1156997680664,59.83015441894531,62.30945587158203,61.009151458740234,16831030
2017-04-13,62.60914993286133,64.02589416503906,61.11067199707031,63.67170715332031,62.34296417236328,9209628
2017-04-17,62.690887451171875,67.6767349243164,62.690887451171875,67.21356964111328,65.81092834472656,10923462
2017-04-18,67.5677490234375,87.56562805175781,67.5677490234375,78.95618438720703,77.30847930908203,170150231
2017-04-19,77.86638641357422,80.91783142089844,75.22361755371094,79.09241485595703,77.4418716430664,43424860
2017-04-20,79.44660186767578,81.40824127197266,78.19332885742188,79.69180297851562,78.02874755859375,15559322
2017-04-21,79.82803344726562,80.91783142089844,78.30230712890625,79.52833557128906,77.86869049072266,10015198
2017-04-24,79.50109100341797,86.72103118896484,79.01068115234375,81.7624282836914,80.05615997314453,31232010
2017-04-25,82.06212615966797,83.72407531738281,80.80885314941406,81.70793914794922,80.0028076171875,14660532
2017-04-26,81.84416198730469,82.57978057861328,63.862422943115234,64.59803771972656,63.24997329711914,82181128
2017-04-27,66.3144760131836,73.75238037109375,61.410369873046875,62.20047378540039,60.902442932128906,143366815
2017-04-28,63.64446258544922,64.67977142333984,58.467899322509766,59.36698913574219,58.128082275390625,72140018
2017-05-02,59.857398986816406,63.372013092041016,58.05922317504883,61.43761444091797,60.15549850463867,57251803
2017-05-03,62.03700256347656,63.154052734375,59.83015441894531,61.383121490478516,60.10214614868164,32763787
2017-05-04,61.546592712402344,62.472923278808594,61.056182861328125,61.79179763793945,60.50228500366211,16931132
2017-05-05,61.900779724121094,62.88159942626953,59.094539642333984,61.95526885986328,60.662357330322266,22307960
2017-05-08,62.1732292175293,63.20854187011719,60.78373336791992,62.418434143066406,61.1158447265625,15326313
2017-05-09,62.60914993286133,65.33365631103516,61.95526885986328,64.4073257446289,63.06324005126953,23232623
2017-05-10,65.08844757080078,67.48601531982422,64.57079315185547,66.91387176513672,65.51747131347656,22752782
2017-05-11,68.35785675048828,69.09347534179688,63.971405029296875,65.46987915039062,64.10359954833984,42484602
2017-05-12,65.715087890625,66.94111633300781,63.862422943115234,66.23274230957031,64.85055541992188,20021004
2017-05-15,66.75039672851562,67.13182830810547,65.38814544677734,66.4234619140625,65.03728485107422,13012270
2017-05-16,66.4507064819336,67.84020233154297,65.82406616210938,66.91387176513672,65.51747131347656,12654891
2017-05-17,66.75039672851562,66.94111633300781,65.1429443359375,66.20549774169922,64.82388305664062,10676920
2017-05-18,65.33365631103516,68.57582092285156,64.62528228759766,65.57886505126953,64.21031951904297,18925323
2017-05-19,67.13182830810547,67.81295776367188,65.46987915039062,66.4234619140625,65.03728485107422,11387421
2017-05-22,66.77764129638672,67.75846862792969,65.715087890625,66.12376403808594,64.74385833740234,10622286
2017-05-23,64.57079315185547,64.62528228759766,59.666683197021484,61.655574798583984,60.3689079284668,23801357
2017-05-24,62.1732292175293,62.88159942626953,60.266075134277344,61.900779724121094,60.6089973449707,11718569
2017-05-25,64.84324645996094,65.06120300292969,62.36394500732422,63.34476852416992,62.02285385131836,17477139
2017-05-26,63.75344467163086,64.18936157226562,62.66364288330078,63.181297302246094,61.86279296875,7654510
2017-05-29,63.181297302246094,63.20854187011719,59.96638107299805,60.701995849609375,59.43523025512695,8839231
2017-05-30,61.02893829345703,68.00366973876953,59.93913650512695,64.24385070800781,62.90317153930664,38287302
2017-05-31,64.4618148803711,65.76957702636719,62.690887451171875,63.64446258544922,62.316287994384766,15218036
2017-06-01,63.862422943115234,64.67977142333984,63.34476852416992,63.617218017578125,62.28961944580078,10238277
2017-06-02,63.862422943115234,64.70702362060547,63.48099136352539,64.02589416503906,62.68976974487305,7758119
2017-06-05,64.02589416503906,65.22467803955078,63.48099136352539,64.02589416503906,62.68976974487305,8493999
2017-06-06,64.89773559570312,70.18328094482422,64.89773559570312,69.77460479736328,68.3185043334961,69157294
2017-06-07,71.24583435058594,73.28921508789062,70.34674835205078,71.5455322265625,70.05247497558594,44938768
2017-06-08,71.3820571899414,71.70899963378906,69.06623077392578,70.72817993164062,69.25218963623047,15231545
2017-06-09,70.837158203125,72.58084106445312,69.22969818115234,72.06318664550781,70.55933380126953,16885493
2017-06-12,71.65451049804688,72.58084106445312,69.74736022949219,71.24583435058594,69.75902557373047,9534346
2017-06-13,70.2922592163086,73.99758911132812,70.2922592163086,72.1449203491211,70.63935852050781,22458851
2017-06-14,72.36288452148438,72.8532943725586,71.05512237548828,71.5182876586914,70.02578735351562,7744458
2017-06-15,71.3820571899414,72.98951721191406,70.2922592163086,72.19940948486328,70.69271850585938,9302880
2017-06-16,72.17216491699219,72.6898193359375,71.0006332397461,71.32756805419922,69.83905029296875,7952593
2017-06-19,72.06318664550781,72.6625747680664,71.5455322265625,71.89971923828125,70.39927673339844,6177534
2017-06-20,72.1449203491211,72.1449203491211,70.45572662353516,71.32756805419922,69.83905029296875,6607942
2017-06-21,71.27307891845703,72.41737365722656,71.0006332397461,71.84523010253906,70.3459243774414,7566756
2017-06-22,72.19940948486328,72.58084106445312,70.837158203125,71.30032348632812,69.8123779296875,7288840
2017-06-23,71.32756805419922,71.43655395507812,67.64949035644531,68.8482666015625,67.4114990234375,10851981
2017-06-27,69.14796447753906,72.41737365722656,67.84020233154297,71.3820571899414,69.89241790771484,10939841
2017-06-28,72.0904312133789,74.48799896240234,71.98145294189453,73.23472595214844,71.70642852783203,26231803
2017-06-29,73.5616683959961,73.88860321044922,72.25389862060547,72.60808563232422,71.09285736083984,7978677
2017-06-30,72.47186279296875,73.18023681640625,71.13685607910156,72.25389862060547,70.74606323242188,7870773
2017-07-03,72.1449203491211,75.71402740478516,71.92696380615234,74.37902069091797,72.82683563232422,17599655
2017-07-04,74.37902069091797,74.89667510986328,72.41737365722656,72.77156066894531,71.25291442871094,6844994
2017-07-05,73.01676177978516,74.1065673828125,72.19940948486328,73.69789123535156,72.15991973876953,8130271
2017-07-06,73.5616683959961,74.16105651855469,72.93502807617188,73.67064666748047,72.13323974609375,5565891
2017-07-07,73.26197052001953,74.1065673828125,72.74431610107422,73.12574768066406,71.59971618652344,3470118
2017-07-10,73.5616683959961,74.05207824707031,73.01676177978516,73.47992706298828,71.9465103149414,1100749
2017-07-11,73.5616683959961,73.80686950683594,72.36288452148438,72.6898193359375,71.17289733886719,4514082
2017-07-12,72.8532943725586,77.29423522949219,72.47186279296875,76.99454498291016,75.38777160644531,28304039
2017-07-13,77.64842224121094,78.656494140625,75.27810668945312,76.72209167480469,75.12100982666016,20051700
2017-07-14,76.83106994628906,77.07627868652344,75.03289794921875,75.959228515625,74.37407684326172,8610995
2017-07-17,76.01371765136719,76.72209167480469,75.4143295288086,75.959228515625,74.37407684326172,4453041
2017-07-18,75.71402740478516,76.47689056396484,74.7059555053711,75.11463165283203,73.547119140625,5014809
2017-07-19,75.19636535644531,76.6403579711914,74.92391967773438,76.01371765136719,74.42741394042969,5478229
2017-07-20,76.28617095947266,77.3759765625,75.46881866455078,76.50413513183594,74.9075927734375,7165638
2017-07-21,76.74933624267578,77.2669906616211,75.11463165283203,76.94005584716797,75.33441162109375,6503101
2017-07-24,77.04903411865234,77.75740814208984,75.85025024414062,76.42239379882812,74.82756042480469,6269892
2017-07-25,76.80382537841797,76.80382537841797,75.3598403930664,75.90473937988281,74.32071685791016,5266174
2017-07-26,76.01371765136719,77.53944396972656,75.68678283691406,76.6948471069336,75.09434509277344,6273285
2017-07-27,76.6948471069336,77.29423522949219,74.92391967773438,75.46881866455078,73.89389038085938,7645534
2017-07-28,75.25086212158203,75.9319839477539,74.35176849365234,75.57779693603516,74.0005874633789,3323407
2017-07-31,75.57779693603516,76.14994812011719,74.6787109375,75.14187622070312,73.95323181152344,3185169
2017-08-01,75.14187622070312,76.74933624267578,75.14187622070312,76.39514923095703,75.18668365478516,4837408
2017-08-02,76.6676025390625,78.38404083251953,76.58586883544922,77.3487319946289,76.12516784667969,8038370
2017-08-03,77.43046569824219,77.73016357421875,74.7059555053711,75.06014251708984,73.8727798461914,4567580
2017-08-04,74.97840881347656,75.87749481201172,74.21554565429688,75.19636535644531,74.00685119628906,4232805
2017-08-07,75.44157409667969,76.77658081054688,75.19636535644531,76.34066009521484,75.133056640625,4115633
2017-08-08,76.36790466308594,76.94005584716797,73.77962493896484,74.8421859741211,73.65827941894531,5253069
2017-08-09,74.6514663696289,74.6514663696289,65.7423324584961,67.7039794921875,66.63299560546875,9968105
2017-08-10,66.75039672851562,67.15907287597656,61.71006393432617,63.126808166503906,62.12822341918945,9423614
2017-08-11,62.11874008178711,63.09956359863281,57.75952911376953,61.95526885986328,60.975223541259766,9495491
2017-08-14,62.66364288330078,64.24385070800781,60.91995620727539,63.56272888183594,62.5572509765625,5295042
2017-08-16,62.11874008178711,63.4537467956543,59.421478271484375,62.772621154785156,61.77964401245117,12736794
2017-08-17,62.936092376708984,64.02589416503906,61.19240951538086,61.79179763793945,60.814327239990234,6875611
2017-08-18,61.1651611328125,61.846290588378906,60.23883056640625,61.1651611328125,60.197608947753906,5649934
2017-08-21,61.57383728027344,62.03700256347656,58.16820526123047,58.576881408691406,57.65027618408203,5089527
2017-08-22,59.14902877807617,59.5849494934082,57.105648040771484,57.92300033569336,57.00673294067383,7407672
2017-08-23,58.54963684082031,60.211585998535156,58.3044319152832,59.96638107299805,59.01778793334961,8584999
2017-08-24,60.32056427001953,60.42954635620117,58.90382385253906,59.47596740722656,58.53514099121094,8056806
2017-08-28,63.80793380737305,65.96029663085938,62.690887451171875,64.95222473144531,63.92477035522461,29813304
2017-08-29,63.971405029296875,66.88662719726562,63.617218017578125,64.81600189208984,63.79069137573242,18008160
2017-08-30,65.60610961914062,71.84523010253906,65.46987915039062,69.82909393310547,68.7244873046875,30155980
2017-08-31,72.47186279296875,72.98951721191406,69.77460479736328,72.22665405273438,71.08412170410156,43525545
2017-09-01,72.33563995361328,75.65953826904297,71.5727767944336,74.43350982666016,73.25605773925781,32679896
2017-09-04,74.21554565429688,74.35176849365234,69.74736022949219,71.27307891845703,70.14563751220703,18357593
2017-09-05,71.60002136230469,73.61615753173828,71.27307891845703,72.52635192871094,71.37908172607422,11848407
2017-09-06,70.89164733886719,71.98145294189453,70.01980590820312,71.27307891845703,70.14563751220703,12783470
2017-09-07,71.62726593017578,72.60808563232422,70.64644622802734,71.05512237548828,69.93112182617188,7770281
2017-09-08,71.32756805419922,71.81797790527344,68.8482666015625,69.5293960571289,68.42952728271484,6971107
2017-09-11,70.01980590820312,72.11767578125,69.85633850097656,71.19134521484375,70.06517791748047,6951762
2017-09-12,71.81797790527344,73.50717163085938,71.05512237548828,72.98951721191406,71.83492279052734,10505454
2017-09-13,72.96227264404297,73.28921508789062,71.0006332397461,71.24583435058594,70.11881256103516,5706700
2017-09-14,71.3820571899414,72.63533020019531,70.64644622802734,71.87247467041016,70.73554229736328,6454072
2017-09-15,70.8644027709961,71.79073333740234,70.40123748779297,71.19134521484375,70.06517791748047,7230572
2017-09-18,71.73624420166016,72.41737365722656,70.89164733886719,71.30032348632812,70.17243957519531,4911385
2017-09-19,71.35481262207031,72.03594207763672,70.89164733886719,71.3820571899414,70.25289154052734,4268999
2017-09-20,71.79073333740234,71.79073333740234,70.34674835205078,70.51021575927734,69.39484405517578,4512226
2017-09-21,70.51021575927734,71.35481262207031,68.05816650390625,69.5838851928711,68.48316955566406,5582608
2017-09-22,69.12071990966797,69.12071990966797,65.93304443359375,66.34172058105469,65.29227447509766,5068371
2017-09-25,66.4234619140625,66.50519561767578,61.982513427734375,63.56272888183594,62.5572509765625,6702097
2017-09-26,63.535484313964844,65.49712371826172,62.55466079711914,64.62528228759766,63.60299301147461,7843415
2017-09-27,65.1156997680664,65.82406616210938,61.655574798583984,62.254966735839844,61.270179748535156,6787630
2017-09-28,62.55466079711914,63.617218017578125,61.79179763793945,62.827110290527344,61.83326721191406,5966330
2017-09-29,63.20854187011719,64.13487243652344,62.90884780883789,63.372013092041016,62.36955642700195,4897720
2017-10-03,63.50823974609375,63.535484313964844,60.12984848022461,60.91995620727539,59.95627975463867,10619689
2017-10-04,61.137916564941406,63.181297302246094,60.97444534301758,62.827110290527344,61.83326721191406,11902628
2017-10-05,63.535484313964844,67.13182830810547,63.263031005859375,66.2599868774414,65.21184539794922,19893119
2017-10-06,66.9683609008789,68.11265563964844,66.34172058105469,67.26805877685547,66.2039566040039,11055196
2017-10-09,65.38814544677734,66.4507064819336,63.80793380737305,65.0067138671875,63.97838592529297,13791758
2017-10-10,65.1156997680664,66.47795104980469,65.1156997680664,65.52436828613281,64.48786163330078,6910072
2017-10-11,66.01478576660156,67.24081420898438,64.08038330078125,64.81600189208984,63.79069137573242,7825089
2017-10-12,65.38814544677734,65.82406616210938,64.57079315185547,65.44263458251953,64.40742492675781,3939302
2017-10-13,65.82406616210938,66.01478576660156,65.1156997680664,65.30641174316406,64.27336120605469,3528261
2017-10-16,65.7423324584961,65.90579986572266,63.48099136352539,63.971405029296875,62.9594612121582,4904567
2017-10-17,64.21660614013672,64.81600189208984,63.78068923950195,64.35283660888672,63.334869384765625,3021964
2017-10-18,64.29834747314453,67.32254791259766,63.67170715332031,66.80489349365234,65.74813079833984,10564364
2017-10-19,67.15907287597656,69.20245361328125,66.66866302490234,68.43959045410156,67.35697937011719,4913758
2017-10-23,68.87551879882812,70.72817993164062,68.22163391113281,69.17520904541016,68.08094787597656,8950521
2017-10-24,69.20245361328125,69.93807220458984,68.33061218261719,68.8210220336914,67.73235321044922,4607943
2017-10-25,69.12071990966797,70.40123748779297,67.5949935913086,69.5838851928711,68.48316955566406,5888478
2017-10-26,69.47490692138672,71.79073333740234,68.73928833007812,71.3820571899414,70.25289154052734,7526631
2017-10-27,71.87247467041016,72.41737365722656,70.01980590820312,70.8099136352539,69.6897964477539,6223089
2017-10-30,71.19134521484375,74.32452392578125,70.34674835205078,73.12574768066406,71.968994140625,9970100
2017-10-31,73.398193359375,73.398193359375,70.8644027709961,72.0904312133789,70.95004272460938,5377681
2017-11-01,72.36288452148438,73.72513580322266,71.98145294189453,72.52635192871094,71.37908172607422,4099352
2017-11-02,72.63533020019531,73.88860321044922,71.84523010253906,72.6625747680664,71.51314544677734,4093488
2017-11-03,73.01676177978516,77.75740814208984,72.41737365722656,76.55862426757812,75.34756469726562,12055417
2017-11-06,78.02985382080078,82.5252914428711,77.73016357421875,81.57171630859375,80.28135681152344,23094679
2017-11-07,81.59896087646484,82.98845672607422,76.94005584716797,80.83609771728516,79.55738067626953,13500041
2017-11-08,80.67262268066406,86.3123550415039,79.7735366821289,82.55253601074219,81.24666595458984,25171927
2017-11-09,82.74324798583984,84.95010375976562,81.2447738647461,84.13275146484375,82.8018798828125,9036184
2017-11-10,84.10550689697266,86.23062133789062,82.71600341796875,85.22254943847656,83.87445068359375,10508253
2017-11-13,85.6039810180664,87.29317474365234,82.19834899902344,83.26091003417969,81.94384002685547,10686118
2017-11-14,82.82498931884766,86.3123550415039,82.55253601074219,84.65040588378906,83.31134796142578,11548080
2017-11-15,84.3507080078125,84.89561462402344,79.61006927490234,80.12772369384766,78.8602066040039,7782830
2017-11-16,79.01068115234375,79.55558013916016,76.0682144165039,78.87445068359375,77.62675476074219,10159450
2017-11-17,79.82803344726562,86.50306701660156,79.66455841064453,85.33153533935547,83.98170471191406,15663475
2017-11-20,85.52224731445312,88.27400207519531,85.0318374633789,87.40216064453125,86.01957702636719,15919341
2017-11-21,87.72909545898438,88.11052703857422,82.93396759033203,83.6150894165039,82.29241180419922,9886154
2017-11-22,84.07826232910156,86.74827575683594,83.12467956542969,85.98541259765625,84.62523651123047,9094343
2017-11-23,86.09439086914062,86.339599609375,81.57171630859375,83.0974349975586,81.7829360961914,8674970
2017-11-24,83.15192413330078,84.67765045166016,81.73518371582031,83.50611114501953,82.1851577758789,6903783
2017-11-27,81.73518371582031,82.93396759033203,80.01874542236328,82.41631317138672,81.11259460449219,8443699
2017-11-28,82.38906860351562,83.20641326904297,80.40017700195312,81.1085433959961,79.82550811767578,5184110
2017-11-29,81.1085433959961,81.43548583984375,79.55558013916016,80.34568786621094,79.0747299194336,4860242
2017-11-30,79.82803344726562,81.46273040771484,79.06517028808594,79.88252258300781,78.61888885498047,4958806
2017-12-01,80.10047912597656,82.4708023071289,76.31341552734375,77.56668853759766,76.33967590332031,9676577
2017-12-04,77.81189727783203,79.44660186767578,71.79073333740234,77.70291137695312,76.47376251220703,12792602
2017-12-05,77.73016357421875,79.99150085449219,76.04096221923828,79.41935729980469,78.16304016113281,8662641
2017-12-06,78.30230712890625,80.31844329833984,76.99454498291016,77.51219940185547,76.28605651855469,7070494
2017-12-07,77.75740814208984,81.16304016113281,77.43046569824219,80.40017700195312,79.12834930419922,6141639
2017-12-08,81.29926300048828,83.12467956542969,80.97232055664062,82.30732727050781,81.0053482055664,9632929
2017-12-11,83.0429458618164,84.05101776123047,81.57171630859375,83.53335571289062,82.21196746826172,8346215
2017-12-12,83.86029815673828,84.62316131591797,81.217529296875,83.12467956542969,81.80976104736328,14052062
2017-12-13,81.73518371582031,83.58784484863281,79.66455841064453,80.37293243408203,79.10153198242188,14168202
2017-12-14,80.10047912597656,81.89865112304688,77.83914184570312,80.94507598876953,79.66462707519531,8661813
2017-12-15,84.43244171142578,84.89561462402344,82.11661529541016,84.56867218017578,83.23091125488281,17693281
2017-12-18,80.64537811279297,90.69880676269531,76.1227035522461,87.15695190429688,85.77825164794922,66541253
2017-12-19,87.12970733642578,88.11052703857422,84.92285919189453,87.40216064453125,86.01957702636719,14853348
2017-12-20,87.18419647216797,88.84614562988281,85.93092346191406,87.70185089111328,86.31452178955078,11399943
2017-12-21,87.72909545898438,89.88145446777344,87.32041931152344,88.60093688964844,87.19938659667969,10145045
2017-12-22,88.79165649414062,90.42636108398438,87.78358459472656,88.76441192626953,87.36027526855469,8437720
2017-12-26,88.81890106201172,90.01768493652344,87.70185089111328,88.9278793334961,87.52116394042969,5369778
2017-12-27,88.81890106201172,92.27902221679688,88.49195861816406,90.42636108398438,88.99593353271484,16657198
2017-12-28,90.45360565185547,91.10748291015625,89.09134674072266,90.04492950439453,88.62053680419922,6887899
2017-12-29,89.90869903564453,91.67963409423828,89.30931091308594,90.64431762695312,89.21044158935547,7840092
2018-01-01,90.34461975097656,92.55147552490234,89.90869903564453,90.48085021972656,89.04956817626953,7745247
2018-01-02,90.50809478759766,91.21646881103516,88.3557357788086,89.30931091308594,87.89656066894531,4977129
2018-01-03,89.30931091308594,98.21844482421875,89.30931091308594,96.0115966796875,94.49280548095703,39032205
2018-01-04,95.90261840820312,100.91571044921875,94.89454650878906,99.8803939819336,98.30040740966797,22778210
2018-01-05,100.69774627685547,105.87430572509766,99.38998413085938,105.24767303466797,103.5827865600586,21144683
2018-01-08,104.9479751586914,109.525146484375,104.78450775146484,107.04584503173828,105.35252380371094,15147523
2018-01-09,107.89044189453125,108.40809631347656,105.76532745361328,106.74614715576172,105.05754852294922,8653790
2018-01-10,106.85513305664062,111.07811737060547,106.8006362915039,108.32636260986328,106.61278533935547,21411711
2018-01-11,107.89044189453125,110.99638366699219,106.55543518066406,109.90657806396484,108.16800689697266,10238800
2018-01-12,110.0700454711914,111.02362823486328,105.84706115722656,108.9530029296875,107.2295150756836,9577781
2018-01-15,109.525146484375,110.17903137207031,107.5090103149414,107.99942016601562,106.29100799560547,5453962
2018-01-16,108.2718734741211,108.48983764648438,102.55040740966797,106.03778076171875,104.36040496826172,13454300
2018-01-17,105.81981658935547,112.086181640625,102.3869400024414,111.45954895019531,109.69639587402344,17383941
2018-01-18,112.2496566772461,113.06700134277344,102.82286071777344,106.3919677734375,104.708984375,24303136
2018-01-19,106.3919677734375,109.525146484375,102.74112701416016,108.8167724609375,107.09542846679688,25753085
2018-01-22,107.89044189453125,110.2607650756836,106.8006362915039,108.38085174560547,106.66641235351562,10534230
2018-01-23,108.65330505371094,111.84098052978516,106.85513305664062,111.3778076171875,109.61597442626953,13877472
2018-01-24,111.32331848144531,113.09425354003906,108.9802474975586,111.97720336914062,110.20587158203125,14325102
2018-01-25,111.70475006103516,117.56243896484375,109.96106719970703,116.82682037353516,114.97876739501953,24286217
2018-01-29,117.48070526123047,120.15071868896484,114.75619506835938,116.25467681884766,114.4156723022461,14632536
2018-01-30,114.97415924072266,116.36365509033203,113.06700134277344,115.13762664794922,113.31629943847656,7873404
2018-01-31,114.40201568603516,119.1971435546875,113.96609497070312,116.17294311523438,114.33523559570312,14190496
2018-02-01,116.06395721435547,118.27081298828125,110.99638366699219,116.6088638305664,114.7642593383789,9002862
2018-02-02,116.06395721435547,116.06395721435547,106.31022644042969,107.45452117919922,105.75472259521484,12747646
2018-02-05,100.86121368408203,109.525146484375,100.09835815429688,108.68054962158203,106.96137237548828,11825552
2018-02-06,100.80672454833984,107.99942016601562,99.55345153808594,106.4192123413086,104.73580932617188,10865044
2018-02-07,108.73503875732422,110.47872161865234,106.31022644042969,107.20931243896484,105.51339721679688,7308821
2018-02-08,108.02666473388672,112.33139038085938,107.29105377197266,111.43230438232422,109.66959381103516,8147287
2018-02-09,108.9802474975586,115.43732452392578,107.6997299194336,114.48374938964844,112.67276763916016,11122413
2018-02-12,115.08313751220703,119.49684143066406,115.08313751220703,118.37979125976562,116.5071792602539,13340428
2018-02-14,119.06092071533203,121.7854232788086,118.10733795166016,119.57857513427734,117.68699645996094,12691224
2018-02-15,120.4776611328125,121.32225799560547,114.78343963623047,117.01753997802734,115.16647338867188,9129656
2018-02-16,117.58968353271484,119.03367614746094,111.59577178955078,113.23047637939453,111.43931579589844,10018309
2018-02-19,111.70475006103516,113.03975677490234,109.25269317626953,110.56045532226562,108.81153106689453,8936687
2018-02-20,110.0700454711914,110.91464233398438,106.2557373046875,107.89044189453125,106.18375396728516,11610335
2018-02-21,108.59881591796875,109.25269317626953,106.4192123413086,107.5634994506836,105.86197662353516,7621480
2018-02-22,106.8006362915039,111.40505981445312,105.60186004638672,110.7784194946289,109.02603912353516,16437924
2018-02-23,111.43230438232422,112.1134262084961,109.79759979248047,111.3505630493164,109.5891342163086,9189024
2018-02-26,111.70475006103516,113.25772094726562,110.88739776611328,112.03169250488281,110.25949096679688,5353014
2018-02-27,112.2496566772461,114.34751892089844,109.63412475585938,112.8218002319336,111.03711700439453,10994042
2018-02-28,111.67750549316406,113.31221008300781,110.34249877929688,110.91464233398438,109.16011810302734,7114891
2018-03-01,110.91464233398438,112.6310806274414,107.99942016601562,108.51708221435547,106.80047607421875,6606714
2018-03-05,108.43534088134766,110.45147705078125,107.20931243896484,109.47065734863281,107.73896789550781,7142031
2018-03-06,110.34249877929688,110.8056640625,98.13671112060547,101.46060943603516,99.85562896728516,14797586
2018-03-07,99.66243743896484,101.05193328857422,92.1972885131836,93.83199310302734,92.34769439697266,39901321
2018-03-08,94.81281280517578,96.66548156738281,87.18419647216797,92.06106567382812,90.60477447509766,35549750
2018-03-09,92.06106567382812,92.9056625366211,84.26897430419922,85.05908203125,83.71356201171875,31361197
2018-03-12,86.339599609375,89.5817642211914,81.73518371582031,88.41022491455078,87.0116958618164,36867220
2018-03-13,88.3012466430664,89.6362533569336,85.54949188232422,87.0479736328125,85.67098236083984,27822361
2018-03-14,85.44051361083984,90.01768493652344,85.30429077148438,89.22757720947266,87.81610870361328,24472244
2018-03-15,89.09134674072266,92.87841033935547,88.9278793334961,91.02574920654297,89.58584594726562,24216374
2018-03-16,91.27095794677734,91.78861236572266,86.72103118896484,87.45664978027344,86.07319641113281,22765608
2018-03-19,87.18419647216797,88.27400207519531,84.26897430419922,87.51113891601562,86.1268310546875,21394394
2018-03-20,86.61205291748047,89.03685760498047,86.25786590576172,87.70185089111328,86.31452178955078,17242124
2018-03-21,88.13777160644531,90.53533935546875,87.81083679199219,88.38298034667969,86.98486328125,14220268
2018-03-22,88.49195861816406,89.28206634521484,86.39408874511719,86.8844985961914,85.51009368896484,11326269
2018-03-23,84.45968627929688,85.11357116699219,81.02680969238281,83.0701904296875,81.75613403320312,18236099
2018-03-26,83.0974349975586,90.58982849121094,82.14385986328125,89.22757720947266,87.81610870361328,22902521
2018-03-27,90.39911651611328,91.37993621826172,86.42133331298828,87.12970733642578,85.75142669677734,22051871
2018-03-28,86.58480834960938,88.2195053100586,84.29621887207031,85.22254943847656,83.87445068359375,21470217
2018-04-02,85.71295928955078,88.51920318603516,82.38906860351562,87.67460632324219,86.28770446777344,18337901
2018-04-03,86.23062133789062,88.98236846923828,85.30429077148438,88.49195861816406,87.0921401977539,21100128
2018-04-04,88.51920318603516,90.67156219482422,80.15496826171875,82.5252914428711,81.2198486328125,61208164
2018-04-05,85.33561706542969,98.1359634399414,81.00467681884766,94.86369323730469,93.36306762695312,42856294
2018-04-06,95.1203384399414,99.22671508789062,94.76744842529297,96.08277130126953,94.56287384033203,16557821
2018-04-09,96.37150573730469,97.52642059326172,93.4521255493164,94.41455841064453,92.92105102539062,8024416
2018-04-10,95.28074645996094,96.85272216796875,94.1258316040039,94.79953002929688,93.29991912841797,7711830
2018-04-11,94.99201965332031,95.44115447998047,91.49517822265625,92.74634552001953,91.27921295166016,7993153
2018-04-12,92.77842712402344,93.86917877197266,86.39429473876953,87.32464599609375,85.94328308105469,12107380
2018-04-13,90.0836181640625,91.7518310546875,88.28707885742188,89.4419937133789,88.02714538574219,18682047
2018-04-16,88.99285888671875,91.0460433959961,87.90210723876953,90.30818176269531,88.87963104248047,7913136
2018-04-17,90.75731658935547,91.7197494506836,88.41539764404297,89.50615692138672,88.09029388427734,5496341
2018-04-18,90.46858978271484,90.46858978271484,87.0679931640625,87.74169921875,86.35375213623047,5139668
2018-04-19,86.9396743774414,91.30269622802734,86.61885833740234,90.8856430053711,89.44794464111328,9986051
2018-04-20,90.46858978271484,90.46858978271484,87.26048278808594,88.35123443603516,86.95362854003906,6122099
2018-04-23,89.18534851074219,91.1102066040039,88.28707885742188,89.66656494140625,88.24816131591797,6960812
2018-04-24,90.17985534667969,90.66107177734375,87.80586242675781,88.47956085205078,87.07992553710938,5641426
2018-04-25,88.5437240600586,89.50615692138672,87.67753601074219,88.25499725341797,86.8589096069336,4277522
2018-04-26,88.5437240600586,90.9498062133789,87.26048278808594,90.17985534667969,88.7533187866211,4409996
2018-04-27,90.43650817871094,95.34490966796875,89.98737335205078,90.98188781738281,89.54267883300781,11783652
2018-04-30,91.33477783203125,92.65010070800781,88.92869567871094,89.89112854003906,88.46916961669922,3973908
2018-05-02,90.0515365600586,90.78939819335938,79.6893539428711,83.0257797241211,81.7124252319336,13025322
2018-05-03,83.41075134277344,83.7315673828125,79.11189270019531,81.10092163085938,79.8180160522461,20057125
2018-05-04,81.29340362548828,84.98272705078125,80.61970520019531,81.22924041748047,79.94430541992188,20059687
2018-05-07,81.55005645751953,83.34659576416016,80.10640716552734,81.87086486816406,80.57576751708984,19006661
2018-05-08,82.28791809082031,85.65642547607422,80.7159423828125,84.34110260009766,83.0069351196289,7209269
2018-05-09,83.66740417480469,84.34110260009766,82.15959167480469,82.80121612548828,81.49140167236328,5556490
2018-05-10,83.34659576416016,83.85989379882812,80.65178680419922,81.26132202148438,79.97587585449219,7504479
2018-05-11,81.83878326416016,83.0257797241211,79.17605590820312,81.99919128417969,80.70206451416016,9263105
2018-05-14,82.0312728881836,82.12751007080078,78.02113342285156,79.56102752685547,78.30247497558594,7854960
2018-05-15,79.56102752685547,83.057861328125,77.82865142822266,79.11189270019531,77.86044311523438,10525423
2018-05-16,78.9194107055664,80.07432556152344,77.4115982055664,78.98356628417969,77.7341537475586,6247641
2018-05-17,79.81767272949219,80.5876235961914,78.14945983886719,79.17605590820312,77.92359924316406,4922000
2018-05-18,79.43270111083984,79.56102752685547,75.42256927490234,76.09627532958984,74.89253234863281,6429588
2018-05-21,76.35292053222656,77.5719985961914,74.42805480957031,75.8396224975586,74.63993835449219,4982120
2018-05-22,76.93038177490234,79.24021911621094,75.8717041015625,78.43819427490234,77.1974105834961,5766771
2018-05-23,78.27778625488281,78.56651306152344,74.94135284423828,75.32632446289062,74.13475799560547,3996194
2018-05-24,75.7113037109375,77.31535339355469,74.2034912109375,76.44916534423828,75.2398452758789,6809081
2018-05-25,76.38500213623047,80.78010559082031,75.7433853149414,80.07432556152344,78.80766296386719,8545640
2018-05-28,79.49686431884766,84.37318420410156,79.49686431884766,83.18618774414062,81.87030029296875,7804639
2018-05-29,82.12751007080078,82.99369812011719,78.75900268554688,79.36854553222656,78.11302947998047,6376433
2018-05-30,78.34194946289062,80.33097076416016,77.95697784423828,79.17605590820312,77.92359924316406,3324790
2018-05-31,79.56102752685547,79.721435546875,77.15494537353516,77.63616180419922,76.40805053710938,7144834
2018-06-01,77.63616180419922,78.40611267089844,74.13932800292969,76.705810546875,75.49242401123047,9722786
2018-06-04,76.96246337890625,77.63616180419922,72.92024993896484,74.58846282958984,73.4085693359375,8032675
2018-06-05,74.42805480957031,75.26216888427734,72.5352783203125,74.04308319091797,72.871826171875,4918698
2018-06-06,74.10724639892578,76.76997375488281,73.43354797363281,75.8717041015625,74.6715087890625,6253502
2018-06-07,75.8717041015625,82.2558364868164,75.8717041015625,80.45929718017578,79.18653869628906,17145197
2018-06-08,80.04224395751953,81.61421966552734,78.63067626953125,81.03675842285156,79.75486755371094,8320813
2018-06-11,81.93502807617188,85.23937225341797,81.4217300415039,82.28791809082031,80.98623657226562,10227843
2018-06-12,81.67837524414062,82.70497131347656,80.94051361083984,81.90294647216797,80.60735321044922,3525932
2018-06-13,82.48040771484375,85.11105346679688,82.31999969482422,82.8653793334961,81.55455017089844,10410157
2018-06-14,82.44832611083984,86.52262115478516,81.61421966552734,85.94515991210938,84.58561706542969,15420224
2018-06-15,86.61885833740234,88.03042602539062,84.30902862548828,84.98272705078125,83.63841247558594,13898773
2018-06-18,85.27145385742188,87.26048278808594,83.6994857788086,86.2018051147461,84.83821105957031,13121499
2018-06-19,85.07897186279297,86.97175598144531,82.70497131347656,83.34659576416016,82.02816772460938,8714922
2018-06-20,82.76913452148438,84.91856384277344,82.70497131347656,84.5335922241211,83.19637298583984,7630630
2018-06-21,84.50151062011719,85.14313507080078,82.44832611083984,83.31451416015625,81.99658966064453,5664223
2018-06-22,83.28243255615234,84.05237579345703,81.83878326416016,83.63532257080078,82.31233215332031,6427410
2018-06-25,83.41075134277344,84.11653900146484,81.29340362548828,81.48589324951172,80.19689178466797,4307412
2018-06-26,80.33097076416016,84.05237579345703,80.33097076416016,82.8653793334961,81.55455017089844,8685766
2018-06-27,82.12751007080078,82.12751007080078,72.18238067626953,73.85060119628906,72.68238830566406,18195059
2018-06-28,72.82400512695312,74.2034912109375,69.74422454833984,70.1612777709961,69.05142211914062,13624874
2018-06-29,70.64249420166016,73.27313995361328,70.64249420166016,72.59944152832031,71.45101165771484,9766020
2018-07-02,72.37487030029297,72.98441314697266,64.7074966430664,67.40230560302734,66.33609771728516,22074830
2018-07-03,67.11357879638672,69.26300811767578,65.83033752441406,68.17224884033203,67.09384155273438,11787383
2018-07-04,68.20433044433594,69.77630615234375,66.56819915771484,69.10260009765625,68.00948333740234,11036532
2018-07-05,69.3271713256836,69.3271713256836,67.08149719238281,67.94768524169922,66.87284851074219,6545131
2018-07-06,67.20982360839844,72.31070709228516,65.92657470703125,71.18787384033203,70.06178283691406,19356589
2018-07-09,71.54076385498047,72.7277603149414,69.74422454833984,71.63700866699219,70.50381469726562,9358024
2018-07-10,72.5031967163086,74.01100158691406,71.92573547363281,73.20897674560547,72.0509033203125,8739556
2018-07-11,73.46562957763672,80.5234603881836,73.20897674560547,79.62519073486328,78.3656234741211,41430172
2018-07-12,79.8497543334961,81.16507720947266,77.82865142822266,79.7535171508789,78.4919204711914,12897744
2018-07-13,79.97808074951172,84.82231903076172,78.50234985351562,84.46942901611328,83.13323974609375,40819011
2018-07-16,84.05237579345703,86.52262115478516,82.8974609375,85.72058868408203,84.3646011352539,28399661
2018-07-17,86.65093994140625,90.85356140136719,86.10556030273438,88.73621368408203,87.33253479003906,30615637
2018-07-18,88.70413208007812,92.3934555053711,87.22840118408203,91.23853302001953,89.79524993896484,24172884
2018-07-19,92.00847625732422,98.93798828125,90.50067138671875,96.91687774658203,95.38378143310547,22465016
2018-07-20,97.59058380126953,105.67501068115234,96.05068969726562,104.55217742919922,102.89830017089844,42113359
2018-07-23,103.52558135986328,110.61549377441406,102.01776885986328,109.84555053710938,108.10794067382812,36429184
2018-07-24,109.71722412109375,120.62478637695312,105.96373748779297,119.37362670898438,117.48528289794922,84444898
2018-07-25,118.69992065429688,131.72483825683594,117.86581420898438,128.19590759277344,126.16801452636719,88858638
2018-07-26,124.66699981689453,129.5753936767578,121.2984848022461,126.8805923461914,124.8735122680664,66162047
2018-07-27,127.07307434082031,132.65518188476562,122.22883605957031,125.69358825683594,124.08451843261719,44416991
2018-07-30,126.52770233154297,128.5808868408203,123.41584014892578,124.18578338623047,122.59603118896484,21685477
2018-07-31,124.12162017822266,127.16931915283203,122.58172607421875,125.40486145019531,123.79949951171875,13956426
2018-08-01,125.75775146484375,126.78434753417969,122.96670532226562,123.99329376220703,122.40599822998047,8364175
2018-08-02,123.83289337158203,129.4149932861328,119.0207290649414,126.07856750488281,124.4645767211914,26533948
2018-08-03,124.79531860351562,131.0832061767578,124.4745101928711,127.13723754882812,125.50968933105469,31802007
2018-08-06,128.32423400878906,129.70372009277344,125.88607788085938,127.16931915283203,125.54137420654297,13783939
2018-08-07,126.39937591552734,126.59186553955078,119.75859832763672,122.0042724609375,120.44243621826172,21206813
2018-08-08,116.80713653564453,133.90634155273438,114.8501968383789,128.09967041015625,126.45980072021484,55314801
2018-08-09,130.89071655273438,132.7514190673828,127.16931915283203,128.54881286621094,126.90321350097656,23748439
2018-08-10,128.09967041015625,129.54331970214844,125.82191467285156,127.77886199951172,126.14311218261719,14473803
2018-08-13,125.75775146484375,127.55429077148438,123.6724853515625,124.73116302490234,123.1344223022461,11210689
2018-08-14,124.92364501953125,131.7889862060547,124.82740020751953,129.7999725341797,128.1383514404297,20777577
2018-08-16,127.36180877685547,132.17396545410156,127.36180877685547,130.1849365234375,128.51837158203125,14732446
2018-08-17,129.60748291015625,132.62310791015625,128.77337646484375,130.28118896484375,128.6134033203125,8569903
2018-08-20,130.34535217285156,137.46734619140625,129.70372009277344,136.34449768066406,134.59909057617188,30872546
2018-08-21,137.3069305419922,142.43991088867188,136.05577087402344,136.85780334472656,135.1058349609375,34411752
2018-08-23,137.62774658203125,138.1089630126953,130.9548797607422,135.28582763671875,133.55398559570312,22438632
2018-08-24,134.74044799804688,137.62774658203125,133.0401611328125,133.9705047607422,132.2554931640625,12187310
2018-08-27,134.9329376220703,136.85780334472656,133.00807189941406,135.9274444580078,134.18736267089844,12303976
2018-08-28,136.4407501220703,149.1769256591797,134.38755798339844,147.38038635253906,145.4936981201172,56713612
2018-08-29,148.66363525390625,151.83966064453125,141.09249877929688,143.27401733398438,141.43991088867188,44981172
2018-08-30,142.76071166992188,148.37490844726562,141.02833557128906,143.72314453125,141.88330078125,44266980
2018-08-31,144.36477661132812,146.6746063232422,142.6644744873047,144.52517700195312,142.67506408691406,22107612
2018-09-03,145.0063934326172,145.9046630859375,130.98696899414062,135.06126403808594,133.332275390625,31267861
2018-09-04,135.38206481933594,138.84683227539062,129.60748291015625,134.99710083007812,133.26893615722656,45530498
2018-09-05,133.5855255126953,139.039306640625,132.04563903808594,135.34999084472656,133.6173095703125,55270563
2018-09-06,150.0,170.64999389648438,139.35000610351562,163.6999969482422,161.6044158935547,74817700
2018-09-07,165.25,169.89999389648438,155.6999969482422,157.35000610351562,155.33567810058594,42704819
2018-09-10,158.0,158.0,149.64999389648438,150.75,148.82017517089844,20590646
2018-09-11,151.0,153.6999969482422,146.3000030517578,148.25,146.3521728515625,15083637
2018-09-12,148.5,150.14999389648438,142.75,148.89999389648438,146.99386596679688,16166704
2018-09-14,149.75,152.89999389648438,148.25,150.60000610351562,148.67210388183594,8859644
2018-09-17,150.1999969482422,155.64999389648438,146.8000030517578,152.0500030517578,150.1035614013672,10925422
2018-09-18,151.9499969482422,154.85000610351562,146.3000030517578,148.4499969482422,146.54962158203125,7447741
2018-09-19,149.39999389648438,150.6999969482422,145.3000030517578,147.35000610351562,145.46371459960938,5315295
2018-09-21,148.0,153.5,132.64999389648438,138.4499969482422,136.6776123046875,12829824
2018-09-24,138.4499969482422,139.75,131.14999389648438,134.5,132.7781982421875,5960439
2018-09-25,133.5,142.39999389648438,125.6500015258789,138.35000610351562,136.57891845703125,8571550
2018-09-26,140.39999389648438,142.5,133.6999969482422,136.5,134.75259399414062,6768299
2018-09-27,136.0,143.0500030517578,132.6999969482422,142.25,140.42898559570312,9769528
2018-09-28,142.64999389648438,143.39999389648438,125.5999984741211,130.60000610351562,128.9281463623047,11876058
2018-10-01,127.0,138.60000610351562,121.55000305175781,137.35000610351562,135.59173583984375,9826192
2018-10-03,137.0,141.5,130.0500030517578,134.8000030517578,133.07437133789062,6829117
2018-10-04,129.39999389648438,134.3000030517578,127.0,132.9499969482422,131.248046875,7184987
2018-10-05,131.5500030517578,135.75,128.25,130.1999969482422,128.5332489013672,6099515
2018-10-08,129.0,134.85000610351562,121.3499984741211,133.14999389648438,131.4454803466797,10658358
2018-10-09,136.0,137.6999969482422,129.35000610351562,135.89999389648438,134.16026306152344,7186017
2018-10-10,136.5,147.85000610351562,135.0,143.75,141.90977478027344,9209149
2018-10-11,138.0,143.39999389648438,135.14999389648438,138.1999969482422,136.4308319091797,8421556
2018-10-12,140.10000610351562,145.39999389648438,140.10000610351562,143.85000610351562,142.00851440429688,6338784
2018-10-15,147.0,153.75,143.8000030517578,152.4499969482422,150.49842834472656,9011923
2018-10-16,152.35000610351562,160.0,151.75,157.64999389648438,155.63185119628906,9671300
2018-10-17,160.10000610351562,163.64999389648438,154.25,161.75,159.6793670654297,11660585
2018-10-19,158.5,170.6999969482422,158.5,168.75,166.58975219726562,11861481
2018-10-22,171.10000610351562,176.6999969482422,164.39999389648438,168.5,166.3429718017578,13950566
2018-10-23,169.0,171.85000610351562,166.0,169.5500030517578,167.3795166015625,8339433
2018-10-24,171.0,172.25,165.10000610351562,167.5500030517578,165.40512084960938,5451065
2018-10-25,166.75,174.39999389648438,161.5,172.10000610351562,169.89686584472656,7460591
2018-10-26,174.0,174.75,165.3000030517578,166.75,164.61534118652344,6982991
2018-10-29,168.64999389648438,172.60000610351562,165.0500030517578,171.75,169.55136108398438,5332500
2018-10-30,172.5,174.0,168.10000610351562,169.0500030517578,166.8859100341797,3885243
2018-10-31,167.0,173.8000030517578,164.6999969482422,170.0,167.82376098632812,10254679
2018-11-01,171.0500030517578,178.10000610351562,168.85000610351562,175.0,172.75973510742188,8041754
2018-11-02,176.60000610351562,179.5,173.8000030517578,175.60000610351562,173.35206604003906,6839045
2018-11-05,176.10000610351562,176.75,155.8000030517578,168.5,166.3429718017578,12668556
2018-11-06,168.25,169.0,162.0,164.4499969482422,162.34481811523438,5834504
2018-11-07,165.0,169.0,164.6999969482422,165.75,163.62815856933594,1138303
2018-11-09,165.5,167.8000030517578,163.9499969482422,166.3000030517578,164.17112731933594,4079435
2018-11-12,166.0,167.89999389648438,158.14999389648438,160.25,158.1985626220703,4332207
2018-11-13,160.25,163.0,158.75,162.14999389648438,160.07423400878906,3641712
2018-11-14,163.3000030517578,163.75,158.25,160.85000610351562,158.79090881347656,3263131
2018-11-15,161.75,166.25,160.0,162.85000610351562,160.76528930664062,5297431
2018-11-16,163.0,163.85000610351562,157.5,161.4499969482422,159.38320922851562,3885301
2018-11-19,162.39999389648438,164.39999389648438,159.5500030517578,162.10000610351562,160.0248565673828,3424402
2018-11-20,161.64999389648438,163.64999389648438,156.9499969482422,160.14999389648438,158.09986877441406,4293856
2018-11-21,161.60000610351562,162.0,158.5,161.0,158.93896484375,4209404
2018-11-22,161.89999389648438,161.9499969482422,157.5500030517578,158.5,156.47097778320312,2405010
2018-11-26,158.5,159.89999389648438,155.64999389648438,157.35000610351562,155.33567810058594,2428238
2018-11-27,157.35000610351562,161.0,154.25,159.14999389648438,157.1126251220703,3925863
2018-11-28,159.14999389648438,159.60000610351562,156.3000030517578,158.0,155.9773712158203,3156482
2018-11-29,159.35000610351562,175.5500030517578,158.6999969482422,169.89999389648438,167.7250213623047,13648898
2018-11-30,168.5,174.8000030517578,163.5,165.0,162.8877716064453,9405499
2018-12-03,166.0500030517578,168.5,163.5,166.6999969482422,164.5659942626953,3213684
2018-12-04,165.9499969482422,166.5,160.0,162.75,160.66656494140625,3797368
2018-12-05,161.0500030517578,164.9499969482422,155.75,157.39999389648438,155.38504028320312,8601249
2018-12-06,155.8000030517578,156.0,149.75,150.5500030517578,148.62274169921875,5714514
2018-12-07,151.8000030517578,154.35000610351562,150.0,152.89999389648438,150.94264221191406,7411261
2018-12-10,146.85000610351562,147.0,141.0,143.14999389648438,141.3174591064453,7484723
2018-12-11,139.0,155.85000610351562,134.5,151.89999389648438,149.95545959472656,9251826
2018-12-12,152.8000030517578,157.0,151.0500030517578,156.10000610351562,154.10171508789062,4377945
2018-12-13,156.0,158.60000610351562,154.0,156.0,154.00294494628906,3499313
2018-12-14,156.0,157.89999389648438,154.10000610351562,157.10000610351562,155.0889129638672,3389589
2018-12-17,157.10000610351562,158.89999389648438,156.35000610351562,157.9499969482422,155.92799377441406,1595605
2018-12-18,157.6999969482422,159.75,156.1999969482422,158.0500030517578,156.0267333984375,1689582
2018-12-19,160.0,162.6999969482422,158.5,160.1999969482422,158.1492156982422,2312343
2018-12-20,159.39999389648438,162.5,158.39999389648438,159.25,157.2113800048828,2539589
2018-12-21,159.8000030517578,161.5,152.0,159.35000610351562,157.3101043701172,5335334
2018-12-24,159.39999389648438,160.89999389648438,156.5,158.5500030517578,156.5203399658203,3130614
2018-12-26,156.85000610351562,164.10000610351562,155.10000610351562,161.25,159.18577575683594,4065516
2018-12-27,162.25,167.8000030517578,159.85000610351562,162.35000610351562,160.2716827392578,10882426
2018-12-28,161.9499969482422,164.3000030517578,159.8000030517578,161.5500030517578,159.48191833496094,3905985
2018-12-31,162.85000610351562,164.1999969482422,160.1999969482422,161.0,158.93896484375,3890636
2019-01-01,160.89999389648438,162.35000610351562,155.4499969482422,157.25,155.23696899414062,4726656
2019-01-02,157.0,157.85000610351562,152.5,154.85000610351562,152.8677215576172,2735262
2019-01-03,154.89999389648438,156.10000610351562,150.3000030517578,152.5,150.54779052734375,2758876
2019-01-04,152.10000610351562,154.0,150.0,152.5500030517578,150.5971221923828,2777308
2019-01-07,152.89999389648438,154.4499969482422,150.25,151.25,149.31378173828125,2714218
2019-01-08,150.5,154.3000030517578,149.64999389648438,153.4499969482422,151.48561096191406,2791866
2019-01-09,153.60000610351562,154.4499969482422,147.60000610351562,149.35000610351562,147.4381103515625,4054809
2019-01-10,151.0,151.8000030517578,148.5,151.10000610351562,149.1656951904297,3534546
2019-01-11,151.10000610351562,152.60000610351562,149.10000610351562,151.5,149.56057739257812,2254999
2019-01-14,151.0,151.14999389648438,147.0,148.35000610351562,146.45091247558594,2624582
2019-01-15,148.5,149.9499969482422,147.25,148.64999389648438,146.74703979492188,1805678
2019-01-16,148.1999969482422,150.6999969482422,148.0,148.4499969482422,146.54962158203125,1574176
2019-01-17,148.39999389648438,151.25,146.35000610351562,149.0,147.09259033203125,2618859
2019-01-18,149.6999969482422,149.8000030517578,144.5500030517578,146.75,144.87139892578125,2306520
2019-01-21,146.5,148.0,144.25,145.9499969482422,144.08164978027344,1763205
2019-01-22,145.39999389648438,146.64999389648438,141.6999969482422,145.6999969482422,143.8348388671875,2261667
2019-01-23,145.5,146.5,142.0500030517578,143.0,141.16940307617188,2322990
2019-01-24,143.0,144.0500030517578,141.10000610351562,142.5500030517578,140.72515869140625,1678843
2019-01-25,142.85000610351562,145.4499969482422,136.14999389648438,137.35000610351562,135.59173583984375,3297651
2019-01-28,138.0,141.0,118.94999694824219,136.39999389648438,134.65386962890625,9404485
2019-01-29,136.4499969482422,143.8000030517578,133.60000610351562,140.8000030517578,138.99755859375,4301493
2019-01-30,140.89999389648438,141.5,136.5,139.89999389648438,138.10906982421875,3102926
2019-01-31,139.5,141.75,135.0,137.14999389648438,135.39425659179688,3498642
2019-02-01,136.9499969482422,144.8000030517578,134.5500030517578,143.0,141.16940307617188,7091209
2019-02-04,142.89999389648438,142.89999389648438,121.30000305175781,123.0999984741211,121.5241470336914,9832462
2019-02-05,122.0,127.4000015258789,119.5999984741211,124.25,122.65941619873047,8484607
2019-02-06,123.8499984741211,124.19999694824219,114.80000305175781,122.9000015258789,121.32669830322266,9905219
2019-02-07,122.19999694824219,126.80000305175781,119.05000305175781,123.94999694824219,122.36324310302734,9826247
2019-02-08,123.0,125.44999694824219,115.69999694824219,123.75,122.16582489013672,8059813
2019-02-11,122.94999694824219,123.25,115.80000305175781,118.19999694824219,116.68685913085938,7048335
2019-02-12,117.19999694824219,120.0,115.3499984741211,116.94999694824219,115.45287322998047,3698931
2019-02-14,118.44999694824219,119.5,116.0,118.0999984741211,116.5881576538086,4962697
2019-02-15,118.1500015258789,121.1500015258789,116.5,119.80000305175781,118.26639556884766,4509378
2019-02-18,118.30000305175781,119.9000015258789,116.0999984741211,117.5,115.99583435058594,2569451
2019-02-19,118.4000015258789,119.80000305175781,116.80000305175781,118.25,116.7362289428711,2644152
2019-02-20,117.94999694824219,121.0999984741211,116.19999694824219,120.05000305175781,118.51319122314453,3739081
2019-02-21,119.80000305175781,121.0,117.9000015258789,119.4000015258789,117.87151336669922,2698192
2019-02-22,120.25,130.6999969482422,119.80000305175781,128.0500030517578,126.41077423095703,14695085
2019-02-25,125.0,133.89999389648438,123.0,132.0,130.31021118164062,12769956
2019-02-26,130.0,134.3000030517578,128.0,132.10000610351562,130.40892028808594,8879092
2019-02-27,133.8000030517578,136.3000030517578,129.5500030517578,132.25,130.55699157714844,5875292
2019-02-28,133.5,134.1999969482422,128.0,128.85000610351562,127.20054626464844,3960957
2019-03-01,130.35000610351562,135.1999969482422,128.85000610351562,133.85000610351562,132.1365509033203,7738116
2019-03-05,132.5,143.6999969482422,132.0,141.8000030517578,139.98475646972656,7598974
2019-03-06,142.75,143.75,138.1999969482422,139.25,137.46739196777344,4856085
2019-03-07,139.0,140.9499969482422,135.3000030517578,136.89999389648438,135.14747619628906,3496617
2019-03-08,135.75,139.35000610351562,135.39999389648438,138.1999969482422,136.4308319091797,3681442
2019-03-11,137.85000610351562,140.9499969482422,137.60000610351562,139.0500030517578,137.2699737548828,2550759
2019-03-12,140.5,150.75,140.0500030517578,148.39999389648438,146.50025939941406,12543653
2019-03-13,148.39999389648438,150.39999389648438,145.39999389648438,147.35000610351562,145.46371459960938,5700158
2019-03-14,147.39999389648438,149.1999969482422,143.60000610351562,145.5500030517578,143.68673706054688,4052596
2019-03-15,145.8000030517578,148.89999389648438,140.25,141.85000610351562,140.0341339111328,5981701
2019-03-18,142.39999389648438,145.0,140.35000610351562,143.89999389648438,142.057861328125,4934286
2019-03-19,144.4499969482422,144.85000610351562,140.5,142.0,140.18218994140625,4320808
2019-03-20,142.0,142.6999969482422,138.0500030517578,139.4499969482422,137.6648406982422,3242462
2019-03-22,140.6999969482422,141.4499969482422,137.0500030517578,138.25,136.48019409179688,3147147
2019-03-25,137.0,137.60000610351562,133.5,134.35000610351562,132.63011169433594,2977535
2019-03-26,134.89999389648438,140.0,133.39999389648438,138.3000030517578,136.52957153320312,4180951
2019-03-27,138.5500030517578,140.9499969482422,136.25,137.5,135.73980712890625,2778662
2019-03-28,138.4499969482422,143.14999389648438,136.3000030517578,137.8000030517578,136.03594970703125,3966292
2019-04-01,147.4499969482422,153.1999969482422,145.10000610351562,151.4499969482422,149.51123046875,7938713
2019-04-02,151.6999969482422,153.3000030517578,148.35000610351562,151.64999389648438,149.70864868164062,6228254
2019-04-03,150.3000030517578,152.64999389648438,146.60000610351562,147.5500030517578,145.66114807128906,3416023
2019-04-04,147.9499969482422,150.3000030517578,145.4499969482422,147.5,145.61178588867188,3963980
2019-04-05,148.0,149.1999969482422,146.1999969482422,146.89999389648438,145.0194549560547,2004719
2019-04-08,147.5,148.64999389648438,141.10000610351562,141.9499969482422,140.1328125,4399839
2019-04-09,142.3000030517578,147.0,137.4499969482422,146.0,144.13096618652344,8432342
2019-04-10,145.75,147.39999389648438,142.0500030517578,142.85000610351562,141.0212860107422,4356153
2019-04-11,142.75,143.14999389648438,138.60000610351562,141.0,139.1949920654297,3535449
2019-04-12,140.8000030517578,144.4499969482422,139.1999969482422,141.39999389648438,139.58985900878906,5769634
2019-04-15,141.0,145.14999389648438,140.5500030517578,142.9499969482422,141.12002563476562,4375074
2019-04-16,142.1999969482422,145.35000610351562,142.1999969482422,143.0500030517578,141.21875,3648947
2019-04-18,143.10000610351562,144.4499969482422,137.64999389648438,138.60000610351562,136.82571411132812,3954004
2019-04-22,138.0,138.64999389648438,134.35000610351562,135.14999389648438,133.41986083984375,3189574
2019-04-23,135.39999389648438,136.3000030517578,131.5500030517578,132.5,130.8037872314453,4084835
2019-04-24,132.75,137.10000610351562,132.10000610351562,136.14999389648438,134.40707397460938,4329268
2019-04-25,135.10000610351562,137.0,133.85000610351562,134.75,133.02500915527344,2112063
2019-04-26,135.0,135.64999389648438,130.25,131.39999389648438,129.7178955078125,4350584
2019-04-30,131.8000030517578,131.8000030517578,125.0,127.05000305175781,125.423583984375,4006829
2019-05-02,126.0,130.0,124.80000305175781,126.6500015258789,125.02870178222656,3754433
2019-05-03,124.0,129.0,123.0,128.3000030517578,126.65757751464844,6222801
2019-05-06,125.75,127.4000015258789,125.05000305175781,125.5999984741211,123.99213409423828,1996014
2019-05-07,126.4000015258789,127.0,120.05000305175781,122.3499984741211,120.78374481201172,4593214
2019-05-08,121.80000305175781,123.6500015258789,120.4000015258789,120.9000015258789,119.352294921875,2661345
2019-05-09,121.9000015258789,122.19999694824219,119.1500015258789,120.0999984741211,118.56253814697266,2907774
2019-05-10,121.0,122.30000305175781,119.25,120.0,118.46382141113281,2835247
2019-05-13,120.69999694824219,120.9000015258789,116.6500015258789,117.5999984741211,116.09453582763672,2124122
2019-05-14,116.3499984741211,124.55000305175781,115.0,123.3499984741211,121.77093505859375,4548264
2019-05-15,124.19999694824219,124.94999694824219,116.0999984741211,117.4000015258789,115.8971176147461,3659017
2019-05-16,118.0999984741211,119.5,113.0,118.80000305175781,117.27918243408203,5368281
2019-05-17,117.75,120.55000305175781,116.0999984741211,119.30000305175781,117.77279663085938,4631007
2019-05-20,131.1999969482422,154.89999389648438,128.10000610351562,151.9499969482422,150.0048065185547,37670288
2019-05-21,154.6999969482422,158.9499969482422,148.4499969482422,154.64999389648438,152.67025756835938,39732349
2019-05-22,155.0500030517578,158.8000030517578,152.8000030517578,157.9499969482422,155.92799377441406,13565092
2019-05-23,169.5,180.8000030517578,157.6999969482422,161.0500030517578,158.98831176757812,61334483
2019-05-24,162.35000610351562,163.75,151.85000610351562,156.39999389648438,154.39785766601562,19435041
2019-05-27,159.10000610351562,160.6999969482422,155.14999389648438,157.1999969482422,155.18760681152344,9664810
2019-05-28,157.10000610351562,160.35000610351562,156.0500030517578,157.64999389648438,155.63185119628906,5456461
2019-05-29,157.9499969482422,158.39999389648438,151.75,155.14999389648438,153.16384887695312,12993604
2019-05-30,158.10000610351562,159.39999389648438,155.10000610351562,158.10000610351562,156.0760955810547,6740283
2019-05-31,158.5,159.3000030517578,149.10000610351562,154.75,152.76898193359375,7553254
2019-06-03,154.0,161.89999389648438,151.64999389648438,159.0500030517578,157.013916015625,7975636
2019-06-04,158.14999389648438,159.3000030517578,154.5,157.60000610351562,155.58250427246094,5502910
2019-06-06,156.89999389648438,157.8000030517578,151.1999969482422,153.14999389648438,151.189453125,3832155
2019-06-07,152.9499969482422,153.5500030517578,146.8000030517578,151.35000610351562,149.41249084472656,5016442
2019-06-10,152.0,155.5,147.0,149.9499969482422,148.03042602539062,3967379
2019-06-11,149.5,154.25,148.35000610351562,153.60000610351562,151.63369750976562,3413094
2019-06-12,154.0,159.35000610351562,150.5500030517578,153.1999969482422,151.2388153076172,7477081
2019-06-13,153.1999969482422,158.85000610351562,149.0,153.10000610351562,151.1400909423828,7968656
2019-06-14,156.0,156.0,151.5500030517578,152.4499969482422,150.49842834472656,6589668
2019-06-17,153.0,153.9499969482422,147.25,147.89999389648438,146.0066375732422,3470303
2019-06-18,147.35000610351562,148.85000610351562,144.0,147.9499969482422,146.0560302734375,5764444
2019-06-19,148.4499969482422,149.75,140.60000610351562,142.8000030517578,140.9719696044922,4744374
2019-06-20,142.3000030517578,149.6999969482422,140.35000610351562,148.4499969482422,146.54962158203125,4477064
2019-06-21,147.0,152.0,145.9499969482422,146.8000030517578,144.92074584960938,4673136
2019-06-24,145.89999389648438,148.8000030517578,144.60000610351562,147.75,145.8585662841797,3240654
2019-06-25,146.5,151.9499969482422,144.85000610351562,150.85000610351562,148.91891479492188,4920288
2019-06-26,150.0,155.3000030517578,148.5,153.8000030517578,151.8311309814453,4779891
2019-06-27,152.3000030517578,154.9499969482422,151.5,152.85000610351562,150.893310546875,2858423
2019-06-28,152.5,156.3000030517578,149.8000030517578,150.5,148.57337951660156,4642404
2019-07-01,150.64999389648438,155.60000610351562,148.0500030517578,154.10000610351562,152.12730407714844,6182608
2019-07-02,154.89999389648438,158.1999969482422,151.39999389648438,154.6999969482422,152.71958923339844,11741576
2019-07-03,156.39999389648438,157.60000610351562,154.1999969482422,155.60000610351562,153.60809326171875,5661251
2019-07-04,160.10000610351562,161.8000030517578,154.3000030517578,156.10000610351562,154.10171508789062,15687573
2019-07-05,156.3000030517578,156.85000610351562,145.85000610351562,147.3000030517578,145.41433715820312,6607087
2019-07-08,143.25,146.25,137.5500030517578,138.89999389648438,137.1218719482422,5896584
2019-07-09,138.0500030517578,143.1999969482422,135.75,141.14999389648438,139.3430633544922,7317997
2019-07-10,142.0,142.5,137.25,139.35000610351562,137.5661163330078,5548654
2019-07-11,140.5,141.85000610351562,137.5,141.0,139.1949920654297,5098558
2019-07-12,141.0,143.4499969482422,137.8000030517578,140.3000030517578,138.5039520263672,6678610
2019-07-15,141.0,141.6999969482422,136.10000610351562,137.9499969482422,136.1840362548828,4491271
2019-07-16,137.89999389648438,140.9499969482422,136.60000610351562,140.14999389648438,138.3558349609375,4954078
2019-07-17,140.1999969482422,141.0,137.0,138.0500030517578,136.2827606201172,3984405
2019-07-18,137.6999969482422,137.9499969482422,133.35000610351562,134.1999969482422,132.48202514648438,4247055
2019-07-19,134.25,135.1999969482422,130.3000030517578,131.39999389648438,129.7178955078125,4256095
2019-07-22,130.75,134.1999969482422,128.6999969482422,131.64999389648438,129.96466064453125,5467444
2019-07-23,131.4499969482422,135.9499969482422,130.75,134.0500030517578,132.33396911621094,5753483
2019-07-24,133.4499969482422,134.0,127.8499984741211,129.8000030517578,128.1383819580078,5403438
2019-07-25,130.5,131.3000030517578,127.75,129.39999389648438,127.74347686767578,3977652
2019-07-26,129.39999389648438,134.1999969482422,128.39999389648438,131.85000610351562,130.16213989257812,3632048
2019-07-29,131.0,131.85000610351562,127.0999984741211,129.4499969482422,128.16981506347656,4349871
2019-07-30,128.0,131.0,123.8499984741211,125.3499984741211,124.11036682128906,4167043
2019-07-31,125.0,129.3000030517578,124.19999694824219,128.8000030517578,127.5262680053711,3665392
2019-08-01,128.60000610351562,129.10000610351562,123.0,125.44999694824219,124.20938873291016,4462938
2019-08-02,124.9000015258789,129.75,123.30000305175781,128.10000610351562,126.83316802978516,4637509
2019-08-05,126.19999694824219,126.4000015258789,121.1500015258789,124.69999694824219,123.46678924560547,5259236
2019-08-06,124.0,129.4499969482422,124.0,128.1999969482422,126.93217468261719,3899290
2019-08-07,128.1999969482422,130.14999389648438,124.5999984741211,125.5999984741211,124.35789489746094,3911797
2019-08-08,126.19999694824219,134.0,124.05000305175781,130.89999389648438,129.60546875,7070036
2019-08-09,134.6999969482422,135.89999389648438,130.10000610351562,132.39999389648438,131.09066772460938,8589075
2019-08-13,133.0,133.89999389648438,128.60000610351562,130.3000030517578,129.01141357421875,4226112
2019-08-14,130.89999389648438,132.4499969482422,127.3499984741211,130.64999389648438,129.3579559326172,4761139
2019-08-16,130.0,133.9499969482422,128.14999389648438,132.85000610351562,131.5362091064453,4087073
2019-08-19,132.8000030517578,136.9499969482422,132.3000030517578,135.5,134.1599884033203,4261741
2019-08-20,135.6999969482422,136.8000030517578,132.0500030517578,135.64999389648438,134.30850219726562,4515865
2019-08-21,134.0,135.3000030517578,130.25,131.89999389648438,130.59559631347656,3426518
2019-08-22,130.9499969482422,131.3000030517578,126.0999984741211,126.9000015258789,125.64503479003906,3358838
2019-08-23,123.4000015258789,132.1999969482422,122.9000015258789,131.3000030517578,130.00152587890625,4374006
2019-08-26,132.10000610351562,135.9499969482422,128.3000030517578,135.1999969482422,133.8629608154297,5507570
2019-08-27,134.75,138.1999969482422,133.89999389648438,137.14999389648438,135.7936553955078,4495705
2019-08-28,136.1999969482422,137.10000610351562,132.14999389648438,135.9499969482422,134.60552978515625,5312871
2019-08-29,138.0,138.0,130.35000610351562,132.35000610351562,131.04115295410156,6108447
2019-08-30,132.39999389648438,138.3000030517578,132.14999389648438,137.35000610351562,135.99171447753906,7806183
2019-09-03,135.60000610351562,136.89999389648438,133.0,135.25,133.9124755859375,3477541
2019-09-04,134.60000610351562,135.5,130.60000610351562,134.9499969482422,133.61541748046875,4313711
2019-09-05,135.0,138.64999389648438,133.35000610351562,135.75,134.40753173828125,6840367
2019-09-06,135.39999389648438,138.4499969482422,135.0500030517578,137.75,136.3877410888672,3744649
2019-09-09,137.8000030517578,141.75,136.35000610351562,140.89999389648438,139.50660705566406,4349296
2019-09-11,140.0500030517578,144.89999389648438,140.0500030517578,143.9499969482422,142.5264434814453,4245005
2019-09-12,144.85000610351562,146.3000030517578,142.0500030517578,143.0500030517578,141.6353302001953,3500479
2019-09-13,143.0,146.89999389648438,140.5500030517578,145.75,144.30862426757812,3561056
2019-09-16,144.0,147.1999969482422,143.14999389648438,145.9499969482422,144.5066680908203,3713796
2019-09-17,145.5,147.89999389648438,142.39999389648438,143.75,142.3284149169922,4167662
2019-09-18,144.0,146.0,142.10000610351562,144.14999389648438,142.7244415283203,3465608
2019-09-19,143.9499969482422,144.89999389648438,140.5,142.5500030517578,141.14028930664062,2662885
2019-09-20,143.0,152.10000610351562,141.3000030517578,149.10000610351562,147.62550354003906,7545363
2019-09-23,154.0,154.0,147.5500030517578,152.39999389648438,150.8928680419922,4136992
2019-09-24,151.25,153.0,145.39999389648438,148.0500030517578,146.58587646484375,4576924
2019-09-25,149.6999969482422,151.0,145.5,147.5500030517578,146.0908203125,4572108
2019-09-26,148.4499969482422,155.39999389648438,146.64999389648438,152.6999969482422,151.18988037109375,7013490
2019-09-27,152.6999969482422,152.6999969482422,147.1999969482422,149.4499969482422,147.97203063964844,4016921
2019-09-30,149.10000610351562,149.75,143.75,145.85000610351562,144.40765380859375,3528313
2019-10-01,146.10000610351562,147.6999969482422,140.5,143.64999389648438,142.22938537597656,3732047
2019-10-03,143.0,145.0,141.39999389648438,143.5500030517578,142.13038635253906,2070232
2019-10-04,143.9499969482422,144.5,137.5500030517578,140.0,138.61549377441406,2382805
2019-10-07,138.4499969482422,140.0,135.25,135.8000030517578,134.45704650878906,2701943
2019-10-09,134.9499969482422,139.64999389648438,134.10000610351562,139.0,137.62538146972656,2682715
2019-10-10,138.0,139.10000610351562,135.3000030517578,137.39999389648438,136.04119873046875,2413888
2019-10-11,137.4499969482422,138.8000030517578,134.60000610351562,136.9499969482422,135.59564208984375,2780875
2019-10-14,137.89999389648438,152.39999389648438,137.0,147.10000610351562,145.64527893066406,10795909
2019-10-15,147.6999969482422,155.85000610351562,146.60000610351562,155.0,153.4671630859375,11048872
2019-10-16,155.0,160.89999389648438,155.0,160.14999389648438,158.5662384033203,9587304
2019-10-17,159.8000030517578,165.0,157.64999389648438,162.5500030517578,160.9425048828125,6523046
2019-10-18,174.89999389648438,175.8000030517578,165.10000610351562,175.10000610351562,173.36839294433594,14162661
2019-10-22,174.5,180.0,173.39999389648438,178.64999389648438,176.88328552246094,7909839
2019-10-23,178.75,178.75,172.39999389648438,176.4499969482422,174.70501708984375,4743985
2019-10-24,175.0,180.0,174.3000030517578,179.0,177.22979736328125,4753708
2019-10-25,179.5,183.6999969482422,177.1999969482422,181.3000030517578,179.50709533691406,7857185
2019-10-27,182.89999389648438,184.25,182.0,183.39999389648438,181.58628845214844,1003411
2019-10-29,182.8000030517578,197.0,182.35000610351562,195.5500030517578,193.6161346435547,9534790
2019-10-30,194.35000610351562,197.4499969482422,192.3000030517578,195.75,193.8141632080078,4791525
2019-10-31,196.6999969482422,201.3000030517578,196.0,199.64999389648438,197.67559814453125,6584768
2019-11-01,199.0,202.39999389648438,196.1999969482422,200.4499969482422,198.46768188476562,3522957
2019-11-04,200.9499969482422,203.89999389648438,198.25,200.89999389648438,198.91323852539062,3965499
2019-11-05,200.0,201.5,197.6999969482422,200.5500030517578,198.56668090820312,2326138
2019-11-06,199.0,209.6999969482422,198.60000610351562,207.5500030517578,205.4974822998047,6220311
2019-11-07,207.89999389648438,210.39999389648438,205.5,209.14999389648438,207.08163452148438,3959490
2019-11-08,208.6999969482422,212.0,206.1999969482422,208.0500030517578,205.99252319335938,4057743
2019-11-11,206.9499969482422,212.25,206.0500030517578,210.85000610351562,208.7648468017578,2907157
2019-11-13,209.0,210.75,194.3000030517578,198.1999969482422,196.2399139404297,9836594
2019-11-14,196.25,203.14999389648438,194.0500030517578,202.3000030517578,200.2993927001953,4141184
2019-11-15,202.0,205.0,200.8000030517578,203.60000610351562,201.58653259277344,3314555
2019-11-18,203.8000030517578,205.60000610351562,200.10000610351562,201.14999389648438,199.1607208251953,2041767
2019-11-19,202.0,202.60000610351562,196.25,199.6999969482422,197.72509765625,2954848
2019-11-20,198.5,207.4499969482422,198.10000610351562,205.6999969482422,203.66575622558594,3488019
2019-11-21,206.89999389648438,209.0,201.9499969482422,205.5,203.46774291992188,4409698
2019-11-22,204.75,206.3000030517578,200.10000610351562,203.4499969482422,201.43801879882812,2545651
2019-11-25,201.89999389648438,216.25,201.60000610351562,215.1999969482422,213.07180786132812,6805228
2019-11-26,214.75,217.6999969482422,207.14999389648438,210.60000610351562,208.5172882080078,5247790
2019-11-27,209.89999389648438,215.1999969482422,208.5,213.5500030517578,211.4381103515625,4051404
2019-11-28,212.8000030517578,216.1999969482422,210.5,213.10000610351562,210.99256896972656,4234343
2019-11-29,212.39999389648438,221.5,211.6999969482422,214.89999389648438,212.77476501464844,7969827
2019-12-02,212.0,213.6999969482422,206.0500030517578,209.0,206.93312072753906,3169460
2019-12-03,208.0,209.9499969482422,203.5500030517578,207.85000610351562,205.7945098876953,2382612
2019-12-04,205.8000030517578,213.5,205.3000030517578,212.4499969482422,210.3489990234375,2917279
2019-12-05,213.0,213.6999969482422,207.35000610351562,208.39999389648438,206.33905029296875,2309030
2019-12-06,208.4499969482422,210.0500030517578,205.0500030517578,206.5,204.4578399658203,1958477
2019-12-09,205.89999389648438,209.6999969482422,202.39999389648438,207.4499969482422,205.39846801757812,2550809
2019-12-10,207.4499969482422,208.1999969482422,203.3000030517578,204.1999969482422,202.18060302734375,2139886
2019-12-11,203.10000610351562,207.8000030517578,202.64999389648438,206.14999389648438,204.11129760742188,2155584
2019-12-12,206.89999389648438,212.35000610351562,206.60000610351562,210.39999389648438,208.31927490234375,2958155
2019-12-13,210.5,213.25,208.5,212.1999969482422,210.1014862060547,2867800
2019-12-16,212.10000610351562,213.25,209.39999389648438,210.5,208.41830444335938,2184582
2019-12-17,210.5,213.1999969482422,210.0,211.1999969482422,209.11135864257812,1968218
2019-12-18,211.8000030517578,212.4499969482422,205.60000610351562,208.14999389648438,206.09152221679688,2542320
2019-12-19,207.64999389648438,211.0,206.75,210.5500030517578,208.46780395507812,2180662
2019-12-20,210.0,220.8000030517578,209.5,218.8000030517578,216.63621520996094,6997898
2019-12-23,217.75,220.8000030517578,212.39999389648438,214.5500030517578,212.4282684326172,3709426
2019-12-24,214.5500030517578,216.9499969482422,207.60000610351562,209.14999389648438,207.08163452148438,2984621
2019-12-26,208.9499969482422,211.10000610351562,205.60000610351562,208.9499969482422,206.8836212158203,3299177
2019-12-27,209.0500030517578,211.1999969482422,207.10000610351562,209.10000610351562,207.0321502685547,2240503
2019-12-30,209.89999389648438,211.60000610351562,208.0,208.64999389648438,206.5865936279297,1938731
2019-12-31,208.6999969482422,210.75,207.64999389648438,208.35000610351562,206.28955078125,1600059
2020-01-01,209.0,210.4499969482422,206.64999389648438,207.85000610351562,205.7945098876953,1553127
2020-01-02,208.0,213.1999969482422,207.5,211.1999969482422,209.11135864257812,2991937
2020-01-03,210.25,212.35000610351562,205.8000030517578,208.3000030517578,206.2400665283203,2512421
2020-01-06,207.75,207.75,197.75,199.5500030517578,197.5765838623047,4353179
2020-01-07,200.5500030517578,205.6999969482422,200.5500030517578,204.0500030517578,202.03207397460938,2966120
2020-01-08,201.0,203.5500030517578,194.5500030517578,201.5,199.5072784423828,5762654
2020-01-09,201.89999389648438,208.89999389648438,201.89999389648438,208.0,205.94302368164062,3496063
2020-01-10,208.0,213.0,205.89999389648438,209.10000610351562,207.0321502685547,2769132
2020-01-13,210.64999389648438,216.25,209.60000610351562,213.60000610351562,211.48764038085938,3527267
2020-01-14,213.4499969482422,215.5,211.85000610351562,214.35000610351562,212.230224609375,1775182
2020-01-15,214.5,218.0,212.5,216.60000610351562,214.45797729492188,1982079
2020-01-16,217.6999969482422,222.5,217.0,220.0,217.8243408203125,4280379
2020-01-17,216.0,229.25,213.6999969482422,228.39999389648438,226.14125061035156,10810744
2020-01-20,229.5500030517578,232.25,224.14999389648438,226.5500030517578,224.30955505371094,4546367
2020-01-21,224.35000610351562,227.0,220.5,224.25,222.03231811523438,2813526
2020-01-22,224.8000030517578,228.0,221.14999389648438,225.89999389648438,223.66598510742188,2939366
2020-01-23,226.0,231.1999969482422,225.75,229.60000610351562,227.32940673828125,2650092
2020-01-24,225.5,232.39999389648438,219.0,229.75,227.47793579101562,7154795
2020-01-27,229.5,236.4499969482422,226.0500030517578,230.5500030517578,228.27000427246094,5293975
2020-01-28,232.25,234.5,229.10000610351562,229.89999389648438,227.62644958496094,2161711
2020-01-29,231.6999969482422,238.35000610351562,231.0,232.3000030517578,230.00271606445312,3738186
2020-01-30,232.3000030517578,232.75,228.1999969482422,231.5,229.2106170654297,2192123
2020-01-31,231.0,234.5500030517578,227.14999389648438,229.4499969482422,227.18087768554688,2720308
2020-02-03,221.6999969482422,224.64999389648438,215.60000610351562,220.89999389648438,218.71543884277344,2720614
2020-02-04,222.64999389648438,227.14999389648438,222.0500030517578,225.4499969482422,223.22044372558594,2028088
2020-02-05,226.75,239.3000030517578,222.5500030517578,236.25,233.9136199951172,8985919
2020-02-06,237.39999389648438,243.60000610351562,234.10000610351562,236.5,234.16116333007812,8852675
2020-02-07,236.39999389648438,242.14999389648438,235.25,239.5,237.1315155029297,5052443
2020-02-10,239.5,245.14999389648438,237.5500030517578,244.5,242.08204650878906,5588211
2020-02-11,245.1999969482422,248.60000610351562,243.64999389648438,245.3000030517578,242.87413024902344,3533751
2020-02-12,245.89999389648438,251.39999389648438,245.0,249.6999969482422,247.23065185546875,4490312
2020-02-13,249.8000030517578,252.75,248.25,251.4499969482422,248.96331787109375,2563148
2020-02-14,252.5,258.6000061035156,251.5500030517578,256.1499938964844,253.61683654785156,4968325
2020-02-17,256.8999938964844,257.3999938964844,251.64999389648438,252.5,250.00294494628906,2411524
2020-02-18,251.64999389648438,251.64999389648438,245.25,249.4499969482422,246.9830780029297,2430446
2020-02-19,250.0,255.5,249.89999389648438,254.0,251.48809814453125,2101729
2020-02-20,253.1999969482422,261.0,252.64999389648438,258.6499938964844,256.09210205078125,3108173
2020-02-24,254.8000030517578,255.85000610351562,244.10000610351562,247.25,244.8048553466797,3309214
2020-02-25,249.8000030517578,251.75,242.39999389648438,246.4499969482422,244.0127716064453,3309962
2020-02-26,244.0,246.3000030517578,241.0,242.8000030517578,240.39886474609375,2897390
2020-02-27,241.4499969482422,241.4499969482422,232.0500030517578,234.14999389648438,231.8343963623047,3568055
2020-02-28,221.0,226.8000030517578,217.0,218.64999389648438,216.48768615722656,3364181
2020-03-02,223.0,226.6999969482422,216.14999389648438,218.60000610351562,216.4381866455078,3162614
2020-03-03,221.0,228.64999389648438,219.25,225.75,223.51747131347656,2992170
2020-03-04,226.10000610351562,227.0,213.5500030517578,221.10000610351562,218.9134521484375,5216787
2020-03-05,223.75,226.85000610351562,219.35000610351562,221.75,219.55703735351562,3159080
2020-03-06,215.10000610351562,216.75,207.5,214.75,212.62625122070312,4375226
2020-03-09,207.0,208.5,197.25,199.6999969482422,197.72509765625,2763988
2020-03-11,197.39999389648438,205.0,192.25,195.75,193.8141632080078,3763186
2020-03-12,180.10000610351562,183.89999389648438,160.4499969482422,162.14999389648438,160.5464324951172,4834390
2020-03-13,145.9499969482422,161.35000610351562,129.75,148.75,147.2789764404297,7463176
2020-03-16,141.0,142.3000030517578,128.64999389648438,134.6999969482422,133.367919921875,6582749
2020-03-17,135.6999969482422,142.5500030517578,130.5,133.39999389648438,132.08074951171875,6388061
2020-03-18,135.89999389648438,137.0,127.0999984741211,130.1999969482422,128.91241455078125,4255688
2020-03-19,121.0,132.9499969482422,118.19999694824219,128.89999389648438,127.62525939941406,5517080
2020-03-20,138.0,141.60000610351562,128.6999969482422,137.6999969482422,136.33822631835938,4496351
2020-03-23,123.05000305175781,135.0,118.19999694824219,120.9000015258789,120.55313873291016,1456143
2020-03-24,125.0,132.9499969482422,116.4000015258789,130.35000610351562,129.97604370117188,5125923
2020-03-25,126.0,134.89999389648438,125.0,132.3000030517578,131.92044067382812,2771318
2020-03-26,135.0,152.0,132.0500030517578,140.25,139.84762573242188,7980255
2020-03-27,146.0,151.0,126.25,128.0,127.63275909423828,4378366
2020-03-30,124.0,129.8000030517578,121.0,128.6999969482422,128.33074951171875,2397592
2020-03-31,131.6999969482422,138.4499969482422,129.4499969482422,137.60000610351562,137.20523071289062,2200227
2020-04-01,138.9499969482422,138.9499969482422,131.8000030517578,133.9499969482422,133.56568908691406,1997603
2020-04-03,134.0,134.60000610351562,128.0,129.0500030517578,128.67974853515625,1761897
2020-04-07,131.0,141.5,131.0,138.14999389648438,137.753662109375,2463474
2020-04-08,136.85000610351562,147.14999389648438,134.89999389648438,138.10000610351562,137.70379638671875,3237290
2020-04-09,140.0,146.25,140.0,142.4499969482422,142.0413055419922,2359428
2020-04-13,142.0,149.0,136.5500030517578,146.0,145.5811309814453,2204560
2020-04-15,148.0500030517578,150.9499969482422,143.1999969482422,145.25,144.833251953125,3413325
2020-04-16,142.0,144.85000610351562,140.5500030517578,143.3000030517578,142.8888702392578,2685695
2020-04-17,146.9499969482422,148.5500030517578,141.5500030517578,143.89999389648438,143.48715209960938,2383979
2020-04-20,146.0,155.4499969482422,142.60000610351562,146.6999969482422,146.2790985107422,6835058
2020-04-21,143.0,143.0,134.14999389648438,135.9499969482422,135.5599365234375,3576177
2020-04-22,136.0,138.8000030517578,132.10000610351562,137.60000610351562,137.20523071289062,6012030
2020-04-23,140.5,142.5,137.5,140.5,140.09690856933594,3371195
2020-04-24,137.14999389648438,140.5500030517578,134.10000610351562,134.64999389648438,134.26370239257812,1823167
2020-04-27,136.39999389648438,138.35000610351562,134.10000610351562,134.60000610351562,134.21383666992188,2996533
2020-04-28,135.9499969482422,141.89999389648438,135.0500030517578,139.3000030517578,138.90036010742188,5721109
2020-04-29,140.0,140.6999969482422,135.64999389648438,139.5,139.09976196289062,4774187
2020-04-30,141.4499969482422,147.4499969482422,140.3000030517578,141.39999389648438,140.99432373046875,4899422
2020-05-04,136.89999389648438,137.5,130.0,131.5500030517578,131.17259216308594,6012691
2020-05-05,135.0,136.35000610351562,131.8000030517578,132.6999969482422,132.31927490234375,3112486
2020-05-06,133.64999389648438,135.39999389648438,127.30000305175781,133.25,132.86770629882812,6685480
2020-05-07,131.10000610351562,135.64999389648438,130.0,134.89999389648438,134.51295471191406,2423478
2020-05-08,136.89999389648438,139.35000610351562,136.1999969482422,137.14999389648438,136.7565155029297,2431204
2020-05-11,137.85000610351562,143.3000030517578,137.5,140.0500030517578,139.64817810058594,2900696
2020-05-12,138.5,140.6999969482422,133.1999969482422,139.89999389648438,139.4986114501953,2901801
2020-05-13,145.0,145.0,140.75,141.14999389648438,140.74502563476562,3115038
2020-05-14,139.5500030517578,142.35000610351562,137.39999389648438,140.89999389648438,140.49575805664062,1587450
2020-05-15,141.39999389648438,143.6999969482422,140.0,141.0500030517578,140.6453399658203,2145697
2020-05-18,144.8000030517578,146.39999389648438,134.35000610351562,135.89999389648438,135.51010131835938,4941536
2020-05-19,137.8000030517578,145.89999389648438,134.4499969482422,139.6999969482422,139.29920959472656,5564024
2020-05-20,139.5,143.1999969482422,138.0,141.35000610351562,140.9444580078125,2872608
2020-05-21,142.1999969482422,144.0,137.0500030517578,138.3000030517578,137.90322875976562,2682428
2020-05-22,138.0,141.1999969482422,136.60000610351562,138.10000610351562,137.70379638671875,2449109
2020-05-26,139.0,143.3000030517578,138.35000610351562,139.5,139.09976196289062,2657870
2020-05-27,139.75,141.60000610351562,138.5,141.0,140.59547424316406,2224751
2020-05-28,141.6999969482422,144.39999389648438,140.60000610351562,142.64999389648438,142.24072265625,2816689
2020-05-29,141.10000610351562,153.60000610351562,141.10000610351562,148.35000610351562,147.92440795898438,9162612
2020-06-01,150.0,154.89999389648438,149.5,150.5,150.06822204589844,3985102
2020-06-02,151.0,152.60000610351562,148.25,149.9499969482422,149.51979064941406,2482873
2020-06-03,151.75,157.89999389648438,149.60000610351562,150.64999389648438,150.2177734375,5875845
2020-06-04,150.5,153.89999389648438,146.14999389648438,148.0,147.5753936767578,3146640
2020-06-05,148.89999389648438,155.0,148.4499969482422,152.4499969482422,152.0126190185547,4111095
2020-06-08,155.60000610351562,158.5,150.64999389648438,152.64999389648438,152.21205139160156,4899754
2020-06-09,154.1999969482422,156.6999969482422,151.0500030517578,151.89999389648438,151.46420288085938,3005643
2020-06-10,152.75,154.75,150.25,151.85000610351562,151.41433715820312,4135121
2020-06-11,151.85000610351562,165.4499969482422,150.25,151.8000030517578,151.36451721191406,16533100
2020-06-12,144.0,153.3000030517578,141.0,152.3000030517578,151.86305236816406,4817295
2020-06-15,151.8000030517578,156.85000610351562,148.25,149.25,148.82179260253906,3214496
2020-06-16,153.5,154.0,142.75,146.1999969482422,145.78054809570312,2640377
2020-06-17,145.0,148.4499969482422,143.4499969482422,147.14999389648438,146.7278289794922,1252809
2020-06-18,146.6999969482422,149.4499969482422,146.0,147.85000610351562,147.4258270263672,2037814
2020-06-19,149.60000610351562,154.39999389648438,148.89999389648438,152.6999969482422,152.26190185546875,5245179
2020-06-22,154.5,156.1999969482422,153.60000610351562,154.64999389648438,154.20631408691406,4662143
2020-06-23,157.0,161.8000030517578,155.5500030517578,157.1999969482422,156.74899291992188,4790074
2020-06-24,159.10000610351562,163.0,153.5,154.8000030517578,154.35589599609375,4078195
2020-06-25,153.25,169.1999969482422,153.0,161.64999389648438,161.1862335205078,14608370
2020-06-26,164.0,166.35000610351562,161.3000030517578,162.14999389648438,161.68478393554688,6772909
2020-06-29,161.39999389648438,163.5500030517578,156.75,159.75,159.29165649414062,2937549
2020-06-30,161.39999389648438,164.14999389648438,155.25,156.25,155.80174255371094,3827240
2020-07-01,157.14999389648438,159.0,156.0500030517578,157.64999389648438,157.1977081298828,1681231
2020-07-02,159.8000030517578,160.9499969482422,156.14999389648438,158.1999969482422,157.7461395263672,2152710
2020-07-03,160.0,163.85000610351562,157.39999389648438,160.0,159.5409698486328,4481657
2020-07-06,161.9499969482422,165.1999969482422,160.5,164.1999969482422,163.7288818359375,3515662
2020-07-07,164.5,170.64999389648438,163.3000030517578,168.14999389648438,167.66757202148438,8172143
2020-07-08,168.0,169.5,161.39999389648438,163.0,162.5323486328125,3650115
2020-07-09,163.0,165.10000610351562,161.4499969482422,162.75,162.28306579589844,1711099
2020-07-10,161.5,163.39999389648438,158.5,159.6999969482422,159.24183654785156,1950837
2020-07-13,161.4499969482422,162.4499969482422,154.35000610351562,156.0500030517578,155.60231018066406,2585981
2020-07-14,155.89999389648438,156.25,149.0,149.75,149.32037353515625,2352010
2020-07-15,150.10000610351562,153.85000610351562,147.0,147.75,147.3260955810547,2180415
2020-07-16,148.10000610351562,150.0,145.1999969482422,148.89999389648438,148.4728240966797,1473784
2020-07-17,149.75,153.89999389648438,149.0,151.60000610351562,151.16506958007812,2222846
2020-07-20,153.14999389648438,161.89999389648438,152.10000610351562,160.6999969482422,160.23895263671875,6329853
2020-07-21,161.4499969482422,168.10000610351562,159.10000610351562,167.3000030517578,166.8200225830078,6517373
2020-07-22,167.0,172.0,162.0,169.39999389648438,168.9139862060547,4611051
2020-07-23,168.35000610351562,170.6999969482422,165.39999389648438,169.9499969482422,169.46238708496094,2199241
2020-07-24,167.39999389648438,169.75,163.64999389648438,168.75,168.26585388183594,1801357
2020-07-27,168.64999389648438,169.0500030517578,163.0,165.9499969482422,165.47389221191406,1156539
2020-07-28,166.3000030517578,174.89999389648438,163.8000030517578,173.5500030517578,173.0520782470703,4829045
2020-07-29,174.0,190.85000610351562,172.0500030517578,179.10000610351562,178.586181640625,15392378
2020-07-30,179.1999969482422,181.35000610351562,173.25,175.0500030517578,174.54779052734375,3403335
2020-07-31,174.0,178.64999389648438,172.10000610351562,175.25,174.74720764160156,2644457
2020-08-03,175.25,178.6999969482422,171.1999969482422,172.25,171.7558135986328,2789132
2020-08-04,174.0,184.0,172.1999969482422,182.10000610351562,181.57757568359375,4208453
2020-08-05,183.0,184.8000030517578,178.5,179.60000610351562,179.08473205566406,4042372
2020-08-06,180.10000610351562,188.0,177.5,185.9499969482422,185.41651916503906,6447296
2020-08-07,181.0500030517578,195.0,180.10000610351562,192.89999389648438,192.3465576171875,9386323
2020-08-10,192.89999389648438,198.3000030517578,192.35000610351562,195.6999969482422,195.13851928710938,4627306
2020-08-11,196.0,199.8000030517578,194.39999389648438,195.85000610351562,195.28811645507812,2965963
2020-08-12,195.8000030517578,200.75,190.1999969482422,197.6999969482422,197.13279724121094,3352636
2020-08-13,198.89999389648438,203.3000030517578,197.75,200.75,200.17404174804688,3552469
2020-08-14,202.39999389648438,204.5,191.4499969482422,196.1999969482422,195.6371307373047,6617104
2020-08-17,197.39999389648438,201.64999389648438,196.0500030517578,197.8000030517578,197.23251342773438,3227005
2020-08-18,200.0,216.8000030517578,199.0,213.6999969482422,213.0869140625,13367091
2020-08-19,214.25,245.39999389648438,214.25,239.5500030517578,238.86273193359375,19592028
2020-08-20,241.1999969482422,245.0,230.39999389648438,234.0,233.3286590576172,9484513
2020-08-21,237.10000610351562,244.5,231.10000610351562,233.35000610351562,232.68052673339844,5797329
2020-08-24,236.0,253.85000610351562,235.0,248.6999969482422,247.98648071289062,11878911
2020-08-25,252.0,322.3999938964844,250.0,307.54998779296875,306.6676330566406,49264537
2020-08-26,299.0,302.79998779296875,278.25,285.54998779296875,284.73077392578125,26717004
2020-08-27,284.8999938964844,297.70001220703125,283.70001220703125,286.70001220703125,285.8774719238281,15748895
2020-08-28,289.0,295.6499938964844,286.5,288.25,287.4230041503906,7256271
2020-08-31,290.0,297.6000061035156,270.25,279.54998779296875,278.7479248046875,15172187
2020-09-01,279.95001220703125,287.04998779296875,271.54998779296875,281.1000061035156,280.2935485839844,5169176
2020-09-02,283.0,306.0,280.3999938964844,293.04998779296875,292.2092590332031,17403674
2020-09-03,294.75,298.70001220703125,287.6499938964844,291.25,290.4143981933594,9061697
2020-09-04,284.0,293.45001220703125,280.1000061035156,285.1499938964844,284.3319091796875,6719721
2020-09-07,285.1499938964844,291.70001220703125,282.04998779296875,285.25,284.431640625,5812023
2020-09-08,286.0,289.79998779296875,273.54998779296875,277.70001220703125,276.90325927734375,5660442
2020-09-09,276.8999938964844,286.8999938964844,274.3999938964844,283.04998779296875,282.2379455566406,6661093
2020-09-10,287.6499938964844,307.95001220703125,285.8999938964844,298.29998779296875,297.4441833496094,25430532
2020-09-11,299.0,303.6499938964844,292.1000061035156,296.0,295.1507873535156,9743753
2020-09-14,301.79998779296875,304.0,290.1499938964844,293.1499938964844,292.30889892578125,6120182
2020-09-15,294.8999938964844,298.70001220703125,270.0,288.54998779296875,287.72210693359375,2552460
2020-09-16,292.70001220703125,302.8500061035156,290.1000061035156,297.1000061035156,296.24761962890625,6159158
2020-09-17,295.0,300.79998779296875,292.1499938964844,293.70001220703125,292.8573913574219,2466000
2020-09-18,297.6000061035156,299.70001220703125,287.29998779296875,291.54998779296875,290.7135314941406,2744172
2020-09-21,293.0,296.25,265.0,277.1000061035156,276.3050231933594,6459206
2020-09-22,278.25,283.0,257.5,280.3999938964844,279.59552001953125,12535965
2020-09-23,283.95001220703125,296.25,278.45001220703125,283.54998779296875,282.7364807128906,8864848
2020-09-24,277.95001220703125,281.25,269.5,270.45001220703125,269.674072265625,3689023
2020-09-25,275.8999938964844,283.6000061035156,275.0,280.29998779296875,279.4958190917969,7663618
2020-09-28,283.1000061035156,302.04998779296875,282.1000061035156,295.70001220703125,294.8516540527344,5875621
2020-09-29,299.8999938964844,307.0,292.1499938964844,297.8999938964844,297.0453186035156,10246726
2020-09-30,300.0,304.70001220703125,295.1000061035156,297.1000061035156,296.24761962890625,5618023
2020-10-01,299.79998779296875,311.95001220703125,296.0,308.1499938964844,307.2658996582031,6914312
2020-10-05,311.5,334.5,307.3500061035156,326.6000061035156,325.6629943847656,20009492
2020-10-06,329.3999938964844,331.1499938964844,320.29998779296875,327.1499938964844,326.2113952636719,7705557
2020-10-07,325.1499938964844,335.6000061035156,323.25,330.1000061035156,329.1529235839844,8234005
2020-10-08,329.0,329.79998779296875,310.5,316.25,315.3426818847656,4125845
2020-10-09,318.79998779296875,322.04998779296875,310.5,313.0,312.10198974609375,2468904
2020-10-12,315.0,322.70001220703125,313.0,315.3500061035156,314.44525146484375,2556329
2020-10-13,315.5,316.79998779296875,309.75,313.20001220703125,312.30145263671875,1454109
2020-10-14,312.95001220703125,315.70001220703125,310.04998779296875,313.3999938964844,312.5008850097656,1517470
2020-10-15,315.0,325.8500061035156,305.3500061035156,307.1000061035156,306.21893310546875,4960658
2020-10-16,309.25,313.95001220703125,305.3500061035156,307.0,306.11920166015625,1871531
2020-10-19,309.8999938964844,319.25,309.3500061035156,316.95001220703125,316.04071044921875,3329571
2020-10-20,315.29998779296875,327.8500061035156,313.5,321.8999938964844,320.97650146484375,7198907
2020-10-21,322.0,324.70001220703125,306.0,312.0,311.1048278808594,4998821
2020-10-22,311.0,314.79998779296875,309.0,311.5,310.6062927246094,2380993
2020-10-23,314.0,322.45001220703125,313.29998779296875,315.45001220703125,314.5450134277344,4159352
2020-10-26,318.0,318.70001220703125,305.04998779296875,307.3999938964844,306.5180358886719,4397393
2020-10-27,308.0,315.3500061035156,303.0,314.04998779296875,313.14898681640625,3549135
2020-10-28,313.79998779296875,320.79998779296875,309.8500061035156,318.8500061035156,317.93524169921875,3098009
2020-10-29,315.3999938964844,332.3500061035156,313.20001220703125,328.8999938964844,327.9564208984375,6897070
2020-10-30,331.04998779296875,347.5,329.6499938964844,339.70001220703125,338.7254333496094,14205844
2020-11-02,339.1000061035156,344.29998779296875,333.04998779296875,341.1000061035156,340.12139892578125,4272022
2020-11-03,344.0,349.6000061035156,340.1499938964844,344.79998779296875,343.8107604980469,4078834
2020-11-04,342.6000061035156,359.5,337.5,351.8500061035156,350.84051513671875,9701398
2020-11-05,353.0,354.95001220703125,345.25,352.75,351.7379455566406,5361436
2020-11-06,352.0,353.8500061035156,345.04998779296875,352.1000061035156,351.08984375,3863486
2020-11-09,354.0,364.70001220703125,351.8500061035156,357.8999938964844,356.8731994628906,6278843
2020-11-10,358.1000061035156,361.75,353.20001220703125,359.5,358.4685974121094,3590100
2020-11-11,359.20001220703125,362.70001220703125,354.04998779296875,360.1000061035156,359.06689453125,2869576
2020-11-12,358.20001220703125,369.5,358.0,365.54998779296875,364.501220703125,4199715
2020-11-13,364.0,371.6499938964844,362.04998779296875,368.6000061035156,367.54248046875,2786714
2020-11-14,369.79998779296875,372.8500061035156,369.5,371.25,370.18487548828125,620753
2020-11-17,372.0,401.95001220703125,371.0,394.29998779296875,393.1687316894531,10496968
2020-11-18,393.95001220703125,404.70001220703125,387.3999938964844,394.5,393.3681945800781,8656493
2020-11-19,390.0,398.5,377.79998779296875,385.75,384.6432800292969,7731483
2020-11-20,385.1000061035156,402.0,385.0,388.29998779296875,387.18597412109375,5490838
2020-11-23,390.1000061035156,413.70001220703125,383.1000061035156,409.04998779296875,407.87646484375,7318547
2020-11-24,409.8999938964844,415.5,404.20001220703125,407.20001220703125,406.03173828125,6167783
2020-11-25,408.95001220703125,411.5,393.0,399.25,398.1045837402344,3448648
2020-11-26,402.79998779296875,411.54998779296875,399.1499938964844,401.95001220703125,400.79681396484375,5490958
2020-11-27,401.0,407.8500061035156,396.29998779296875,398.3999938964844,397.2569885253906,6429153
2020-12-01,398.0,423.95001220703125,395.1000061035156,421.8999938964844,420.6895446777344,7846125
2020-12-02,420.54998779296875,461.8999938964844,419.3500061035156,453.75,452.4482421875,16821595
2020-12-03,453.75,457.0,443.25,447.54998779296875,446.2659606933594,6848649
2020-12-04,449.0,456.54998779296875,442.0,445.95001220703125,444.6705627441406,4131360
2020-12-07,446.0,466.3500061035156,445.95001220703125,457.54998779296875,456.23724365234375,5371039
2020-12-08,457.54998779296875,462.29998779296875,446.54998779296875,451.8999938964844,450.603515625,3872952
2020-12-09,454.0,458.1000061035156,447.29998779296875,449.1000061035156,447.8115234375,2798049
2020-12-10,448.0,452.25,438.04998779296875,447.25,445.9668273925781,3113868
2020-12-11,447.25,451.79998779296875,440.3999938964844,449.79998779296875,448.509521484375,2940168
2020-12-14,451.0,462.0,447.0,455.1499938964844,453.84417724609375,3762369
2020-12-15,455.5,464.04998779296875,446.54998779296875,462.45001220703125,461.1232604980469,4779869
2020-12-16,462.5,467.54998779296875,457.54998779296875,463.25,461.92095947265625,4088505
2020-12-17,463.3999938964844,473.95001220703125,455.1000061035156,459.29998779296875,457.9822998046875,4912523
2020-12-18,461.0,464.20001220703125,450.79998779296875,455.1499938964844,453.84417724609375,2159692
2020-12-21,454.0,460.75,409.6499938964844,429.20001220703125,427.9686584472656,5350194
2020-12-22,428.20001220703125,461.54998779296875,418.1000061035156,458.79998779296875,457.4837341308594,8342699
2020-12-23,458.0,466.79998779296875,454.20001220703125,463.6000061035156,462.2699890136719,4604130
2020-12-24,465.0,479.8500061035156,462.3999938964844,473.6499938964844,472.29107666015625,7985151
2020-12-28,473.0,507.0,472.70001220703125,490.8500061035156,489.4417724609375,13714406
2020-12-29,492.0,499.1499938964844,484.70001220703125,489.20001220703125,487.7965087890625,5849496
2020-12-30,489.20001220703125,496.0,478.3999938964844,484.1499938964844,482.760986328125,5419517
2020-12-31,481.0,484.0,435.75,479.54998779296875,478.1741943359375,7575962
2021-01-01,477.0,493.25,477.0,491.1499938964844,489.74090576171875,5035248
2021-01-04,492.0,502.6000061035156,486.6499938964844,494.5,493.0812683105469,4936582
2021-01-05,492.0,501.3999938964844,489.6000061035156,494.3999938964844,492.9815979003906,3654033
2021-01-06,496.0,500.6499938964844,484.25,490.8999938964844,489.49163818359375,3295461
2021-01-07,493.8999938964844,523.9500122070312,493.79998779296875,518.0999755859375,516.613525390625,9879731
2021-01-08,523.0,526.5999755859375,514.0999755859375,518.0,516.5138549804688,3702267
2021-01-11,520.5999755859375,524.5999755859375,510.5,519.1500244140625,517.6605224609375,4148831
2021-01-12,519.0,536.5999755859375,517.0999755859375,525.4000244140625,523.8927001953125,4878024
2021-01-13,529.0999755859375,540.2000122070312,521.2999877929688,536.0499877929688,534.5120849609375,4948731
2021-01-14,534.9500122070312,541.0,528.4000244140625,532.0999755859375,530.5733642578125,3161306
2021-01-15,534.7000122070312,537.5,518.7999877929688,527.2999877929688,525.7871704101562,3376852
2021-01-18,528.0,529.0999755859375,502.04998779296875,507.8500061035156,506.3929748535156,5204588
2021-01-19,512.2999877929688,532.0,512.2999877929688,530.0999755859375,528.5791015625,4181185
2021-01-20,532.1500244140625,552.1500244140625,531.0,546.75,545.1813354492188,6681731
2021-01-21,551.4000244140625,552.9500122070312,531.5499877929688,536.9000244140625,535.359619140625,4208383
2021-01-22,534.0499877929688,546.75,521.5999755859375,526.7999877929688,525.28857421875,4179558
2021-01-25,530.25,534.4000244140625,509.0,513.9000244140625,512.4256591796875,3728411
2021-01-27,513.0999755859375,521.5499877929688,507.04998779296875,512.7999877929688,511.32879638671875,2792007
2021-01-28,507.29998779296875,519.5,501.3500061035156,511.8500061035156,510.3814697265625,4197516
2021-01-29,515.2000122070312,525.2000122070312,502.5,506.6499938964844,505.19647216796875,3822560
2021-02-01,510.5,539.5,496.8999938964844,537.2000122070312,535.6588134765625,4004036
2021-02-02,542.0499877929688,566.9000244140625,540.7999877929688,564.2000122070312,562.5813598632812,5144708
2021-02-03,568.0,576.5999755859375,558.3499755859375,566.5999755859375,564.9744262695312,6087209
2021-02-04,561.9500122070312,611.7000122070312,556.0,589.7000122070312,588.0082397460938,11184167
2021-02-05,595.0,607.8499755859375,588.5999755859375,595.3499755859375,593.6419067382812,4754950
2021-02-08,605.4000244140625,638.0,603.5499877929688,628.2999877929688,626.4973754882812,7085276
2021-02-09,631.4500122070312,641.9000244140625,621.0,629.8499755859375,628.04296875,4510798
2021-02-10,633.0499877929688,654.9000244140625,622.0999755859375,650.7000122070312,648.8331298828125,5991927
2021-02-11,654.0,661.0,645.3499755859375,658.5999755859375,656.7103881835938,3688016
2021-02-12,657.0,724.4500122070312,655.2000122070312,718.9500122070312,716.8873291015625,16810897
2021-02-15,725.0,787.9500122070312,707.6500244140625,763.4500122070312,761.2597045898438,21579566
2021-02-16,760.0,802.9500122070312,756.25,780.2000122070312,777.9616088867188,19426061
2021-02-17,787.1500244140625,802.0,782.25,785.4500122070312,783.196533203125,8908279
2021-02-18,787.25,824.5,786.0,808.2000122070312,805.88134765625,9694238
2021-02-19,813.0,831.0,729.5,781.9000244140625,779.65673828125,20210882
2021-02-22,786.0,813.0,780.5499877929688,805.9000244140625,803.587890625,10890564
2021-02-23,814.7999877929688,827.2999877929688,789.0,799.6500244140625,797.3558959960938,9753081
2021-02-24,806.0,812.0499877929688,795.4500122070312,805.2000122070312,802.889892578125,4626257
2021-02-25,814.0,862.4000244140625,809.0,843.5,841.0800170898438,12118095
2021-02-26,833.9000244140625,861.0,819.8499755859375,833.6500244140625,831.2582397460938,11355426
2021-03-01,840.75,860.9500122070312,836.4500122070312,851.5,849.0570068359375,5996840
2021-03-02,857.4000244140625,876.5,852.25,872.5499877929688,870.0465698242188,5116413
2021-03-03,880.4500122070312,944.9000244140625,872.8499755859375,915.3499755859375,912.7238159179688,11670544
2021-03-04,910.0,938.7000122070312,905.4000244140625,918.4000244140625,915.7650756835938,8141787
2021-03-05,918.0,934.0,888.2999877929688,909.9000244140625,907.2894897460938,7109101
2021-03-08,918.0999755859375,926.4000244140625,905.0999755859375,910.2000122070312,907.5885620117188,3904469
2021-03-09,918.0,928.4000244140625,893.5999755859375,905.2000122070312,902.6029663085938,5561849
2021-03-10,911.0,914.0999755859375,888.7000122070312,898.1500244140625,895.5732421875,5465016
2021-03-12,905.0,923.7999877929688,889.2999877929688,894.0999755859375,891.5348510742188,6049852
2021-03-15,898.75,904.0,874.5,896.2000122070312,893.6288452148438,5234540
2021-03-16,900.7000122070312,904.4000244140625,888.0499877929688,897.7999877929688,895.2243041992188,2555026
2021-03-17,898.0,905.4000244140625,865.0,873.9000244140625,871.392822265625,3886557
2021-03-18,876.0,891.0,857.75,871.0499877929688,868.5509643554688,4465851
2021-03-19,866.0,895.4000244140625,840.2000122070312,889.6500244140625,887.0975952148438,4794995
2021-03-22,892.9000244140625,1003.0,883.4500122070312,991.0499877929688,988.2066040039062,22596465
2021-03-23,999.0,1086.699951171875,991.0499877929688,1058.4000244140625,1055.363525390625,31098225
2021-03-24,1063.0,1093.0,1018.4000244140625,1025.449951171875,1022.508056640625,22877032
2021-03-25,1032.949951171875,1041.449951171875,977.0,981.5499877929688,978.7340087890625,13139164
2021-03-26,1000.0,1018.4500122070312,978.0,988.2999877929688,985.4645385742188,9396506
2021-03-30,1004.0,1042.449951171875,988.0,1031.550048828125,1028.5906982421875,10470011
2021-03-31,1038.0,1053.1500244140625,1016.5999755859375,1031.1500244140625,1028.191650390625,6440569
2021-04-01,1043.4000244140625,1116.050048828125,1035.0,1107.199951171875,1104.0235595703125,12713083
2021-04-05,1127.0,1150.0,1098.8499755859375,1138.25,1134.984375,15795720
2021-04-06,1153.4000244140625,1241.0,1142.5,1225.4000244140625,1221.884521484375,21496457
2021-04-07,1233.4000244140625,1251.5999755859375,1108.0,1165.550048828125,1162.2059326171875,23007694
2021-04-08,1162.5,1191.0,1137.75,1162.5,1159.1649169921875,12404773
2021-04-09,1163.4000244140625,1228.0,1151.199951171875,1201.4000244140625,1197.9530029296875,12923020
2021-04-12,1177.4000244140625,1177.4000244140625,1061.4000244140625,1074.4000244140625,1071.317626953125,13690016
2021-04-13,1077.0,1116.300048828125,1051.050048828125,1106.3499755859375,1103.1759033203125,12137329
2021-04-15,1095.0,1144.9000244140625,1081.3499755859375,1129.949951171875,1126.7080078125,9350889
2021-04-16,1130.0,1192.0,1112.0,1159.0,1155.6748046875,10661068
2021-04-19,1100.0,1153.0,1089.0,1136.3499755859375,1133.0897216796875,8565063
2021-04-20,1156.8499755859375,1177.699951171875,1125.050048828125,1142.75,1139.471435546875,8261172
2021-04-22,1134.0,1169.0,1123.0,1157.800048828125,1154.478271484375,7124786
2021-04-23,1161.0,1182.9000244140625,1145.6500244140625,1157.5999755859375,1154.2786865234375,6167151
2021-04-26,1160.0,1197.9000244140625,1160.0,1173.3499755859375,1169.9835205078125,6939823
2021-04-27,1184.699951171875,1213.5,1181.0,1191.1500244140625,1187.732666015625,7109421
2021-04-28,1207.949951171875,1213.949951171875,1180.75,1185.199951171875,1181.799560546875,5020151
2021-04-29,1196.550048828125,1212.6500244140625,1178.0,1182.300048828125,1178.907958984375,4070698
2021-04-30,1171.0,1200.949951171875,1143.0,1158.699951171875,1155.3756103515625,4232500
2021-05-03,1145.0999755859375,1264.4000244140625,1122.6500244140625,1255.550048828125,1251.9478759765625,11276228
2021-05-04,1285.0,1298.949951171875,1241.8499755859375,1262.5,1258.8779296875,10271516
2021-05-05,1274.4000244140625,1288.25,1240.25,1267.5,1263.8636474609375,7805805
2021-05-06,1272.3499755859375,1311.8499755859375,1263.0,1286.75,1283.0582275390625,6240535
2021-05-07,1305.0,1322.4000244140625,1290.449951171875,1298.9000244140625,1295.173583984375,4584524
2021-05-10,1294.9000244140625,1314.0,1286.300048828125,1304.0999755859375,1300.3585205078125,3892338
2021-05-11,1292.0,1326.0,1284.0,1303.5,1299.7601318359375,4744734
2021-05-12,1311.0,1328.5,1278.5999755859375,1285.800048828125,1282.111083984375,4143731
2021-05-14,1300.0,1302.0,1213.3499755859375,1220.3499755859375,1216.8487548828125,6377643
2021-05-17,1230.0,1299.0,1227.449951171875,1289.0999755859375,1285.401611328125,7782732
2021-05-18,1314.949951171875,1344.949951171875,1302.0,1326.699951171875,1322.8936767578125,6531595
2021-05-19,1350.0,1351.550048828125,1283.9000244140625,1294.699951171875,1290.9854736328125,9925284
2021-05-20,1301.300048828125,1320.0,1283.949951171875,1302.0,1298.2645263671875,5837747
2021-05-21,1320.0,1336.0,1300.050048828125,1315.0999755859375,1311.326904296875,8314215
2021-05-24,1321.699951171875,1328.6500244140625,1303.0,1306.800048828125,1303.05078125,7913411
2021-05-25,1314.3499755859375,1322.0,1272.9000244140625,1282.75,1279.0697021484375,3697062
2021-05-26,1288.949951171875,1326.8499755859375,1254.25,1322.800048828125,1319.0050048828125,5630730
2021-05-27,1329.5,1342.0,1304.25,1325.800048828125,1321.9962158203125,36690935
2021-05-28,1311.5999755859375,1330.449951171875,1298.0,1302.5999755859375,1298.8629150390625,2979585
2021-05-31,1307.050048828125,1321.5,1292.0,1316.300048828125,1312.5235595703125,2709718
2021-06-01,1319.9000244140625,1430.0,1309.050048828125,1416.25,1412.1866455078125,10018645
2021-06-02,1425.550048828125,1557.0,1413.0,1546.75,1542.3125,24541949
2021-06-03,1564.0,1623.800048828125,1553.0,1583.0999755859375,1578.5579833984375,19107244
2021-06-04,1605.0,1713.550048828125,1585.800048828125,1700.949951171875,1696.0699462890625,21102075
2021-06-07,1715.0,1717.199951171875,1613.0,1624.300048828125,1619.6400146484375,15350263
2021-06-08,1633.0,1668.0,1602.449951171875,1636.449951171875,1631.7550048828125,12410257
2021-06-09,1640.0,1649.449951171875,1571.8499755859375,1594.6500244140625,1590.0748291015625,11614666
2021-06-10,1612.0,1630.0,1591.0,1612.0,1607.375244140625,5362307
2021-06-11,1615.0999755859375,1620.0999755859375,1575.25,1601.5999755859375,1597.0050048828125,5355387
2021-06-14,1441.449951171875,1529.949951171875,1201.199951171875,1501.449951171875,1497.142333984375,43530006
2021-06-15,1550.949951171875,1572.5999755859375,1477.199951171875,1538.8499755859375,1534.4349365234375,22320542
2021-06-16,1510.0,1538.199951171875,1409.300048828125,1448.300048828125,1444.144775390625,12626149
2021-06-17,1380.0,1436.0,1303.5,1367.699951171875,1363.7760009765625,27926070
2021-06-18,1350.0,1504.0,1332.550048828125,1487.5,1483.2322998046875,30526777
2021-06-21,1490.0,1582.0,1444.8499755859375,1540.0,1535.5816650390625,21101083
2021-06-22,1554.050048828125,1582.0,1531.800048828125,1541.5999755859375,1537.17724609375,12069983
2021-06-23,1560.0999755859375,1569.949951171875,1481.300048828125,1504.75,1500.4329833984375,12679703
2021-06-24,1509.949951171875,1519.0,1488.050048828125,1508.5,1504.1722412109375,7261764
2021-06-25,1525.0,1534.0,1501.0,1519.449951171875,1515.090576171875,4962963
2021-06-28,1524.9000244140625,1565.0,1518.199951171875,1525.75,1521.37255859375,6178022
2021-06-29,1526.0,1548.699951171875,1513.0,1523.550048828125,1519.1790771484375,5551918
2021-06-30,1539.0,1539.0,1502.699951171875,1507.550048828125,1503.2249755859375,3256147
2021-07-01,1509.550048828125,1522.550048828125,1482.9000244140625,1490.25,1486.9306640625,3759914
2021-07-02,1490.25,1507.699951171875,1411.550048828125,1422.050048828125,1418.8828125,6653653
2021-07-05,1427.0,1443.949951171875,1350.5999755859375,1394.3499755859375,1391.244140625,12239845
2021-07-06,1400.9000244140625,1444.1500244140625,1378.75,1414.800048828125,1411.648681640625,9485434
2021-07-07,1420.0,1437.0999755859375,1385.0,1425.6500244140625,1422.474609375,5549751
2021-07-08,1420.0,1445.0,1411.800048828125,1425.9000244140625,1422.7239990234375,3898830
2021-07-09,1425.9000244140625,1456.5999755859375,1416.449951171875,1431.3499755859375,1428.1619873046875,4502324
2021-07-12,1442.0,1447.0,1414.1500244140625,1420.699951171875,1417.5355224609375,2557189
2021-07-13,1433.0,1433.0,1385.199951171875,1417.699951171875,1414.542236328125,4157955
2021-07-14,1449.0,1449.0,1397.800048828125,1402.050048828125,1398.92724609375,3859529
2021-07-15,1399.0,1429.0,1393.4000244140625,1407.949951171875,1404.8138427734375,2728305
2021-07-16,1409.0,1415.0,1388.25,1395.5,1392.3917236328125,2134914
2021-07-19,1390.0,1412.6500244140625,1332.75,1380.5999755859375,1377.52490234375,6190302
2021-07-20,1340.0,1382.9000244140625,1336.0999755859375,1365.699951171875,1362.658203125,4529933
2021-07-22,1375.0,1424.9000244140625,1340.5,1416.75,1413.5943603515625,5009804
2021-07-23,1430.0,1434.8499755859375,1386.199951171875,1401.6500244140625,1398.5281982421875,4694140
2021-07-26,1399.800048828125,1416.800048828125,1392.0,1403.9000244140625,1400.77294921875,2054318
2021-07-27,1403.9000244140625,1424.5999755859375,1378.1500244140625,1396.75,1393.6387939453125,2978042
2021-07-28,1406.8499755859375,1424.800048828125,1378.5999755859375,1399.9000244140625,1396.7818603515625,3188606
2021-07-29,1413.949951171875,1425.0,1397.0,1400.25,1397.131103515625,2538248
2021-07-30,1409.5,1449.5,1400.25,1420.25,1417.086669921875,4403219
2021-08-02,1435.0,1445.0,1424.0999755859375,1438.199951171875,1434.9964599609375,2483790
2021-08-03,1467.0,1467.0,1422.199951171875,1442.800048828125,1439.58642578125,4442122
2021-08-04,1460.0,1460.0,1423.050048828125,1429.550048828125,1426.3660888671875,3341801
2021-08-05,1428.0,1438.0,1407.4000244140625,1432.3499755859375,1429.15966796875,2104359
2021-08-06,1422.0,1555.0,1422.0,1536.6500244140625,1533.2274169921875,14250256
2021-08-09,1546.699951171875,1565.0,1482.5,1493.4000244140625,1490.0736083984375,6031426
2021-08-10,1488.0,1498.6500244140625,1426.050048828125,1446.5,1443.2781982421875,3581449
2021-08-11,1455.0,1456.5999755859375,1407.0,1437.050048828125,1433.8492431640625,3197412
2021-08-12,1443.5999755859375,1458.0,1430.25,1442.9000244140625,1439.686279296875,2455443
2021-08-13,1445.0,1454.0,1428.0,1437.0,1433.7991943359375,2095991
2021-08-16,1431.5,1449.699951171875,1413.550048828125,1430.0999755859375,1426.914794921875,1909352
2021-08-17,1431.0,1451.0,1416.199951171875,1441.6500244140625,1438.43896484375,3062815
2021-08-18,1441.9000244140625,1496.800048828125,1432.5999755859375,1460.0,1456.748046875,4738820
2021-08-20,1438.0,1482.6500244140625,1411.0,1430.0999755859375,1426.914794921875,4933377
2021-08-23,1415.050048828125,1427.75,1361.550048828125,1396.699951171875,1393.589111328125,4866080
2021-08-24,1407.0,1448.4000244140625,1390.0,1437.800048828125,1434.5975341796875,3362312
2021-08-25,1444.25,1481.800048828125,1425.0,1475.3499755859375,1472.063720703125,5361140
2021-08-26,1482.0,1494.6500244140625,1460.4000244140625,1475.699951171875,1472.4130859375,4678919
2021-08-27,1475.0,1515.0,1474.0999755859375,1506.050048828125,1502.6956787109375,5164477
2021-08-30,1513.75,1527.0,1493.300048828125,1516.550048828125,1513.172119140625,3149863
2021-08-31,1517.300048828125,1596.8499755859375,1512.800048828125,1587.5999755859375,1584.0638427734375,7234384
2021-09-01,1594.9000244140625,1600.8499755859375,1561.5,1565.199951171875,1561.7137451171875,3056760
2021-09-02,1571.0,1594.300048828125,1565.5,1570.550048828125,1567.0518798828125,2171898
2021-09-03,1578.5,1581.4000244140625,1551.550048828125,1565.550048828125,1562.0631103515625,1687999
2021-09-06,1572.0,1628.449951171875,1566.050048828125,1582.0,1578.476318359375,5562312
2021-09-07,1585.0999755859375,1592.3499755859375,1553.0,1558.0999755859375,1554.6295166015625,1651169
2021-09-08,1559.9000244140625,1579.0,1538.25,1555.949951171875,1552.484375,2084219
2021-09-09,1561.5999755859375,1565.5,1535.050048828125,1545.0,1541.558837890625,1243149
2021-09-13,1548.0,1557.0,1525.25,1532.449951171875,1529.03662109375,1759456
2021-09-14,1539.9000244140625,1547.25,1497.050048828125,1513.199951171875,1509.82958984375,7143757
2021-09-15,1524.0,1545.5999755859375,1496.9000244140625,1516.800048828125,1513.421630859375,12834337
2021-09-16,1523.0,1535.0,1499.75,1503.199951171875,1499.8516845703125,7616906
2021-09-17,1503.199951171875,1525.0,1465.75,1480.25,1476.9530029296875,3329954
2021-09-20,1464.9000244140625,1488.5,1409.949951171875,1418.8499755859375,1415.6898193359375,2273312
2021-09-21,1420.0,1446.949951171875,1381.3499755859375,1441.449951171875,1438.2392578125,2682157
2021-09-22,1435.0,1462.6500244140625,1424.3499755859375,1437.75,1434.547607421875,1663858
2021-09-23,1453.0,1480.0,1441.0999755859375,1474.3499755859375,1471.0660400390625,1622616
2021-09-24,1483.0,1516.0,1455.0,1461.699951171875,1458.4442138671875,2760295
2021-09-27,1462.0,1544.0,1462.0,1531.25,1527.8394775390625,4737676
2021-09-28,1557.0,1557.9000244140625,1475.0,1487.300048828125,1483.9873046875,3547971
2021-09-29,1466.300048828125,1498.0,1464.300048828125,1485.6500244140625,1482.341064453125,1764350
2021-09-30,1484.699951171875,1519.0,1463.3499755859375,1468.0999755859375,1464.830078125,2072145
2021-10-01,1465.0,1468.75,1422.6500244140625,1458.699951171875,1455.4508056640625,2311858
2021-10-04,1471.0,1531.0,1460.0999755859375,1526.6500244140625,1523.2496337890625,3209302
2021-10-05,1515.0,1557.8499755859375,1512.3499755859375,1527.6500244140625,1524.2474365234375,2544835
2021-10-06,1529.800048828125,1541.0,1472.0,1479.550048828125,1476.254638671875,1777998
2021-10-07,1502.8499755859375,1535.75,1490.0,1520.75,1517.3626708984375,1919106
2021-10-08,1522.0,1569.449951171875,1511.449951171875,1547.9000244140625,1544.452392578125,2646112
2021-10-11,1553.0,1563.699951171875,1532.1500244140625,1539.75,1536.3204345703125,1910095
2021-10-12,1539.0,1566.9000244140625,1514.5,1554.449951171875,1550.9876708984375,1900749
2021-10-13,1568.449951171875,1608.300048828125,1551.300048828125,1569.699951171875,1566.2034912109375,3923958
2021-10-14,1580.0,1656.0,1574.800048828125,1646.3499755859375,1642.682861328125,5256882
2021-10-18,1672.949951171875,1672.949951171875,1608.550048828125,1615.5,1611.90185546875,3791222
2021-10-19,1625.199951171875,1637.0,1562.050048828125,1569.449951171875,1565.9541015625,1822638
2021-10-20,1574.0,1607.3499755859375,1539.0999755859375,1589.699951171875,1586.1590576171875,2768997
2021-10-21,1601.949951171875,1626.8499755859375,1581.699951171875,1595.050048828125,1591.4974365234375,3129269
2021-10-22,1595.050048828125,1608.800048828125,1537.0,1543.0,1539.563232421875,2580699
2021-10-25,1545.0,1551.4000244140625,1494.050048828125,1532.199951171875,1528.7872314453125,2276050
2021-10-26,1532.0,1557.25,1520.9000244140625,1543.8499755859375,1540.4112548828125,1661783
2021-10-27,1548.0,1581.1500244140625,1540.0,1566.550048828125,1563.060791015625,2121282
2021-10-28,1550.0,1566.9000244140625,1367.699951171875,1398.550048828125,1395.43505859375,7093354
2021-10-29,1400.0,1454.800048828125,1377.75,1423.5999755859375,1420.4290771484375,3165141
2021-11-01,1436.0,1457.0,1411.199951171875,1445.300048828125,1442.0806884765625,1543436
2021-11-02,1455.0,1489.0,1452.800048828125,1472.800048828125,1469.51953125,1667692
2021-11-03,1474.0,1501.0,1464.449951171875,1485.9000244140625,1482.5904541015625,1710819
2021-11-04,1495.0,1511.5,1483.0,1489.449951171875,1486.1324462890625,272261
2021-11-08,1495.0,1575.1500244140625,1485.6500244140625,1568.25,1564.7569580078125,2565017
2021-11-09,1555.0,1659.0,1554.949951171875,1635.449951171875,1631.807373046875,4713708
2021-11-10,1625.550048828125,1686.0,1620.4000244140625,1655.8499755859375,1652.1619873046875,3728328
2021-11-11,1650.0,1704.0,1640.8499755859375,1664.9000244140625,1661.191650390625,4470709
2021-11-12,1678.300048828125,1719.5,1670.0999755859375,1705.199951171875,1701.40185546875,5349189
2021-11-15,1713.75,1764.0,1691.800048828125,1749.550048828125,1745.653076171875,3997553
2021-11-16,1759.449951171875,1766.550048828125,1706.9000244140625,1711.5999755859375,1707.78759765625,2172117
2021-11-17,1714.0,1729.699951171875,1682.5,1706.449951171875,1702.6490478515625,1476385
2021-11-18,1708.0,1714.0,1640.0,1688.75,1684.9884033203125,2255988
2021-11-22,1691.4000244140625,1701.4000244140625,1610.050048828125,1675.75,1672.017578125,2552170
2021-11-23,1660.1500244140625,1720.3499755859375,1650.0,1707.949951171875,1704.1456298828125,2472589
2021-11-24,1721.5999755859375,1788.9000244140625,1712.449951171875,1755.1500244140625,1751.24072265625,4562858
2021-11-25,1762.949951171875,1773.699951171875,1735.550048828125,1763.050048828125,1759.123291015625,2341862
2021-11-26,1740.0,1768.550048828125,1660.8499755859375,1669.550048828125,1665.831298828125,3510810
2021-11-29,1655.0,1697.0,1609.8499755859375,1665.050048828125,1661.34130859375,2119826
2021-11-30,1668.0,1718.6500244140625,1648.1500244140625,1662.8499755859375,1659.1461181640625,2952368
2021-12-01,1694.0,1705.0,1652.3499755859375,1693.300048828125,1689.528564453125,2476360
2021-12-02,1692.5,1735.0,1687.6500244140625,1732.25,1728.3917236328125,2159661
2021-12-03,1734.0,1745.0,1701.0999755859375,1708.0999755859375,1704.295654296875,1544077
2021-12-06,1710.0,1727.949951171875,1640.0,1645.5999755859375,1641.9346923828125,1574680
2021-12-07,1658.9000244140625,1686.699951171875,1654.0,1678.449951171875,1674.71142578125,1476012
2021-12-08,1679.800048828125,1726.4000244140625,1679.050048828125,1715.5,1711.6790771484375,1406394
2021-12-09,1725.0,1739.25,1706.5999755859375,1722.25,1718.413818359375,1306393
2021-12-10,1710.5999755859375,1788.0,1710.5999755859375,1740.4000244140625,1736.5235595703125,2708578
2021-12-13,1755.0,1762.199951171875,1711.0999755859375,1719.550048828125,1715.719970703125,1104594
2021-12-14,1712.0,1727.9000244140625,1683.0,1720.0999755859375,1716.2686767578125,1198653
2021-12-15,1720.0,1727.0,1687.050048828125,1695.300048828125,1691.5240478515625,866378
2021-12-16,1707.300048828125,1719.8499755859375,1687.0,1702.050048828125,1698.2589111328125,751885
2021-12-17,1698.949951171875,1702.0,1640.0,1645.300048828125,1641.6353759765625,1215873
2021-12-20,1629.0,1629.0,1555.199951171875,1589.949951171875,1586.4085693359375,1945211
2021-12-21,1621.0999755859375,1645.9000244140625,1602.9000244140625,1620.5,1616.890625,1563851
2021-12-22,1631.25,1663.449951171875,1627.0,1658.0999755859375,1654.4068603515625,993006
2021-12-23,1674.699951171875,1684.199951171875,1658.199951171875,1676.199951171875,1672.4664306640625,979023
2021-12-24,1680.0,1703.949951171875,1658.199951171875,1698.199951171875,1694.41748046875,1234386
2021-12-27,1694.75,1738.0,1686.050048828125,1730.199951171875,1726.34619140625,1672655
2021-12-28,1740.0,1760.0,1728.0999755859375,1751.0,1747.099853515625,1552918
2021-12-29,1751.0,1755.0,1709.4000244140625,1718.050048828125,1714.2232666015625,1100579
2021-12-30,1714.0,1725.0,1685.0,1696.4000244140625,1692.6214599609375,1359574
2021-12-31,1694.949951171875,1725.0,1691.050048828125,1709.449951171875,1705.642333984375,1310960
2022-01-03,1713.0,1733.0,1711.199951171875,1717.1500244140625,1713.3253173828125,1094708
2022-01-04,1725.75,1728.0,1700.0,1719.0,1715.171142578125,1191189
2022-01-05,1722.0,1744.6500244140625,1702.550048828125,1715.449951171875,1711.6290283203125,1583598
2022-01-06,1710.0,1723.8499755859375,1675.5999755859375,1713.0999755859375,1709.2843017578125,1615375
2022-01-07,1719.9000244140625,1730.800048828125,1689.5,1699.0999755859375,1695.3153076171875,1295933
2022-01-10,1707.550048828125,1766.0,1699.0999755859375,1752.5999755859375,1748.6962890625,1670551
2022-01-11,1758.0,1850.0,1737.0,1843.9000244140625,1839.7928466796875,5126019
2022-01-12,1873.0,1873.0,1808.300048828125,1830.0999755859375,1826.023681640625,2518912
2022-01-13,1834.0,1863.0,1808.0,1853.3499755859375,1849.221923828125,1881069
2022-01-14,1850.0,1890.449951171875,1831.0999755859375,1870.25,1866.0843505859375,2357616
2022-01-17,1876.0,1901.4000244140625,1855.6500244140625,1877.800048828125,1873.6175537109375,1700525
2022-01-18,1885.0,1908.5,1830.050048828125,1840.949951171875,1836.8494873046875,2294146
2022-01-19,1839.800048828125,1857.0,1811.25,1849.300048828125,1845.18115234375,1544606
2022-01-20,1855.0,1880.3499755859375,1843.699951171875,1865.8499755859375,1861.6939697265625,1252017
2022-01-21,1860.8499755859375,1873.0,1810.75,1828.3499755859375,1824.2777099609375,1929667
2022-01-24,1822.0,1827.449951171875,1696.550048828125,1715.800048828125,1711.978271484375,2381112
2022-01-25,1668.0,1750.550048828125,1668.0,1741.4000244140625,1737.5213623046875,1817963
2022-01-27,1718.0,1725.550048828125,1654.5,1686.0,1682.2445068359375,3549583
2022-01-28,1702.5,1744.0999755859375,1683.949951171875,1693.699951171875,1689.927490234375,1624750
2022-01-31,1708.949951171875,1734.0,1705.0,1714.949951171875,1711.1302490234375,1024738
2022-02-01,1727.949951171875,1765.0999755859375,1699.1500244140625,1746.9000244140625,1743.009033203125,1574361
2022-02-02,1755.0,1786.0,1747.0,1779.3499755859375,1775.38671875,1405276
2022-02-03,1771.949951171875,1787.0,1746.4000244140625,1751.8499755859375,1747.947998046875,588866
2022-02-04,1758.0,1770.0,1733.699951171875,1757.300048828125,1753.3858642578125,855996
2022-02-07,1765.0,1765.5,1722.0999755859375,1731.800048828125,1727.9427490234375,854871
2022-02-08,1739.4000244140625,1747.0,1677.050048828125,1716.0,1712.1778564453125,1480201
2022-02-09,1724.5999755859375,1791.9000244140625,1718.0999755859375,1783.1500244140625,1779.1783447265625,1674022
2022-02-10,1799.0,1809.0,1766.0,1786.0999755859375,1782.12158203125,1747943
2022-02-11,1764.0,1774.9000244140625,1743.3499755859375,1764.300048828125,1760.3704833984375,1196002
2022-02-14,1736.300048828125,1737.9000244140625,1653.0,1663.949951171875,1660.243896484375,1919476
2022-02-15,1636.0,1751.4000244140625,1627.8499755859375,1744.25,1740.3648681640625,2261554
2022-02-16,1744.25,1776.0,1730.0,1738.0999755859375,1734.228759765625,1663614
2022-02-17,1750.0,1762.0,1724.0,1730.949951171875,1727.0946044921875,1075487
2022-02-18,1739.0,1754.5999755859375,1725.0,1736.300048828125,1732.4326171875,945100
2022-02-21,1738.800048828125,1738.800048828125,1671.300048828125,1685.199951171875,1681.4464111328125,1449291
2022-02-22,1636.0999755859375,1678.9000244140625,1630.0,1667.699951171875,1663.9854736328125,1717579
2022-02-23,1682.0,1717.5,1670.0,1688.699951171875,1684.9384765625,1285012
2022-02-24,1626.0,1648.5999755859375,1528.800048828125,1543.949951171875,1540.510986328125,2798065
2022-02-25,1594.0,1638.0999755859375,1578.800048828125,1618.699951171875,1615.0946044921875,1741584
2022-02-28,1603.75,1651.0999755859375,1592.25,1644.449951171875,1640.787109375,1869037
2022-03-02,1638.0,1664.25,1615.5,1641.800048828125,1638.1431884765625,1249817
2022-03-03,1670.0,1678.199951171875,1634.949951171875,1643.800048828125,1640.1387939453125,1333325
2022-03-04,1621.800048828125,1655.5,1601.199951171875,1615.0,1611.4029541015625,1433490
2022-03-07,1590.0,1592.0,1539.300048828125,1564.050048828125,1560.5662841796875,1508821
2022-03-08,1574.9000244140625,1607.4000244140625,1553.4000244140625,1601.5999755859375,1598.03271484375,1396347
2022-03-09,1609.5999755859375,1669.949951171875,1608.0,1656.550048828125,1652.8603515625,1498176
2022-03-10,1682.0,1749.5999755859375,1678.25,1742.8499755859375,1738.9681396484375,2294474
2022-03-11,1750.0,1757.0,1721.199951171875,1734.0999755859375,1730.2374267578125,1354129
2022-03-14,1732.0,1752.449951171875,1722.449951171875,1736.0999755859375,1732.233154296875,659190
2022-03-15,1740.0,1754.199951171875,1686.6500244140625,1701.4000244140625,1697.6103515625,1085901
2022-03-16,1724.0,1764.0,1718.6500244140625,1758.0,1754.0843505859375,1269866
2022-03-17,1775.5999755859375,1823.5999755859375,1760.0,1819.6500244140625,1815.5970458984375,2392329
2022-03-21,1836.050048828125,1841.9000244140625,1796.1500244140625,1802.949951171875,1798.93408203125,1081052
2022-03-22,1802.949951171875,1837.0,1790.0,1831.550048828125,1827.4705810546875,964066
2022-03-23,1848.050048828125,1848.050048828125,1800.8499755859375,1811.0,1806.9661865234375,1553366
2022-03-24,1815.0,1839.550048828125,1800.1500244140625,1832.800048828125,1828.7178955078125,1030145
2022-03-25,1835.550048828125,1878.0,1822.0,1867.0,1862.841552734375,1366115
2022-03-28,1876.9000244140625,1924.4000244140625,1851.050048828125,1909.699951171875,1905.4464111328125,1895438
2022-03-29,1919.25,1930.9000244140625,1885.5,1917.25,1912.9796142578125,1715098
2022-03-30,1927.699951171875,2015.0,1917.300048828125,1995.25,1990.8057861328125,3215951
2022-03-31,2005.0,2042.0,1991.0,2014.75,2010.2625732421875,2786973
2022-04-01,2018.0,2049.0,2013.050048828125,2043.6500244140625,2039.0980224609375,1267111
2022-04-04,2050.0,2075.5,2032.0,2065.85009765625,2061.24853515625,1334265
2022-04-05,2078.0,2189.800048828125,2067.60009765625,2139.85009765625,2135.083740234375,4970260
2022-04-06,2153.75,2182.85009765625,2124.199951171875,2160.0,2155.189208984375,2259018
2022-04-07,2165.949951171875,2214.949951171875,2081.25,2099.050048828125,2094.37451171875,3499044
2022-04-08,2115.0,2176.0,2105.25,2170.949951171875,2166.114501953125,1924054
2022-04-11,2181.85009765625,2200.0,2158.5,2180.199951171875,2175.343505859375,1615715
2022-04-12,2188.0,2219.0,2155.0,2196.949951171875,2192.056640625,2632324
2022-04-13,2210.0,2217.14990234375,2173.449951171875,2199.449951171875,2194.551025390625,992512
2022-04-18,2179.800048828125,2240.0,2156.75,2233.85009765625,2228.874267578125,1747434
2022-04-19,2245.0,2255.0,2140.10009765625,2168.300048828125,2163.470458984375,1639219
2022-04-20,2178.0,2207.949951171875,2161.89990234375,2183.949951171875,2179.08544921875,1119025
2022-04-21,2216.0,2293.550048828125,2203.89990234375,2286.35009765625,2281.2578125,2243636
2022-04-22,2297.0,2306.0,2265.0,2273.300048828125,2268.236572265625,1786042
2022-04-25,2259.949951171875,2295.0,2242.60009765625,2284.199951171875,2279.112060546875,1683622
2022-04-26,2297.0,2413.89990234375,2295.10009765625,2395.300048828125,2389.96484375,3199358
2022-04-27,2404.949951171875,2420.949951171875,2325.0,2334.10009765625,2328.901123046875,2559876
2022-04-28,2359.85009765625,2389.89990234375,2336.300048828125,2378.550048828125,2373.252197265625,1679893
2022-04-29,2389.0,2394.14990234375,2301.5,2332.0,2326.80615234375,1916180
2022-05-02,2325.0,2362.300048828125,2311.0,2339.5,2334.289306640625,1006544
2022-05-04,2358.699951171875,2362.89990234375,2233.050048828125,2253.800048828125,2248.7802734375,1744686
2022-05-05,2270.0,2303.800048828125,2236.0,2255.39990234375,2250.37646484375,1636796
2022-05-06,2210.0,2262.0,2200.0,2247.699951171875,2242.693603515625,1161579
2022-05-09,2229.5,2244.199951171875,2180.0,2197.64990234375,2192.7548828125,1450886
2022-05-10,2190.0,2220.0,2097.5,2109.5,2104.801513671875,1471866
2022-05-11,2109.60009765625,2157.75,2077.0,2119.300048828125,2114.57958984375,1397917
2022-05-12,2103.0,2113.60009765625,2011.050048828125,2045.199951171875,2040.64453125,1553685
2022-05-13,2084.5,2135.0,2035.300048828125,2054.14990234375,2049.574462890625,1547617
2022-05-16,2082.64990234375,2141.949951171875,2057.64990234375,2105.89990234375,2101.20947265625,1742552
2022-05-17,2133.050048828125,2192.25,2119.39990234375,2184.85009765625,2179.98388671875,1061085
2022-05-18,2199.699951171875,2216.89990234375,2172.0,2181.10009765625,2176.241943359375,1296983
2022-05-19,2145.0,2154.75,2097.60009765625,2114.75,2110.039794921875,986930
2022-05-20,2159.0,2232.39990234375,2151.0,2219.550048828125,2214.60595703125,1444803
2022-05-23,2231.75,2245.0,2155.64990234375,2170.64990234375,2165.8154296875,1455450
2022-05-24,2161.0,2178.89990234375,2142.550048828125,2160.199951171875,2155.388427734375,1008943
2022-05-25,2168.0,2181.449951171875,2066.199951171875,2074.14990234375,2069.530029296875,1382448
2022-05-26,2077.0,2088.0,1906.199951171875,2046.4000244140625,2041.8419189453125,4967514
2022-05-27,2080.0,2094.300048828125,2047.699951171875,2080.14990234375,2075.5166015625,1354005
2022-05-30,2120.0,2175.0,2102.0,2165.64990234375,2160.826416015625,1384584
2022-05-31,2160.0,2225.800048828125,2150.39990234375,2167.550048828125,2162.722412109375,2861556
2022-06-01,2169.949951171875,2189.300048828125,2126.0,2150.89990234375,2146.109375,1448212
2022-06-02,2155.0,2218.0,2142.300048828125,2209.39990234375,2204.47900390625,1855167
2022-06-03,2235.0,2242.25,2176.050048828125,2190.0,2185.1220703125,1651685
2022-06-06,2188.5,2230.0,2168.199951171875,2225.050048828125,2220.09423828125,1664487
2022-06-07,2210.0,2254.699951171875,2207.050048828125,2227.550048828125,2222.5888671875,2046676
2022-06-08,2244.949951171875,2244.949951171875,2158.550048828125,2177.199951171875,2172.3505859375,1530739
2022-06-09,2160.300048828125,2224.0,2155.0,2219.199951171875,2214.257080078125,1440385
2022-06-10,2190.0,2215.0,2171.0,2203.10009765625,2198.193115234375,1305761
2022-06-13,2172.5,2172.5,2066.75,2079.75,2075.117919921875,1764172
2022-06-14,2274.0,2274.0,2053.10009765625,2196.449951171875,2191.557373046875,6515102
2022-06-15,2218.39990234375,2219.699951171875,2174.199951171875,2184.60009765625,2179.734130859375,1313510
2022-06-16,2205.0,2217.300048828125,2076.050048828125,2083.0,2078.3603515625,2131789
2022-06-17,2062.0,2137.39990234375,2060.14990234375,2095.800048828125,2091.1318359375,2280135
2022-06-20,2107.300048828125,2123.300048828125,2025.0,2079.85009765625,2075.217529296875,2603594
2022-06-21,2100.0,2177.0,2091.64990234375,2161.800048828125,2156.985107421875,1331500
2022-06-22,2149.949951171875,2149.949951171875,2077.10009765625,2089.199951171875,2084.546630859375,1774137
2022-06-23,2105.0,2128.0,2080.0,2110.35009765625,2105.649658203125,1026783
2022-06-24,2121.0,2168.0,2108.60009765625,2161.449951171875,2156.635498046875,1156536
2022-06-27,2189.0,2211.0,2169.35009765625,2181.60009765625,2176.740966796875,1202504
2022-06-28,2170.0,2210.25,2160.0,2204.60009765625,2199.689697265625,1282047
2022-06-29,2185.0,2247.800048828125,2177.199951171875,2220.10009765625,2215.15478515625,1692493
2022-06-30,2220.0,2248.5,2180.5,2190.89990234375,2186.019775390625,1568415
2022-07-01,2189.89990234375,2242.0,2138.25,2232.199951171875,2227.22802734375,2141743
2022-07-04,2232.199951171875,2277.0,2228.35009765625,2261.85009765625,2256.812255859375,1581159
2022-07-05,2264.0,2290.699951171875,2238.0,2246.449951171875,2241.4462890625,1356776
2022-07-06,2245.0,2277.0,2236.5,2272.85009765625,2267.78759765625,1045463
2022-07-07,2280.0,2294.949951171875,2256.0,2274.300048828125,2269.234375,946131
2022-07-08,2286.0,2303.60009765625,2263.89990234375,2293.050048828125,2287.942626953125,898576
2022-07-11,2293.050048828125,2384.60009765625,2291.050048828125,2373.25,2367.9638671875,1967308
2022-07-12,2364.39990234375,2389.800048828125,2350.14990234375,2365.64990234375,2360.380859375,1273008
2022-07-13,2373.5,2384.64990234375,2333.699951171875,2353.5,2348.257568359375,982185
2022-07-14,2365.0,2404.0,2336.5,2383.10009765625,2378.77197265625,933554
2022-07-15,2414.5,2422.949951171875,2377.0,2405.25,2400.88134765625,1169788
2022-07-18,2424.0,2441.85009765625,2406.050048828125,2423.60009765625,2419.198486328125,937204
2022-07-19,2406.949951171875,2459.300048828125,2405.0,2451.300048828125,2446.84814453125,843301
2022-07-20,2462.0,2472.800048828125,2444.0,2451.10009765625,2446.648193359375,693601
2022-07-21,2453.800048828125,2498.949951171875,2451.25,2495.5,2490.967529296875,1314165
2022-07-22,2505.5,2514.050048828125,2483.10009765625,2499.39990234375,2494.860595703125,833522
2022-07-25,2505.0,2562.14990234375,2500.0,2550.60009765625,2545.967529296875,1220351
2022-07-26,2555.0,2568.60009765625,2533.0,2559.699951171875,2555.051025390625,865142
2022-07-27,2560.0,2572.5,2528.0,2548.699951171875,2544.071044921875,953588
2022-07-28,2559.89990234375,2565.64990234375,2531.60009765625,2550.39990234375,2545.76806640625,759442
2022-07-29,2565.0,2622.0,2560.0,2569.199951171875,2564.53369140625,1107195
2022-08-01,2575.85009765625,2669.39990234375,2569.199951171875,2660.14990234375,2655.318603515625,1267039
2022-08-02,2660.0,2697.0,2640.0,2683.64990234375,2678.77587890625,1096480
2022-08-03,2685.0,2717.0,2671.199951171875,2711.39990234375,2706.4755859375,815831
2022-08-04,2725.0,2743.89990234375,2684.25,2723.60009765625,2718.6533203125,1223799
2022-08-05,2760.0,2767.64990234375,2685.0,2698.39990234375,2693.4990234375,1639981
2022-08-08,2700.0,2807.64990234375,2695.64990234375,2791.89990234375,2786.829345703125,1581696
2022-08-10,2801.75,2834.89990234375,2781.550048828125,2827.199951171875,2822.0654296875,1304663
2022-08-11,2841.0,2848.39990234375,2815.10009765625,2834.050048828125,2828.90283203125,978616
2022-08-12,2840.0,2871.14990234375,2834.050048828125,2864.550048828125,2859.347412109375,843025
2022-08-16,2879.0,2986.0,2871.0,2975.85009765625,2970.4453125,1969492
2022-08-17,2986.0,3028.550048828125,2980.0,3008.64990234375,3003.185546875,1510171
2022-08-18,3005.0,3186.0,3004.0,3153.64990234375,3147.92236328125,3502295
2022-08-19,3178.0,3258.89990234375,3075.25,3130.199951171875,3124.514892578125,6109949
2022-08-22,3134.0,3191.800048828125,3029.199951171875,3051.60009765625,3046.057861328125,3473580
2022-08-23,3032.64990234375,3074.0,2927.39990234375,3030.64990234375,3025.145751953125,4169136
2022-08-24,3038.0,3153.0,2986.0,3134.64990234375,3128.95703125,3475387
2022-08-25,3167.0,3177.800048828125,3055.699951171875,3066.35009765625,3060.78125,3119494
2022-08-26,3080.0,3172.949951171875,3078.0,3139.550048828125,3133.84814453125,2897602
2022-08-29,3055.0,3166.449951171875,3037.85009765625,3142.60009765625,3136.892578125,1924984
2022-08-30,3165.0,3263.10009765625,3161.0,3194.35009765625,3188.548583984375,4392183
2022-09-01,3200.0,3245.0,3184.39990234375,3233.25,3227.377685546875,1880363
2022-09-02,3261.0,3369.39990234375,3225.0,3355.800048828125,3349.705078125,4835905
2022-09-05,3374.10009765625,3431.800048828125,3313.0,3346.550048828125,3340.47216796875,3686950
2022-09-06,3370.0,3447.60009765625,3355.0,3435.800048828125,3429.56005859375,2580772
2022-09-07,3435.800048828125,3487.949951171875,3406.10009765625,3473.75,3467.441162109375,2188110
2022-09-08,3499.0,3501.5,3450.0,3462.800048828125,3456.510986328125,1560414
2022-09-09,3479.0,3507.949951171875,3415.14990234375,3451.199951171875,3444.93212890625,1614634
2022-09-12,3465.0,3495.5,3457.89990234375,3463.800048828125,3457.509033203125,1647756
2022-09-13,3478.0,3568.89990234375,3421.300048828125,3555.800048828125,3549.342041015625,3479669
2022-09-14,3518.0,3608.0,3511.0,3572.10009765625,3565.6123046875,2740337
2022-09-15,3590.0,3767.949951171875,3575.0,3748.699951171875,3741.8916015625,4716688
2022-09-16,3755.0,3866.949951171875,3614.60009765625,3702.199951171875,3695.47607421875,5687429
2022-09-19,3718.949951171875,3801.949951171875,3680.75,3778.64990234375,3771.787109375,3092486
2022-09-20,3819.0,3885.0,3812.0,3834.550048828125,3827.5859375,3338704
2022-09-21,3837.64990234375,3862.800048828125,3571.25,3640.10009765625,3633.4892578125,6089846
2022-09-22,3639.0,3735.949951171875,3608.050048828125,3716.300048828125,3709.55078125,3490772
2022-09-23,3732.0,3737.89990234375,3655.0,3674.300048828125,3667.626953125,3001474
2022-09-26,3646.300048828125,3658.0,3532.0,3586.199951171875,3579.68701171875,3123908
2022-09-27,3596.0,3629.550048828125,3485.85009765625,3559.10009765625,3552.63623046875,3546332
2022-09-28,3528.0,3596.949951171875,3503.0,3548.75,3542.30517578125,2259832
2022-09-29,3583.5,3664.75,3443.60009765625,3470.699951171875,3464.396240234375,15060223
2022-09-30,3447.949951171875,3523.800048828125,3371.10009765625,3455.75,3449.4736328125,4307707
2022-10-03,3440.0,3460.050048828125,3110.199951171875,3157.300048828125,3151.56591796875,7578847
2022-10-04,3230.0,3291.199951171875,3125.0,3237.699951171875,3231.819580078125,5642467
2022-10-06,3270.0,3318.800048828125,3208.050048828125,3285.0,3279.033935546875,2845165
2022-10-07,3280.0,3310.949951171875,3228.14990234375,3277.60009765625,3271.647216796875,1930275
2022-10-10,3234.0,3278.75,3214.35009765625,3246.25,3240.354248046875,1590792
2022-10-11,3257.550048828125,3338.0,3249.0,3273.949951171875,3268.003662109375,2544394
2022-10-12,3297.0,3297.0,3145.0,3223.64990234375,3217.795166015625,2972601
2022-10-13,3218.0,3262.800048828125,3189.0,3233.64990234375,3227.777099609375,1840193
2022-10-14,3272.0,3305.0,3194.85009765625,3209.5,3203.6708984375,1344415
2022-10-17,3211.0,3235.0,3136.10009765625,3212.60009765625,3206.765380859375,1985298
2022-10-18,3249.0,3298.0,3226.10009765625,3284.300048828125,3278.335205078125,1635079
2022-10-19,3300.0,3310.0,3259.64990234375,3277.25,3271.298095703125,1396513
2022-10-20,3260.0,3365.0,3245.0,3357.10009765625,3351.003173828125,2211287
2022-10-21,3374.89990234375,3382.0,3287.0,3311.89990234375,3305.884765625,1120790
2022-10-24,3325.0,3340.10009765625,3287.39990234375,3309.800048828125,3303.788818359375,248249
2022-10-25,3321.949951171875,3345.0,3294.0,3300.5,3294.505615234375,879424
2022-10-27,3319.85009765625,3355.0,3297.0,3325.0,3318.961181640625,1106870
2022-10-28,3322.0,3387.949951171875,3297.64990234375,3323.300048828125,3317.264404296875,1323334
2022-10-31,3339.949951171875,3360.0,3326.10009765625,3347.449951171875,3341.37060546875,575722
2022-11-01,3361.89990234375,3607.449951171875,3352.0,3575.699951171875,3569.205810546875,4393335
2022-11-02,3580.0,3625.14990234375,3526.0,3580.699951171875,3574.19677734375,2534755
2022-11-03,3550.0,3614.699951171875,3542.449951171875,3590.39990234375,3583.879150390625,1275216
2022-11-04,3642.0,3849.800048828125,3566.75,3833.25,3826.288330078125,6112097
2022-11-07,3852.449951171875,4013.699951171875,3820.0,3960.60009765625,3953.406982421875,5985652
2022-11-09,3977.0,4048.0,3943.050048828125,3997.199951171875,3989.9404296875,3732472
2022-11-10,3995.0,4030.0,3962.14990234375,3992.25,3984.99951171875,2313795
2022-11-11,4040.0,4048.949951171875,3975.14990234375,4008.85009765625,4001.569580078125,1476875
2022-11-14,3999.0,4078.0,3990.0,4022.550048828125,4015.24462890625,1803092
2022-11-15,4025.050048828125,4065.0,4022.0,4057.800048828125,4050.4306640625,1065546
2022-11-16,4057.300048828125,4096.0,3863.550048828125,3956.60009765625,3949.4140625,3059841
2022-11-17,3970.0,4033.0,3900.0,4018.14990234375,4010.852294921875,2266112
2022-11-18,4028.35009765625,4043.0,3984.0,4019.800048828125,4012.49951171875,1440776
2022-11-21,4019.949951171875,4019.949951171875,3921.949951171875,4001.85009765625,3994.58203125,1492003
2022-11-22,4001.85009765625,4056.0,3988.0,4034.0,4026.673828125,1705043
2022-11-23,4050.0,4061.85009765625,3873.0,3903.300048828125,3896.211181640625,2861156
2022-11-24,3910.0,3935.0,3821.0,3921.10009765625,3913.978759765625,2797181
2022-11-25,3929.0,3949.89990234375,3845.300048828125,3901.10009765625,3894.01513671875,2506346
2022-11-28,3899.39990234375,3925.0,3871.39990234375,3886.14990234375,3879.092041015625,1119166
2022-11-29,3885.0,3915.0,3864.050048828125,3878.39990234375,3871.35595703125,1513444
2022-11-30,3897.800048828125,3939.89990234375,3867.0,3917.89990234375,3910.7841796875,1968428
2022-12-01,3937.5,3944.949951171875,3902.449951171875,3915.10009765625,3907.98974609375,945838
2022-12-02,3905.0,3963.800048828125,3885.0,3922.5,3915.3759765625,1297832
2022-12-05,3928.89990234375,3939.0,3810.050048828125,3930.39990234375,3923.261474609375,2392866
2022-12-06,3920.0,4057.0,3909.0,4031.800048828125,4024.4775390625,2962621
2022-12-07,4031.0,4057.89990234375,3984.550048828125,3999.300048828125,3992.03662109375,1257261
2022-12-08,4010.0,4045.0,4003.35009765625,4025.0,4017.68994140625,895075
2022-12-09,4044.0,4094.0,3941.5,3996.800048828125,3989.541259765625,2129800
2022-12-12,3997.0,4031.89990234375,3968.75,4016.699951171875,4009.40478515625,802499
2022-12-13,4027.800048828125,4072.0,4011.60009765625,4060.199951171875,4052.826171875,1215308
2022-12-14,4076.0,4092.050048828125,4040.0,4055.800048828125,4048.434326171875,1114492
2022-12-15,4055.800048828125,4073.050048828125,4025.0,4043.75,4036.406005859375,866138
2022-12-16,4018.89990234375,4047.89990234375,3944.050048828125,3980.800048828125,3973.5703125,1598960
2022-12-19,3988.0,4104.0,3971.449951171875,4075.300048828125,4067.898681640625,1643404
2022-12-20,4095.0,4172.0,4066.39990234375,4165.2998046875,4157.73486328125,3778426
2022-12-21,4175.0,4190.0,3883.25,3901.949951171875,3894.863525390625,3585883
2022-12-22,3948.0,3948.0,3817.050048828125,3868.550048828125,3861.524169921875,2879658
2022-12-23,3822.0,3848.0,3616.800048828125,3642.199951171875,3635.585205078125,3036157
2022-12-26,3653.0,3744.89990234375,3620.0,3716.75,3710.0,2162662
2022-12-27,3732.449951171875,3797.89990234375,3695.050048828125,3769.64990234375,3762.803466796875,1804911
2022-12-28,3756.050048828125,3825.0,3745.0,3797.699951171875,3790.802490234375,1377950
2022-12-29,3790.0,3825.0,3748.10009765625,3810.60009765625,3803.679443359375,1531692
2022-12-30,3829.699951171875,3898.0,3822.050048828125,3858.35009765625,3851.342529296875,1528747
2023-01-02,3870.0,3874.0,3822.550048828125,3841.199951171875,3834.2236328125,923051
2023-01-03,3841.89990234375,3852.85009765625,3791.0,3830.949951171875,3823.9921875,799905
2023-01-04,3839.0,3874.949951171875,3803.60009765625,3827.050048828125,3820.099609375,1028377
2023-01-05,3827.050048828125,3842.39990234375,3756.89990234375,3829.800048828125,3822.844482421875,997006
2023-01-06,3829.0,3868.25,3797.050048828125,3824.25,3817.3046875,912159
2023-01-09,3843.0,3880.0,3811.25,3855.300048828125,3848.298095703125,753981
2023-01-10,3859.0,3862.050048828125,3555.0,3646.89990234375,3640.2763671875,3595798
2023-01-11,3660.0,3664.5,3560.10009765625,3635.800048828125,3629.19677734375,2226506
2023-01-12,3642.5,3679.0,3612.0,3647.199951171875,3640.576171875,1199785
2023-01-13,3651.199951171875,3736.050048828125,3642.199951171875,3721.14990234375,3714.391845703125,1364712
2023-01-16,3720.0,3739.949951171875,3600.0,3619.800048828125,3613.225830078125,1863848
2023-01-17,3620.0,3649.60009765625,3560.199951171875,3639.35009765625,3632.740478515625,1668381
2023-01-18,3648.0,3648.0,3527.10009765625,3596.699951171875,3590.167724609375,3652240
2023-01-19,3470.0,3537.699951171875,3426.699951171875,3463.550048828125,3457.259765625,3696319
2023-01-20,3450.0,3477.35009765625,3440.949951171875,3456.14990234375,3449.873046875,1510258
2023-01-23,3443.050048828125,3460.0,3412.550048828125,3436.35009765625,3430.109130859375,974857
2023-01-24,3447.449951171875,3508.0,3430.0,3442.0,3435.74853515625,1518123
2023-01-25,3422.0,3428.0,3315.0,3388.949951171875,3382.795166015625,3686439
2023-01-27,3335.0,3346.5,2712.0,2761.449951171875,2756.434814453125,14764368
2023-01-30,2850.0,3037.550048828125,2665.0,2892.85009765625,2887.596435546875,20947906
2023-01-31,2980.0,3073.60009765625,2906.0,2973.89990234375,2968.498779296875,11568020
2023-02-01,2995.0,3010.75,1941.199951171875,2135.35009765625,2131.4716796875,13525314
2023-02-02,2348.85009765625,2348.85009765625,1494.75,1565.25,1562.4073486328125,34474080
2023-02-03,1490.0,1679.9000244140625,1017.4500122070312,1586.800048828125,1583.9180908203125,43885579
2023-02-06,1575.0,1615.0,1435.199951171875,1572.699951171875,1569.8436279296875,19308603
2023-02-07,1571.0,1962.699951171875,1525.5999755859375,1802.949951171875,1799.6754150390625,19188072
2023-02-08,1869.8499755859375,2222.14990234375,1840.8499755859375,2164.25,2160.319580078125,19173006
2023-02-09,2168.0,2168.0,1731.4000244140625,1925.699951171875,1922.2025146484375,18279862
2023-02-10,1769.0,1990.0,1733.1500244140625,1846.949951171875,1843.595458984375,11334878
2023-02-13,1850.0,1921.699951171875,1662.25,1717.6500244140625,1714.530517578125,12210940
2023-02-14,1735.0,1889.0,1611.3499755859375,1749.699951171875,1746.5223388671875,14579030
2023-02-15,1780.0,1824.4000244140625,1750.0,1779.0999755859375,1775.8687744140625,7636578
2023-02-16,1820.0,1874.949951171875,1790.0,1796.5999755859375,1793.3370361328125,5578515
2023-02-17,1800.0,1815.8499755859375,1703.199951171875,1722.699951171875,1719.5712890625,5392513
2023-02-20,1650.0,1685.0,1560.5,1621.449951171875,1618.505126953125,6762330
2023-02-21,1626.0,1644.449951171875,1561.300048828125,1571.0999755859375,1568.2467041015625,5571915
2023-02-22,1535.0,1560.0,1381.199951171875,1404.8499755859375,1402.2987060546875,10606476
2023-02-23,1380.0,1438.0,1350.0,1382.6500244140625,1380.1390380859375,8907540
2023-02-24,1410.0,1427.0,1261.5999755859375,1315.6500244140625,1313.2606201171875,8736727
2023-02-27,1300.0,1313.800048828125,1131.050048828125,1193.5,1191.3323974609375,10271008
2023-02-28,1145.0,1398.0,1103.75,1363.8499755859375,1361.373046875,33948366
2023-03-01,1424.0,1580.0,1411.0,1564.300048828125,1561.4591064453125,20114340
2023-03-02,1499.9000244140625,1646.0,1407.9000244140625,1607.25,1604.3309326171875,26970925
2023-03-03,1688.8499755859375,1905.949951171875,1685.5,1879.5,1876.08642578125,22888891
2023-03-06,1966.699951171875,2135.0,1855.0,1982.9000244140625,1979.2987060546875,27180456
2023-03-08,2040.0,2088.0,1941.0,2039.6500244140625,2035.9456787109375,13568243
2023-03-09,2049.800048828125,2068.85009765625,1905.3499755859375,1953.1500244140625,1949.602783203125,12627794
2023-03-10,1870.0,1940.0,1820.5999755859375,1896.199951171875,1892.756103515625,9419942
2023-03-13,1917.0,1985.0,1857.4000244140625,1874.4000244140625,1870.995849609375,7572604
2023-03-14,1874.0,1874.8499755859375,1651.3499755859375,1738.199951171875,1735.0430908203125,12679663
2023-03-15,1760.9000244140625,1891.449951171875,1728.0999755859375,1839.0,1835.6600341796875,12296703
2023-03-16,1861.0,1875.0,1795.0,1843.800048828125,1840.4515380859375,6509495
2023-03-17,1901.0,1918.8499755859375,1845.0,1876.550048828125,1873.1419677734375,5969594
2023-03-20,1837.0,1849.949951171875,1777.4000244140625,1804.949951171875,1801.6719970703125,5168139
2023-03-21,1836.949951171875,1861.0,1804.949951171875,1824.25,1820.936767578125,4094018
2023-03-22,1834.0,1850.0,1806.1500244140625,1815.4000244140625,1812.1029052734375,3248124
2023-03-23,1794.0,1834.0,1780.0,1794.0,1790.7418212890625,4108804
2023-03-24,1796.0,1823.0,1695.25,1740.6500244140625,1737.4886474609375,6187968
2023-03-27,1740.6500244140625,1757.4000244140625,1682.0,1723.050048828125,1719.920654296875,5053055
2023-03-28,1727.949951171875,1733.0,1573.0,1600.8499755859375,1597.942626953125,8144878
2023-03-29,1602.949951171875,1756.0,1591.0999755859375,1740.4000244140625,1737.2391357421875,9332702
2023-03-31,1788.0,1825.0,1740.0,1750.449951171875,1747.2708740234375,4893249
2023-04-03,1750.449951171875,1754.949951171875,1695.5,1717.449951171875,1714.330810546875,3445796
2023-04-05,1717.449951171875,1737.949951171875,1671.550048828125,1698.0,1694.916259765625,3690559
2023-04-06,1705.0,1793.6500244140625,1688.1500244140625,1754.050048828125,1750.8643798828125,6012473
2023-04-10,1774.0,1812.699951171875,1760.5999755859375,1797.25,1793.98583984375,4197975
2023-04-11,1810.0,1829.0,1792.8499755859375,1803.1500244140625,1799.875244140625,2883672
2023-04-12,1814.0,1858.75,1797.050048828125,1847.25,1843.8951416015625,4809035
2023-04-13,1855.0,1885.0,1826.050048828125,1870.75,1867.352294921875,3402280
2023-04-17,1870.75,1904.9000244140625,1847.0,1878.75,1875.337890625,2983032
2023-04-18,1892.0,1902.75,1830.0,1850.949951171875,1847.58837890625,2542401
2023-04-19,1847.0,1877.699951171875,1835.0,1853.8499755859375,1850.4830322265625,2455884
2023-04-20,1855.0,1878.9000244140625,1836.8499755859375,1842.9000244140625,1839.552978515625,2016823
2023-04-21,1846.0,1853.25,1796.050048828125,1803.0,1799.725341796875,2090833
2023-04-24,1804.0,1817.4000244140625,1775.800048828125,1801.949951171875,1798.67724609375,1963582
2023-04-25,1806.0,1913.75,1801.800048828125,1844.5999755859375,1841.2498779296875,5364841
2023-04-26,1854.0,1874.0,1826.4000244140625,1847.9000244140625,1844.5438232421875,2422711
2023-04-27,1848.0,1864.949951171875,1832.550048828125,1853.050048828125,1849.6845703125,1782360
2023-04-28,1868.050048828125,1944.0,1857.1500244140625,1924.949951171875,1921.453857421875,6159130
2023-05-02,1935.0,1966.0,1908.0,1919.8499755859375,1916.3631591796875,3813963
2023-05-03,1919.0,1940.0,1785.3499755859375,1839.0,1835.6600341796875,5849432
2023-05-04,1839.050048828125,1935.0,1839.050048828125,1911.25,1907.77880859375,4842127
2023-05-05,1954.800048828125,1955.0,1903.1500244140625,1920.300048828125,1916.8123779296875,6137744
2023-05-08,1920.300048828125,1926.9000244140625,1876.0,1887.5,1884.0718994140625,2835197
2023-05-09,1900.0,1930.0,1889.0999755859375,1896.0999755859375,1892.6563720703125,2700563
2023-05-10,1899.0,1914.9000244140625,1883.949951171875,1892.1500244140625,1888.713623046875,1970906
2023-05-11,1925.0,2013.75,1910.0,1984.6500244140625,1981.0455322265625,8835941
2023-05-12,2009.0,2010.0,1946.550048828125,1964.699951171875,1961.1317138671875,3816201
2023-05-15,1959.9000244140625,1964.699951171875,1880.0,1916.050048828125,1912.5701904296875,4836782
2023-05-16,1927.0,1935.0,1881.0,1889.1500244140625,1885.7191162109375,3058799
2023-05-17,1900.0,1919.949951171875,1857.75,1899.5,1896.0501708984375,3632797
2023-05-18,1910.050048828125,1924.0,1877.199951171875,1890.0,1886.5673828125,2437396
2023-05-19,1888.0,1983.0,1872.0999755859375,1956.050048828125,1952.49755859375,7541150
2023-05-22,2010.0,2347.0,1983.4000244140625,2326.10009765625,2321.87548828125,26311368
2023-05-23,2410.89990234375,2759.449951171875,2400.0,2633.699951171875,2628.916748046875,28432888
2023-05-24,2709.0,2750.0,2425.35009765625,2475.60009765625,2471.10400390625,23465761
2023-05-25,2440.0,2558.800048828125,2386.64990234375,2537.449951171875,2532.84130859375,8434009
2023-05-26,2565.0,2599.949951171875,2535.14990234375,2544.35009765625,2539.729248046875,3963515
2023-05-29,2570.0,2583.5,2523.0,2534.050048828125,2529.44775390625,2779432
2023-05-30,2529.300048828125,2554.14990234375,2475.14990234375,2496.449951171875,2491.916015625,1736953
2023-05-31,2482.0,2573.0,2428.0,2493.35009765625,2488.82177734375,4268439
2023-06-01,2499.89990234375,2560.0,2485.300048828125,2492.14990234375,2487.62353515625,1704946
2023-06-02,2535.0,2538.89990234375,2425.0,2445.050048828125,2440.609375,5543791
2023-06-05,2463.199951171875,2514.0,2428.0,2433.949951171875,2429.529296875,2956768
2023-06-06,2475.0,2506.949951171875,2425.89990234375,2433.64990234375,2429.22998046875,6473608
2023-06-07,2453.0,2466.949951171875,2435.0,2439.550048828125,2435.119384765625,2522516
2023-06-08,2450.0,2475.89990234375,2369.050048828125,2429.14990234375,2424.738037109375,3781621
2023-06-09,2447.949951171875,2458.89990234375,2428.0,2451.14990234375,2446.697998046875,1948506
2023-06-12,2460.0,2505.0,2432.60009765625,2484.800048828125,2480.287353515625,2804898
2023-06-13,2499.0,2505.0,2442.199951171875,2462.550048828125,2458.07763671875,2210990
2023-06-14,2469.89990234375,2484.800048828125,2452.35009765625,2457.14990234375,2452.687255859375,1364403
2023-06-15,2469.0,2527.0,2462.89990234375,2485.64990234375,2481.135498046875,3744029
2023-06-16,2499.199951171875,2526.89990234375,2487.39990234375,2509.60009765625,2505.042236328125,7999982
2023-06-19,2504.0,2521.60009765625,2350.0,2401.39990234375,2397.03857421875,11475674
2023-06-20,2435.0,2435.0,2390.0,2414.800048828125,2410.414306640625,2479711
2023-06-21,2426.699951171875,2440.0,2393.10009765625,2405.949951171875,2401.580322265625,7418013
2023-06-22,2425.10009765625,2449.949951171875,2360.0,2397.25,2392.896240234375,8459191
2023-06-23,2392.300048828125,2392.300048828125,2163.300048828125,2233.550048828125,2229.49365234375,15213238
2023-06-26,2210.050048828125,2336.449951171875,2173.050048828125,2295.60009765625,2291.43115234375,7847341
2023-06-27,2328.949951171875,2343.85009765625,2271.0,2284.449951171875,2280.30126953125,3361053
2023-06-28,2300.0,2418.60009765625,2293.85009765625,2402.0,2397.6376953125,28353193
2023-06-30,2437.949951171875,2437.949951171875,2350.0,2388.050048828125,2383.712890625,5125497
2023-07-03,2405.0,2417.85009765625,2373.199951171875,2385.5,2381.167724609375,2662358
2023-07-04,2397.0,2414.0,2373.050048828125,2387.699951171875,2383.36328125,2308684
2023-07-05,2391.0,2412.050048828125,2374.0,2399.14990234375,2394.79248046875,2198481
2023-07-06,2399.14990234375,2427.60009765625,2390.0,2402.89990234375,2398.53564453125,2476366
2023-07-07,2395.0,2409.949951171875,2368.10009765625,2379.60009765625,2376.42919921875,1823645
2023-07-10,2392.800048828125,2462.699951171875,2355.0,2410.25,2407.0380859375,3771285
2023-07-11,2423.75,2444.949951171875,2388.0,2422.89990234375,2419.671142578125,2247776
2023-07-12,2429.89990234375,2432.0,2380.449951171875,2387.89990234375,2384.7177734375,1445282
2023-07-13,2397.0,2405.699951171875,2355.550048828125,2362.050048828125,2358.90234375,1247741
2023-07-14,2375.0,2385.0,2340.0,2376.10009765625,2372.93359375,1353535
2023-07-17,2399.89990234375,2459.5,2391.300048828125,2408.550048828125,2405.34033203125,3090373
2023-07-18,2415.0,2510.0,2405.199951171875,2416.89990234375,2413.67919921875,5978272
2023-07-19,2428.64990234375,2443.0,2416.89990234375,2423.75,2420.52001953125,1637260
2023-07-20,2428.949951171875,2433.89990234375,2400.0,2419.75,2416.525146484375,1564275
2023-07-21,2410.0,2457.85009765625,2395.300048828125,2416.300048828125,2413.080078125,2280563
2023-07-24,2430.0,2439.39990234375,2412.050048828125,2418.199951171875,2414.977294921875,1113193
2023-07-25,2428.0,2479.0,2416.0,2466.64990234375,2463.36279296875,3017555
2023-07-26,2472.449951171875,2506.0,2446.0,2470.75,2467.45751953125,4021773
2023-07-27,2470.75,2485.0,2415.0,2428.39990234375,2425.16357421875,2243944
2023-07-28,2437.0,2481.64990234375,2431.10009765625,2463.199951171875,2459.91748046875,2339800
2023-07-31,2477.0,2518.0,2467.0,2492.199951171875,2488.878662109375,3359974
2023-08-01,2504.85009765625,2514.0,2455.25,2481.10009765625,2477.793701171875,1575727
2023-08-02,2493.0,2514.0,2451.0,2473.550048828125,2470.253662109375,2506971
2023-08-03,2469.89990234375,2550.0,2462.0,2532.60009765625,2529.22509765625,4720470
2023-08-04,2545.300048828125,2557.89990234375,2502.0,2541.800048828125,2538.41259765625,3294056
2023-08-07,2550.949951171875,2569.0,2516.39990234375,2550.5,2547.10107421875,4684333
2023-08-08,2563.25,2563.25,2461.300048828125,2474.550048828125,2471.25244140625,6127920
2023-08-09,2488.35009765625,2516.89990234375,2472.0,2507.10009765625,2503.75927734375,5781400
2023-08-10,2510.0,2577.5,2510.0,2552.39990234375,2548.99853515625,8140756
2023-08-11,2550.050048828125,2568.14990234375,2518.199951171875,2539.5,2536.11572265625,7157372
2023-08-14,2480.0,2484.949951171875,2400.050048828125,2456.0,2452.726806640625,9786919
2023-08-16,2450.0,2465.0,2420.0,2445.10009765625,2441.841796875,7084828
2023-08-17,2454.949951171875,2487.199951171875,2442.050048828125,2479.699951171875,2476.395263671875,7769452
2023-08-18,2477.5,2665.949951171875,2461.300048828125,2577.39990234375,2573.965087890625,14679923
2023-08-21,2588.0,2655.0,2580.5,2639.75,2636.232177734375,10479200
2023-08-22,2668.85009765625,2721.0,2654.10009765625,2698.050048828125,2694.454345703125,10291468
2023-08-23,2720.0,2722.39990234375,2488.85009765625,2530.300048828125,2526.927978515625,5251316
2023-08-24,2580.0,2613.0,2531.10009765625,2539.550048828125,2536.165771484375,4558367
2023-08-25,2549.0,2549.0,2486.0,2495.75,2492.424072265625,2808721
2023-08-28,2550.0,2582.0,2455.64990234375,2472.449951171875,2469.155029296875,4457038
2023-08-29,2472.10009765625,2536.64990234375,2445.0,2506.449951171875,2503.10986328125,4802150
2023-08-30,2517.0,2543.0,2492.39990234375,2513.10009765625,2509.751220703125,6484593
2023-08-31,2449.949951171875,2489.949951171875,2383.75,2419.25,2416.02587890625,6230369
2023-09-01,2381.0,2465.550048828125,2380.0,2450.050048828125,2446.78515625,6764397
2023-09-04,2454.0,2480.0,2450.050048828125,2470.60009765625,2467.3076171875,5998454
2023-09-05,2482.0,2501.39990234375,2464.0,2494.050048828125,2490.726318359375,6489319
2023-09-06,2494.050048828125,2504.0,2471.0,2496.5,2493.173095703125,7416248
2023-09-07,2498.0,2520.0,2485.0,2509.5,2506.15576171875,4298988
2023-09-08,2513.800048828125,2538.60009765625,2506.10009765625,2519.300048828125,2515.942626953125,5640973
2023-09-11,2565.0,2630.25,2546.0,2614.949951171875,2611.465087890625,9148241
2023-09-12,2622.449951171875,2626.60009765625,2530.0,2535.699951171875,2532.32080078125,5658774
2023-09-13,2545.699951171875,2566.949951171875,2496.0,2518.89990234375,2515.543212890625,1780068
2023-09-14,2541.85009765625,2545.0,2506.050048828125,2519.800048828125,2516.44189453125,1218481
2023-09-15,2519.800048828125,2558.0,2514.199951171875,2540.050048828125,2536.6650390625,1547001
2023-09-18,2552.0,2555.0,2491.0,2502.449951171875,2499.114990234375,861677
2023-09-20,2502.39990234375,2533.64990234375,2458.89990234375,2470.300048828125,2467.0078125,1203019
2023-09-21,2479.800048828125,2503.800048828125,2461.0,2479.25,2475.946044921875,1279908
2023-09-22,2489.949951171875,2498.0,2460.0,2464.89990234375,2461.614990234375,865589
2023-09-25,2479.949951171875,2489.0,2424.0,2482.10009765625,2478.792236328125,1216898
2023-09-26,2491.0,2499.0,2452.60009765625,2457.949951171875,2454.67431640625,698863
2023-09-27,2460.0,2498.0,2445.10009765625,2483.300048828125,2479.99072265625,1077373
2023-09-28,2489.949951171875,2511.0,2446.699951171875,2475.25,2471.951416015625,2225560
2023-09-29,2462.050048828125,2479.550048828125,2405.050048828125,2413.89990234375,2410.68310546875,1689201
2023-10-03,2418.0,2424.89990234375,2372.0,2387.25,2384.068603515625,2019899
2023-10-04,2402.199951171875,2502.75,2392.25,2464.949951171875,2461.6650390625,2857377
2023-10-05,2477.949951171875,2486.5,2446.39990234375,2466.35009765625,2463.063232421875,1132455
2023-10-06,2466.35009765625,2514.949951171875,2466.050048828125,2478.10009765625,2474.7978515625,1510035
2023-10-09,2440.0,2459.699951171875,2411.300048828125,2442.60009765625,2439.34521484375,1408224
2023-10-10,2443.0,2517.949951171875,2443.0,2498.300048828125,2494.970947265625,1771910
2023-10-11,2533.89990234375,2538.0,2482.5,2488.60009765625,2485.283447265625,1627836
2023-10-12,2499.89990234375,2521.75,2490.64990234375,2506.35009765625,2503.010009765625,1804818
2023-10-13,2488.89990234375,2495.0,2422.35009765625,2454.550048828125,2451.279052734375,2278682
2023-10-16,2454.550048828125,2464.699951171875,2421.85009765625,2429.35009765625,2426.11279296875,803856
2023-10-17,2459.949951171875,2462.0,2423.5,2428.39990234375,2425.16357421875,707543
2023-10-18,2440.0,2441.75,2401.050048828125,2406.35009765625,2403.143310546875,776977
2023-10-19,2400.0,2414.699951171875,2382.550048828125,2402.199951171875,2398.998779296875,1168822
2023-10-20,2398.050048828125,2443.949951171875,2382.050048828125,2393.75,2390.56005859375,1240350
2023-10-23,2397.800048828125,2412.35009765625,2301.800048828125,2308.64990234375,2305.573486328125,1483549
2023-10-25,2320.0,2348.050048828125,2235.300048828125,2257.0,2253.9921875,1540819
2023-10-26,2249.0,2249.0,2167.050048828125,2203.199951171875,2200.263916015625,2226073
2023-10-27,2222.0,2275.0,2212.0,2261.699951171875,2258.685791015625,1244293
2023-10-30,2260.050048828125,2305.0,2250.0,2299.10009765625,2296.0361328125,996448
2023-10-31,2320.0,2320.0,2276.0,2294.64990234375,2291.591796875,1155280
2023-11-01,2299.0,2312.25,2207.0,2217.300048828125,2214.34521484375,1666579
2023-11-02,2247.0,2297.949951171875,2204.199951171875,2215.300048828125,2212.34765625,2340997
2023-11-03,2215.300048828125,2279.0,2215.0,2229.85009765625,2226.87841796875,1853300
2023-11-06,2253.949951171875,2260.0,2233.0,2246.0,2243.0068359375,770061
2023-11-07,2257.0,2260.0,2226.64990234375,2233.35009765625,2230.373779296875,641554
2023-11-08,2245.300048828125,2298.0,2235.0,2259.949951171875,2256.938232421875,1169180
2023-11-09,2269.0,2272.60009765625,2210.10009765625,2214.64990234375,2211.698486328125,1267890
2023-11-10,2220.25,2237.0,2198.5,2205.10009765625,2202.16162109375,1072597
2023-11-13,2215.5,2241.89990234375,2195.550048828125,2213.64990234375,2210.69970703125,853633
2023-11-15,2240.0,2250.0,2220.5,2225.39990234375,2222.43408203125,696475
2023-11-16,2226.0,2232.800048828125,2196.10009765625,2205.89990234375,2202.960205078125,1307584
2023-11-17,2205.89990234375,2237.949951171875,2201.0,2208.800048828125,2205.8564453125,916518
2023-11-20,2211.0,2218.5,2142.0,2149.85009765625,2146.985107421875,1577213
2023-11-21,2160.0,2232.550048828125,2158.35009765625,2196.64990234375,2193.722412109375,1839502
2023-11-22,2205.14990234375,2225.0,2153.5,2172.64990234375,2169.754638671875,1247205
2023-11-23,2190.0,2190.0,2160.60009765625,2175.25,2172.351318359375,729114
2023-11-24,2179.0,2251.949951171875,2160.89990234375,2225.449951171875,2222.484130859375,1946259
2023-11-28,2301.0,2512.39990234375,2275.0,2423.5,2420.270263671875,11972275
2023-11-29,2468.699951171875,2477.64990234375,2390.0,2396.60009765625,2393.40625,4561574
2023-11-30,2400.050048828125,2409.0,2343.050048828125,2358.550048828125,2355.40673828125,2983879
2023-12-01,2370.0,2403.35009765625,2354.10009765625,2362.699951171875,2359.551513671875,1792983
2023-12-04,2549.949951171875,2595.0,2487.449951171875,2531.199951171875,2527.826904296875,5681516
2023-12-05,2531.199951171875,2999.89990234375,2531.199951171875,2959.35009765625,2955.406494140625,22879079
2023-12-06,3080.0,3154.550048828125,2844.85009765625,2883.949951171875,2880.106689453125,19355777
2023-12-07,2900.0,2945.89990234375,2853.050048828125,2887.14990234375,2883.30224609375,6325887
2023-12-08,2902.699951171875,2927.0,2760.0,2822.14990234375,2818.388671875,6959428
2023-12-11,2837.050048828125,2919.89990234375,2811.050048828125,2855.800048828125,2851.994384765625,5064123
2023-12-12,2869.10009765625,2895.949951171875,2840.550048828125,2857.64990234375,2853.841796875,2017772
2023-12-13,2860.0,2899.10009765625,2805.0,2875.050048828125,2871.21875,2805832
2023-12-14,2900.949951171875,2932.949951171875,2887.0,2894.050048828125,2890.193115234375,3224681
2023-12-15,2912.050048828125,3000.0,2893.89990234375,2991.800048828125,2987.81298828125,4921484
2023-12-18,2993.949951171875,3027.75,2961.10009765625,2980.60009765625,2976.628173828125,2315922
2023-12-19,2988.800048828125,2994.35009765625,2915.0,2941.25,2937.33056640625,1741493
2023-12-20,2946.0,2968.0,2766.199951171875,2783.85009765625,2780.14013671875,3417739
2023-12-21,2750.0,2821.949951171875,2725.0,2799.75,2796.018798828125,2678577
2023-12-22,2815.949951171875,2847.60009765625,2791.39990234375,2808.35009765625,2804.607666015625,1513956
2023-12-26,2817.0,2893.75,2800.10009765625,2865.449951171875,2861.631103515625,2048484
2023-12-27,2880.699951171875,2894.800048828125,2833.60009765625,2843.35009765625,2839.56103515625,1698325
2023-12-28,2855.0,2867.35009765625,2800.10009765625,2809.89990234375,2806.1552734375,4102912
2023-12-29,2823.89990234375,2863.300048828125,2802.85009765625,2848.949951171875,2845.1533203125,1507086
2024-01-01,2852.300048828125,2947.0,2842.050048828125,2917.199951171875,2913.312255859375,2898619
2024-01-02,2922.0,2948.199951171875,2841.0,2932.39990234375,2928.4921875,2671368
2024-01-03,3047.0,3199.0,2955.60009765625,3003.0,2998.998046875,19725411
2024-01-04,3039.39990234375,3044.449951171875,2990.0,2998.300048828125,2994.304443359375,2975620
2024-01-05,3009.949951171875,3066.89990234375,2981.10009765625,3006.60009765625,3002.59326171875,3219949
2024-01-08,3020.0,3027.0,2952.949951171875,2963.5,2959.550537109375,1849061
2024-01-09,2990.699951171875,3068.800048828125,2980.0,3014.60009765625,3010.582763671875,2885706
2024-01-10,3024.0,3112.0,3020.050048828125,3098.199951171875,3094.0712890625,3590297
2024-01-11,3120.0,3129.0,3065.0,3080.89990234375,3076.7939453125,2008103
2024-01-12,3096.35009765625,3125.0,3068.199951171875,3104.10009765625,3099.96337890625,1795933
2024-01-15,3127.0,3130.0,3067.449951171875,3089.5,3085.3828125,1407007
2024-01-16,3095.0,3104.5,3035.0,3056.5,3052.4267578125,2515564
2024-01-17,3033.0,3045.0,2946.300048828125,2971.050048828125,2967.090576171875,2897218
2024-01-18,2975.550048828125,2985.0,2885.10009765625,2918.89990234375,2915.010009765625,2552342
2024-01-19,2945.35009765625,2949.449951171875,2903.050048828125,2915.64990234375,2911.764404296875,2014096
2024-01-23,3014.949951171875,3014.949951171875,2885.5,2896.550048828125,2892.689697265625,1827002
2024-01-24,2901.0,2929.10009765625,2871.25,2903.449951171875,2899.58056640625,5807940
2024-01-25,2903.449951171875,2926.35009765625,2804.39990234375,2893.60009765625,2889.743896484375,2601969
2024-01-29,2929.0,3092.699951171875,2923.050048828125,3064.64990234375,3060.565673828125,4402976
2024-01-30,3081.0,3129.89990234375,3020.89990234375,3091.10009765625,3086.980712890625,3115506
2024-01-31,3092.75,3151.699951171875,3072.39990234375,3142.0,3137.812744140625,2671051
2024-02-01,3156.89990234375,3236.949951171875,3083.050048828125,3153.5,3149.29736328125,4686595
2024-02-02,3184.949951171875,3208.5,3140.0,3157.449951171875,3153.2421875,2708695
2024-02-05,3170.0,3229.39990234375,3151.449951171875,3173.449951171875,3169.220703125,2191195
2024-02-06,3183.89990234375,3228.199951171875,3160.0,3203.75,3199.480712890625,2078891
2024-02-07,3220.050048828125,3277.949951171875,3210.0,3229.85009765625,3225.5458984375,2095911
2024-02-08,3245.60009765625,3245.60009765625,3146.10009765625,3168.60009765625,3164.37744140625,1679004
2024-02-09,3184.449951171875,3224.949951171875,3121.199951171875,3215.199951171875,3210.91552734375,1572789
2024-02-12,3229.0,3241.949951171875,3160.0,3169.75,3165.52587890625,1083138
2024-02-13,3180.0,3194.0,3092.050048828125,3178.449951171875,3174.214111328125,1225207
2024-02-14,3184.0,3255.25,3169.85009765625,3207.199951171875,3202.92578125,1741264
2024-02-15,3219.85009765625,3252.75,3184.050048828125,3193.800048828125,3189.5439453125,2035204
2024-02-16,3214.0,3252.300048828125,3192.64990234375,3223.60009765625,3219.30419921875,2193673
2024-02-19,3240.0,3308.60009765625,3235.800048828125,3258.800048828125,3254.457275390625,1779444
2024-02-20,3267.0,3269.800048828125,3210.14990234375,3228.60009765625,3224.29736328125,1467630
2024-02-21,3238.0,3300.0,3205.0,3223.199951171875,3218.904541015625,1657021
2024-02-22,3239.0,3274.0,3210.5,3263.050048828125,3258.70166015625,1138722
2024-02-23,3263.050048828125,3319.949951171875,3225.10009765625,3273.300048828125,3268.93798828125,1975035
2024-02-26,3272.0,3344.0,3263.0,3327.75,3323.315185546875,1695378
2024-02-27,3339.0,3340.0,3273.0,3302.300048828125,3297.899169921875,1125570
2024-02-28,3309.199951171875,3318.800048828125,3207.5,3219.0,3214.710205078125,1358879
2024-02-29,3220.050048828125,3304.75,3205.35009765625,3285.39990234375,3281.021484375,1352988
2024-03-01,3309.85009765625,3346.0,3281.800048828125,3318.75,3314.3271484375,1161067
2024-03-04,3335.0,3350.0,3310.050048828125,3317.14990234375,3312.729248046875,1061244
2024-03-05,3325.300048828125,3334.0,3295.050048828125,3310.199951171875,3305.788818359375,1190416
2024-03-06,3323.0,3323.0,3183.14990234375,3233.949951171875,3229.640380859375,1935203
2024-03-07,3240.0,3262.0,3220.0,3226.550048828125,3222.250244140625,856328
2024-03-11,3241.199951171875,3259.0,3200.0,3207.35009765625,3203.075927734375,738851
2024-03-12,3207.35009765625,3222.699951171875,3111.0,3122.5,3118.3388671875,1199487
2024-03-13,3125.0,3138.050048828125,2850.14990234375,2906.199951171875,2902.3271484375,3407040
2024-03-14,2927.449951171875,3101.199951171875,2880.0,3087.449951171875,3083.33544921875,3759100
2024-03-15,3111.0,3143.39990234375,3061.25,3132.199951171875,3128.025634765625,2199094
2024-03-18,3050.10009765625,3124.0,2976.050048828125,3111.75,3107.603271484375,3042515
2024-03-19,3126.0,3164.800048828125,3041.85009765625,3052.699951171875,3048.6318359375,1460452
2024-03-20,3075.0,3083.199951171875,3021.10009765625,3051.449951171875,3047.383544921875,966481
2024-03-21,3089.550048828125,3107.10009765625,3059.60009765625,3066.5,3062.413330078125,1175751
2024-03-22,3066.550048828125,3128.949951171875,3048.050048828125,3107.699951171875,3103.55859375,951557
2024-03-26,3100.5,3171.949951171875,3089.10009765625,3109.949951171875,3105.805419921875,937103
2024-03-27,3115.0,3138.449951171875,3106.25,3122.10009765625,3117.939697265625,900231
2024-03-28,3134.0,3237.0,3096.75,3197.10009765625,3192.839599609375,2327053
2024-04-01,3230.199951171875,3291.800048828125,3207.85009765625,3252.10009765625,3247.766357421875,1292646
2024-04-02,3258.949951171875,3285.0,3240.0,3268.75,3264.39404296875,868829
2024-04-03,3250.0,3260.14990234375,3222.0,3233.449951171875,3229.140869140625,1153109
2024-04-04,3250.0,3273.0,3201.699951171875,3210.800048828125,3206.521484375,1403826
2024-04-05,3211.10009765625,3234.0,3178.949951171875,3224.800048828125,3220.50244140625,755607
2024-04-08,3240.949951171875,3243.5,3197.199951171875,3224.550048828125,3220.2529296875,577440
2024-04-09,3240.699951171875,3251.0,3185.0,3198.449951171875,3194.1875,833679
2024-04-10,3200.0,3254.60009765625,3192.5,3242.0,3237.6796875,1441138
2024-04-12,3210.0,3247.5,3205.300048828125,3209.89990234375,3205.6220703125,705173
2024-04-15,3150.0,3180.300048828125,3103.199951171875,3147.449951171875,3143.25537109375,1035378
2024-04-16,3101.0,3149.199951171875,3100.0,3106.39990234375,3102.26025390625,1134184
2024-04-18,3125.14990234375,3145.0,3008.300048828125,3019.300048828125,3015.2763671875,1703646
2024-04-19,3000.0,3057.050048828125,2962.5,3026.949951171875,3022.916259765625,1727317
2024-04-22,3053.0,3077.5,3025.0,3063.35009765625,3059.267822265625,993929
2024-04-23,3059.0,3091.0,3043.10009765625,3065.10009765625,3061.015380859375,1654272
2024-04-24,3071.949951171875,3087.85009765625,3040.0,3043.550048828125,3039.494140625,605917
2024-04-25,3050.0,3120.89990234375,3025.64990234375,3115.25,3111.09814453125,1515529
2024-04-26,3119.89990234375,3129.89990234375,3066.050048828125,3080.39990234375,3076.294677734375,662764
2024-04-29,3110.0,3110.5,3051.5,3081.199951171875,3077.093994140625,648544
2024-04-30,3094.0,3108.449951171875,3045.0,3054.699951171875,3050.62890625,804552
2024-05-02,3071.949951171875,3119.85009765625,3015.050048828125,3039.60009765625,3035.549560546875,2219085
2024-05-03,3030.0,3045.0,2975.10009765625,2993.25,2989.26123046875,1472168
2024-05-06,2993.25,3000.199951171875,2850.0,2874.64990234375,2870.81884765625,2377944
2024-05-07,2889.949951171875,2905.35009765625,2822.0,2835.949951171875,2832.17041015625,1262311
2024-05-08,2850.0,2890.89990234375,2820.0,2860.550048828125,2856.73779296875,951411
2024-05-09,2864.800048828125,2883.64990234375,2756.0,2766.64990234375,2762.962890625,1485510
2024-05-10,2794.949951171875,2809.0,2760.449951171875,2797.25,2793.522216796875,2354794
2024-05-13,2803.0,2890.0,2790.5,2879.60009765625,2875.7626953125,3784373
2024-05-14,2894.949951171875,3046.0,2874.550048828125,3037.550048828125,3033.501953125,5725807
2024-05-15,3046.75,3118.85009765625,3037.60009765625,3049.75,3045.685546875,1688836
2024-05-16,3065.0,3076.949951171875,2974.949951171875,3041.64990234375,3037.596435546875,1835312
2024-05-17,3041.050048828125,3091.0,3015.5,3060.5,3056.421630859375,825436
2024-05-21,3067.89990234375,3175.0,3034.5,3117.5,3113.345458984375,3091659
2024-05-22,3129.949951171875,3145.0,3073.5,3140.949951171875,3136.763916015625,3371077
2024-05-23,3156.699951171875,3406.0,3135.550048828125,3387.300048828125,3382.785888671875,6979082
2024-05-24,3406.0,3457.85009765625,3355.60009765625,3384.949951171875,3380.43896484375,3473668
2024-05-27,3358.0,3358.0,3267.050048828125,3289.050048828125,3284.6669921875,2582485
2024-05-28,3309.64990234375,3329.5,3229.050048828125,3244.050048828125,3239.726806640625,1621168
2024-05-29,3250.0,3322.89990234375,3212.0,3258.800048828125,3254.457275390625,1910729
2024-05-30,3254.0,3274.300048828125,3174.5,3194.25,3189.9931640625,1990208
2024-05-31,3225.25,3434.449951171875,3225.25,3411.35009765625,3406.80419921875,6384589
2024-06-03,3725.0,3743.89990234375,3586.050048828125,3645.25,3640.39208984375,8511359
2024-06-04,3520.0,3520.0,2733.949951171875,2941.25,2937.33056640625,20306909
2024-06-05,3030.0,3150.0,2750.0,3115.35009765625,3111.1982421875,8778345
2024-06-06,3184.0,3222.39990234375,3137.14990234375,3185.64990234375,3181.40478515625,5873271
2024-06-07,3170.39990234375,3233.75,3151.60009765625,3219.550048828125,3215.259765625,4740455
2024-06-10,3267.0,3284.39990234375,3205.5,3220.10009765625,3215.80908203125,4935698
2024-06-11,3224.0,3265.0,3195.050048828125,3221.25,3216.957275390625,4173692
2024-06-12,3224.89990234375,3245.0,3208.0,3219.050048828125,3214.76025390625,3022477
2024-06-13,3230.0,3254.0,3207.25,3224.800048828125,3220.50244140625,3202978
2024-06-14,3225.0,3275.0,3221.10009765625,3261.75,3258.6767578125,4224855
2024-06-18,3310.0,3345.0,3287.199951171875,3309.050048828125,3305.932373046875,1755612
2024-06-19,3314.0,3314.0,3226.300048828125,3261.89990234375,3258.82666015625,1419264
2024-06-20,3263.89990234375,3315.0,3240.0,3259.449951171875,3256.37890625,1366545
2024-06-21,3265.050048828125,3277.10009765625,3176.39990234375,3189.300048828125,3186.295166015625,4697655
2024-06-24,3185.75,3214.800048828125,3135.0,3194.60009765625,3191.590087890625,3261647
2024-06-25,3204.75,3208.449951171875,3156.35009765625,3171.10009765625,3168.1123046875,1694962
2024-06-26,3169.050048828125,3187.699951171875,3163.89990234375,3170.5,3167.5126953125,2142889
2024-06-27,3177.0,3202.25,3150.0,3175.14990234375,3172.158447265625,5114980
2024-06-28,3190.0,3211.949951171875,3157.0,3177.14990234375,3174.156494140625,960905
2024-07-01,3179.949951171875,3193.14990234375,3157.550048828125,3183.800048828125,3180.80029296875,832170
2024-07-02,3179.85009765625,3207.800048828125,3131.050048828125,3153.199951171875,3150.22900390625,1490844
2024-07-03,3158.0,3194.550048828125,3147.75,3190.949951171875,3187.943603515625,1152522
2024-07-04,3192.0,3194.449951171875,3138.050048828125,3144.25,3141.28759765625,1055391
2024-07-05,3143.89990234375,3158.550048828125,3123.949951171875,3147.89990234375,3144.933837890625,663988
2024-07-08,3147.89990234375,3158.199951171875,3075.0,3113.60009765625,3110.66650390625,1155112
2024-07-09,3115.949951171875,3158.0,3100.5,3110.75,3107.819091796875,922403
2024-07-10,3120.10009765625,3127.25,3063.39990234375,3096.0,3093.0830078125,586710
2024-07-11,3118.699951171875,3129.800048828125,3074.10009765625,3078.300048828125,3075.399658203125,899781
2024-07-12,3090.0,3098.800048828125,3058.35009765625,3065.449951171875,3062.561767578125,756036
2024-07-15,3066.10009765625,3103.5,3058.35009765625,3090.39990234375,3087.48828125,724171
2024-07-16,3110.0,3137.75,3096.10009765625,3109.300048828125,3106.37060546875,988357
2024-07-18,3106.0,3111.0,3057.14990234375,3092.199951171875,3089.286376953125,1021653
2024-07-19,3092.0,3094.5,3000.0,3005.699951171875,3002.8681640625,1026941
2024-07-22,3005.699951171875,3026.89990234375,2972.14990234375,3000.85009765625,2998.022705078125,662085
2024-07-23,3020.0,3038.0,2886.35009765625,2995.35009765625,2992.528076171875,1443331
2024-07-24,2995.35009765625,3007.5,2959.300048828125,2970.699951171875,2967.901123046875,693702
2024-07-25,2960.699951171875,3017.64990234375,2945.10009765625,2973.5,2970.698486328125,1105721
2024-07-26,2995.0,3109.0,2988.10009765625,3080.5,3077.59765625,1942427
2024-07-29,3094.300048828125,3120.35009765625,3074.0,3089.35009765625,3086.439453125,1037474
2024-07-30,3092.0,3155.0,3066.64990234375,3128.75,3125.802001953125,1647048
2024-07-31,3141.0,3197.5,3135.0,3169.39990234375,3166.413818359375,2414005
2024-08-01,3180.0,3258.0,3151.699951171875,3217.25,3214.21875,6149883
2024-08-02,3200.0,3215.0,3111.0,3160.89990234375,3157.921875,3360209
2024-08-05,3085.0,3133.050048828125,2996.300048828125,3038.199951171875,3035.33740234375,2238921
2024-08-06,3084.0,3142.800048828125,3057.25,3072.699951171875,3069.804931640625,2125201
2024-08-07,3118.0,3190.0,3112.0,3185.949951171875,3182.9482421875,1868169
2024-08-08,3190.550048828125,3242.64990234375,3156.550048828125,3167.550048828125,3164.5654296875,2139376
2024-08-09,3209.0,3219.300048828125,3171.050048828125,3187.550048828125,3184.546875,760165
2024-08-12,3100.0,3169.85009765625,3014.0,3151.75,3148.7802734375,10307245
2024-08-13,3170.050048828125,3178.10009765625,3081.75,3092.199951171875,3089.286376953125,2192588
2024-08-14,3085.699951171875,3085.699951171875,3027.75,3040.10009765625,3037.23583984375,1232383
2024-08-16,3070.0,3121.60009765625,3039.35009765625,3108.800048828125,3105.87109375,970067
2024-08-19,3122.050048828125,3134.300048828125,3092.949951171875,3102.550048828125,3099.626708984375,557265
2024-08-20,3118.949951171875,3126.0,3058.85009765625,3070.64990234375,3067.7568359375,662263
2024-08-21,3070.64990234375,3153.300048828125,3068.39990234375,3115.699951171875,3112.764404296875,1379240
2024-08-22,3130.75,3150.0,3091.0,3099.050048828125,3096.130126953125,1378912
2024-08-23,3101.0,3123.0,3067.60009765625,3076.35009765625,3073.451416015625,1375224
2024-08-26,3088.0,3090.0,3055.0,3069.0,3066.1083984375,1632446
2024-08-27,3072.199951171875,3095.75,3064.0,3067.10009765625,3064.210205078125,1310440
2024-08-28,3078.0,3078.0,3022.10009765625,3028.0,3025.147216796875,1569652
2024-08-29,3030.0,3041.949951171875,2981.300048828125,3020.14990234375,3017.30419921875,1853966
2024-08-30,3030.0,3038.550048828125,3003.300048828125,3019.35009765625,3016.50537109375,3509174
2024-09-02,3021.10009765625,3059.14990234375,2997.60009765625,3042.14990234375,3039.28369140625,1842658
2024-09-03,3037.0,3053.050048828125,3023.800048828125,3036.10009765625,3033.239501953125,1371577
2024-09-04,3010.0,3025.0,2955.199951171875,3012.35009765625,3009.51171875,1212270
2024-09-05,3025.0,3037.89990234375,3002.0,3015.35009765625,3012.509033203125,734273
2024-09-06,3019.0,3025.0,2968.0,2975.449951171875,2972.646484375,1251165
2024-09-09,2972.10009765625,2972.5,2927.300048828125,2964.14990234375,2961.357177734375,1523581
2024-09-10,2971.60009765625,3007.39990234375,2947.60009765625,2986.39990234375,2983.586181640625,803782
2024-09-11,2985.0,2992.949951171875,2928.0,2937.85009765625,2935.082275390625,888628
2024-09-12,2950.0,3000.0,2917.14990234375,2991.0,2988.181884765625,1314173
2024-09-13,2972.0,3001.949951171875,2956.050048828125,2968.35009765625,2965.553466796875,815948
2024-09-16,2972.0,3026.39990234375,2972.0,2984.89990234375,2982.087646484375,695162
2024-09-17,2990.050048828125,2995.89990234375,2952.5,2975.199951171875,2972.396728515625,698700
2024-09-18,2976.0,2984.75,2935.0,2956.300048828125,2953.5146484375,831891
2024-09-19,2975.050048828125,2975.25,2890.35009765625,2943.14990234375,2940.376953125,1655401
2024-09-20,2948.14990234375,3025.0,2942.050048828125,3008.5,3005.665283203125,1787210
2024-09-23,3020.0,3070.0,3015.25,3043.949951171875,3041.08203125,897314
2024-09-24,3055.0,3101.0,3040.25,3093.89990234375,3090.98486328125,1021918
2024-09-25,3108.0,3123.89990234375,3080.199951171875,3105.10009765625,3102.174560546875,913008
2024-09-26,3085.0,3148.0,3085.0,3122.64990234375,3119.707763671875,1548019
2024-09-27,3122.0,3179.0,3116.0,3130.300048828125,3127.350830078125,2297441
2024-09-30,3129.0,3209.89990234375,3120.39990234375,3135.85009765625,3132.8955078125,1607429
2024-10-01,3136.300048828125,3192.0,3107.0,3186.10009765625,3183.098388671875,1367116
2024-10-03,3150.0,3196.35009765625,3084.10009765625,3116.0,3113.064208984375,1309703
2024-10-04,3119.89990234375,3149.5,3070.0,3110.64990234375,3107.71923828125,987583
2024-10-07,3110.64990234375,3128.5,2980.449951171875,3018.0,3015.156494140625,1743454
2024-10-08,3018.5,3170.0,2994.85009765625,3160.699951171875,3157.721923828125,1776511
2024-10-09,3175.0,3179.949951171875,3134.39990234375,3153.75,3150.778564453125,897335
2024-10-10,3140.0,3211.0,3056.10009765625,3174.199951171875,3171.209228515625,2905725
2024-10-11,3174.199951171875,3190.0,3116.0,3137.199951171875,3134.244140625,1035260
2024-10-14,3145.0,3150.10009765625,3092.85009765625,3101.10009765625,3098.17822265625,437728
2024-10-15,3124.0,3128.0,3091.5,3104.699951171875,3101.774658203125,371613
2024-10-16,3098.0,3115.39990234375,3061.0,3085.89990234375,3082.992431640625,543476
2024-10-17,3089.949951171875,3100.0,2993.0,3013.75,3010.910400390625,2655289
2024-10-18,2990.0,3031.699951171875,2968.10009765625,3002.0,2999.17138671875,796339
2024-10-21,3005.14990234375,3014.949951171875,2916.949951171875,2937.64990234375,2934.882080078125,1051690
2024-10-22,2938.0,2955.0,2818.0,2823.800048828125,2821.139404296875,1209732
2024-10-23,2840.85009765625,2879.0,2820.10009765625,2835.550048828125,2832.87841796875,1270530
2024-10-24,2841.050048828125,2875.14990234375,2807.89990234375,2830.199951171875,2827.533447265625,942066
2024-10-25,2845.0,2847.0,2654.699951171875,2693.449951171875,2690.912353515625,1954174
2024-10-28,2701.10009765625,2822.39990234375,2672.10009765625,2798.64990234375,2796.012939453125,1385033
2024-10-29,2803.0,2863.050048828125,2732.85009765625,2848.60009765625,2845.916259765625,1529844
2024-10-30,2864.0,2997.14990234375,2815.050048828125,2969.300048828125,2966.50244140625,2884272
2024-10-31,2967.89990234375,2976.5,2933.85009765625,2947.25,2944.47314453125,1156390
2024-11-01,2960.0,2975.60009765625,2928.39990234375,2949.5,2946.720947265625,304673
2024-11-04,2935.0,2943.0,2857.75,2897.39990234375,2894.670166015625,1059384
2024-11-05,2897.39990234375,2924.0,2870.0,2915.550048828125,2912.80322265625,752303
2024-11-06,2918.0,3070.0,2918.0,3046.25,3043.3798828125,1676755
2024-11-07,3045.0,3045.0,2943.050048828125,2970.10009765625,2967.3017578125,1285585
2024-11-08,2965.10009765625,2995.0,2911.25,2929.10009765625,2926.34033203125,835641
2024-11-11,2928.0,2946.800048828125,2888.0,2903.64990234375,2900.9140625,584144
2024-11-12,2910.0,2930.449951171875,2855.0,2870.0,2867.2958984375,597231
2024-11-13,2860.0,2889.0,2808.0,2816.699951171875,2814.0458984375,890146
2024-11-14,2824.0,2844.800048828125,2801.0,2826.800048828125,2824.13671875,646797
2024-11-18,2826.800048828125,2858.64990234375,2793.300048828125,2818.699951171875,2816.044189453125,489692
2024-11-19,2831.0,2894.800048828125,2809.800048828125,2821.5,2818.841796875,536296
2024-11-21,2539.35009765625,2539.35009765625,2155.050048828125,2183.64990234375,2181.592529296875,21796668
2024-11-22,2101.0,2289.699951171875,2025.0,2228.0,2225.90087890625,20939196
2024-11-25,2315.0,2333.64990234375,2238.0,2257.5,2255.373046875,7466733
2024-11-26,2265.60009765625,2292.85009765625,2136.0,2150.5,2148.4736328125,7723187
2024-11-27,2180.0,2418.0,2142.14990234375,2397.800048828125,2395.541015625,17502156
2024-11-28,2440.0,2526.300048828125,2400.0,2437.10009765625,2434.803955078125,14445549
2024-11-29,2464.050048828125,2520.0,2400.0,2463.14990234375,2460.8291015625,8191680
2024-12-02,2491.35009765625,2508.0,2426.60009765625,2457.050048828125,2454.73486328125,3807565
2024-12-03,2464.0,2558.0,2462.050048828125,2514.199951171875,2511.8310546875,4070042
2024-12-04,2528.0,2530.050048828125,2470.10009765625,2494.75,2492.3994140625,2344949
2024-12-05,2505.0,2538.14990234375,2470.25,2522.550048828125,2520.17333984375,3333144
2024-12-06,2520.0,2535.0,2502.5,2506.39990234375,2504.038330078125,1240437
2024-12-09,2507.89990234375,2526.0,2483.14990234375,2495.85009765625,2493.49853515625,958369
2024-12-10,2501.0,2501.0,2455.0,2467.199951171875,2464.87548828125,1119816
2024-12-11,2469.0,2480.0,2451.0,2457.25,2454.934814453125,712674
2024-12-12,2457.0,2534.800048828125,2446.25,2504.10009765625,2501.74072265625,2579624
2024-12-13,2504.0,2545.0,2479.050048828125,2527.550048828125,2525.16845703125,1940935
2024-12-16,2530.0,2537.5,2503.0,2512.39990234375,2510.03271484375,654321
2024-12-17,2512.0,2525.0,2480.75,2487.60009765625,2485.25634765625,1061891
2024-12-18,2489.0,2496.60009765625,2452.0,2457.39990234375,2455.084716796875,990217
2024-12-19,2429.0,2434.0,2397.10009765625,2419.35009765625,2417.070556640625,1181898
2024-12-20,2429.0,2453.85009765625,2333.0,2344.949951171875,2342.74072265625,1337016
2024-12-23,2373.949951171875,2379.5,2332.75,2338.949951171875,2336.746337890625,758920
2024-12-24,2355.199951171875,2412.89990234375,2340.0,2372.449951171875,2370.214599609375,1156186
2024-12-26,2378.050048828125,2410.0,2368.0,2400.25,2397.988525390625,895785
2024-12-27,2415.0,2446.14990234375,2390.5,2409.949951171875,2407.679443359375,1982291
2024-12-30,2425.0,2610.0,2421.949951171875,2592.35009765625,2589.90771484375,7825097
2024-12-31,2575.0,2577.75,2507.449951171875,2528.64990234375,2526.267333984375,2745674
2025-01-01,2536.0,2644.199951171875,2518.25,2554.85009765625,2552.44287109375,2875721
2025-01-02,2565.699951171875,2602.0,2537.0,2597.699951171875,2595.25244140625,1167236
2025-01-03,2580.0,2619.0,2556.60009765625,2564.60009765625,2562.183837890625,932795
2025-01-06,2557.64990234375,2568.85009765625,2463.5,2474.449951171875,2472.11865234375,1121398
2025-01-07,2474.64990234375,2525.0,2474.64990234375,2520.550048828125,2518.175048828125,1019130
2025-01-08,2520.550048828125,2530.0,2490.0,2515.25,2512.880126953125,879641
2025-01-09,2517.0,2517.550048828125,2469.5,2477.89990234375,2475.565185546875,705838
2025-01-10,2480.0,2484.60009765625,2368.25,2374.39990234375,2372.162841796875,1418808
2025-01-13,2365.0,2365.0,2216.89990234375,2225.14990234375,2223.053466796875,1559903
2025-01-14,2241.5,2422.89990234375,2241.5,2380.550048828125,2378.30712890625,4120705
2025-01-15,2399.0,2421.949951171875,2372.64990234375,2388.14990234375,2385.899658203125,1421437
2025-01-16,2500.0,2570.0,2418.85009765625,2427.85009765625,2425.562744140625,2841803
2025-01-17,2450.0,2450.0,2380.050048828125,2399.800048828125,2397.5390625,1122205
2025-01-20,2413.75,2454.0,2390.0,2442.800048828125,2440.49853515625,1039435
2025-01-21,2441.75,2441.75,2373.64990234375,2384.300048828125,2382.0537109375,1206512
2025-01-22,2399.0,2399.0,2325.14990234375,2376.550048828125,2374.31103515625,1147334
2025-01-23,2383.0,2405.14990234375,2355.0,2385.0,2382.7529296875,826721
2025-01-24,2387.75,2406.0,2299.39990234375,2315.10009765625,2312.918701171875,1388583
2025-01-27,2310.050048828125,2318.10009765625,2250.050048828125,2259.699951171875,2257.571044921875,1032995
2025-01-28,2274.199951171875,2315.85009765625,2242.0,2286.050048828125,2283.89599609375,966497
2025-01-29,2297.0,2326.25,2282.60009765625,2318.60009765625,2316.41552734375,785220
2025-01-30,2325.0,2351.5,2201.300048828125,2252.60009765625,2250.477783203125,2601625
2025-01-31,2238.85009765625,2314.949951171875,2213.75,2287.800048828125,2285.64453125,2013345
2025-02-01,2297.0,2351.449951171875,2237.550048828125,2270.0,2267.861328125,987362
2025-02-03,2266.75,2279.0,2213.89990234375,2261.85009765625,2259.718994140625,824942
2025-02-04,2278.89990234375,2312.0,2267.550048828125,2301.5,2299.33154296875,691187
2025-02-05,2314.949951171875,2349.39990234375,2309.050048828125,2324.60009765625,2322.409912109375,560940
2025-02-06,2340.0,2340.0,2298.199951171875,2312.449951171875,2310.271240234375,680544
2025-02-07,2312.449951171875,2374.89990234375,2307.35009765625,2338.800048828125,2336.596435546875,892884
2025-02-10,2350.0,2350.949951171875,2280.10009765625,2290.800048828125,2288.641845703125,739708
2025-02-11,2312.0,2397.0,2306.0,2321.75,2319.5625,4895456
2025-02-12,2325.0,2378.449951171875,2281.0,2353.449951171875,2351.232666015625,1933098
2025-02-13,2354.0,2372.75,2233.39990234375,2244.699951171875,2242.5849609375,2551665
2025-02-14,2245.699951171875,2249.300048828125,2124.550048828125,2152.64990234375,2150.62158203125,2549876
2025-02-17,2152.64990234375,2240.39990234375,2110.64990234375,2223.699951171875,2221.604736328125,1400160
2025-02-18,2240.0,2240.0,2166.050048828125,2220.300048828125,2218.208251953125,1138085
2025-02-19,2166.0,2219.39990234375,2127.0,2180.800048828125,2178.745361328125,1203163
2025-02-20,2180.800048828125,2216.35009765625,2156.800048828125,2179.0,2176.947021484375,1086670
2025-02-21,2190.449951171875,2199.60009765625,2116.85009765625,2133.10009765625,2131.09033203125,1540308
2025-02-24,2128.949951171875,2138.5,2096.699951171875,2115.14990234375,2113.156982421875,1032294
2025-02-25,2115.14990234375,2158.300048828125,2102.0,2129.85009765625,2127.84326171875,802131
2025-02-27,2143.75,2149.10009765625,2102.5,2110.949951171875,2108.961181640625,941950
2025-02-28,2107.0,2111.35009765625,2072.0,2096.0,2094.025146484375,2373922
2025-03-03,2109.0,2127.25,2026.550048828125,2117.10009765625,2115.105224609375,1592611
2025-03-04,2085.10009765625,2154.0,2080.0,2144.800048828125,2142.779296875,852978
2025-03-05,2153.949951171875,2258.39990234375,2148.050048828125,2245.85009765625,2243.734130859375,1370106
2025-03-06,2260.0,2268.89990234375,2226.14990234375,2252.85009765625,2250.7275390625,890270
2025-03-07,2249.949951171875,2267.64990234375,2227.0,2247.5,2245.382568359375,818806
2025-03-10,2245.0,2288.0,2220.0,2228.300048828125,2226.20068359375,940113
2025-03-11,2223.14990234375,2267.85009765625,2208.300048828125,2250.60009765625,2248.4794921875,947079
2025-03-12,2270.0,2280.0,2180.949951171875,2241.800048828125,2239.687744140625,1049076
2025-03-13,2249.0,2273.0,2215.60009765625,2221.10009765625,2219.00732421875,750310
2025-03-17,2200.0,2286.89990234375,2198.0,2252.699951171875,2250.577392578125,927737
2025-03-18,2252.699951171875,2252.699951171875,2252.699951171875,2252.699951171875,2250.577392578125,0
2025-03-19,2319.949951171875,2342.0,2311.050048828125,2318.64990234375,2316.46533203125,1030345
2025-03-20,2348.0,2348.0,2299.0,2339.300048828125,2337.095947265625,2587050
2025-03-21,2343.800048828125,2389.550048828125,2338.0,2362.800048828125,2360.573974609375,1101418
2025-03-24,2370.0,2395.0,2361.10009765625,2368.699951171875,2366.46826171875,1010184
2025-03-25,2385.0,2387.64990234375,2315.10009765625,2320.35009765625,2318.1640625,763065
2025-03-26,2324.89990234375,2359.85009765625,2308.050048828125,2312.60009765625,2310.421142578125,1078870
2025-03-27,2310.0,2373.89990234375,2291.60009765625,2363.35009765625,2361.123291015625,1696042
2025-03-28,2376.0,2386.949951171875,2293.699951171875,2315.800048828125,2313.6181640625,1838836
2025-04-01,2312.0,2358.949951171875,2301.0,2335.25,2333.0498046875,501942
2025-04-02,2339.75,2378.85009765625,2314.550048828125,2369.39990234375,2367.16748046875,573928
2025-04-03,2339.75,2429.89990234375,2339.699951171875,2410.800048828125,2408.528564453125,1023200
2025-04-04,2394.949951171875,2410.050048828125,2315.5,2334.64990234375,2332.4501953125,1219733
2025-04-07,2150.050048828125,2239.0,2145.0,2212.699951171875,2210.615234375,1567177
2025-04-08,2270.0,2301.0,2225.0,2285.699951171875,2283.54638671875,1224337
2025-04-09,2265.699951171875,2279.550048828125,2215.199951171875,2236.89990234375,2234.792236328125,1001633
2025-04-11,2303.050048828125,2343.5,2281.0,2321.39990234375,2319.212890625,981463
2025-04-15,2375.0,2440.0,2359.0,2418.199951171875,2415.921630859375,1145125
2025-04-16,2400.0,2428.0,2382.89990234375,2415.60009765625,2413.323974609375,889949
2025-04-17,2418.0,2448.60009765625,2392.0,2418.10009765625,2415.82177734375,1054797
2025-04-21,2426.10009765625,2464.89990234375,2395.5,2442.699951171875,2440.3984375,782559
2025-04-22,2458.89990234375,2483.39990234375,2441.0,2445.5,2443.196044921875,766567
2025-04-23,2460.0,2473.800048828125,2421.199951171875,2453.60009765625,2451.288330078125,672262
2025-04-24,2450.0,2461.39990234375,2425.10009765625,2442.5,2440.19873046875,596626
2025-04-25,2450.10009765625,2459.5,2323.5,2354.300048828125,2352.081787109375,1414809
2025-04-28,2346.0,2402.0,2337.60009765625,2369.800048828125,2367.567138671875,681421
2025-04-29,2392.0,2400.0,2325.60009765625,2330.60009765625,2328.404296875,670730
2025-04-30,2331.39990234375,2340.0,2285.0,2301.300048828125,2299.131591796875,837464
2025-05-02,2349.89990234375,2372.39990234375,2290.0,2299.10009765625,2296.933837890625,1695797
2025-05-05,2312.60009765625,2497.0,2297.800048828125,2455.5,2453.186279296875,4227194
2025-05-06,2454.0,2463.199951171875,2343.5,2354.0,2351.781982421875,1524692
2025-05-07,2315.0,2379.5,2315.0,2353.10009765625,2350.883056640625,1012640
2025-05-08,2362.0,2367.800048828125,2260.0,2285.300048828125,2283.14697265625,1380069
2025-05-09,2240.0,2273.10009765625,2233.0,2251.0,2248.879150390625,1006000
2025-05-12,2350.0,2433.300048828125,2315.0,2425.300048828125,2423.01513671875,2147039
2025-05-13,2425.0,2454.89990234375,2405.0,2441.199951171875,2438.899658203125,1815174
2025-05-14,2444.89990234375,2481.89990234375,2430.10009765625,2461.89990234375,2459.580322265625,774441
2025-05-15,2463.39990234375,2526.800048828125,2450.699951171875,2520.0,2517.625732421875,1554800
2025-05-16,2529.0,2584.199951171875,2516.199951171875,2555.0,2552.5927734375,1641135
2025-05-19,2571.300048828125,2578.800048828125,2536.0,2540.60009765625,2538.20654296875,680957
2025-05-20,2545.0,2564.800048828125,2492.5,2501.60009765625,2499.2431640625,628023
2025-05-21,2509.699951171875,2524.5,2483.699951171875,2500.39990234375,2498.0439453125,529234
2025-05-22,2500.39990234375,2521.89990234375,2465.300048828125,2487.60009765625,2485.25634765625,906909
2025-05-23,2499.0,2548.10009765625,2490.5,2540.0,2537.60693359375,968415
2025-05-26,2549.10009765625,2568.89990234375,2541.300048828125,2547.699951171875,2545.299560546875,552912
2025-05-27,2545.89990234375,2569.10009765625,2526.10009765625,2540.300048828125,2537.906494140625,514936
2025-05-28,2559.0,2559.0,2510.0,2515.0,2512.63037109375,575989
2025-05-29,2536.699951171875,2559.0,2511.0,2540.800048828125,2538.406005859375,802317
2025-05-30,2550.0,2564.0,2513.800048828125,2519.89990234375,2517.525634765625,684592
2025-06-02,2527.0,2564.0,2514.89990234375,2518.800048828125,2516.4267578125,1008716
2025-06-03,2511.0,2512.5,2452.0,2470.89990234375,2468.57177734375,962656
2025-06-04,2480.0,2503.0,2441.10009765625,2489.39990234375,2487.054443359375,552667
2025-06-05,2495.0,2530.10009765625,2487.5,2504.39990234375,2502.040283203125,673209
2025-06-06,2514.89990234375,2553.300048828125,2504.0,2534.199951171875,2531.812255859375,640680
2025-06-09,2545.0,2604.10009765625,2524.5,2582.10009765625,2579.66748046875,1711167
2025-06-10,2600.0,2663.199951171875,2577.699951171875,2613.10009765625,2610.63818359375,2084054
2025-06-11,2630.0,2630.89990234375,2563.10009765625,2581.199951171875,2578.767822265625,745432
2025-06-12,2591.5,2601.800048828125,2530.0,2543.699951171875,2541.30322265625,955097
2025-06-13,2498.0,2516.0,2460.0,2507.89990234375,2506.779052734375,695869
2025-06-16,2500.0,2563.300048828125,2462.0,2544.0,2542.863037109375,956459
2025-06-17,2535.0,2539.60009765625,2479.0,2488.5,2487.387939453125,703343
2025-06-18,2491.89990234375,2495.89990234375,2445.39990234375,2459.10009765625,2458.0009765625,667044
2025-06-19,2466.300048828125,2468.89990234375,2405.10009765625,2420.60009765625,2419.518310546875,688209
2025-06-20,2428.0,2461.300048828125,2415.0,2448.39990234375,2447.3056640625,3002549
2025-06-23,2438.0,2492.60009765625,2421.0,2472.0,2470.895263671875,790533
2025-06-24,2504.0,2544.60009765625,2500.199951171875,2505.60009765625,2504.480224609375,996372
2025-06-25,2519.89990234375,2541.60009765625,2512.10009765625,2527.199951171875,2526.070556640625,921346
2025-06-26,2535.0,2593.60009765625,2522.199951171875,2586.199951171875,2585.044189453125,1339627
2025-06-27,2587.699951171875,2681.60009765625,2582.0,2646.300048828125,2645.117431640625,4049316
2025-06-30,2650.0,2653.89990234375,2605.89990234375,2619.39990234375,2618.229248046875,694814
2025-07-01,2624.89990234375,2645.0,2603.0,2621.800048828125,2620.62841796875,729197
2025-07-02,2634.0,2646.0,2613.60009765625,2630.199951171875,2629.0244140625,621409
2025-07-03,2634.0,2644.0,2605.10009765625,2611.199951171875,2610.032958984375,502724
2025-07-04,2617.0,2617.0,2582.199951171875,2599.10009765625,2597.9384765625,370305
2025-07-07,2602.0,2605.39990234375,2572.0,2576.10009765625,2574.94873046875,412159
2025-07-08,2586.0,2600.0,2573.0,2591.300048828125,2590.141845703125,357686
2025-07-09,2599.0,2609.89990234375,2570.0,2583.0,2581.845703125,396880
2025-07-10,2591.0,2604.0,2575.0,2581.0,2579.846435546875,306565
2025-07-11,2575.0,2591.89990234375,2551.89990234375,2558.699951171875,2557.556396484375,390645
2025-07-14,2555.0,2604.800048828125,2543.5,2581.300048828125,2580.146484375,536585
2025-07-15,2588.0,2606.89990234375,2576.0,2598.199951171875,2597.038818359375,379425
2025-07-16,2602.5,2619.5,2595.5,2608.5,2607.334228515625,686644
2025-07-17,2612.0,2654.5,2605.300048828125,2616.60009765625,2615.4306640625,785771
2025-07-18,2612.0,2626.699951171875,2584.199951171875,2596.10009765625,2594.93994140625,479942
2025-07-21,2596.300048828125,2624.89990234375,2585.0,2619.5,2618.329345703125,369782
2025-07-22,2626.0,2630.0,2581.60009765625,2587.800048828125,2586.6435546875,387055
2025-07-23,2600.699951171875,2625.89990234375,2593.5,2614.5,2613.33154296875,316424
2025-07-24,2615.39990234375,2624.199951171875,2595.0,2608.39990234375,2607.234130859375,253782
2025-07-25,2605.0,2617.0,2544.10009765625,2550.10009765625,2548.96044921875,424612
2025-07-28,2549.0,2585.0,2512.60009765625,2522.300048828125,2521.1728515625,428409
2025-07-29,2529.0,2557.39990234375,2507.5,2547.89990234375,2546.76123046875,424781
2025-07-30,2547.89990234375,2552.60009765625,2525.0,2532.89990234375,2531.767822265625,262063
2025-07-31,2509.89990234375,2520.0,2422.60009765625,2430.699951171875,2429.613525390625,1457616
2025-08-01,2425.0,2444.89990234375,2333.0,2350.89990234375,2349.849365234375,976341
2025-08-04,2360.0,2374.699951171875,2338.199951171875,2363.60009765625,2362.543701171875,576426
2025-08-05,2370.0,2370.0,2316.0,2328.199951171875,2327.159423828125,576742
2025-08-06,2333.89990234375,2347.89990234375,2296.0,2300.300048828125,2299.27197265625,631582
2025-08-07,2290.0,2295.0,2202.800048828125,2249.800048828125,2248.794677734375,1529410
2025-08-08,2247.0,2260.89990234375,2164.800048828125,2178.10009765625,2177.126708984375,2552736
2025-08-11,2196.0,2302.0,2183.0,2283.39990234375,2282.37939453125,2376286
2025-08-12,2280.10009765625,2314.699951171875,2267.0,2288.199951171875,2287.17724609375,1075526
2025-08-13,2299.0,2314.89990234375,2245.39990234375,2280.10009765625,2279.0810546875,833679
2025-08-14,2288.0,2304.0,2267.699951171875,2281.60009765625,2280.580322265625,998109
2025-08-18,2309.60009765625,2360.0,2300.0,2333.60009765625,2332.55712890625,988629
2025-08-19,2339.89990234375,2395.60009765625,2314.10009765625,2388.39990234375,2387.33251953125,1069432
2025-08-20,2380.0,2406.0,2372.10009765625,2387.10009765625,2386.033203125,780025
2025-08-21,2387.10009765625,2397.0,2371.39990234375,2377.199951171875,2376.137451171875,441867
2025-08-22,2369.89990234375,2376.300048828125,2321.0,2324.89990234375,2323.86083984375,584211
2025-08-25,2335.699951171875,2348.39990234375,2300.0,2302.89990234375,2301.87060546875,542455
2025-08-26,2304.0,2309.300048828125,2249.39990234375,2272.0,2270.984619140625,1071550
2025-08-28,2271.89990234375,2327.89990234375,2255.0,2275.199951171875,2274.18310546875,907868
2025-08-29,2283.0,2289.699951171875,2240.0,2244.699951171875,2243.69677734375,795699
2025-09-01,2259.0,2288.0,2252.10009765625,2284.199951171875,2283.17919921875,425639
2025-09-02,2291.0,2302.0,2264.0,2274.199951171875,2273.18359375,481894
2025-09-03,2285.0,2293.0,2263.10009765625,2288.699951171875,2287.677001953125,443629
2025-09-04,2309.89990234375,2317.300048828125,2275.0,2278.800048828125,2277.78173828125,392697
2025-09-05,2275.0,2293.5,2248.0,2281.39990234375,2280.38037109375,443010
2025-09-08,2290.0,2333.89990234375,2286.0,2310.89990234375,2309.8671875,542811
2025-09-09,2320.0,2325.0,2297.0,2311.60009765625,2310.56689453125,369431
2025-09-10,2330.0,2345.89990234375,2325.10009765625,2340.199951171875,2339.154052734375,390490
2025-09-11,2348.0,2418.699951171875,2340.199951171875,2398.800048828125,2397.72802734375,2111888
2025-09-12,2416.89990234375,2421.60009765625,2387.10009765625,2392.0,2390.930908203125,533971
2025-09-15,2392.0,2402.800048828125,2378.10009765625,2383.39990234375,2382.334716796875,298129
2025-09-16,2410.0,2415.800048828125,2388.0,2399.39990234375,2398.32763671875,752979
2025-09-17,2417.0,2417.0,2391.0,2402.0,2400.926513671875,514354
2025-09-18,2414.5,2438.0,2388.39990234375,2402.0,2400.926513671875,703730
2025-09-19,2495.0,2579.0,2466.10009765625,2524.0,2522.8720703125,7965135
2025-09-22,2535.0,2659.0,2522.10009765625,2629.5,2628.324951171875,7022985
2025-09-23,2642.60009765625,2695.0,2593.0,2676.39990234375,2675.203857421875,5610022
2025-09-24,2655.0,2676.0,2614.39990234375,2619.800048828125,2618.629150390625,1720785
2025-09-25,2625.0,2647.89990234375,2567.0,2576.39990234375,2575.24853515625,1489682
2025-09-26,2572.800048828125,2605.0,2535.0,2543.699951171875,2542.563232421875,1037808
2025-09-29,2543.699951171875,2555.0,2505.0,2509.5,2508.37841796875,1012402
2025-09-30,2522.0,2535.0,2490.60009765625,2505.89990234375,2504.780029296875,712592
2025-10-01,2518.39990234375,2603.39990234375,2472.10009765625,2592.699951171875,2591.541259765625,1573485
2025-10-03,2595.0,2612.89990234375,2564.39990234375,2589.89990234375,2588.742431640625,917651
2025-10-06,2589.10009765625,2599.800048828125,2562.60009765625,2573.5,2572.349853515625,654955
2025-10-07,2580.699951171875,2617.300048828125,2533.10009765625,2542.199951171875,2541.063720703125,1120230
2025-10-08,2562.0,2565.0,2500.0,2524.10009765625,2522.971923828125,1063357
2025-10-09,2535.0,2559.0,2522.199951171875,2542.39990234375,2541.263671875,651703
2025-10-10,2552.0,2565.0,2538.800048828125,2550.89990234375,2549.759765625,690142
2025-10-13,2529.10009765625,2542.10009765625,2504.0,2527.39990234375,2526.270263671875,645483
2025-10-14,2538.89990234375,2538.89990234375,2485.199951171875,2517.0,2515.875,673048
2025-10-15,2535.0,2561.39990234375,2527.300048828125,2532.800048828125,2531.668212890625,759772
2025-10-16,2544.800048828125,2579.699951171875,2540.89990234375,2557.60009765625,2556.45703125,1020102
2025-10-17,2560.0,2577.199951171875,2543.10009765625,2549.39990234375,2548.260498046875,682968
2025-10-20,2561.300048828125,2579.0,2537.10009765625,2548.10009765625,2546.96142578125,747349
2025-10-21,2554.89990234375,2562.0,2542.300048828125,2549.89990234375,2548.76025390625,101019
2025-10-23,2559.89990234375,2577.800048828125,2540.89990234375,2545.800048828125,2544.662353515625,852445
2025-10-24,2554.800048828125,2554.800048828125,2497.699951171875,2504.199951171875,2503.080810546875,473765
2025-10-27,2504.199951171875,2514.60009765625,2487.10009765625,2492.800048828125,2491.68603515625,478055
2025-10-28,2495.0,2516.0,2479.10009765625,2494.39990234375,2493.28515625,626988
2025-10-29,2500.0,2600.0,2495.5,2537.39990234375,2536.265869140625,1526734
2025-10-30,2550.0,2559.39990234375,2511.800048828125,2526.89990234375,2525.7705078125,783328
2025-10-31,2535.0,2543.5,2464.89990234375,2481.0,2479.89111328125,848642
2025-11-03,2484.0,2501.89990234375,2457.5,2467.0,2465.8974609375,731108
2025-11-04,2479.800048828125,2488.89990234375,2390.60009765625,2419.800048828125,2418.718505859375,2072668
2025-11-06,2425.10009765625,2427.10009765625,2307.60009765625,2314.300048828125,2313.265869140625,1978147
2025-11-07,2315.0,2402.5,2291.39990234375,2369.39990234375,2368.341064453125,2232889
2025-11-10,2308.2470703125,2315.13037109375,2291.86279296875,2298.358154296875,2297.3310546875,577428
2025-11-11,2295.74072265625,2306.30810546875,2267.140869140625,2294.5771484375,2293.5517578125,654132
2025-11-12,2311.25244140625,2440.6787109375,2288.954345703125,2408.685546875,2407.609130859375,6895852
2025-11-13,2425.651611328125,2447.94970703125,2392.7861328125,2412.272705078125,2411.194580078125,2791508
2025-11-14,2423.712646484375,2475.77392578125,2405.29248046875,2440.0,2438.909423828125,4637753
2025-11-17,2460.0,2474.89990234375,2421.0,2462.0,2460.899658203125,2672697
2025-11-18,2462.0,2478.60009765625,2434.300048828125,2436.800048828125,2435.7109375,1245215
2025-11-19,2446.5,2449.89990234375,2413.89990234375,2433.10009765625,2432.0126953125,774785
2025-11-20,2450.10009765625,2478.89990234375,2440.39990234375,2446.10009765625,2445.0068359375,1526556
2025-11-21,2450.0,2456.199951171875,2418.0,2422.300048828125,2421.217529296875,547541
2025-11-24,2426.199951171875,2432.300048828125,2393.10009765625,2399.199951171875,2398.127685546875,691419
2025-11-25,2400.89990234375,2407.699951171875,2325.300048828125,2332.89990234375,2331.857177734375,2223715
2025-11-26,2321.199951171875,2357.0,2310.0,2315.0,2313.96533203125,1026965
2025-11-27,2310.0,2320.5,2243.0,2255.0,2253.9921875,1474038
2025-11-28,2267.10009765625,2331.0,2247.800048828125,2280.199951171875,2279.180908203125,3037620
2025-12-01,2300.0,2304.0,2257.0,2262.0,2260.989013671875,1313265
2025-12-02,2255.0,2267.199951171875,2232.199951171875,2239.60009765625,2238.59912109375,1035354
2025-12-03,2240.0,2245.0,2172.199951171875,2189.800048828125,2188.8212890625,1643852
2025-12-04,2188.0,2231.699951171875,2183.39990234375,2217.89990234375,2216.90869140625,2522821
2025-12-05,2217.89990234375,2268.60009765625,2202.89990234375,2265.39990234375,2264.387451171875,2400781
2025-12-08,2265.39990234375,2270.39990234375,2205.0,2216.199951171875,2215.20947265625,939764
2025-12-09,2216.199951171875,2257.0,2178.39990234375,2245.199951171875,2244.196533203125,1227728
2025-12-10,2255.800048828125,2267.5,2204.10009765625,2211.60009765625,2210.61181640625,935149
2025-12-11,2225.0,2293.89990234375,2192.39990234375,2277.699951171875,2276.68212890625,1519832
2025-12-12,2277.699951171875,2296.800048828125,2270.199951171875,2282.39990234375,2281.3798828125,929199
2025-12-15,2282.39990234375,2300.0,2273.0,2278.89990234375,2277.88134765625,573027
2025-12-16,2270.0,2276.800048828125,2232.10009765625,2247.89990234375,2246.895263671875,654714
2025-12-17,2247.60009765625,2255.0,2221.0,2232.5,2231.502197265625,651509
2025-12-18,2236.39990234375,2245.0,2211.10009765625,2229.300048828125,2228.3037109375,508238
2025-12-19,2249.0,2250.0,2210.0,2239.0,2237.999267578125,880005
2025-12-22,2260.0,2274.0,2245.89990234375,2263.5,2262.488525390625,599195
2025-12-23,2272.5,2273.60009765625,2245.0,2248.800048828125,2247.794921875,450112
2025-12-24,2250.0,2258.800048828125,2217.39990234375,2222.699951171875,2221.70654296875,825693
2025-12-26,2229.300048828125,2250.89990234375,2218.0,2229.89990234375,2228.9033203125,566237
2025-12-29,2232.0,2238.199951171875,2196.0,2203.199951171875,2202.21533203125,690691
2025-12-30,2204.800048828125,2219.0,2195.0,2214.699951171875,2213.710205078125,935026
2025-12-31,2216.300048828125,2246.39990234375,2216.300048828125,2239.699951171875,2238.698974609375,779141
2026-01-01,2249.0,2287.39990234375,2241.0,2260.0,2258.989990234375,1046220
2026-01-02,2260.0,2283.699951171875,2259.0,2279.800048828125,2278.78125,715242
2026-01-05,2287.0,2303.89990234375,2274.300048828125,2279.5,2278.481201171875,696380
2026-01-06,2288.89990234375,2290.39990234375,2248.10009765625,2259.10009765625,2258.090576171875,698294
2026-01-07,2265.0,2284.0,2243.0,2274.10009765625,2273.083740234375,529451
2026-01-08,2275.0,2275.89990234375,2205.0,2214.0,2213.010498046875,792800
2026-01-09,2214.10009765625,2216.0,2145.0,2153.699951171875,2152.737548828125,1570376
2026-01-12,2156.60009765625,2180.0,2119.0,2171.60009765625,2170.629638671875,1257197
2026-01-13,2187.800048828125,2187.800048828125,2141.10009765625,2158.5,2157.535400390625,791556
2026-01-14,2156.0,2169.0,2142.0,2153.300048828125,2152.337646484375,618139
2026-01-15,2153.300048828125,2153.300048828125,2153.300048828125,2153.300048828125,2152.337646484375,0
2026-01-16,2162.800048828125,2193.89990234375,2152.10009765625,2157.300048828125,2156.3359375,758469
2026-01-19,2155.0,2156.800048828125,2123.0,2134.60009765625,2133.64599609375,749495
2026-01-20,2134.0,2139.89990234375,2040.0,2055.10009765625,2054.181640625,1160975
2026-01-21,2056.5,2068.199951171875,2004.0999755859375,2032.199951171875,2031.291748046875,1354644
2026-01-22,2055.89990234375,2102.89990234375,2051.0,2086.39990234375,2085.467529296875,942721
2026-01-23,2080.5,2082.5,1848.0,1864.199951171875,1863.3668212890625,7492631
2026-01-27,1909.0,1973.9000244140625,1893.0,1959.5,1958.624267578125,5449633
2026-01-28,1985.0,2004.0,1952.0,1994.699951171875,1993.8084716796875,2073198
2026-01-29,1999.800048828125,2029.0999755859375,1972.0,2019.199951171875,2018.2974853515625,1391239
2026-01-30,2005.0,2038.800048828125,1992.199951171875,2020.4000244140625,2019.4970703125,1230915
2026-02-02,1956.5999755859375,2002.199951171875,1934.0,1995.4000244140625,1994.50830078125,1229270
2026-02-03,2150.0,2233.39990234375,2131.10009765625,2202.60009765625,2201.61572265625,6918581
2026-02-04,2220.0,2246.0,2189.199951171875,2228.199951171875,2227.2041015625,2051918
2026-02-05,2232.0,2243.699951171875,2210.0,2236.60009765625,2235.6005859375,992382
2026-02-06,2226.10009765625,2238.0,2200.39990234375,2226.39990234375,2225.40478515625,933650
2026-02-09,2250.0,2288.0,2240.0,2250.10009765625,2249.094482421875,1650899
2026-02-10,2259.0,2268.300048828125,2171.0,2228.39990234375,2227.404052734375,1670672
2026-02-11,2232.89990234375,2237.699951171875,2215.10009765625,2234.39990234375,2233.4013671875,682320
2026-02-12,2229.0,2229.5,2201.0,2211.800048828125,2210.8115234375,649585
2026-02-13,2210.0,2210.0,2124.199951171875,2136.60009765625,2135.645263671875,1489548
2026-02-16,2124.199951171875,2190.89990234375,2103.199951171875,2184.60009765625,2183.623779296875,1824808
2026-02-17,2170.0,2252.0,2170.0,2242.89990234375,2241.8974609375,1931699
2026-02-18,2254.0,2254.0,2188.10009765625,2211.199951171875,2210.211669921875,1149398
2026-02-19,2218.89990234375,2218.89990234375,2151.0,2156.699951171875,2155.736083984375,1101633
2026-02-20,2160.0,2174.39990234375,2152.10009765625,2160.800048828125,2159.83447265625,738454
2026-02-23,2180.0,2203.0,2155.300048828125,2191.0,2190.020751953125,1103960
2026-02-24,2168.60009765625,2204.699951171875,2162.199951171875,2183.0,2182.0244140625,1152423
2026-02-25,2193.199951171875,2237.300048828125,2180.10009765625,2231.699951171875,2230.70263671875,1474187
2026-02-26,2230.0,2232.39990234375,2200.10009765625,2216.39990234375,2215.409423828125,915342
2026-02-27,2210.0,2216.39990234375,2153.0,2161.800048828125,2160.833984375,1433096
2026-03-02,2093.0,2147.89990234375,2073.699951171875,2124.60009765625,2123.650634765625,2134522
2026-03-04,2104.60009765625,2104.60009765625,2037.5,2076.5,2075.572021484375,1585848
2026-03-05,2094.0,2100.0,2040.0,2089.199951171875,2088.266357421875,1231524
2026-03-06,2079.10009765625,2090.0,2030.199951171875,2039.9000244140625,2038.9884033203125,1696027
2026-03-09,1985.0,2006.0,1940.4000244140625,1999.199951171875,1998.3065185546875,1305447
2026-03-10,2030.0,2030.0,1982.199951171875,1996.5,1995.6077880859375,1680405
2026-03-11,2006.5999755859375,2027.4000244140625,1970.0,1974.699951171875,1973.8173828125,1088294
2026-03-12,1960.0,2026.0,1947.0999755859375,2002.0,2001.105224609375,1473773
2026-03-13,1999.9000244140625,2008.5999755859375,1945.0,1961.0999755859375,1960.2235107421875,1195448
2026-03-16,1961.0,1994.800048828125,1946.5999755859375,1978.0,1977.115966796875,1465828
2026-03-17,1989.9000244140625,1990.0,1945.0,1975.4000244140625,1974.5172119140625,1268988
2026-03-18,1988.9000244140625,2027.0,1982.199951171875,2007.199951171875,2006.3028564453125,1041095
2026-03-19,1984.0,1988.5999755859375,1930.0,1936.800048828125,1935.9344482421875,1510588
2026-03-20,1951.0,1974.4000244140625,1919.9000244140625,1927.0999755859375,1926.23876953125,1175662
2026-03-23,1910.0,1910.0999755859375,1820.5,1833.0,1832.1807861328125,2370668
2026-03-24,1892.699951171875,1893.0,1813.699951171875,1817.9000244140625,1817.0875244140625,11211381
2026-03-25,1847.9000244140625,1911.0,1839.199951171875,1886.5999755859375,1885.7568359375,2537690
2026-03-27,1880.0,1883.199951171875,1816.5,1823.0,1822.185302734375,2585257
2026-03-30,1810.0,1837.800048828125,1753.0,1758.800048828125,1758.0140380859375,2825299
2026-04-01,1825.0,1870.0,1803.800048828125,1842.5,1841.676513671875,2328166
2026-04-02,1805.0,1842.9000244140625,1770.0999755859375,1834.199951171875,1833.3802490234375,1830598
2026-04-06,1836.9000244140625,1909.0,1802.0999755859375,1902.199951171875,1901.349853515625,3153437
2026-04-07,1890.0,1904.5999755859375,1865.0,1882.0999755859375,1881.2587890625,1566909
2026-04-08,2000.0,2099.0,1975.0999755859375,2043.800048828125,2042.8865966796875,4197831
2026-04-09,2039.800048828125,2065.0,2010.300048828125,2040.5,2039.5880126953125,2481188
2026-04-10,2043.0999755859375,2094.60009765625,2041.699951171875,2086.800048828125,2085.867431640625,1700162
2026-04-13,2010.199951171875,2159.0,2000.199951171875,2129.0,2128.048583984375,3729773
2026-04-15,2187.0,2200.0,2136.0,2144.39990234375,2143.441650390625,1779015
2026-04-16,2170.0,2210.39990234375,2161.10009765625,2203.699951171875,2202.715087890625,2188912
2026-04-17,2240.0,2240.0,2186.10009765625,2218.300048828125,2217.30859375,2408901
2026-04-20,2218.300048828125,2280.10009765625,2202.199951171875,2229.60009765625,2228.603759765625,1795338
2026-04-21,2229.699951171875,2255.0,2220.0,2226.0,2225.005126953125,1818221
2026-04-22,2229.0,2278.60009765625,2224.10009765625,2260.800048828125,2259.78955078125,3517237
2026-04-23,2243.5,2333.89990234375,2221.800048828125,2300.0,2298.97216796875,2948009
2026-04-24,2310.199951171875,2321.39990234375,2227.0,2287.60009765625,2286.57763671875,2271317
2026-04-27,2300.199951171875,2337.0,2286.0,2321.800048828125,2320.762451171875,1500864
2026-04-28,2321.800048828125,2420.0,2320.89990234375,2412.39990234375,2411.32177734375,4375556
2026-04-29,2427.60009765625,2443.800048828125,2388.0,2425.89990234375,2424.815673828125,4656967
2026-04-30,2394.89990234375,2420.0,2328.800048828125,2408.39990234375,2407.323486328125,3538354
2026-05-01,2408.39990234375,2408.39990234375,2408.39990234375,2408.39990234375,2407.323486328125,0
2026-05-04,2390.39990234375,2515.0,2375.0,2485.699951171875,2484.589111328125,6039537
2026-05-05,2470.0,2511.89990234375,2450.0,2462.0,2460.899658203125,1622580
2026-05-06,2475.5,2546.5,2472.199951171875,2540.300048828125,2539.164794921875,3169133
2026-05-07,2540.300048828125,2549.89990234375,2506.199951171875,2513.699951171875,2512.57666015625,1098088
2026-05-08,2519.0,2546.10009765625,2500.0,2505.89990234375,2504.780029296875,1499613
2026-05-11,2495.0,2514.0,2460.0,2500.199951171875,2499.08251953125,1279432
2026-05-12,2487.699951171875,2511.699951171875,2400.10009765625,2405.199951171875,2404.125,1459022
2026-05-13,2401.10009765625,2530.0,2401.10009765625,2498.0,2496.883544921875,2036291
2026-05-14,2530.10009765625,2720.0,2530.0,2712.89990234375,2711.6875,9539233
2026-05-15,2781.10009765625,2803.10009765625,2661.0,2716.0,2714.7861328125,6742083
2026-05-18,2700.0,2710.0,2647.5,2689.800048828125,2688.597900390625,2033884
2026-05-19,2734.699951171875,2774.5,2697.0,2725.0,2723.7822265625,4204144
2026-05-20,2715.0,2720.0,2685.10009765625,2704.800048828125,2703.59130859375,1187449
2026-05-21,2727.89990234375,2770.0,2684.0,2697.60009765625,2696.39453125,1606690
2026-05-22,2710.199951171875,2745.0,2706.10009765625,2717.300048828125,2716.085693359375,1094843
2026-05-25,2739.800048828125,2858.800048828125,2739.300048828125,2849.699951171875,2848.42626953125,3277924
2026-05-26,2846.0,2979.39990234375,2825.0,2969.300048828125,2967.972900390625,4899494
2026-05-27,2982.0,3027.5,2944.0,2973.10009765625,2971.771484375,3826916
2026-05-28,2973.10009765625,2973.10009765625,2973.10009765625,2973.10009765625,2971.771484375,0
2026-05-29,2987.800048828125,2995.0,2926.800048828125,2937.39990234375,2936.087158203125,4040865
2026-06-01,2949.89990234375,2955.699951171875,2891.10009765625,2909.39990234375,2908.099609375,1629342
2026-06-02,2885.0,2975.0,2865.199951171875,2968.10009765625,2966.773681640625,2066890
2026-06-03,2960.0,2965.0,2888.10009765625,2925.60009765625,2924.29248046875,1346112
2026-06-04,2920.0,2983.0,2918.10009765625,2972.800048828125,2971.471435546875,1722991
2026-06-05,2992.0,3059.800048828125,2921.800048828125,3048.199951171875,3046.837646484375,5617327
2026-06-08,3017.699951171875,3039.800048828125,2955.10009765625,2970.0,2968.672607421875,1653499
2026-06-09,2985.89990234375,2998.699951171875,2935.89990234375,2979.89990234375,2978.568115234375,1841620
2026-06-10,2977.0,2994.89990234375,2918.0,2931.10009765625,2929.7900390625,1475029
2026-06-11,2895.10009765625,2966.800048828125,2895.10009765625,2908.800048828125,2907.5,1204115
2026-06-12,2958.800048828125,2971.89990234375,2886.199951171875,2921.60009765625,2921.60009765625,2321009
2026-06-15,2960.0,2983.0,2935.0,2942.5,2942.5,1174229
2026-06-16,2971.39990234375,2997.699951171875,2928.300048828125,2943.60009765625,2943.60009765625,1851843
2026-06-17,2958.0,2974.5,2934.60009765625,2951.89990234375,2951.89990234375,1244567
2026-06-18,2952.0,3041.0,2938.0,3013.39990234375,3013.39990234375,1774394
2026-06-19,3017.0,3051.89990234375,3009.10009765625,3038.39990234375,3038.39990234375,3620222
2026-06-22,3040.0,3065.0,3001.0,3059.60009765625,3059.60009765625,1726452
2026-06-23,3072.0,3091.699951171875,2943.5,2962.89990234375,2962.89990234375,1620658
2026-06-24,2988.300048828125,3077.800048828125,2971.0,3069.699951171875,3069.699951171875,2527812
2026-06-25,3086.0,3105.0,3027.699951171875,3038.0,3038.0,1719600
2026-06-26,3038.0,3038.0,3038.0,3038.0,3038.0,0
2026-06-29,3020.0,3020.0,2955.0,2962.5,2962.5,1693354
2026-06-30,2980.0,3054.60009765625,2969.0,3036.0,3036.0,2099291
2026-07-01,3041.0,3149.800048828125,3012.800048828125,3143.60009765625,3143.60009765625,3415655
2026-07-02,3155.89990234375,3229.60009765625,3147.0,3177.5,3177.5,3400034
2026-07-03,3192.0,3224.0,3105.5,3212.10009765625,3212.10009765625,2848623
2026-07-06,3230.0,3245.0,3187.699951171875,3206.60009765625,3206.60009765625,1978869
2026-07-07,3209.89990234375,3215.199951171875,3096.5,3107.199951171875,3107.199951171875,2093552
2026-07-08,3105.0,3146.89990234375,3028.0,3046.89990234375,3046.89990234375,2321035
2026-07-09,3060.0,3105.0,3026.800048828125,3083.60009765625,3083.60009765625,2609306
2026-07-10,3105.0,3183.0,3100.0,3157.300048828125,3157.300048828125,2145335
2026-07-13,3127.300048828125,3195.0,3115.199951171875,3177.5,3177.5,1599810
2026-07-14,3169.89990234375,3219.699951171875,3145.0,3188.89990234375,3188.89990234375,1932879
2026-07-15,3195.0,3199.89990234375,3142.300048828125,3150.60009765625,3150.60009765625,1035101
2026-07-16,3167.60009765625,3190.0,3140.10009765625,3151.39990234375,3151.39990234375,1151243
2026-07-17,3156.10009765625,3184.800048828125,3140.0,3160.699951171875,3160.699951171875,1021302
2026-07-20,3162.699951171875,3189.0,3133.0,3183.300048828125,3183.300048828125,994778
2026-07-21,3175.199951171875,3213.5,3170.0,3182.699951171875,3182.699951171875,951463
2026-07-22,3182.0,3201.89990234375,3139.0,3147.699951171875,3147.699951171875,977224
2026-07-23,3147.10009765625,3147.10009765625,3001.300048828125,3010.0,3010.0,1580313
2026-07-24,3010.0,3041.89990234375,2992.5,3026.39990234375,3026.39990234375,1280635
2026-07-27,3045.10009765625,3057.39990234375,3008.10009765625,3036.60009765625,3036.60009765625,636870
2026-07-28,3038.0,3038.0,2996.199951171875,3002.300048828125,3002.300048828125,1096125
2026-07-29,3017.800048828125,3048.300048828125,2972.699951171875,3024.5,3024.5,1547208
2026-07-30,3024.5,3060.89990234375,2994.60009765625,3049.10009765625,3049.10009765625,1278332
2026-07-31,3051.0,3067.5,3002.39990234375,3009.5,3009.5,866401
2026-08-03,3025.0,3077.0,3024.5,3068.0,3068.0,891429
2026-08-04,3063.10009765625,3091.5,3020.89990234375,3050.0,3050.0,854172
2026-08-05,3055.0,3085.89990234375,3037.300048828125,3050.0,3050.0,870914
2026-08-06,3050.0,3072.39990234375,3025.699951171875,3026.0,3026.0,843121
2026-08-07,3025.89990234375,3039.5,3004.5,3020.0,3020.0,788881
2026-08-10,3020.0,3021.800048828125,2969.89990234375,3010.0,3010.0,811593
2026-08-11,3062.0,3062.0,2980.0,2995.5,2995.5,1422452
2026-08-12,3020.0,3020.0,2943.0,2985.699951171875,2985.699951171875,1160458
2026-08-13,2986.199951171875,3019.5,2932.800048828125,2964.89990234375,2964.89990234375,1302957
2026-08-14,2965.0,3048.0,2950.0,3035.10009765625,3035.10009765625,1666749
2026-08-17,3049.0,3058.60009765625,3005.5,3007.300048828125,3007.300048828125,941404
2026-08-18,3014.0,3036.0,3002.5,3002.5,3002.5,721988
2026-08-19,3012.699951171875,3019.0,2967.300048828125,2990.300048828125,2990.300048828125,938700
2026-08-20,3000.0,3011.0,2990.0,2994.89990234375,2994.89990234375,713687
2026-08-21,2995.0,3007.5,2981.0,2997.0,2997.0,803177
2026-08-24,3010.0,3019.800048828125,2971.5,2998.60009765625,2998.60009765625,832518
2026-08-25,2998.0,3110.0,2962.5,3110.0,3110.0,2025912
2026-08-26,3122.800048828125,3165.0,3092.800048828125,3112.0,3112.0,2044729
2026-08-27,3125.0,3169.0,3125.0,3169.0,3169.0,1793570
2026-08-28,3170.0,3173.699951171875,3133.300048828125,3168.5,3168.5,530795
2026-08-31,3165.0,3165.0,2859.10009765625,2859.10009765625,2859.10009765625,12872435
2026-09-01,2910.0,2942.5,2846.0,2863.89990234375,2863.89990234375,3862408
2026-09-02,2859.800048828125,2905.0,2830.5,2891.800048828125,2891.800048828125,1642492
2026-09-03,2905.0,2920.5,2885.199951171875,2901.0,2901.0,816124
2026-09-04,2900.0,2965.0,2882.800048828125,2938.0,2938.0,1060844
2026-09-07,2940.0,2964.39990234375,2918.5,2950.0,2950.0,981218
2026-09-08,2933.0,2968.800048828125,2918.0,2953.10009765625,2953.10009765625,971374
2026-09-09,2959.89990234375,3142.0,2935.199951171875,3104.699951171875,3104.699951171875,5320594
2026-09-10,3114.5,3114.5,3041.10009765625,3077.199951171875,3077.199951171875,1716315
2026-09-11,3040.0,3065.0,2999.0,3060.0,3060.0,1815342
2026-09-14,3060.0,3060.0,3060.0,3060.0,3060.0,0
2026-09-15,3080.0,3083.699951171875,2921.300048828125,2928.60009765625,2928.60009765625,1783310
2026-09-16,2957.0,2972.89990234375,2914.300048828125,2920.0,2920.0,764624
2026-09-17,2930.10009765625,2945.0,2907.0,2923.199951171875,2923.199951171875,588066
2026-09-18,2933.0,3020.0,2924.60009765625,3020.0,3020.0,1628125
2026-09-21,2995.60009765625,3015.89990234375,2973.0,2975.0,2975.0,782730
2026-09-22,2995.0,3026.10009765625,2979.60009765625,2997.0,2997.0,793747
2026-09-23,3015.5,3023.89990234375,2978.199951171875,2993.199951171875,2993.199951171875,855435
2026-09-24,2978.0,2978.0,2898.199951171875,2900.0,2900.0,1082462
2026-09-25,2920.0,2939.89990234375,2902.5,2916.5,2916.5,570504
2026-09-28,2924.0,2924.0,2811.0,2831.10009765625,2831.10009765625,1259525
2026-09-29,2834.60009765625,2972.89990234375,2793.699951171875,2972.89990234375,2972.89990234375,4062231
2026-09-30,2910.0,2957.60009765625,2880.0,2903.39990234375,2903.39990234375,1663023
