date,open,high,low,close,adj_close,volume
2015-01-01,137.0,138.14999389648438,136.0,137.39999389648438,121.66377258300781,3057025
2015-01-02,138.39999389648438,140.75,137.10000610351562,139.1999969482422,123.25758361816406,4759090
2015-01-05,136.8000030517578,137.5,134.8000030517578,135.8000030517578,120.24699401855469,5929537
2015-01-06,134.0,135.5,132.25,133.64999389648438,118.3432388305664,6414971
2015-01-07,133.4499969482422,137.5,131.60000610351562,134.60000610351562,119.18446350097656,7368573
2015-01-08,136.8000030517578,143.64999389648438,135.3000030517578,142.75,126.40101623535156,9062204
2015-01-09,143.5,144.25,133.0,137.85000610351562,122.06222534179688,8109551
2015-01-12,137.60000610351562,138.4499969482422,135.5,136.5,120.86683654785156,5247669
2015-01-13,137.10000610351562,137.4499969482422,132.3000030517578,133.25,117.98906707763672,7351163
2015-01-14,132.64999389648438,134.9499969482422,132.39999389648438,133.35000610351562,118.07760620117188,5751188
2015-01-15,137.89999389648438,149.5,136.5500030517578,147.8000030517578,130.8726806640625,17725500
2015-01-16,146.60000610351562,151.35000610351562,143.0500030517578,146.25,129.50021362304688,13096543
2015-01-19,146.89999389648438,148.60000610351562,143.1999969482422,145.35000610351562,128.7032470703125,5451338
2015-01-20,146.1999969482422,147.89999389648438,143.1999969482422,145.64999389648438,128.96890258789062,4747097
2015-01-21,146.0,146.89999389648438,141.85000610351562,143.6999969482422,127.24223327636719,4821636
2015-01-22,144.39999389648438,149.8000030517578,143.1999969482422,148.60000610351562,131.5810546875,9019250
2015-01-23,150.89999389648438,157.89999389648438,148.85000610351562,156.6999969482422,138.75335693359375,14722411
2015-01-27,157.60000610351562,159.1999969482422,153.8000030517578,157.89999389648438,139.81593322753906,8855525
2015-01-28,155.64999389648438,164.10000610351562,154.1999969482422,163.0500030517578,144.37612915039062,11878411
2015-01-29,161.1999969482422,168.75,161.1999969482422,166.64999389648438,147.56381225585938,12112048
2015-01-30,168.39999389648438,175.0,165.85000610351562,169.89999389648438,150.4415740966797,11569727
2015-02-02,171.0,174.35000610351562,168.10000610351562,172.9499969482422,153.14224243164062,7545950
2015-02-03,173.5500030517578,174.39999389648438,166.89999389648438,170.10000610351562,150.61868286132812,7479301
2015-02-04,170.6999969482422,179.1999969482422,165.1999969482422,173.35000610351562,153.4964599609375,12756976
2015-02-05,172.4499969482422,174.35000610351562,168.1999969482422,169.39999389648438,149.99880981445312,6889506
2015-02-06,168.5,171.75,160.0,163.4499969482422,144.7302703857422,10514349
2015-02-09,156.0500030517578,163.3000030517578,154.25,157.10000610351562,139.1075439453125,8809558
2015-02-10,151.1999969482422,161.14999389648438,148.0,157.5500030517578,139.5060272216797,12490607
2015-02-11,157.1999969482422,160.75,156.14999389648438,158.39999389648438,140.25868225097656,7961425
2015-02-12,159.3000030517578,160.9499969482422,155.60000610351562,158.75,140.5685577392578,5932767
2015-02-13,159.60000610351562,164.4499969482422,153.60000610351562,155.1999969482422,137.42515563964844,7459362
2015-02-16,156.85000610351562,158.10000610351562,154.39999389648438,155.5,137.69081115722656,7631900
2015-02-18,157.0,157.35000610351562,148.25,149.9499969482422,132.7764129638672,7260335
2015-02-19,151.89999389648438,152.6999969482422,146.60000610351562,150.25,133.0420684814453,8145217
2015-02-20,151.14999389648438,154.39999389648438,150.3000030517578,151.35000610351562,134.01609802246094,6299259
2015-02-23,151.9499969482422,152.0500030517578,145.1999969482422,146.5500030517578,129.76583862304688,6255008
2015-02-24,148.14999389648438,148.4499969482422,145.0500030517578,146.64999389648438,129.8543701171875,5363297
2015-02-25,147.10000610351562,150.89999389648438,146.5500030517578,147.4499969482422,130.562744140625,6740635
2015-02-26,147.4499969482422,151.64999389648438,146.64999389648438,150.5,133.26344299316406,6970504
2015-02-27,148.25,157.14999389648438,147.0500030517578,155.9499969482422,138.0892333984375,12535891
2015-03-02,156.9499969482422,160.1999969482422,153.39999389648438,154.5500030517578,136.84959411621094,6623433
2015-03-03,155.8000030517578,156.89999389648438,150.3000030517578,151.3000030517578,133.97181701660156,5781561
2015-03-04,156.25,157.89999389648438,151.6999969482422,154.10000610351562,136.45114135742188,8764606
2015-03-05,154.4499969482422,155.85000610351562,151.5500030517578,154.14999389648438,136.49539184570312,5560556
2015-03-09,154.0,156.4499969482422,148.64999389648438,151.0,133.70616149902344,6088574
2015-03-10,151.1999969482422,151.60000610351562,143.6999969482422,144.89999389648438,128.30479431152344,8941746
2015-03-11,145.0,146.39999389648438,139.10000610351562,145.0500030517578,128.43760681152344,9714297
2015-03-12,146.5,149.9499969482422,145.0500030517578,149.4499969482422,132.33367919921875,5863912
2015-03-13,152.0,162.6999969482422,145.1999969482422,157.39999389648438,139.37318420410156,24833117
2015-03-16,160.8000030517578,165.3000030517578,158.6999969482422,164.3000030517578,145.48294067382812,15502205
2015-03-17,165.35000610351562,167.39999389648438,162.8000030517578,165.0,146.102783203125,9395915
2015-03-18,164.0,165.9499969482422,163.0,164.5,145.66001892089844,5060431
2015-03-19,165.25,167.14999389648438,163.0,163.9499969482422,145.17303466796875,4412152
2015-03-20,164.0,164.8000030517578,158.5500030517578,159.89999389648438,141.58685302734375,5534666
2015-03-23,160.14999389648438,161.35000610351562,156.0,159.35000610351562,141.099853515625,4464757
2015-03-24,158.0,162.25,157.8000030517578,160.10000610351562,141.76394653320312,5077957
2015-03-25,160.35000610351562,165.5,159.0,165.0500030517578,146.14703369140625,7036974
2015-03-26,161.5500030517578,163.9499969482422,157.35000610351562,159.3000030517578,141.0555877685547,10373418
2015-03-27,158.35000610351562,158.89999389648438,151.1999969482422,154.9499969482422,137.20379638671875,6078680
2015-03-30,155.8000030517578,160.0500030517578,153.1999969482422,159.5,141.23268127441406,4581106
2015-03-31,160.0,160.60000610351562,156.14999389648438,158.25,140.12586975097656,4058426
2015-04-01,157.0,160.89999389648438,156.1999969482422,159.6999969482422,141.4097900390625,3098216
2015-04-06,159.64999389648438,169.25,156.4499969482422,167.4499969482422,148.2721710205078,7646511
2015-04-07,168.0,168.5,160.9499969482422,161.9499969482422,143.40208435058594,7451287
2015-04-08,163.0,165.5,157.64999389648438,161.85000610351562,143.3135528564453,10759078
2015-04-09,162.9499969482422,163.14999389648438,157.1999969482422,159.3000030517578,141.0555877685547,5155153
2015-04-10,159.75,162.0,157.60000610351562,158.39999389648438,140.25868225097656,4803517
2015-04-13,159.60000610351562,161.14999389648438,155.85000610351562,156.8000030517578,138.84190368652344,4584338
2015-04-15,157.39999389648438,158.0,152.3000030517578,153.35000610351562,135.78704833984375,4768674
2015-04-16,154.0,154.25,148.64999389648438,150.10000610351562,132.9092559814453,5257987
2015-04-17,150.0,151.8000030517578,146.5,147.14999389648438,130.29710388183594,4896793
2015-04-20,147.89999389648438,149.4499969482422,143.64999389648438,146.25,129.50021362304688,5235207
2015-04-21,146.85000610351562,147.60000610351562,138.10000610351562,138.89999389648438,122.9919662475586,9659999
2015-04-22,139.0,140.25,133.1999969482422,136.8000030517578,121.13248443603516,8921517
2015-04-23,138.25,139.75,135.14999389648438,136.1999969482422,120.6012191772461,4741588
2015-04-24,136.4499969482422,136.89999389648438,130.10000610351562,131.0500030517578,116.04103088378906,6105912
2015-04-27,131.39999389648438,131.85000610351562,122.0999984741211,123.94999694824219,109.7541732788086,7946480
2015-04-28,124.1500015258789,129.14999389648438,123.80000305175781,128.10000610351562,113.42887878417969,6264725
2015-04-29,128.75,134.89999389648438,128.14999389648438,133.75,118.43179321289062,7701687
2015-04-30,133.5,138.4499969482422,129.60000610351562,136.4499969482422,120.82256317138672,8382062
2015-05-04,137.8000030517578,140.39999389648438,137.14999389648438,138.3000030517578,122.460693359375,4282176
2015-05-05,139.8000030517578,141.5,136.1999969482422,139.3000030517578,123.34614562988281,7284056
2015-05-06,138.89999389648438,138.89999389648438,130.0500030517578,131.60000610351562,116.52803802490234,9279235
2015-05-07,130.5,131.0,126.80000305175781,129.0,114.22579193115234,7871289
2015-05-08,131.0,136.3000030517578,129.1999969482422,132.9499969482422,117.72341918945312,9618803
2015-05-11,133.60000610351562,134.0,128.60000610351562,130.25,115.33265686035156,6409011
2015-05-12,130.1999969482422,133.3000030517578,125.0,125.5,111.12664794921875,9107904
2015-05-13,127.0,128.0,123.8499984741211,125.0,110.68392944335938,11645939
2015-05-14,124.4000015258789,127.55000305175781,122.4000015258789,126.94999694824219,112.41057586669922,8970751
2015-05-15,127.0,127.0,124.4000015258789,125.0,110.68392944335938,5894746
2015-05-18,125.4000015258789,126.4000015258789,120.4000015258789,122.80000305175781,108.73589324951172,5330974
2015-05-19,122.75,125.94999694824219,122.5999984741211,124.19999694824219,109.97555541992188,3760223
2015-05-20,125.5,126.9000015258789,121.3499984741211,123.25,109.13434600830078,8544269
2015-05-21,123.5,125.94999694824219,122.05000305175781,124.1500015258789,109.9312744140625,7989333
2015-05-22,125.5,125.69999694824219,122.30000305175781,123.19999694824219,109.0900650024414,4914974
2015-05-25,123.8499984741211,124.80000305175781,120.5999984741211,121.30000305175781,107.40768432617188,4067429
2015-05-26,121.5,122.0,116.5,116.9000015258789,103.51160430908203,5952773
2015-05-27,116.0,121.0,115.0999984741211,119.4000015258789,105.72527313232422,7445557
2015-05-28,120.0,120.0,116.6500015258789,119.4000015258789,105.72527313232422,4886136
2015-05-29,120.0,121.44999694824219,115.5,117.75,104.26424407958984,21110393
2015-06-01,118.94999694824219,122.0,117.55000305175781,118.1500015258789,104.61843872070312,5768042
2015-06-02,119.19999694824219,119.3499984741211,111.19999694824219,113.0999984741211,100.14679718017578,6011361
2015-06-03,114.5,115.0,102.80000305175781,110.55000305175781,97.88885498046875,21170190
2015-06-04,111.4000015258789,112.55000305175781,106.94999694824219,111.1500015258789,98.42013549804688,14101729
2015-06-05,108.75,110.30000305175781,106.30000305175781,107.25,94.96680450439453,7193486
2015-06-08,108.0,111.5,107.0999984741211,109.9000015258789,97.31330871582031,9687681
2015-06-09,109.8499984741211,111.9000015258789,107.55000305175781,110.80000305175781,98.11022186279297,7025198
2015-06-10,112.75,115.69999694824219,111.0999984741211,112.0,99.17279815673828,8397380
2015-06-11,114.5,114.5,107.4000015258789,107.9000015258789,95.5423583984375,7161382
2015-06-12,108.4000015258789,109.4000015258789,104.6500015258789,107.55000305175781,95.23246002197266,6846005
2015-06-15,107.94999694824219,109.25,106.0,108.1500015258789,95.76374053955078,5699786
2015-06-16,108.19999694824219,108.9000015258789,105.69999694824219,107.9000015258789,95.5423583984375,4250200
2015-06-17,108.94999694824219,109.9000015258789,107.44999694824219,108.55000305175781,96.11791229248047,3673721
2015-06-18,109.0999984741211,109.4000015258789,106.4000015258789,106.9000015258789,94.6568832397461,4599512
2015-06-19,107.1500015258789,108.1500015258789,105.80000305175781,106.5,94.30270385742188,4884998
2015-06-22,107.19999694824219,116.4000015258789,106.5,114.5999984741211,101.47502136230469,10211633
2015-06-23,116.0,118.5,114.5999984741211,117.5,104.04289245605469,9247220
2015-06-24,117.80000305175781,117.8499984741211,113.80000305175781,114.44999694824219,101.34219360351562,3727482
2015-06-25,112.75,121.0,112.0999984741211,118.19999694824219,104.66271209716797,11625400
2015-06-26,117.6500015258789,122.94999694824219,114.3499984741211,120.0,106.2565689086914,9360964
2015-06-29,113.8499984741211,119.0,113.0999984741211,117.0,103.60013580322266,5194257
2015-06-30,116.05000305175781,118.80000305175781,115.75,116.9000015258789,103.51160430908203,4070899
2015-07-01,116.80000305175781,118.75,116.55000305175781,117.4000015258789,103.95433807373047,3566230
2015-07-02,116.69999694824219,119.4000015258789,115.8499984741211,116.80000305175781,103.4230728149414,4358746
2015-07-03,116.55000305175781,118.30000305175781,115.5,116.0,102.71467590332031,3630686
2015-07-06,114.0,118.19999694824219,114.0,117.5999984741211,104.13143157958984,3845929
2015-07-07,116.94999694824219,120.4000015258789,116.94999694824219,119.19999694824219,105.54817962646484,4264557
2015-07-08,117.94999694824219,118.1500015258789,115.0,116.5,103.15741729736328,4034686
2015-07-09,117.1500015258789,118.5,116.55000305175781,116.8499984741211,103.46732330322266,3116182
2015-07-10,117.94999694824219,118.05000305175781,113.5999984741211,114.6500015258789,101.51927185058594,3337193
2015-07-13,115.30000305175781,116.0999984741211,113.69999694824219,115.4000015258789,102.18339538574219,3022539
2015-07-14,115.9000015258789,116.25,113.55000305175781,114.4000015258789,101.29793548583984,3119476
2015-07-15,116.69999694824219,118.30000305175781,116.0,116.69999694824219,103.3344955444336,4816079
2015-07-16,116.5,117.25,115.0999984741211,116.05000305175781,102.75894927978516,3547074
2015-07-17,116.4000015258789,116.9000015258789,113.80000305175781,114.19999694824219,101.12081909179688,2737098
2015-07-20,114.19999694824219,114.44999694824219,108.25,108.69999694824219,96.25072479248047,6067534
2015-07-21,108.1500015258789,108.6500015258789,105.0,106.5999984741211,94.39124298095703,5994106
2015-07-22,106.19999694824219,107.80000305175781,105.69999694824219,106.5999984741211,94.39124298095703,4215446
2015-07-23,107.44999694824219,109.5,106.30000305175781,107.80000305175781,95.45381164550781,4013062
2015-07-24,107.30000305175781,108.3499984741211,102.80000305175781,103.19999694824219,91.3806381225586,5551887
2015-07-27,102.19999694824219,104.44999694824219,100.5,101.19999694824219,89.60971069335938,5861376
2015-07-28,102.0,102.0,95.0,95.4000015258789,84.47396087646484,8686984
2015-07-29,96.80000305175781,104.4000015258789,94.19999694824219,101.55000305175781,89.91962432861328,12340725
2015-07-30,102.9000015258789,110.94999694824219,102.0,109.69999694824219,97.1362075805664,17880156
2015-07-31,109.0,116.5999984741211,108.05000305175781,115.05000305175781,101.87349700927734,10625318
2015-08-03,115.0999984741211,117.69999694824219,113.5,115.5,102.27194213867188,6223109
2015-08-04,115.19999694824219,117.05000305175781,111.80000305175781,115.05000305175781,101.87349700927734,6607088
2015-08-05,116.0,126.0999984741211,116.0,122.0999984741211,108.1160659790039,16047306
2015-08-06,121.75,125.5999984741211,120.0999984741211,122.44999694824219,108.42597198486328,9919996
2015-08-07,121.30000305175781,126.5999984741211,120.05000305175781,125.69999694824219,111.30374908447266,11513533
2015-08-10,125.05000305175781,130.39999389648438,123.5999984741211,128.3000030517578,113.60598754882812,10318987
2015-08-11,128.4499969482422,129.6999969482422,122.19999694824219,124.3499984741211,110.10836791992188,7569814
2015-08-12,124.3499984741211,124.3499984741211,124.3499984741211,124.3499984741211,110.10836791992188,0
2015-08-13,118.05000305175781,122.0,110.5,114.25,101.16510009765625,8351901
2015-08-14,116.0,136.6999969482422,113.0,135.25,119.75999450683594,27751885
2015-08-17,132.6999969482422,133.8000030517578,127.75,129.3000030517578,116.20988464355469,14297576
2015-08-18,130.0,131.6999969482422,124.8499984741211,128.0500030517578,115.08643341064453,12797745
2015-08-19,129.89999389648438,131.89999389648438,126.05000305175781,126.69999694824219,113.87311553955078,11063533
2015-08-20,126.0999984741211,127.44999694824219,115.5999984741211,120.0,107.8514175415039,15824669
2015-08-21,116.30000305175781,122.25,111.9000015258789,113.94999694824219,102.41390228271484,16794240
2015-08-24,105.0,107.5,93.3499984741211,96.6500015258789,86.86531066894531,17825912
2015-08-25,99.80000305175781,114.0999984741211,97.0999984741211,112.0999984741211,100.75121307373047,31742998
2015-08-26,111.0,114.30000305175781,108.30000305175781,110.5999984741211,99.4030532836914,15914583
2015-08-27,115.5,116.0999984741211,108.4000015258789,114.75,103.13290405273438,19325858
2015-08-28,117.69999694824219,119.5,111.55000305175781,115.19999694824219,103.537353515625,15818307
2015-08-31,114.0999984741211,117.0,109.4000015258789,110.9000015258789,99.67267608642578,11098531
2015-09-01,108.0,111.3499984741211,104.0999984741211,105.80000305175781,95.08899688720703,10905474
2015-09-02,108.30000305175781,114.25,107.4000015258789,109.69999694824219,98.59416961669922,15425527
2015-09-03,113.0,123.05000305175781,111.8499984741211,120.5999984741211,108.39067840576172,25615172
2015-09-04,120.0,120.30000305175781,111.19999694824219,116.75,104.93042755126953,21553097
2015-09-07,116.0,118.19999694824219,111.69999694824219,112.69999694824219,101.29043579101562,11584547
2015-09-08,114.5,123.75,112.80000305175781,120.3499984741211,108.16596984863281,15552677
2015-09-09,125.0,125.80000305175781,120.80000305175781,122.5,110.09832000732422,12003425
2015-09-10,117.1500015258789,126.05000305175781,116.5999984741211,123.9000015258789,111.35659790039062,14458515
2015-09-11,126.0,127.5999984741211,123.55000305175781,124.80000305175781,112.16546630859375,11524766
2015-09-14,124.80000305175781,126.6500015258789,122.6500015258789,126.0999984741211,113.33385467529297,6333571
2015-09-15,125.19999694824219,127.80000305175781,121.80000305175781,122.3499984741211,109.96349334716797,8814580
2015-09-16,125.0,126.0,121.1500015258789,123.5999984741211,111.08695220947266,8706660
2015-09-18,125.5,131.0,125.05000305175781,126.3499984741211,113.55852508544922,15618398
2015-09-21,124.4000015258789,129.4499969482422,123.0,127.9000015258789,114.95162200927734,6851388
2015-09-22,129.5,130.35000610351562,123.55000305175781,124.69999694824219,112.07559204101562,10774572
2015-09-23,122.5,127.94999694824219,121.94999694824219,127.1500015258789,114.2775650024414,7451135
2015-09-24,126.5,128.85000610351562,125.75,126.55000305175781,113.73831176757812,5550016
2015-09-28,126.0,133.75,124.8499984741211,129.5500030517578,116.43458557128906,16531994
2015-09-29,127.4000015258789,137.3000030517578,126.30000305175781,134.60000610351562,120.97332763671875,19676328
2015-09-30,136.5,138.75,135.14999389648438,137.35000610351562,123.4449234008789,11501067
2015-10-01,138.75,138.8000030517578,132.6999969482422,134.1999969482422,120.61382293701172,9524729
2015-10-05,134.85000610351562,136.9499969482422,132.5,133.9499969482422,120.3891372680664,10221555
2015-10-06,134.5,137.6999969482422,134.5,135.1999969482422,121.51258087158203,7406199
2015-10-07,135.35000610351562,140.35000610351562,134.25,138.39999389648438,124.38864135742188,11799500
2015-10-08,139.9499969482422,141.3000030517578,136.75,138.64999389648438,124.61331939697266,12039618
2015-10-09,141.89999389648438,142.89999389648438,138.35000610351562,139.9499969482422,125.7817153930664,14305062
2015-10-12,138.9499969482422,139.8000030517578,135.39999389648438,136.14999389648438,122.36639404296875,5557629
2015-10-13,135.5500030517578,138.4499969482422,135.5500030517578,136.85000610351562,122.99552917480469,5706788
2015-10-14,136.85000610351562,138.0,132.9499969482422,133.39999389648438,119.89480590820312,7010057
2015-10-15,134.89999389648438,136.14999389648438,134.0,134.5500030517578,120.92839813232422,4734016
2015-10-16,130.0,132.3000030517578,127.6500015258789,128.1999969482422,115.22126007080078,10170319
2015-10-19,129.25,133.1999969482422,127.80000305175781,132.14999389648438,118.7713623046875,8117129
2015-10-20,133.6999969482422,133.89999389648438,130.25,131.6999969482422,118.3669204711914,4776614
2015-10-21,131.6999969482422,132.89999389648438,128.0,128.85000610351562,115.80545043945312,4867466
2015-10-23,132.0,132.5,129.25,130.0500030517578,116.88397216796875,4911591
2015-10-26,130.89999389648438,131.64999389648438,128.35000610351562,129.0,115.94026184082031,3917714
2015-10-27,128.85000610351562,129.0,126.6500015258789,126.94999694824219,114.09780883789062,5584642
2015-10-28,126.0,126.5,122.6500015258789,123.9000015258789,111.35659790039062,6074089
2015-10-29,124.19999694824219,125.5,119.6500015258789,120.4000015258789,108.21090698242188,9660966
2015-10-30,121.44999694824219,122.44999694824219,115.25,116.5,104.70574188232422,8635267
2015-11-02,116.5,119.80000305175781,114.55000305175781,118.69999694824219,106.6830062866211,7266316
2015-11-03,119.9000015258789,121.5,119.0,120.0999984741211,107.94127655029297,7229734
2015-11-04,124.19999694824219,125.69999694824219,121.5,122.3499984741211,109.96349334716797,15016029
2015-11-05,121.6500015258789,123.3499984741211,115.5999984741211,116.1500015258789,104.39118194580078,9484039
2015-11-06,117.30000305175781,119.5999984741211,115.80000305175781,118.5,106.50328063964844,5980063
2015-11-09,113.0,115.9000015258789,112.5999984741211,113.9000015258789,102.36895751953125,11326083
2015-11-10,114.0,114.94999694824219,108.3499984741211,108.75,97.74032592773438,8682106
2015-11-13,110.69999694824219,112.3499984741211,108.5999984741211,110.19999694824219,99.04353332519531,8429796
2015-11-16,110.0,110.80000305175781,108.0999984741211,109.8499984741211,98.7289810180664,6728402
2015-11-17,111.25,113.5,111.0,111.4000015258789,100.12206268310547,8446681
2015-11-18,111.44999694824219,111.94999694824219,105.55000305175781,106.5,95.71812438964844,7988700
2015-11-19,108.0,108.4000015258789,102.80000305175781,103.30000305175781,92.84210205078125,15834962
2015-11-20,103.4000015258789,106.0,101.80000305175781,102.25,91.89840698242188,12556533
2015-11-23,102.9000015258789,104.5,102.3499984741211,103.1500015258789,92.70726776123047,8349362
2015-11-24,103.4000015258789,108.0,103.1500015258789,107.1500015258789,96.30233001708984,16020202
2015-11-26,109.0,116.5,108.5,113.55000305175781,102.05441284179688,29194432
2015-11-27,114.9000015258789,115.6500015258789,112.0999984741211,114.05000305175781,102.50379943847656,13200331
2015-11-30,114.4000015258789,116.80000305175781,112.55000305175781,116.0,104.25634765625,34796886
2015-12-01,116.19999694824219,118.75,115.0,117.9000015258789,105.96400451660156,13399897
2015-12-02,118.3499984741211,119.0,115.75,117.05000305175781,105.2000732421875,6745535
2015-12-03,116.0999984741211,120.44999694824219,115.75,118.9000015258789,106.8627700805664,9642164
2015-12-04,117.5,118.9000015258789,116.4000015258789,117.1500015258789,105.2899398803711,5909089
2015-12-07,117.5,118.44999694824219,115.55000305175781,116.5999984741211,104.79561614990234,6098766
2015-12-08,115.30000305175781,117.19999694824219,109.75,110.4000015258789,99.22329711914062,7803535
2015-12-09,109.9000015258789,111.80000305175781,107.0999984741211,110.44999694824219,99.26824188232422,12680778
2015-12-10,112.5,113.5,110.4000015258789,111.55000305175781,100.25686645507812,7655638
2015-12-11,112.0,112.4000015258789,106.19999694824219,108.19999694824219,97.24601745605469,8413623
2015-12-14,107.5,110.1500015258789,105.4000015258789,107.05000305175781,96.21244049072266,7780225
2015-12-15,108.0,108.9000015258789,107.0999984741211,108.30000305175781,97.33587646484375,4827608
2015-12-16,109.0999984741211,114.5,108.9000015258789,113.0999984741211,101.64995574951172,12638792
2015-12-17,114.5,115.8499984741211,113.0999984741211,115.3499984741211,103.67216491699219,7506273
2015-12-18,115.30000305175781,116.94999694824219,114.0999984741211,114.55000305175781,102.95316314697266,7709429
2015-12-21,114.80000305175781,116.5,113.8499984741211,116.0999984741211,104.34623718261719,5152431
2015-12-22,116.69999694824219,117.75,112.8499984741211,113.44999694824219,101.96450805664062,6661928
2015-12-23,114.30000305175781,117.0999984741211,113.69999694824219,116.0999984741211,104.34623718261719,11304857
2015-12-24,116.4000015258789,116.5,113.8499984741211,114.3499984741211,102.77340698242188,6186623
2015-12-28,114.1500015258789,115.9000015258789,113.0999984741211,115.1500015258789,103.49241638183594,6178737
2015-12-29,115.94999694824219,116.30000305175781,112.5,113.80000305175781,102.27909088134766,6738765
2015-12-30,114.0999984741211,114.94999694824219,113.1500015258789,113.9000015258789,102.36895751953125,4680277
2015-12-31,114.0999984741211,116.75,113.69999694824219,116.0,104.25634765625,11801392
2016-01-01,115.94999694824219,122.0,115.19999694824219,121.55000305175781,109.24449157714844,13839642
2016-01-04,120.4000015258789,122.75,117.55000305175781,118.4000015258789,106.41339111328125,11343369
2016-01-05,119.4000015258789,121.0999984741211,118.0,118.4000015258789,106.41339111328125,23815902
2016-01-06,118.9000015258789,119.30000305175781,114.25,114.75,103.13290405273438,10845589
2016-01-07,113.0,113.0,105.75,106.80000305175781,95.98775482177734,24867867
2016-01-08,107.30000305175781,113.5999984741211,107.05000305175781,112.19999694824219,100.84107208251953,22157004
2016-01-11,109.25,113.4000015258789,107.55000305175781,112.19999694824219,100.84107208251953,11597335
2016-01-12,113.25,113.55000305175781,107.55000305175781,109.75,98.63910675048828,9515402
2016-01-13,111.5,114.0,104.25,110.0999984741211,98.95366668701172,19405771
2016-01-14,106.94999694824219,108.4000015258789,105.0,105.8499984741211,95.13391876220703,14789012
2016-01-15,106.3499984741211,107.69999694824219,98.44999694824219,99.6500015258789,89.56160736083984,14467548
2016-01-18,100.30000305175781,101.5999984741211,95.0999984741211,96.05000305175781,86.3260726928711,13670077
2016-01-19,96.0,98.0999984741211,93.44999694824219,96.1500015258789,86.41594696044922,13598821
2016-01-20,93.9000015258789,93.9000015258789,90.0,92.25,82.91075897216797,15236321
2016-01-21,93.69999694824219,94.69999694824219,90.30000305175781,91.6500015258789,82.37152099609375,11253754
2016-01-22,93.05000305175781,95.75,92.5,94.55000305175781,84.97792053222656,11036494
2016-01-25,95.80000305175781,95.80000305175781,92.0999984741211,93.5,84.03421783447266,8165215
2016-01-27,94.6500015258789,97.25,93.80000305175781,95.6500015258789,85.96656036376953,10692219
2016-01-28,95.30000305175781,95.80000305175781,93.5999984741211,94.44999694824219,84.88805389404297,11425084
2016-01-29,94.6500015258789,97.44999694824219,92.9000015258789,96.3499984741211,86.595703125,8899820
2016-02-01,96.5,98.0,95.69999694824219,96.75,86.95519256591797,7072185
2016-02-02,96.5,97.3499984741211,92.5999984741211,93.3499984741211,83.8994140625,8889021
2016-02-03,93.0,96.8499984741211,92.4000015258789,93.3499984741211,83.8994140625,15694636
2016-02-04,94.69999694824219,96.0,93.94999694824219,94.6500015258789,85.06780242919922,10105186
2016-02-05,94.69999694824219,96.44999694824219,93.25,95.8499984741211,86.14630889892578,7240006
2016-02-08,96.80000305175781,101.1500015258789,96.0,96.1500015258789,86.41594696044922,14149568
2016-02-09,94.8499984741211,97.30000305175781,94.44999694824219,95.5,85.83174133300781,7210910
2016-02-10,95.3499984741211,95.6500015258789,89.0,90.4000015258789,81.24807739257812,13605261
2016-02-11,90.05000305175781,90.30000305175781,80.0,81.30000305175781,73.0693359375,20934839
2016-02-12,83.4000015258789,83.4000015258789,72.3499984741211,81.4000015258789,73.15919494628906,24614028
2016-02-15,83.19999694824219,90.5999984741211,83.19999694824219,89.6500015258789,80.57398986816406,13690696
2016-02-16,91.25,91.94999694824219,85.05000305175781,85.69999694824219,77.02388000488281,13751512
2016-02-17,86.0999984741211,89.0,83.30000305175781,88.44999694824219,79.4954605102539,11679234
2016-02-18,89.5,90.6500015258789,83.80000305175781,86.5999984741211,77.83273315429688,10288734
2016-02-19,86.69999694824219,89.19999694824219,85.5,88.05000305175781,79.13595581054688,8330679
2016-02-22,88.8499984741211,89.5999984741211,87.55000305175781,89.0,79.98979187011719,6052510
2016-02-23,88.9000015258789,89.05000305175781,84.4000015258789,85.0,76.3947525024414,8318356
2016-02-24,83.9000015258789,86.5999984741211,83.5999984741211,85.0,76.3947525024414,7187259
2016-02-25,85.5,85.9000015258789,83.05000305175781,83.4000015258789,74.95674896240234,9548107
2016-02-26,84.94999694824219,87.94999694824219,84.5,87.25,78.4169692993164,9203996
2016-02-29,87.80000305175781,92.80000305175781,85.0999984741211,88.94999694824219,79.94485473632812,15387741
2016-03-01,89.0999984741211,99.30000305175781,89.0999984741211,98.0999984741211,88.16852569580078,19666292
2016-03-02,101.0,112.80000305175781,99.25,107.80000305175781,96.88651275634766,34675068
2016-03-03,109.1500015258789,109.1500015258789,104.80000305175781,106.44999694824219,95.67318725585938,11115302
2016-03-04,106.19999694824219,110.80000305175781,104.5,107.9000015258789,96.97640228271484,10961088
2016-03-08,107.5,109.5999984741211,105.5999984741211,106.8499984741211,96.03267669677734,9299049
2016-03-09,105.19999694824219,108.80000305175781,104.5,107.3499984741211,96.48207092285156,10457873
2016-03-10,108.3499984741211,108.5,105.3499984741211,105.94999694824219,95.22380065917969,6860605
2016-03-11,103.4000015258789,111.4000015258789,102.5,106.44999694824219,95.67318725585938,26833249
2016-03-14,107.69999694824219,108.5999984741211,104.30000305175781,105.4000015258789,94.7294921875,8635066
2016-03-15,105.6500015258789,107.5999984741211,105.0999984741211,105.5999984741211,94.90922546386719,9132567
2016-03-16,106.94999694824219,108.19999694824219,104.80000305175781,106.55000305175781,95.76306915283203,10007848
2016-03-17,108.0,108.5,104.6500015258789,105.0999984741211,94.45984649658203,7543412
2016-03-18,107.5,108.4000015258789,105.75,107.4000015258789,96.52702331542969,8475673
2016-03-21,107.9000015258789,110.19999694824219,106.80000305175781,109.1500015258789,98.09984588623047,8141983
2016-03-22,109.69999694824219,115.5999984741211,108.80000305175781,114.8499984741211,103.2227783203125,18872438
2016-03-23,115.44999694824219,116.55000305175781,114.5999984741211,115.5,103.8069839477539,10136686
2016-03-28,114.4000015258789,114.4000015258789,105.25,106.5,97.40478515625,10095751
2016-03-29,107.19999694824219,108.4000015258789,105.5999984741211,106.69999694824219,97.58772277832031,7004971
2016-03-30,108.30000305175781,116.4000015258789,107.6500015258789,115.0,105.17887115478516,15363987
2016-03-31,114.19999694824219,116.0,112.0999984741211,114.75,104.95023345947266,11142294
2016-04-01,114.5,121.3499984741211,113.19999694824219,120.9000015258789,110.57501983642578,17306758
2016-04-04,121.30000305175781,121.80000305175781,117.30000305175781,118.75,108.608642578125,12288518
2016-04-05,116.0,120.30000305175781,112.6500015258789,113.4000015258789,103.71552276611328,16267710
2016-04-06,114.0,117.1500015258789,112.4000015258789,114.44999694824219,104.67584991455078,12189393
2016-04-07,114.44999694824219,116.4000015258789,112.94999694824219,113.55000305175781,103.85272979736328,9853984
2016-04-08,113.5,119.0999984741211,113.30000305175781,118.4000015258789,108.28852081298828,13325258
2016-04-11,119.5,122.44999694824219,119.05000305175781,120.69999694824219,110.39208984375,13957492
2016-04-12,121.25,121.80000305175781,118.55000305175781,119.44999694824219,109.24884033203125,9056627
2016-04-13,120.75,123.6500015258789,120.1500015258789,121.8499984741211,111.44389343261719,10538401
2016-04-18,122.19999694824219,125.5,120.94999694824219,125.05000305175781,114.37061309814453,11352407
2016-04-20,125.0999984741211,125.9000015258789,123.4000015258789,124.0999984741211,113.50172424316406,8766759
2016-04-21,125.0,127.30000305175781,122.05000305175781,123.19999694824219,112.67859649658203,9584546
2016-04-22,122.30000305175781,124.19999694824219,121.75,122.55000305175781,112.08411407470703,5007587
2016-04-25,122.0999984741211,123.4000015258789,119.1500015258789,120.0999984741211,109.84333038330078,6302885
2016-04-26,119.4000015258789,124.6500015258789,118.8499984741211,124.19999694824219,113.59319305419922,9015929
2016-04-27,124.9000015258789,125.4000015258789,122.4000015258789,123.30000305175781,112.77005004882812,5167178
2016-04-28,123.80000305175781,128.85000610351562,122.0999984741211,125.5,114.78218078613281,18810331
2016-04-29,125.6500015258789,130.14999389648438,123.1500015258789,129.5,118.44056701660156,12087081
2016-05-02,128.9499969482422,131.1999969482422,127.5999984741211,128.64999389648438,117.66316223144531,9629704
2016-05-03,128.89999389648438,131.5,126.5,127.05000305175781,116.1998062133789,9414896
2016-05-04,126.44999694824219,127.69999694824219,119.5,120.44999694824219,110.16343688964844,8642677
2016-05-05,120.75,125.44999694824219,119.30000305175781,124.44999694824219,113.82185363769531,10228459
2016-05-06,123.94999694824219,126.6500015258789,122.0,125.5999984741211,114.87362670898438,6731862
2016-05-09,127.0,128.89999389648438,126.0,128.10000610351562,117.1601333618164,5688052
2016-05-10,128.0,129.14999389648438,126.69999694824219,127.75,116.84002685546875,4521620
2016-05-11,124.5,128.0500030517578,124.25,125.8499984741211,115.10227966308594,5023710
2016-05-12,125.0999984741211,129.35000610351562,125.0999984741211,127.75,116.84002685546875,6756502
2016-05-13,127.4000015258789,128.39999389648438,121.05000305175781,121.9000015258789,111.4896240234375,8847558
2016-05-16,122.0999984741211,124.5999984741211,120.0999984741211,124.3499984741211,113.73038482666016,7268491
2016-05-17,125.19999694824219,127.19999694824219,123.05000305175781,124.0999984741211,113.50172424316406,6173132
2016-05-18,123.4000015258789,127.94999694824219,121.19999694824219,127.44999694824219,116.56564331054688,7739823
2016-05-19,126.94999694824219,130.1999969482422,123.5,124.05000305175781,113.45601654052734,12052622
2016-05-20,124.69999694824219,126.0,121.80000305175781,122.69999694824219,112.2212905883789,7301220
2016-05-23,123.75,124.30000305175781,120.3499984741211,121.25,110.89512634277344,7524569
2016-05-24,120.9000015258789,122.5,117.30000305175781,120.0,109.75188446044922,7619962
2016-05-25,122.75,123.9000015258789,121.4000015258789,122.6500015258789,112.1755599975586,6804541
2016-05-26,123.19999694824219,128.85000610351562,122.0,128.0,117.06866455078125,9987824
2016-05-27,128.3000030517578,130.9499969482422,127.25,128.9499969482422,117.9375228881836,9393704
2016-05-30,129.0,133.89999389648438,126.05000305175781,126.5,115.69677734375,11531109
2016-05-31,127.5,131.5,126.0999984741211,129.89999389648438,118.80641174316406,12446435
2016-06-01,129.5,133.8000030517578,128.10000610351562,133.10000610351562,121.73312377929688,14691766
2016-06-02,133.10000610351562,134.39999389648438,131.6999969482422,133.64999389648438,122.23614501953125,10545181
2016-06-03,133.64999389648438,137.1999969482422,130.39999389648438,131.9499969482422,120.68132019042969,12645560
2016-06-06,132.89999389648438,133.89999389648438,131.1999969482422,132.39999389648438,121.09290313720703,5864842
2016-06-07,133.64999389648438,135.6999969482422,131.85000610351562,135.3000030517578,123.74524688720703,8311974
2016-06-08,134.85000610351562,137.5,133.64999389648438,136.6999969482422,125.02570343017578,9818976
2016-06-09,137.3000030517578,138.10000610351562,134.85000610351562,136.14999389648438,124.52262878417969,6172794
2016-06-10,135.75,137.5500030517578,133.1999969482422,134.10000610351562,122.64771270751953,6155550
2016-06-13,132.5,132.6999969482422,128.5,130.39999389648438,119.26368713378906,7119260
2016-06-14,133.0,134.0,131.5,132.5500030517578,121.23011779785156,6640787
2016-06-15,133.10000610351562,133.8000030517578,131.6999969482422,132.6999969482422,121.3672866821289,2876802
2016-06-16,132.3000030517578,132.4499969482422,128.3000030517578,130.89999389648438,119.72100830078125,5263299
2016-06-17,133.64999389648438,135.8000030517578,132.64999389648438,134.4499969482422,122.96783447265625,8936573
2016-06-20,133.89999389648438,140.35000610351562,133.14999389648438,138.5,126.67195892333984,12367976
2016-06-21,138.85000610351562,139.5,136.5500030517578,137.8000030517578,126.03172302246094,5498667
2016-06-22,138.0500030517578,141.1999969482422,137.35000610351562,140.25,128.2725067138672,10610999
2016-06-23,139.0,139.5,136.14999389648438,138.10000610351562,126.30615997314453,6048153
2016-06-24,132.4499969482422,134.10000610351562,126.6500015258789,133.4499969482422,122.0532455444336,14541272
2016-06-27,132.8000030517578,135.89999389648438,132.35000610351562,134.75,123.24221801757812,4851415
2016-06-28,134.5,136.0,132.3000030517578,133.39999389648438,122.00749206542969,5566838
2016-06-29,140.6999969482422,147.6999969482422,139.89999389648438,143.64999389648438,131.3821258544922,42895387
2016-06-30,145.0,150.5500030517578,144.4499969482422,149.9499969482422,137.1441192626953,19438012
2016-07-01,150.89999389648438,152.64999389648438,149.1999969482422,151.4499969482422,138.51600646972656,11574298
2016-07-04,151.75,161.1999969482422,151.14999389648438,158.89999389648438,145.3297882080078,19451557
2016-07-05,158.5,160.35000610351562,155.1999969482422,156.6999969482422,143.31764221191406,10559208
2016-07-07,157.5,159.0500030517578,154.6999969482422,155.10000610351562,141.85430908203125,7601802
2016-07-08,159.0,159.5,152.75,154.60000610351562,141.3970184326172,10908641
2016-07-11,158.35000610351562,159.0,156.6999969482422,158.1999969482422,144.68954467773438,7601771
2016-07-12,158.0,162.0,155.8000030517578,161.0,147.25042724609375,8393495
2016-07-13,162.0,163.39999389648438,153.10000610351562,157.10000610351562,143.68350219726562,13610391
2016-07-14,157.0,158.5,155.5,156.5,143.134765625,5123783
2016-07-15,157.8000030517578,159.1999969482422,155.0500030517578,156.9499969482422,143.54629516601562,7725596
2016-07-18,157.89999389648438,159.25,153.5500030517578,154.3000030517578,141.12261962890625,4544998
2016-07-19,154.14999389648438,155.25,149.85000610351562,152.10000610351562,139.1105194091797,6455047
2016-07-20,152.5,158.75,152.10000610351562,157.6999969482422,144.2322235107422,8217737
2016-07-21,158.10000610351562,159.39999389648438,153.8000030517578,154.5,141.30552673339844,5183806
2016-07-22,154.5,158.89999389648438,153.75,158.35000610351562,144.82676696777344,6604161
2016-07-25,158.0,164.5500030517578,157.0500030517578,163.89999389648438,149.90277099609375,10042713
2016-07-26,163.9499969482422,165.0,160.25,161.0,147.25042724609375,6790619
2016-07-27,161.89999389648438,162.85000610351562,156.25,160.25,146.56448364257812,7824307
2016-07-28,161.0,163.0,159.8000030517578,161.85000610351562,148.02784729003906,5545763
2016-07-29,162.60000610351562,165.60000610351562,160.64999389648438,161.3000030517578,147.5248260498047,7486440
2016-08-01,162.8000030517578,163.75,157.35000610351562,161.5,147.70773315429688,6475441
2016-08-02,161.75,161.9499969482422,156.60000610351562,158.10000610351562,144.5980987548828,5391899
2016-08-03,158.3000030517578,159.3000030517578,153.64999389648438,154.64999389648438,141.44273376464844,4905592
2016-08-04,155.9499969482422,163.39999389648438,152.60000610351562,162.14999389648438,148.30223083496094,7739610
2016-08-05,163.5,165.9499969482422,161.14999389648438,164.5,150.45150756835938,7706238
2016-08-08,165.10000610351562,167.6999969482422,164.10000610351562,165.5500030517578,151.41184997558594,6357438
2016-08-09,166.0,168.89999389648438,163.0500030517578,167.35000610351562,153.0581512451172,7704784
2016-08-10,167.0500030517578,169.1999969482422,163.64999389648438,166.9499969482422,152.69229125976562,7330513
2016-08-11,166.4499969482422,166.64999389648438,158.6999969482422,161.89999389648438,148.0735626220703,9195450
2016-08-12,162.75,164.0,161.0500030517578,162.60000610351562,148.71380615234375,3747892
2016-08-16,162.35000610351562,165.89999389648438,159.10000610351562,165.1999969482422,151.0917510986328,5812605
2016-08-17,165.9499969482422,168.14999389648438,163.89999389648438,165.75,151.5947723388672,6975285
2016-08-18,166.10000610351562,168.89999389648438,165.4499969482422,167.35000610351562,153.0581512451172,4291420
2016-08-19,167.0,169.60000610351562,166.10000610351562,167.75,153.4239959716797,5937716
2016-08-22,167.10000610351562,168.25,163.6999969482422,164.60000610351562,150.54299926757812,5088269
2016-08-23,164.35000610351562,164.60000610351562,161.10000610351562,162.89999389648438,148.98817443847656,5141350
2016-08-24,162.89999389648438,164.75,161.14999389648438,164.1999969482422,150.17715454101562,3535845
2016-08-25,164.14999389648438,165.64999389648438,161.0,161.5500030517578,147.75344848632812,5398380
2016-08-26,162.60000610351562,163.6999969482422,158.5,159.6999969482422,146.06143188476562,7094058
2016-08-29,160.1999969482422,160.1999969482422,156.60000610351562,158.3000030517578,144.78103637695312,6296807
2016-08-30,156.89999389648438,163.64999389648438,155.0,162.14999389648438,148.30223083496094,12708939
2016-08-31,164.25,165.25,153.85000610351562,154.85000610351562,141.62562561035156,15020668
2016-09-01,155.0,156.3000030517578,146.60000610351562,148.75,136.0465850830078,12773096
2016-09-02,150.9499969482422,151.9499969482422,148.35000610351562,150.0,137.18984985351562,9634895
2016-09-06,152.64999389648438,152.64999389648438,149.0500030517578,150.5,137.64715576171875,6318529
2016-09-07,151.0,154.35000610351562,149.35000610351562,151.85000610351562,138.8818817138672,7441241
2016-09-08,152.5,157.75,152.0,156.6999969482422,143.31764221191406,8597979
2016-09-09,156.89999389648438,159.39999389648438,152.5500030517578,158.0,144.5066375732422,7787823
2016-09-12,152.75,154.0,143.10000610351562,145.39999389648438,132.98269653320312,11042338
2016-09-14,144.8000030517578,148.10000610351562,142.5,144.4499969482422,132.1138458251953,11765899
2016-09-15,144.25,146.39999389648438,142.25,144.5,132.1595458984375,10577943
2016-09-16,145.6999969482422,149.35000610351562,145.1999969482422,146.3000030517578,133.80584716796875,12364546
2016-09-19,147.10000610351562,152.60000610351562,145.60000610351562,152.0,139.01905822753906,12049100
2016-09-20,152.64999389648438,152.6999969482422,146.14999389648438,147.5500030517578,134.9490966796875,8883681
2016-09-21,148.39999389648438,150.1999969482422,147.5,148.14999389648438,135.4978485107422,4976653
2016-09-22,150.10000610351562,154.1999969482422,149.35000610351562,153.75,140.6195831298828,8962007
2016-09-23,155.4499969482422,159.1999969482422,153.25,155.89999389648438,142.58595275878906,17333176
2016-09-26,154.8000030517578,156.64999389648438,150.10000610351562,152.9499969482422,139.88790893554688,9509307
2016-09-27,153.6999969482422,154.75,151.1999969482422,153.39999389648438,140.29945373535156,6374076
2016-09-28,153.75,156.89999389648438,152.89999389648438,156.0,142.67742919921875,6905698
2016-09-29,157.60000610351562,158.0,138.10000610351562,140.0500030517578,128.08958435058594,16630508
2016-09-30,140.0500030517578,147.14999389648438,140.0,146.14999389648438,133.6686248779297,10650160
2016-10-03,148.0,153.6999969482422,148.0,152.85000610351562,139.7964630126953,10778413
2016-10-04,153.9499969482422,154.3000030517578,151.10000610351562,153.39999389648438,140.29945373535156,7469692
2016-10-05,154.35000610351562,160.3000030517578,152.3000030517578,158.89999389648438,145.3297882080078,15224569
2016-10-06,158.5500030517578,160.10000610351562,153.39999389648438,155.14999389648438,141.90005493164062,8221064
2016-10-07,155.8000030517578,157.25,154.10000610351562,155.9499969482422,142.6317138671875,6472064
2016-10-10,156.8000030517578,156.89999389648438,152.75,154.0,140.8482666015625,3988033
2016-10-13,152.89999389648438,152.89999389648438,144.85000610351562,147.75,135.13197326660156,7214854
2016-10-14,149.0,151.5500030517578,146.5500030517578,150.1999969482422,137.3727569580078,5895646
2016-10-17,150.9499969482422,151.8000030517578,145.64999389648438,146.75,134.21739196777344,7234378
2016-10-18,147.89999389648438,152.14999389648438,147.25,151.60000610351562,138.65322875976562,5252551
2016-10-19,152.35000610351562,152.35000610351562,149.10000610351562,150.39999389648438,137.5556640625,4015890
2016-10-20,152.6999969482422,155.3000030517578,151.64999389648438,153.89999389648438,140.7567901611328,5925299
2016-10-21,155.14999389648438,157.3000030517578,153.14999389648438,156.14999389648438,142.8146209716797,6980247
2016-10-24,156.5500030517578,157.8000030517578,153.39999389648438,155.14999389648438,141.90005493164062,5602564
2016-10-25,155.60000610351562,155.6999969482422,153.10000610351562,154.10000610351562,140.93971252441406,3427736
2016-10-26,153.5,155.5,150.5,152.0500030517578,139.06478881835938,4650948
2016-10-27,151.1999969482422,152.1999969482422,146.5,148.5500030517578,135.86367797851562,7269720
2016-10-28,149.0,151.25,148.6999969482422,150.5,137.64715576171875,4626709
2016-11-01,150.3000030517578,151.89999389648438,148.5,149.5500030517578,136.7782745361328,4973982
2016-11-02,147.89999389648438,148.0,144.0,144.85000610351562,132.47967529296875,6209733
2016-11-03,144.8000030517578,146.8000030517578,142.39999389648438,143.1999969482422,130.9705810546875,4951613
2016-11-04,144.0,144.1999969482422,138.10000610351562,139.3000030517578,127.4036636352539,6647178
2016-11-07,141.0,145.25,140.60000610351562,144.0500030517578,131.74798583984375,7378917
2016-11-08,144.5500030517578,144.8000030517578,141.25,143.35000610351562,131.10775756835938,4029122
2016-11-09,129.0500030517578,129.0500030517578,108.3499984741211,118.5999984741211,108.47142791748047,36191940
2016-11-10,120.44999694824219,136.35000610351562,120.30000305175781,125.5,114.78218078613281,32695378
2016-11-11,121.0,121.3499984741211,112.5999984741211,116.44999694824219,106.50504302978516,23755323
2016-11-15,114.0999984741211,118.19999694824219,110.3499984741211,114.4000015258789,104.63011932373047,14035061
2016-11-16,116.55000305175781,118.8499984741211,107.5,108.55000305175781,99.27972412109375,17638482
2016-11-17,108.4000015258789,113.4000015258789,107.30000305175781,112.0999984741211,102.52655792236328,13921559
2016-11-18,112.8499984741211,117.0,110.55000305175781,116.4000015258789,106.45932006835938,11157992
2016-11-21,116.0999984741211,117.0,107.3499984741211,108.5999984741211,99.325439453125,14306214
2016-11-22,109.0,112.94999694824219,104.1500015258789,111.4000015258789,101.88632202148438,16337790
2016-11-23,113.44999694824219,117.75,112.19999694824219,117.0999984741211,107.09953308105469,16480030
2016-11-24,114.44999694824219,115.9000015258789,111.80000305175781,113.05000305175781,103.3954086303711,12910649
2016-11-25,113.75,114.5,110.0,112.30000305175781,102.70946502685547,10486910
2016-11-28,112.25,114.5999984741211,111.80000305175781,113.19999694824219,103.53260040283203,6711172
2016-11-29,113.69999694824219,116.9000015258789,113.05000305175781,114.9000015258789,105.08743286132812,7594261
2016-11-30,114.9000015258789,116.19999694824219,113.25,115.0,105.17887115478516,5830767
2016-12-01,115.19999694824219,115.8499984741211,111.5,112.25,102.66373443603516,7192775
2016-12-02,110.25,111.8499984741211,109.05000305175781,109.8499984741211,100.46868896484375,8694046
2016-12-05,109.75,115.3499984741211,109.3499984741211,113.5999984741211,103.89845275878906,7298234
2016-12-06,115.05000305175781,117.0,114.4000015258789,116.0,106.09346771240234,6912900
2016-12-07,116.0999984741211,117.5,110.80000305175781,111.94999694824219,102.38935852050781,7461789
2016-12-08,113.55000305175781,114.94999694824219,112.44999694824219,113.0999984741211,103.44114685058594,7453200
2016-12-09,113.5,115.9000015258789,113.19999694824219,114.9000015258789,105.08743286132812,5844410
2016-12-12,116.0,116.69999694824219,112.25,113.30000305175781,103.62406921386719,8912797
2016-12-13,113.55000305175781,113.8499984741211,110.80000305175781,112.0999984741211,102.52655792236328,6829277
2016-12-14,112.5999984741211,114.5,112.0,112.44999694824219,102.84664916992188,4973885
2016-12-15,111.4000015258789,114.0,111.25,112.69999694824219,103.0752944946289,4739653
2016-12-16,113.1500015258789,113.4000015258789,111.0,111.8499984741211,102.29789733886719,4453846
2016-12-19,112.0,112.55000305175781,111.25,111.80000305175781,102.2521743774414,2898287
2016-12-20,112.5,113.69999694824219,111.25,113.05000305175781,103.3954086303711,6896404
2016-12-21,113.05000305175781,118.3499984741211,113.05000305175781,117.44999694824219,107.41964721679688,11689427
2016-12-22,117.0,118.44999694824219,114.19999694824219,115.19999694824219,105.36180114746094,11114684
2016-12-23,114.25,115.94999694824219,113.25,113.75,104.03562927246094,4776463
2016-12-26,112.30000305175781,113.0,104.3499984741211,105.1500015258789,96.17008972167969,14954475
2016-12-27,103.5,109.0,101.0,108.25,99.00532531738281,16371003
2016-12-28,108.30000305175781,109.4000015258789,106.0999984741211,107.5,98.31938934326172,7994734
2016-12-29,107.5,111.80000305175781,106.44999694824219,110.4000015258789,100.97172546386719,8044656
2016-12-30,110.0,113.25,109.94999694824219,111.4000015258789,101.88632202148438,9772851
2017-01-02,116.0,121.0999984741211,113.94999694824219,118.69999694824219,108.56289672851562,17254054
2017-01-03,118.80000305175781,121.0,116.5999984741211,119.05000305175781,108.88301086425781,10163888
2017-01-04,120.30000305175781,125.8499984741211,119.05000305175781,125.5,114.78218078613281,15556248
2017-01-05,126.44999694824219,127.80000305175781,124.44999694824219,126.6500015258789,115.8339614868164,10194043
2017-01-06,125.75,129.25,125.05000305175781,126.55000305175781,115.74251556396484,8297099
2017-01-09,126.5999984741211,128.89999389648438,125.0999984741211,126.5,115.69677734375,5755448
2017-01-10,127.0,127.8499984741211,123.8499984741211,125.19999694824219,114.50779724121094,9567194
2017-01-11,126.0,126.30000305175781,123.5,125.0,114.32486724853516,11964645
2017-01-12,125.3499984741211,126.9000015258789,123.3499984741211,125.25,114.55353546142578,5485659
2017-01-13,125.44999694824219,125.94999694824219,122.4000015258789,124.0999984741211,113.50172424316406,4883025
2017-01-16,125.5,131.3000030517578,125.0999984741211,129.85000610351562,118.76067352294922,15016258
2017-01-17,130.0,132.89999389648438,130.0,131.64999389648438,120.40695190429688,13094098
2017-01-18,132.0,132.85000610351562,130.5500030517578,131.85000610351562,120.58987426757812,5670699
2017-01-19,132.0,133.3000030517578,131.1999969482422,132.39999389648438,121.09290313720703,5034258
2017-01-20,131.89999389648438,134.14999389648438,127.69999694824219,128.5500030517578,117.57170104980469,7480437
2017-01-23,127.19999694824219,131.39999389648438,126.80000305175781,130.9499969482422,119.76673126220703,5985563
2017-01-24,131.1999969482422,132.0500030517578,130.10000610351562,131.5500030517578,120.31549835205078,3742764
2017-01-25,132.10000610351562,138.5,131.64999389648438,137.39999389648438,125.66590881347656,14393650
2017-01-27,138.9499969482422,140.0,134.39999389648438,135.60000610351562,124.01960754394531,7232481
2017-01-30,136.0500030517578,138.8000030517578,135.0,136.9499969482422,125.25435638427734,6615785
2017-01-31,136.6999969482422,138.4499969482422,134.14999389648438,134.9499969482422,123.4251480102539,5164436
2017-02-01,136.6999969482422,145.8000030517578,135.35000610351562,143.8000030517578,131.51931762695312,23720780
2017-02-02,143.64999389648438,143.64999389648438,139.8000030517578,141.60000610351562,129.50723266601562,8229573
2017-02-03,142.0,144.9499969482422,141.10000610351562,143.5500030517578,131.29066467285156,6178195
2017-02-06,144.60000610351562,149.3000030517578,144.14999389648438,145.3000030517578,132.8912353515625,11329261
2017-02-07,145.8000030517578,145.8000030517578,142.10000610351562,143.85000610351562,131.56509399414062,4804023
2017-02-08,144.4499969482422,146.5,141.60000610351562,145.60000610351562,133.16563415527344,6058533
2017-02-09,145.89999389648438,150.14999389648438,144.8000030517578,148.39999389648438,135.72647094726562,10594956
2017-02-10,148.8000030517578,149.10000610351562,145.75,147.89999389648438,135.2691650390625,4847914
2017-02-13,148.60000610351562,149.5500030517578,145.5,147.75,135.13197326660156,4808927
2017-02-14,148.6999969482422,151.9499969482422,146.0,147.4499969482422,134.85760498046875,14302511
2017-02-15,142.6999969482422,143.64999389648438,136.1999969482422,137.14999389648438,125.43726348876953,12945909
2017-02-16,137.1999969482422,141.6999969482422,134.3000030517578,140.9499969482422,128.91270446777344,11808631
2017-02-17,141.5,143.0,139.5,142.35000610351562,130.19320678710938,7949339
2017-02-20,143.0,148.0,141.5500030517578,146.1999969482422,133.71437072753906,9312118
2017-02-21,146.85000610351562,146.9499969482422,144.5,145.6999969482422,133.25709533691406,5799694
2017-02-22,145.5500030517578,149.4499969482422,145.10000610351562,146.0500030517578,133.5771942138672,7831609
2017-02-23,146.64999389648438,149.75,145.3000030517578,148.85000610351562,136.13807678222656,5773590
2017-02-27,148.8000030517578,149.6999969482422,145.8000030517578,146.5500030517578,134.0345001220703,4449446
2017-02-28,147.0,152.39999389648438,146.1999969482422,150.4499969482422,137.60142517089844,6685184
2017-03-01,154.89999389648438,155.39999389648438,152.39999389648438,153.25,140.16232299804688,13921277
2017-03-02,155.0,155.0,139.14999389648438,140.89999389648438,128.8669891357422,24557116
2017-03-03,140.64999389648438,144.6999969482422,140.10000610351562,144.10000610351562,131.793701171875,9081762
2017-03-06,144.9499969482422,146.3000030517578,142.3000030517578,145.5500030517578,133.11985778808594,7408417
2017-03-07,145.89999389648438,146.35000610351562,144.0,145.10000610351562,132.7083282470703,4378211
2017-03-08,145.0,145.64999389648438,140.39999389648438,142.60000610351562,130.42184448242188,6885998
2017-03-09,142.10000610351562,144.10000610351562,141.10000610351562,142.3000030517578,130.14743041992188,4638620
2017-03-10,143.1999969482422,144.10000610351562,140.85000610351562,141.85000610351562,129.73590087890625,5209705
2017-03-14,146.0500030517578,147.4499969482422,143.10000610351562,146.60000610351562,134.08023071289062,8595586
2017-03-15,146.60000610351562,147.60000610351562,144.60000610351562,146.39999389648438,133.8972625732422,5082042
2017-03-16,148.0,149.89999389648438,147.3000030517578,149.25,136.50389099121094,5838034
2017-03-17,149.3000030517578,150.64999389648438,146.5,147.64999389648438,135.04052734375,4084969
2017-03-20,147.60000610351562,149.3000030517578,146.5500030517578,147.5500030517578,134.9490966796875,3235278
2017-03-21,147.8000030517578,148.8000030517578,145.89999389648438,148.25,135.5893096923828,4320165
2017-03-22,146.89999389648438,147.5,140.8000030517578,145.5500030517578,133.11985778808594,4723040
2017-03-23,146.35000610351562,147.60000610351562,146.14999389648438,146.6999969482422,134.171630859375,3081249
2017-03-24,146.4499969482422,149.39999389648438,146.25,148.35000610351562,135.68077087402344,4144163
2017-03-27,147.6999969482422,148.9499969482422,147.0,147.5500030517578,134.9490966796875,3923843
2017-03-28,148.0,150.10000610351562,147.89999389648438,149.0500030517578,136.32098388671875,5012691
2017-03-29,149.0,150.39999389648438,148.3000030517578,148.89999389648438,136.1837921142578,4816470
2017-03-30,148.3000030517578,151.9499969482422,148.10000610351562,149.25,136.50389099121094,12937597
2017-03-31,150.64999389648438,150.64999389648438,148.10000610351562,148.64999389648438,135.95510864257812,4076648
2017-04-03,148.60000610351562,149.25,146.1999969482422,146.85000610351562,134.30886840820312,4274831
2017-04-05,147.5,150.64999389648438,146.89999389648438,149.8000030517578,137.0069122314453,6986613
2017-04-06,149.39999389648438,159.0,148.8000030517578,156.39999389648438,143.04324340820312,17207813
2017-04-07,156.39999389648438,159.25,153.10000610351562,154.25,141.076904296875,8996688
2017-04-10,153.35000610351562,157.64999389648438,153.1999969482422,156.75,143.36337280273438,5950689
2017-04-11,156.0500030517578,160.89999389648438,155.6999969482422,159.35000610351562,145.74136352539062,10822728
2017-04-12,159.6999969482422,162.0,156.0,159.9499969482422,146.2901153564453,10315529
2017-04-13,160.0,161.85000610351562,158.39999389648438,159.64999389648438,146.0157470703125,5789046
2017-04-17,160.0,173.6999969482422,157.85000610351562,172.60000610351562,157.8597869873047,28526267
2017-04-18,173.0,175.35000610351562,163.60000610351562,164.85000610351562,150.77163696289062,19137079
2017-04-19,162.5,170.1999969482422,162.5,169.25,154.79586791992188,10428734
2017-04-20,170.0,173.25,169.0500030517578,172.10000610351562,157.40248107910156,9305710
2017-04-21,172.5500030517578,188.35000610351562,170.60000610351562,183.4499969482422,167.7831573486328,45011030
2017-04-24,183.10000610351562,194.60000610351562,182.5500030517578,190.35000610351562,174.0939483642578,28555018
2017-04-25,193.0,197.4499969482422,192.0,194.1999969482422,177.61512756347656,16756066
2017-04-26,194.9499969482422,196.85000610351562,179.75,187.5500030517578,171.5330352783203,18731522
2017-04-27,188.4499969482422,191.3000030517578,184.60000610351562,189.8000030517578,173.59091186523438,12257947
2017-04-28,189.5,190.10000610351562,184.64999389648438,186.0,170.1154022216797,7476285
2017-05-02,186.8000030517578,192.0,186.0500030517578,189.35000610351562,173.17935180664062,7609476
2017-05-03,190.5,193.35000610351562,187.10000610351562,190.3000030517578,174.04818725585938,8608828
2017-05-04,190.60000610351562,191.39999389648438,183.64999389648438,186.39999389648438,170.48121643066406,7122915
2017-05-05,186.5,188.89999389648438,182.25,185.64999389648438,169.7952880859375,7971625
2017-05-08,186.0,198.60000610351562,183.1999969482422,197.0500030517578,180.22171020507812,19238717
2017-05-09,198.5,203.3000030517578,198.0,199.5,182.46250915527344,17753141
2017-05-10,200.89999389648438,201.10000610351562,196.25,199.39999389648438,182.3710174560547,7080125
2017-05-11,199.85000610351562,206.3000030517578,199.0,202.85000610351562,185.52639770507812,13522798
2017-05-12,202.4499969482422,209.75,197.10000610351562,208.35000610351562,190.55670166015625,21738528
2017-05-15,209.64999389648438,211.89999389648438,207.3000030517578,210.5,192.5231170654297,12610346
2017-05-16,210.0,213.6999969482422,208.3000030517578,212.5,194.352294921875,11592567
2017-05-17,211.8000030517578,216.0,210.5,215.0500030517578,196.68450927734375,9094122
2017-05-18,212.0,213.89999389648438,206.5,207.6999969482422,189.96221923828125,11471530
2017-05-19,209.5,212.60000610351562,200.4499969482422,207.60000610351562,189.87074279785156,11082014
2017-05-22,210.0,211.35000610351562,204.0500030517578,205.10000610351562,187.58424377441406,7745012
2017-05-23,207.0,207.0,192.5500030517578,197.10000610351562,180.26748657226562,16994184
2017-05-24,197.5,199.35000610351562,186.60000610351562,190.35000610351562,174.0939483642578,14483933
2017-05-25,191.0,196.1999969482422,188.0500030517578,194.9499969482422,178.30105590820312,14048672
2017-05-26,195.39999389648438,197.1999969482422,192.39999389648438,194.0,177.43222045898438,9495071
2017-05-29,188.0,192.6999969482422,174.89999389648438,175.8000030517578,160.7864990234375,19081948
2017-05-30,175.0,180.89999389648438,170.1999969482422,180.0,164.6278076171875,18265873
2017-05-31,178.89999389648438,183.64999389648438,176.75,179.5500030517578,164.2162322998047,10473340
2017-06-01,179.9499969482422,181.39999389648438,175.60000610351562,176.75,161.65536499023438,9273199
2017-06-02,177.4499969482422,178.3000030517578,174.39999389648438,175.6999969482422,160.6950225830078,8463960
2017-06-05,175.4499969482422,179.5,174.9499969482422,176.89999389648438,161.79254150390625,7349444
2017-06-06,178.0,178.5,171.6999969482422,175.3000030517578,160.32920837402344,8789085
2017-06-07,176.0,179.5500030517578,172.75,174.35000610351562,159.46031188964844,10815850
2017-06-08,175.60000610351562,179.0,171.39999389648438,175.6999969482422,160.6950225830078,13797415
2017-06-09,175.0,185.75,175.0,184.85000610351562,169.06362915039062,19000069
2017-06-12,183.35000610351562,188.0500030517578,182.0500030517578,183.85000610351562,168.14901733398438,15479795
2017-06-13,184.5,187.5,183.9499969482422,184.9499969482422,169.1550750732422,8136505
2017-06-14,185.0,189.5,183.10000610351562,187.64999389648438,171.62448120117188,6729359
2017-06-15,188.25,192.9499969482422,188.10000610351562,192.0,175.60299682617188,13242649
2017-06-16,193.0,198.85000610351562,191.35000610351562,193.60000610351562,177.06637573242188,19120147
2017-06-19,194.0,195.35000610351562,190.5,192.8000030517578,176.33470153808594,8161493
2017-06-20,193.0,196.3000030517578,189.64999389648438,194.5500030517578,177.93524169921875,7376120
2017-06-21,194.89999389648438,198.8000030517578,193.5,197.14999389648438,180.31317138671875,9719001
2017-06-22,198.6999969482422,203.8000030517578,190.64999389648438,195.8000030517578,179.07847595214844,18969010
2017-06-23,196.10000610351562,197.85000610351562,186.14999389648438,192.0500030517578,175.6487274169922,15116428
2017-06-27,192.0,193.35000610351562,185.6999969482422,187.5,171.4873046875,8839702
2017-06-28,185.39999389648438,193.0,183.5,190.75,174.45973205566406,10683977
2017-06-29,193.8000030517578,195.3000030517578,190.6999969482422,194.10000610351562,177.52366638183594,11224084
2017-06-30,191.89999389648438,192.39999389648438,187.8000030517578,190.6999969482422,174.4140167236328,8137908
2017-07-03,191.0,195.10000610351562,190.10000610351562,194.14999389648438,177.5693817138672,6845071
2017-07-04,196.0,196.85000610351562,192.6999969482422,195.0500030517578,178.3925323486328,7745660
2017-07-05,196.0,197.9499969482422,194.5500030517578,197.39999389648438,180.5418243408203,7418077
2017-07-06,198.0,203.89999389648438,197.75,201.14999389648438,183.9716033935547,11154086
2017-07-07,200.39999389648438,203.9499969482422,199.3000030517578,202.25,184.97763061523438,7112185
2017-07-10,203.3000030517578,206.39999389648438,201.4499969482422,203.14999389648438,185.80078125,3198674
2017-07-11,203.25,204.6999969482422,198.25,199.0,182.0052032470703,6557717
2017-07-12,199.64999389648438,201.6999969482422,198.35000610351562,200.5,183.37709045410156,4587004
2017-07-13,202.0,202.9499969482422,198.75,200.10000610351562,183.01124572753906,3424618
2017-07-14,199.0,203.5500030517578,199.0,201.5,184.2917022705078,5961999
2017-07-17,201.60000610351562,205.3000030517578,201.3000030517578,204.3000030517578,186.8525848388672,5713706
2017-07-18,203.5,205.5,198.75,200.0500030517578,182.96554565429688,6063387
2017-07-19,201.5,203.35000610351562,200.5500030517578,202.0500030517578,184.7947235107422,5981333
2017-07-20,203.0,207.1999969482422,202.14999389648438,203.0,185.66358947753906,11753965
2017-07-21,204.1999969482422,204.39999389648438,193.5500030517578,196.3000030517578,179.5357666015625,14365117
2017-07-24,195.8000030517578,198.5,193.14999389648438,194.0500030517578,177.4779510498047,7204958
2017-07-25,194.60000610351562,196.0500030517578,193.0,194.35000610351562,177.75230407714844,7832948
2017-07-26,196.1999969482422,197.8000030517578,194.89999389648438,195.60000610351562,178.89556884765625,10645929
2017-07-27,196.1999969482422,197.89999389648438,190.14999389648438,195.85000610351562,179.1242218017578,15756955
2017-07-28,194.9499969482422,195.8000030517578,190.10000610351562,191.25,174.9170379638672,6750640
2017-07-31,192.39999389648438,194.8000030517578,189.75,193.35000610351562,176.83770751953125,9598130
2017-08-01,194.5,195.64999389648438,192.14999389648438,193.5500030517578,177.0206298828125,6750072
2017-08-02,194.25,195.4499969482422,190.6999969482422,193.10000610351562,176.60906982421875,5609354
2017-08-03,192.5,196.3000030517578,189.0,190.25,174.00242614746094,6009655
2017-08-04,188.5,191.1999969482422,187.60000610351562,189.8000030517578,173.59091186523438,5101036
2017-08-07,190.0500030517578,193.39999389648438,190.0500030517578,191.35000610351562,175.00856018066406,4263872
2017-08-08,191.5500030517578,192.5,176.75,178.60000610351562,163.34738159179688,11942033
2017-08-09,176.5,182.89999389648438,172.60000610351562,178.85000610351562,163.5760040283203,13187103
2017-08-10,177.64999389648438,180.0,156.0,164.60000610351562,150.54299926757812,14065209
2017-08-11,161.4499969482422,165.89999389648438,153.0,155.5500030517578,142.26588439941406,14677670
2017-08-14,161.0,184.0,161.0,181.64999389648438,166.1368865966797,31036798
2017-08-16,181.0,183.1999969482422,174.14999389648438,180.8000030517578,165.35951232910156,14106982
2017-08-17,182.0,189.5500030517578,179.64999389648438,185.1999969482422,169.3837432861328,16958436
2017-08-18,182.0,185.25,178.39999389648438,183.4499969482422,167.7831573486328,10993991
2017-08-21,184.39999389648438,184.89999389648438,179.14999389648438,180.39999389648438,164.99363708496094,7554907
2017-08-22,182.89999389648438,183.89999389648438,168.6999969482422,175.3000030517578,160.32920837402344,15103601
2017-08-23,182.89999389648438,189.14999389648438,179.10000610351562,185.9499969482422,170.0696563720703,28066784
2017-08-24,185.5500030517578,188.89999389648438,184.14999389648438,186.9499969482422,170.9842529296875,10932188
2017-08-28,190.85000610351562,190.85000610351562,177.1999969482422,180.10000610351562,164.71926879882812,29863787
2017-08-29,178.0,185.8000030517578,176.3000030517578,181.60000610351562,166.0911865234375,24287507
2017-08-30,182.9499969482422,186.3000030517578,181.6999969482422,183.0500030517578,167.41732788085938,8982352
2017-08-31,182.75,186.89999389648438,179.5,185.0500030517578,169.24655151367188,13072657
2017-09-01,184.5500030517578,194.0,184.14999389648438,191.60000610351562,175.23716735839844,18832892
2017-09-04,191.0500030517578,191.3000030517578,182.3000030517578,188.0,171.9446258544922,12405954
2017-09-05,188.0,191.89999389648438,186.6999969482422,191.3000030517578,174.96278381347656,8160744
2017-09-06,189.0,194.35000610351562,187.4499969482422,192.5,176.06031799316406,10424040
2017-09-07,193.9499969482422,195.5,192.0,192.75,176.2889404296875,7734333
2017-09-08,194.0,194.39999389648438,188.75,191.8000030517578,175.42005920410156,6408546
2017-09-11,194.0,194.5,192.0,192.64999389648438,176.19749450683594,3994507
2017-09-12,193.14999389648438,198.60000610351562,192.8000030517578,196.4499969482422,179.67295837402344,9471362
2017-09-13,196.8000030517578,197.5500030517578,191.75,192.75,176.2889404296875,5947700
2017-09-14,193.8000030517578,195.85000610351562,191.5,193.5500030517578,177.0206298828125,5476108
2017-09-15,190.5500030517578,193.4499969482422,190.35000610351562,191.5500030517578,175.1914520263672,5179712
2017-09-18,193.64999389648438,195.5,192.6999969482422,193.85000610351562,177.29502868652344,4101062
2017-09-19,194.0,195.8000030517578,189.25,190.6999969482422,176.23226928710938,7332431
2017-09-20,191.0,191.89999389648438,189.10000610351562,189.75,175.35433959960938,4266689
2017-09-21,189.8000030517578,190.89999389648438,183.1999969482422,185.0500030517578,171.01089477539062,6753815
2017-09-22,182.0,182.8000030517578,171.89999389648438,173.5,160.33714294433594,13762129
2017-09-25,172.5,174.5,164.3000030517578,166.60000610351562,153.96063232421875,13155212
2017-09-26,166.8000030517578,171.89999389648438,166.39999389648438,169.1999969482422,156.36337280273438,9777131
2017-09-27,170.0,171.89999389648438,158.4499969482422,159.9499969482422,147.8151397705078,14241691
2017-09-28,160.10000610351562,163.39999389648438,158.1999969482422,161.85000610351562,149.57101440429688,12734059
2017-09-29,164.0,168.89999389648438,163.25,164.3000030517578,151.83514404296875,10258656
2017-10-03,168.1999969482422,171.0500030517578,166.0,167.4499969482422,154.74615478515625,8170479
2017-10-04,168.39999389648438,168.9499969482422,166.0500030517578,166.64999389648438,154.0068359375,4715334
2017-10-05,167.25,171.89999389648438,166.0500030517578,171.1999969482422,158.21165466308594,8356954
2017-10-06,170.64999389648438,174.39999389648438,170.10000610351562,171.60000610351562,158.5813446044922,7274927
2017-10-09,172.1999969482422,174.75,168.1999969482422,173.0500030517578,159.9213104248047,7366202
2017-10-10,172.9499969482422,173.60000610351562,171.25,172.0500030517578,158.99717712402344,4443387
2017-10-11,172.89999389648438,175.8000030517578,169.0,170.39999389648438,157.4723358154297,7446673
2017-10-12,170.6999969482422,173.64999389648438,169.14999389648438,172.85000610351562,159.73648071289062,4988762
2017-10-13,174.0,175.35000610351562,171.8000030517578,172.9499969482422,159.82888793945312,4538752
2017-10-16,173.35000610351562,174.75,170.64999389648438,172.9499969482422,159.82888793945312,4225773
2017-10-17,173.3000030517578,179.25,172.0500030517578,178.75,165.18885803222656,12065651
2017-10-18,179.25,181.3000030517578,176.85000610351562,178.35000610351562,164.81919860839844,8818611
2017-10-19,178.35000610351562,178.4499969482422,173.60000610351562,174.75,161.49232482910156,1270942
2017-10-23,175.89999389648438,180.39999389648438,174.35000610351562,179.1999969482422,165.60472106933594,7040486
2017-10-24,179.5,182.25,177.5500030517578,178.25,164.72679138183594,5122959
2017-10-25,182.0,183.0,176.6999969482422,181.8000030517578,168.00747680664062,6071750
2017-10-26,180.60000610351562,184.35000610351562,180.14999389648438,182.0500030517578,168.23851013183594,9725128
2017-10-27,183.5,187.5,182.0500030517578,184.35000610351562,170.36402893066406,7725715
2017-10-30,185.3000030517578,189.6999969482422,184.0,187.89999389648438,173.64468383789062,6268234
2017-10-31,187.5,202.6999969482422,186.39999389648438,201.35000610351562,186.0742950439453,24256440
2017-11-01,203.0,211.75,201.0,208.64999389648438,192.82046508789062,26337451
2017-11-02,208.10000610351562,209.4499969482422,205.0,207.85000610351562,192.08114624023438,8503663
2017-11-03,209.0,216.1999969482422,209.0,213.89999389648438,197.67214965820312,13764388
2017-11-06,216.85000610351562,217.8000030517578,213.10000610351562,215.8000030517578,199.4280242919922,8426970
2017-11-07,216.5,216.9499969482422,207.0,208.6999969482422,192.86663818359375,7315132
2017-11-08,208.0,215.0,208.0,213.85000610351562,197.62594604492188,10138614
2017-11-09,215.6999969482422,217.5,209.25,211.85000610351562,195.77769470214844,5941296
2017-11-10,211.1999969482422,211.8000030517578,205.10000610351562,207.89999389648438,192.1273651123047,6490636
2017-11-13,200.25,207.6999969482422,194.14999389648438,202.3000030517578,186.95217895507812,26432844
2017-11-14,202.0,207.75,201.0,206.0500030517578,190.41769409179688,7954784
2017-11-15,205.9499969482422,209.3000030517578,200.60000610351562,203.60000610351562,188.15357971191406,6487836
2017-11-16,204.8000030517578,210.1999969482422,201.60000610351562,208.6999969482422,192.86663818359375,7708024
2017-11-17,215.3000030517578,225.85000610351562,211.1999969482422,223.85000610351562,206.86729431152344,23984346
2017-11-20,223.5500030517578,229.8000030517578,222.75,227.64999389648438,210.37896728515625,19164643
2017-11-21,227.3000030517578,228.0,220.25,222.39999389648438,205.5272979736328,7713439
2017-11-22,224.0,224.89999389648438,218.6999969482422,219.85000610351562,203.17076110839844,7183039
2017-11-23,220.10000610351562,225.0,218.39999389648438,222.75,205.8507080078125,9067531
2017-11-24,224.6999969482422,229.64999389648438,221.35000610351562,228.60000610351562,211.2569122314453,10078314
2017-11-27,228.6999969482422,234.60000610351562,227.0500030517578,233.39999389648438,215.69273376464844,17682208
2017-11-28,231.85000610351562,234.0,228.1999969482422,230.10000610351562,212.64312744140625,7965380
2017-11-29,230.8000030517578,231.8000030517578,226.5500030517578,229.39999389648438,211.99623107910156,6879979
2017-11-30,227.75,234.89999389648438,227.3000030517578,233.25,215.5541229248047,10982691
2017-12-01,237.0,237.39999389648438,221.6999969482422,225.89999389648438,208.76174926757812,8262616
2017-12-04,229.0,232.64999389648438,223.75,229.0,211.62657165527344,11463487
2017-12-05,228.60000610351562,232.0,227.6999969482422,230.3000030517578,212.8279571533203,7958613
2017-12-06,228.9499969482422,234.64999389648438,228.1999969482422,231.35000610351562,213.79830932617188,8849217
2017-12-07,232.0,240.35000610351562,231.25,238.8000030517578,220.68309020996094,10567982
2017-12-08,240.0,241.8000030517578,237.4499969482422,238.39999389648438,220.31341552734375,7838005
2017-12-11,239.14999389648438,242.4499969482422,237.25,239.39999389648438,221.23753356933594,6521448
2017-12-12,236.9499969482422,239.0,232.4499969482422,233.89999389648438,216.15484619140625,4862359
2017-12-13,233.14999389648438,236.35000610351562,225.85000610351562,227.8000030517578,210.51760864257812,7124397
2017-12-14,228.8000030517578,230.5500030517578,222.64999389648438,227.60000610351562,210.33279418945312,7648214
2017-12-15,230.10000610351562,233.89999389648438,230.10000610351562,231.6999969482422,214.12173461914062,4081057
2017-12-18,225.0,235.9499969482422,220.9499969482422,231.5500030517578,213.98312377929688,9431206
2017-12-19,233.25,234.89999389648438,230.5500030517578,234.0500030517578,216.29345703125,3496068
2017-12-20,233.5,249.0,233.5,245.25,226.64373779296875,16691999
2017-12-21,245.5,247.6999969482422,242.8000030517578,243.4499969482422,224.9803009033203,8159204
2017-12-22,244.5,247.5,243.60000610351562,245.25,226.64373779296875,6912057
2017-12-26,245.25,256.20001220703125,245.25,253.25,234.0368194580078,15589327
2017-12-27,253.85000610351562,256.3999938964844,245.75,248.3000030517578,229.4623565673828,9140312
2017-12-28,248.8000030517578,266.79998779296875,247.5,263.79998779296875,243.78643798828125,21258310
2017-12-29,265.1000061035156,266.3999938964844,257.0,259.3500061035156,239.6740264892578,13758096
2018-01-01,259.45001220703125,262.45001220703125,255.1999969482422,256.70001220703125,237.2250518798828,4935049
2018-01-02,258.45001220703125,259.70001220703125,251.39999389648438,253.89999389648438,234.63751220703125,5496883
2018-01-03,254.0,261.8999938964844,254.0,258.29998779296875,238.70367431640625,7342607
2018-01-04,258.25,260.20001220703125,255.5500030517578,257.5,237.96437072753906,4123938
2018-01-05,258.3500061035156,265.25,257.6000061035156,259.95001220703125,240.22853088378906,7238574
2018-01-08,260.79998779296875,262.70001220703125,258.1499938964844,260.25,240.50575256347656,3945670
2018-01-09,260.8999938964844,271.3999938964844,258.25,269.8500061035156,249.3773956298828,13135536
2018-01-10,270.6000061035156,272.25,265.70001220703125,269.3500061035156,248.91539001464844,10967347
2018-01-11,269.0,273.8500061035156,267.3500061035156,270.5,249.9781036376953,6530547
2018-01-12,270.75,272.1499938964844,262.3500061035156,268.54998779296875,248.17605590820312,5842102
2018-01-15,268.54998779296875,271.45001220703125,265.6000061035156,266.8500061035156,246.60504150390625,3449870
2018-01-16,268.25,268.3999938964844,256.0,257.54998779296875,238.0105743408203,5899206
2018-01-17,258.70001220703125,263.6499938964844,249.75,262.6000061035156,242.6774444580078,7901148
2018-01-18,263.3999938964844,264.95001220703125,246.8000030517578,250.1999969482422,231.2182159423828,6764646
2018-01-19,249.0,252.75,245.5500030517578,249.3000030517578,230.38648986816406,6511361
2018-01-22,250.5,253.10000610351562,245.60000610351562,250.9499969482422,231.9113006591797,5026796
2018-01-23,250.60000610351562,262.20001220703125,250.60000610351562,259.6499938964844,239.95126342773438,9049840
2018-01-24,259.0,265.3999938964844,256.6000061035156,258.95001220703125,239.3043670654297,9439889
2018-01-25,256.95001220703125,261.5,252.5500030517578,253.60000610351562,234.36026000976562,5921504
2018-01-29,255.10000610351562,260.25,250.75,254.0500030517578,234.776123046875,5914647
2018-01-30,251.5,256.3999938964844,251.5,253.89999389648438,234.63751220703125,5013590
2018-01-31,253.0500030517578,257.6000061035156,247.5500030517578,250.10000610351562,231.12579345703125,6309912
2018-02-01,251.6999969482422,253.6999969482422,236.6999969482422,245.0,226.41268920898438,10509963
2018-02-02,240.0,242.3000030517578,204.5,223.39999389648438,206.451416015625,16904503
2018-02-05,218.39999389648438,231.60000610351562,214.0,228.3000030517578,210.9796905517578,10372280
2018-02-06,212.0500030517578,230.75,210.0,225.4499969482422,208.34588623046875,12918029
2018-02-07,229.0,232.0,223.0,225.25,208.1610870361328,9498474
2018-02-08,225.89999389648438,233.6999969482422,225.35000610351562,229.35000610351562,211.9500274658203,8201053
2018-02-09,222.0,232.3000030517578,221.5,229.0500030517578,211.67282104492188,7906691
2018-02-12,231.89999389648438,237.4499969482422,230.0,233.75,216.01620483398438,7012358
2018-02-14,239.6999969482422,239.6999969482422,229.6999969482422,230.9499969482422,213.4286346435547,8092805
2018-02-15,233.0,235.39999389648438,227.85000610351562,231.14999389648438,213.6134490966797,5417282
2018-02-16,232.64999389648438,234.35000610351562,224.3000030517578,225.64999389648438,208.5307159423828,6524609
2018-02-19,224.89999389648438,225.5,218.25,223.39999389648438,206.451416015625,7983021
2018-02-20,223.64999389648438,227.5,221.5,225.10000610351562,208.0224609375,5759220
2018-02-21,226.5,227.0,218.60000610351562,221.0,204.23350524902344,5996226
2018-02-22,219.35000610351562,222.10000610351562,218.25,219.85000610351562,203.17076110839844,6933969
2018-02-23,220.1999969482422,225.8000030517578,220.0500030517578,225.14999389648438,208.0686798095703,4446123
2018-02-26,227.3000030517578,230.0,224.25,228.14999389648438,210.841064453125,4593608
2018-02-27,228.89999389648438,228.89999389648438,221.1999969482422,222.4499969482422,205.573486328125,4117630
2018-02-28,220.8000030517578,227.5,219.25,226.25,209.08518981933594,6333501
2018-03-01,225.5500030517578,228.25,223.14999389648438,224.3000030517578,207.2831573486328,3581145
2018-03-05,221.3000030517578,223.9499969482422,219.6999969482422,222.89999389648438,205.98934936523438,3539064
2018-03-06,224.39999389648438,226.64999389648438,214.0500030517578,216.5500030517578,200.1211395263672,6144090
2018-03-07,215.0,217.75,212.1999969482422,215.4499969482422,199.10455322265625,5878878
2018-03-08,216.5500030517578,219.64999389648438,209.75,218.39999389648438,201.8307647705078,6237904
2018-03-09,220.3000030517578,220.5500030517578,210.0,211.35000610351562,195.3156280517578,5137684
2018-03-12,215.0,218.25,210.14999389648438,217.6999969482422,201.1838836669922,6107809
2018-03-13,216.60000610351562,223.35000610351562,214.89999389648438,219.89999389648438,203.21694946289062,6433609
2018-03-14,219.0,221.89999389648438,217.5,220.9499969482422,204.18731689453125,4388182
2018-03-15,220.0,227.25,219.1999969482422,225.4499969482422,208.34588623046875,5972448
2018-03-16,225.5,229.6999969482422,224.5,226.3000030517578,209.13140869140625,10153974
2018-03-19,226.0,227.39999389648438,211.8000030517578,214.35000610351562,198.08804321289062,6851893
2018-03-20,212.10000610351562,217.89999389648438,211.9499969482422,215.39999389648438,199.05836486816406,6577013
2018-03-21,217.39999389648438,218.9499969482422,214.85000610351562,216.0500030517578,199.65904235839844,3574529
2018-03-22,216.10000610351562,217.4499969482422,212.0,213.1999969482422,197.0252685546875,4863917
2018-03-23,207.0,209.89999389648438,200.8000030517578,203.0,187.59913635253906,8236891
2018-03-26,202.1999969482422,210.35000610351562,198.8000030517578,209.4499969482422,193.5597381591797,9631888
2018-03-27,210.8000030517578,211.5500030517578,205.5,207.0,192.39793395996094,5393376
2018-03-28,205.6999969482422,207.89999389648438,200.4499969482422,201.25,187.05355834960938,5838391
2018-04-02,203.6999969482422,204.0,197.60000610351562,201.0,186.82119750976562,7539616
2018-04-03,200.0,205.25,199.0,203.3000030517578,188.95895385742188,7657672
2018-04-04,204.60000610351562,208.10000610351562,197.75,198.60000610351562,184.59048461914062,8885029
2018-04-05,202.89999389648438,206.85000610351562,202.0,206.25,191.7008514404297,5141982
2018-04-06,205.8000030517578,205.8000030517578,202.0,204.35000610351562,189.93487548828125,5927283
2018-04-09,203.75,207.89999389648438,203.75,206.0500030517578,191.5149383544922,6881655
2018-04-10,207.25,213.64999389648438,206.10000610351562,212.89999389648438,197.88172912597656,9694025
2018-04-11,213.0,216.0500030517578,211.1999969482422,213.5500030517578,198.4859161376953,9160118
2018-04-12,213.5,215.1999969482422,206.6999969482422,208.89999389648438,194.16390991210938,6198129
2018-04-13,209.85000610351562,212.5500030517578,207.39999389648438,210.25,195.418701171875,5489580
2018-04-16,207.9499969482422,215.1999969482422,207.64999389648438,214.5,199.36888122558594,5851193
2018-04-17,215.5,218.0,211.14999389648438,216.89999389648438,201.59957885742188,8211004
2018-04-18,219.10000610351562,219.5,211.25,212.5,197.50994873046875,6246878
2018-04-19,214.8000030517578,216.39999389648438,212.75,215.35000610351562,200.158935546875,4261649
2018-04-20,214.4499969482422,214.75,208.6999969482422,210.75,195.88340759277344,4589352
2018-04-23,210.60000610351562,214.5500030517578,209.0,212.0500030517578,197.09173583984375,4855224
2018-04-24,211.89999389648438,217.35000610351562,211.60000610351562,215.85000610351562,200.6236572265625,4293336
2018-04-25,214.64999389648438,224.3000030517578,213.5,218.85000610351562,203.4120330810547,13247848
2018-04-26,219.6999969482422,222.75,217.60000610351562,219.10000610351562,203.6444091796875,8340355
2018-04-27,219.35000610351562,226.14999389648438,219.14999389648438,222.35000610351562,206.66513061523438,5441340
2018-04-30,226.0,226.0,220.75,223.10000610351562,207.3622283935547,3575963
2018-05-02,222.8000030517578,224.10000610351562,213.14999389648438,215.85000610351562,200.6236572265625,4308135
2018-05-03,214.0,215.1999969482422,208.4499969482422,213.60000610351562,198.5323486328125,4723527
2018-05-04,213.9499969482422,216.14999389648438,209.5500030517578,211.3000030517578,196.3946075439453,3922824
2018-05-07,212.0,216.89999389648438,212.0,215.6999969482422,200.48423767089844,2696751
2018-05-08,216.25,224.3000030517578,214.35000610351562,222.4499969482422,206.75807189941406,6606949
2018-05-09,221.8000030517578,223.85000610351562,220.1999969482422,221.39999389648438,205.78213500976562,3481254
2018-05-10,222.0,223.25,212.35000610351562,213.60000610351562,198.5323486328125,4928049
2018-05-11,215.0,217.64999389648438,210.5,214.25,199.1365203857422,5124007
2018-05-14,213.0,214.85000610351562,204.8000030517578,206.4499969482422,191.88671875,5027276
2018-05-15,205.0,213.35000610351562,200.4499969482422,203.3000030517578,188.95895385742188,5844684
2018-05-16,201.75,208.5,201.5,205.89999389648438,191.3755340576172,4788429
2018-05-17,206.89999389648438,208.1999969482422,201.6999969482422,205.4499969482422,190.95729064941406,5595602
2018-05-18,206.0,207.1999969482422,194.75,197.3000030517578,183.3822021484375,5207776
2018-05-21,197.8000030517578,199.25,191.0,193.5500030517578,179.896728515625,5394290
2018-05-22,195.0,200.14999389648438,183.25,198.4499969482422,184.45108032226562,22283610
2018-05-23,197.4499969482422,202.89999389648438,194.64999389648438,195.85000610351562,182.03448486328125,9524497
2018-05-24,196.35000610351562,197.89999389648438,192.75,196.39999389648438,182.54568481445312,5491106
2018-05-25,196.9499969482422,205.39999389648438,196.5500030517578,202.6999969482422,188.40127563476562,6195224
2018-05-28,203.8000030517578,209.60000610351562,202.8000030517578,207.10000610351562,192.49087524414062,5447905
2018-05-29,206.5,210.3000030517578,203.60000610351562,205.1999969482422,190.72491455078125,6282591
2018-05-30,202.9499969482422,209.1999969482422,200.60000610351562,207.85000610351562,193.18798828125,4635458
2018-05-31,208.4499969482422,212.0,205.14999389648438,209.89999389648438,195.09335327148438,7797171
2018-06-01,210.4499969482422,210.9499969482422,205.5500030517578,206.9499969482422,192.35147094726562,5138637
2018-06-04,207.9499969482422,208.5,198.10000610351562,199.14999389648438,185.10166931152344,4693026
2018-06-05,198.64999389648438,201.35000610351562,195.10000610351562,199.5500030517578,185.4734649658203,5729316
2018-06-06,198.4499969482422,203.35000610351562,196.5,200.5,186.35643005371094,6151093
2018-06-07,201.10000610351562,205.8000030517578,201.0,203.0500030517578,188.7265625,4271438
2018-06-08,201.0,207.4499969482422,200.35000610351562,205.8000030517578,191.2825927734375,4442610
2018-06-11,206.6999969482422,207.39999389648438,201.5,202.4499969482422,188.1688995361328,4066622
2018-06-12,202.10000610351562,206.25,200.8000030517578,205.10000610351562,190.63198852539062,4808717
2018-06-13,205.25,206.64999389648438,202.60000610351562,205.0,190.53900146484375,4609134
2018-06-14,204.25,208.4499969482422,204.10000610351562,205.89999389648438,191.3755340576172,3560475
2018-06-15,205.9499969482422,207.25,197.5,199.85000610351562,185.7523193359375,5339537
2018-06-18,199.10000610351562,201.5,197.25,199.5500030517578,185.4734649658203,3919736
2018-06-19,199.39999389648438,200.5,193.0500030517578,195.5500030517578,181.75564575195312,4876624
2018-06-20,197.39999389648438,202.3000030517578,196.6999969482422,200.6999969482422,186.54234313964844,4323867
2018-06-21,201.0,201.89999389648438,197.25,198.85000610351562,184.8228759765625,3660058
2018-06-22,198.85000610351562,201.3000030517578,196.8000030517578,200.6999969482422,186.54234313964844,2899353
2018-06-25,200.5,203.1999969482422,195.60000610351562,196.5500030517578,182.68508911132812,4148205
2018-06-26,196.0,199.4499969482422,194.64999389648438,195.64999389648438,181.8485870361328,4145494
2018-06-27,196.0,197.25,189.6999969482422,191.85000610351562,178.31666564941406,4939785
2018-06-28,190.3000030517578,190.3000030517578,183.8000030517578,185.14999389648438,172.0892791748047,6246529
2018-06-29,186.8000030517578,191.0500030517578,186.25,188.8000030517578,175.4817657470703,4202492
2018-07-02,189.0,189.85000610351562,179.14999389648438,184.1999969482422,171.206298828125,5622150
2018-07-03,184.0,187.6999969482422,182.3000030517578,185.8000030517578,172.6934051513672,4388316
2018-07-04,185.1999969482422,186.9499969482422,183.5500030517578,185.3000030517578,172.22869873046875,3718019
2018-07-05,185.3000030517578,186.39999389648438,180.3000030517578,181.1999969482422,168.41790771484375,3362590
2018-07-06,181.5,189.75,181.0,186.64999389648438,173.4834442138672,4767759
2018-07-09,187.5,188.89999389648438,185.25,187.3000030517578,174.0876007080078,2311937
2018-07-10,190.0,196.1999969482422,189.10000610351562,194.35000610351562,180.64028930664062,6749798
2018-07-11,193.60000610351562,194.8000030517578,190.3000030517578,192.0500030517578,178.50253295898438,3447721
2018-07-12,192.89999389648438,194.75,187.25,189.4499969482422,176.0859375,3713490
2018-07-13,190.5,191.64999389648438,184.60000610351562,187.6999969482422,174.45941162109375,3214697
2018-07-16,188.0,188.60000610351562,177.0,178.0500030517578,165.49014282226562,4266013
2018-07-17,177.0500030517578,182.0,176.75,179.9499969482422,167.25607299804688,5742276
2018-07-18,181.6999969482422,181.6999969482422,170.0,170.6999969482422,158.65858459472656,5559072
2018-07-19,171.89999389648438,175.5,168.0,169.85000610351562,157.86854553222656,7272656
2018-07-20,170.8000030517578,172.35000610351562,168.0,170.39999389648438,158.37974548339844,3249890
2018-07-23,170.5,179.0,170.5,177.64999389648438,165.1183319091797,9216233
2018-07-24,179.4499969482422,190.9499969482422,177.64999389648438,189.10000610351562,175.76063537597656,9610781
2018-07-25,189.75,189.75,182.25,183.5,170.55564880371094,4839118
2018-07-26,183.85000610351562,192.89999389648438,181.60000610351562,190.1999969482422,176.78302001953125,6391773
2018-07-27,191.0500030517578,194.5,188.25,190.5,177.06185913085938,4558851
2018-07-30,190.10000610351562,191.1999969482422,186.0500030517578,188.89999389648438,175.57472229003906,3271250
2018-07-31,189.5,198.85000610351562,189.10000610351562,196.3000030517578,182.45272827148438,10925285
2018-08-01,195.89999389648438,197.25,189.35000610351562,193.35000610351562,179.71084594726562,5890923
2018-08-02,192.0,192.0,186.39999389648438,187.75,174.505859375,4912319
2018-08-03,189.60000610351562,193.5,188.1999969482422,188.89999389648438,175.57472229003906,5986116
2018-08-06,190.0,191.9499969482422,187.5500030517578,189.35000610351562,175.99302673339844,3743820
2018-08-07,189.60000610351562,190.89999389648438,184.0500030517578,186.8000030517578,173.6228790283203,4195521
2018-08-08,186.8000030517578,191.5500030517578,185.8000030517578,188.9499969482422,175.62123107910156,5579043
2018-08-09,189.60000610351562,203.5,189.0500030517578,200.60000610351562,186.44940185546875,12195178
2018-08-10,202.39999389648438,202.8000030517578,193.60000610351562,196.5500030517578,182.68508911132812,8356670
2018-08-13,195.0,197.5,191.25,194.14999389648438,180.4543914794922,4981483
2018-08-14,194.25,204.6999969482422,194.25,202.8000030517578,188.49423217773438,11487982
2018-08-16,201.35000610351562,208.85000610351562,198.5500030517578,206.6999969482422,192.11911010742188,9989854
2018-08-17,208.9499969482422,211.85000610351562,208.14999389648438,210.14999389648438,195.3257598876953,7728061
2018-08-20,212.8000030517578,216.4499969482422,212.3000030517578,214.85000610351562,199.69418334960938,8027156
2018-08-21,214.85000610351562,215.39999389648438,207.25,208.1999969482422,193.51329040527344,6488641
2018-08-23,209.0,214.35000610351562,205.9499969482422,211.89999389648438,196.95228576660156,7578138
2018-08-24,211.0,215.85000610351562,210.5,212.9499969482422,197.92820739746094,6562786
2018-08-27,213.9499969482422,218.3000030517578,211.89999389648438,213.64999389648438,198.57882690429688,7327329
2018-08-28,214.5,216.5500030517578,210.5500030517578,213.35000610351562,198.30001831054688,5328214
2018-08-29,213.64999389648438,221.5,212.25,217.5,202.15725708007812,8597454
2018-08-30,217.85000610351562,223.5,214.8000030517578,221.10000610351562,205.50331115722656,11203811
2018-08-31,221.10000610351562,222.3000030517578,217.1999969482422,220.8000030517578,205.2244873046875,6129569
2018-09-03,213.10000610351562,216.5500030517578,210.3000030517578,212.4499969482422,197.46347045898438,9075098
2018-09-04,210.5,212.35000610351562,198.39999389648438,201.85000610351562,187.6112518310547,9686643
2018-09-05,202.0,203.89999389648438,196.35000610351562,202.35000610351562,188.07595825195312,7278094
2018-09-06,204.5,207.0,201.25,204.5,190.07432556152344,4795832
2018-09-07,205.60000610351562,209.3000030517578,201.6999969482422,208.35000610351562,193.65272521972656,4237143
2018-09-10,207.4499969482422,209.4499969482422,203.0,204.60000610351562,190.167236328125,3767850
2018-09-11,205.39999389648438,206.9499969482422,197.60000610351562,198.89999389648438,184.86932373046875,3593534
2018-09-12,198.9499969482422,203.60000610351562,193.35000610351562,202.4499969482422,188.9287872314453,5717235
2018-09-14,204.5,210.5,203.39999389648438,209.25,195.27462768554688,5547982
2018-09-17,207.0,214.25,206.14999389648438,213.1999969482422,198.96083068847656,7225702
2018-09-18,213.0,214.0,201.60000610351562,202.8000030517578,189.25543212890625,5891263
2018-09-19,201.6999969482422,205.8000030517578,198.5500030517578,201.25,187.8089599609375,5211308
2018-09-21,202.10000610351562,205.35000610351562,184.5,199.5500030517578,186.2224884033203,12303546
2018-09-24,199.85000610351562,199.85000610351562,182.0500030517578,185.10000610351562,172.7375946044922,10192254
2018-09-25,184.10000610351562,187.35000610351562,166.0500030517578,177.60000610351562,165.73849487304688,16192061
2018-09-26,179.6999969482422,184.89999389648438,176.35000610351562,182.60000610351562,170.404541015625,15397405
2018-09-27,181.89999389648438,181.89999389648438,170.39999389648438,171.89999389648438,160.41917419433594,9691018
2018-09-28,173.5,174.6999969482422,159.60000610351562,162.5500030517578,151.69363403320312,13888498
2018-10-01,159.0,162.60000610351562,147.64999389648438,158.4499969482422,147.8674774169922,21910391
2018-10-03,157.5,161.75,151.6999969482422,154.8000030517578,144.46124267578125,19784307
2018-10-04,150.0,160.85000610351562,147.5500030517578,158.39999389648438,147.82081604003906,13713891
2018-10-05,157.0500030517578,163.85000610351562,145.3000030517578,149.25,139.2819061279297,11093634
2018-10-08,149.25,156.75,146.14999389648438,151.85000610351562,141.70826721191406,15115736
2018-10-09,152.9499969482422,155.8000030517578,152.39999389648438,153.5,143.248046875,9331488
2018-10-10,155.0,165.39999389648438,153.5500030517578,163.6999969482422,152.76683044433594,13311026
2018-10-11,155.89999389648438,160.6999969482422,152.4499969482422,153.4499969482422,143.201416015625,8930073
2018-10-12,155.6999969482422,161.0500030517578,155.6999969482422,157.64999389648438,147.12086486816406,7037376
2018-10-15,157.14999389648438,159.1999969482422,154.1999969482422,156.8000030517578,146.32765197753906,4457305
2018-10-16,158.0500030517578,161.35000610351562,157.0500030517578,158.14999389648438,147.5875244140625,5218314
2018-10-17,161.0,162.39999389648438,143.0,144.35000610351562,134.7091827392578,11909786
2018-10-19,142.89999389648438,154.5,142.0,153.14999389648438,142.9214324951172,19254568
2018-10-22,154.0,155.8000030517578,149.5,152.8000030517578,142.59481811523438,8007346
2018-10-23,150.3000030517578,155.0,149.75,153.4499969482422,143.201416015625,5919153
2018-10-24,156.0,158.75,152.64999389648438,156.64999389648438,146.18768310546875,5771458
2018-10-25,153.5,157.3000030517578,150.85000610351562,154.9499969482422,144.60121154785156,4732368
2018-10-26,155.0,156.0,150.35000610351562,153.85000610351562,143.5746612548828,5328152
2018-10-29,155.0,166.39999389648438,152.60000610351562,164.4499969482422,153.4667205810547,6936987
2018-10-30,163.9499969482422,166.5,159.75,161.85000610351562,151.04042053222656,5747572
2018-10-31,163.8000030517578,165.8000030517578,157.8000030517578,164.75,153.74671936035156,6249997
2018-11-01,165.4499969482422,173.4499969482422,164.0,171.85000610351562,160.3725128173828,8059831
2018-11-02,178.89999389648438,178.89999389648438,168.10000610351562,169.9499969482422,158.59939575195312,12042541
2018-11-05,170.0,175.64999389648438,168.4499969482422,173.1999969482422,161.63235473632812,5399483
2018-11-06,174.0500030517578,174.5,171.10000610351562,172.5,160.97909545898438,3241788
2018-11-07,172.5,172.5,172.5,172.5,160.97909545898438,0
2018-11-09,172.89999389648438,175.0,171.25,174.35000610351562,162.70553588867188,2796209
2018-11-12,175.5,176.14999389648438,170.8000030517578,171.39999389648438,159.9525604248047,3201720
2018-11-13,170.39999389648438,172.89999389648438,167.75,171.39999389648438,159.9525604248047,4712188
2018-11-14,173.1999969482422,173.9499969482422,161.75,162.64999389648438,151.78697204589844,6001775
2018-11-15,163.8000030517578,171.3000030517578,162.39999389648438,169.85000610351562,158.506103515625,5375427
2018-11-16,170.14999389648438,171.60000610351562,164.8000030517578,169.39999389648438,158.08612060546875,3566071
2018-11-19,170.25,176.25,168.10000610351562,172.75,161.21238708496094,4385661
2018-11-20,169.89999389648438,175.64999389648438,169.89999389648438,174.89999389648438,163.2187957763672,6984983
2018-11-21,174.0,183.5,173.5500030517578,182.8000030517578,170.59117126464844,7925047
2018-11-22,182.5,182.5,176.4499969482422,177.10000610351562,165.27188110351562,4309429
2018-11-26,178.0,179.0,171.60000610351562,177.5,165.6451416015625,4103380
2018-11-27,178.5,183.35000610351562,176.0,178.14999389648438,166.2517547607422,6761380
2018-11-28,178.6999969482422,179.25,172.5,175.9499969482422,164.19866943359375,5394839
2018-11-29,177.8000030517578,181.0,174.14999389648438,179.4499969482422,167.4649200439453,5321521
2018-11-30,180.0,180.0,175.9499969482422,178.10000610351562,166.205078125,3513726
2018-12-03,179.0,181.8000030517578,176.1999969482422,180.4499969482422,168.3981170654297,3700585
2018-12-04,179.10000610351562,180.4499969482422,172.10000610351562,173.8000030517578,162.19227600097656,4669519
2018-12-05,172.9499969482422,178.0,171.64999389648438,177.0,165.17857360839844,6536199
2018-12-06,174.6999969482422,174.6999969482422,165.64999389648438,167.39999389648438,156.21971130371094,7596610
2018-12-07,168.39999389648438,173.0,165.10000610351562,172.5500030517578,161.02578735351562,6402016
2018-12-10,169.64999389648438,169.64999389648438,164.5,166.64999389648438,155.51979064941406,4046041
2018-12-11,164.0,172.89999389648438,163.0,171.4499969482422,159.9992218017578,4612431
2018-12-12,172.8000030517578,181.3000030517578,171.10000610351562,179.25,167.27828979492188,7437148
2018-12-13,176.9499969482422,182.85000610351562,174.6999969482422,178.85000610351562,166.90501403808594,8244217
2018-12-14,178.10000610351562,180.5500030517578,176.25,178.75,166.81166076660156,4029066
2018-12-17,179.75,180.6999969482422,174.89999389648438,178.3000030517578,166.39173889160156,3643033
2018-12-18,177.0,180.9499969482422,176.25,178.0500030517578,166.15843200683594,3786975
2018-12-19,179.35000610351562,193.3000030517578,178.39999389648438,191.5,178.7101287841797,16441945
2018-12-20,192.8000030517578,193.6999969482422,186.6999969482422,189.85000610351562,177.17034912109375,8962611
2018-12-21,190.0,191.8000030517578,185.14999389648438,187.10000610351562,174.60401916503906,8223560
2018-12-24,186.0,186.3000030517578,177.10000610351562,178.10000610351562,166.205078125,8945739
2018-12-26,179.0,179.75,171.8000030517578,177.60000610351562,165.73849487304688,7574429
2018-12-27,179.8000030517578,181.39999389648438,174.89999389648438,175.64999389648438,163.918701171875,6183377
2018-12-28,177.89999389648438,180.6999969482422,176.6999969482422,177.9499969482422,166.0651092529297,4300844
2018-12-31,178.6999969482422,179.9499969482422,176.35000610351562,177.5500030517578,165.6918182373047,4653719
2019-01-01,177.10000610351562,182.14999389648438,177.0,180.3000030517578,168.2581787109375,6246700
2019-01-02,179.89999389648438,179.89999389648438,172.25,173.10000610351562,161.5390167236328,6604177
2019-01-03,173.10000610351562,174.9499969482422,171.14999389648438,172.4499969482422,160.9324188232422,5873745
2019-01-04,173.0500030517578,175.8000030517578,170.64999389648438,175.14999389648438,163.4521026611328,5556175
2019-01-07,178.0,184.0,177.10000610351562,179.8000030517578,167.7915496826172,10127291
2019-01-08,179.8000030517578,182.8000030517578,178.5500030517578,181.5,169.3780059814453,4704040
2019-01-09,182.25,184.6999969482422,178.10000610351562,182.10000610351562,169.9379425048828,5570072
2019-01-10,183.10000610351562,187.14999389648438,181.35000610351562,183.5500030517578,171.29110717773438,9198151
2019-01-11,182.5,183.60000610351562,179.0,182.14999389648438,169.98458862304688,4565679
2019-01-14,182.3000030517578,182.3000030517578,178.1999969482422,181.14999389648438,169.0513916015625,3741265
2019-01-15,182.5,187.1999969482422,182.0,185.9499969482422,173.5308074951172,4060162
2019-01-16,185.60000610351562,187.75,182.5,182.9499969482422,170.73117065429688,4131732
2019-01-17,183.6999969482422,185.8000030517578,181.5500030517578,184.1999969482422,171.89768981933594,4558933
2019-01-18,184.5,184.60000610351562,179.3000030517578,180.35000610351562,168.30484008789062,4243642
2019-01-21,180.5500030517578,182.10000610351562,176.1999969482422,177.25,165.411865234375,3361204
2019-01-22,177.0,180.60000610351562,174.75,180.0500030517578,168.02487182617188,4744583
2019-01-23,180.39999389648438,180.85000610351562,176.1999969482422,177.25,165.411865234375,4567262
2019-01-24,177.89999389648438,183.6999969482422,176.64999389648438,177.75,165.87843322753906,5827123
2019-01-25,178.85000610351562,180.10000610351562,143.10000610351562,158.0,147.44752502441406,20781142
2019-01-28,160.0,167.60000610351562,158.5,164.0500030517578,153.0934600830078,11812368
2019-01-29,163.0,168.1999969482422,162.0500030517578,164.89999389648438,153.88668823242188,4196603
2019-01-30,166.0,166.39999389648438,160.0500030517578,164.1999969482422,153.23341369628906,4379914
2019-01-31,165.0,168.0,158.5,164.85000610351562,153.8400421142578,5587357
2019-02-01,164.9499969482422,181.0500030517578,162.64999389648438,165.6999969482422,154.6332550048828,13045972
2019-02-04,165.89999389648438,165.9499969482422,158.1999969482422,163.60000610351562,152.6735076904297,5652935
2019-02-05,163.0500030517578,165.35000610351562,154.5500030517578,159.75,149.08062744140625,7095047
2019-02-06,158.0,162.5,152.0500030517578,160.35000610351562,149.6405792236328,10746796
2019-02-07,161.0,163.64999389648438,157.1999969482422,160.39999389648438,149.68724060058594,7154145
2019-02-08,160.0,169.0,157.85000610351562,164.75,153.74671936035156,10455050
2019-02-11,164.8000030517578,165.9499969482422,161.10000610351562,163.6999969482422,152.76683044433594,5269340
2019-02-12,164.0,165.64999389648438,157.60000610351562,159.14999389648438,148.52072143554688,5780211
2019-02-14,157.0,164.25,156.64999389648438,162.3000030517578,151.46034240722656,4477707
2019-02-15,162.0,162.0500030517578,154.39999389648438,158.10000610351562,147.54083251953125,5111337
2019-02-18,159.0,160.1999969482422,155.60000610351562,156.0,145.5811309814453,3876032
2019-02-19,157.89999389648438,166.89999389648438,157.60000610351562,163.39999389648438,152.48687744140625,15335372
2019-02-20,163.60000610351562,165.3000030517578,159.0,163.0,152.11358642578125,9359061
2019-02-21,163.0,166.89999389648438,162.10000610351562,165.3000030517578,154.25997924804688,5377001
2019-02-22,165.5,170.0,164.6999969482422,169.25,157.94615173339844,6024582
2019-02-25,170.5500030517578,173.3000030517578,167.0500030517578,168.14999389648438,156.91964721679688,13038685
2019-02-26,165.10000610351562,167.75,162.10000610351562,166.39999389648438,155.2864990234375,5572262
2019-02-27,167.0,169.1999969482422,163.0,164.35000610351562,153.37342834472656,4545778
2019-02-28,163.0,166.39999389648438,161.85000610351562,164.6999969482422,153.7000274658203,5881165
2019-03-01,166.0,169.1999969482422,165.1999969482422,167.25,156.07972717285156,3845718
2019-03-05,167.5,177.0,167.5,175.60000610351562,163.8720703125,6150185
2019-03-06,176.0,180.75,174.35000610351562,177.35000610351562,165.5051727294922,6513459
2019-03-07,176.9499969482422,179.0500030517578,173.60000610351562,175.9499969482422,164.19866943359375,4201421
2019-03-08,175.3000030517578,176.75,173.8000030517578,175.35000610351562,163.6387481689453,3005893
2019-03-11,175.35000610351562,178.3000030517578,175.14999389648438,176.85000610351562,165.03854370117188,2795266
2019-03-12,179.0,188.6999969482422,177.60000610351562,187.75,175.21060180664062,13173333
2019-03-13,190.5,194.9499969482422,190.0,192.14999389648438,179.31671142578125,16127714
2019-03-14,192.8000030517578,203.14999389648438,190.0500030517578,201.85000610351562,188.368896484375,18351272
2019-03-15,202.14999389648438,203.75,196.5500030517578,197.4499969482422,184.2627410888672,9317938
2019-03-18,198.4499969482422,201.1999969482422,195.25,197.75,184.54270935058594,6926554
2019-03-19,198.75,199.25,192.60000610351562,194.0,181.0431671142578,7149471
2019-03-20,196.0,200.75,195.5,199.35000610351562,186.03585815429688,9822900
2019-03-22,200.10000610351562,202.6999969482422,195.39999389648438,196.14999389648438,183.04954528808594,9153838
2019-03-25,194.4499969482422,194.75,188.0,189.25,176.61038208007812,5217787
2019-03-26,191.39999389648438,205.35000610351562,188.5,196.5500030517578,183.4228515625,28150981
2019-03-27,199.10000610351562,199.39999389648438,189.60000610351562,190.39999389648438,177.68359375,11282628
2019-03-28,191.89999389648438,197.8000030517578,191.60000610351562,194.0500030517578,181.08982849121094,10010007
2019-04-01,203.0,204.5,194.9499969482422,195.5500030517578,182.4896697998047,16311067
2019-04-02,195.60000610351562,200.8000030517578,194.1999969482422,199.5,186.1758270263672,18498248
2019-04-03,200.6999969482422,209.64999389648438,199.60000610351562,202.10000610351562,188.6021728515625,28104238
2019-04-04,203.35000610351562,204.8000030517578,198.10000610351562,200.85000610351562,187.4356689453125,14167501
2019-04-05,200.89999389648438,204.75,199.39999389648438,201.60000610351562,188.1355743408203,13045209
2019-04-08,203.1999969482422,203.1999969482422,183.5500030517578,184.60000610351562,172.27096557617188,110839025
2019-04-09,186.0,189.5,183.39999389648438,188.14999389648438,175.5838623046875,24874709
2019-04-10,187.75,191.1999969482422,179.0500030517578,180.10000610351562,168.0714874267578,22351331
2019-04-11,180.5,182.4499969482422,175.8000030517578,177.6999969482422,165.83181762695312,20379941
2019-04-12,177.6999969482422,183.64999389648438,177.3000030517578,181.85000610351562,169.7046661376953,21022203
2019-04-15,183.0,185.1999969482422,181.4499969482422,184.75,172.4109649658203,13223734
2019-04-16,186.6999969482422,187.89999389648438,182.10000610351562,183.35000610351562,171.1044464111328,15829170
2019-04-18,183.85000610351562,185.6999969482422,179.25,183.10000610351562,170.8711395263672,14326897
2019-04-22,181.0,181.39999389648438,172.3000030517578,172.9499969482422,161.39903259277344,15806621
2019-04-23,173.0,176.60000610351562,170.60000610351562,172.0,160.5124969482422,10583075
2019-04-24,172.4499969482422,177.0,171.14999389648438,176.0500030517578,164.2919921875,8682385
2019-04-25,177.0,178.6999969482422,173.0,173.60000610351562,162.00563049316406,44558136
2019-04-26,176.5,177.3000030517578,172.8000030517578,174.3000030517578,162.65887451171875,15119128
2019-04-30,174.0,174.3000030517578,167.0500030517578,172.75,161.21238708496094,15575038
2019-05-02,171.0500030517578,175.60000610351562,169.6999969482422,171.85000610351562,160.3725128173828,9657298
2019-05-03,172.9499969482422,179.1999969482422,171.9499969482422,177.9499969482422,166.0651092529297,11791575
2019-05-06,175.9499969482422,177.35000610351562,173.0500030517578,173.89999389648438,162.28558349609375,5468266
2019-05-07,175.6999969482422,176.1999969482422,167.39999389648438,169.60000610351562,158.2727813720703,8443779
2019-05-08,169.5,170.14999389648438,165.60000610351562,168.9499969482422,157.6661834716797,6741133
2019-05-09,168.6999969482422,170.8000030517578,166.5,167.8000030517578,156.593017578125,4647668
2019-05-10,168.5,172.5,165.75,166.5,155.37982177734375,7393523
2019-05-13,165.10000610351562,167.4499969482422,163.0,164.35000610351562,153.37342834472656,6157794
2019-05-14,163.0500030517578,167.8000030517578,160.75,166.25,155.14651489257812,8190348
2019-05-15,166.9499969482422,166.9499969482422,160.60000610351562,161.4499969482422,150.66709899902344,5421371
2019-05-16,162.85000610351562,164.5,158.14999389648438,162.89999389648438,152.020263671875,9992081
2019-05-17,162.64999389648438,167.0,161.85000610351562,164.4499969482422,153.4667205810547,6369300
2019-05-20,169.25,174.6999969482422,168.25,173.75,162.14561462402344,7512324
2019-05-21,174.5,176.4499969482422,169.5,171.5,160.0458984375,12077133
2019-05-22,175.89999389648438,181.1999969482422,172.0,173.89999389648438,162.28558349609375,24314232
2019-05-23,177.0,184.60000610351562,174.0,180.6999969482422,168.63143920898438,26290847
2019-05-24,181.75,193.1999969482422,181.5,191.64999389648438,178.85011291503906,22407285
2019-05-27,191.39999389648438,200.1999969482422,190.10000610351562,197.0,183.84280395507812,15049131
2019-05-28,197.5,197.60000610351562,191.60000610351562,195.39999389648438,182.34967041015625,8700693
2019-05-29,194.89999389648438,197.25,191.8000030517578,193.6999969482422,180.76319885253906,7979267
2019-05-30,194.9499969482422,196.5,190.64999389648438,194.6999969482422,181.69642639160156,10437577
2019-05-31,195.5,196.1999969482422,184.75,191.1999969482422,178.43017578125,11214402
2019-06-03,191.0,196.89999389648438,188.75,196.14999389648438,183.04954528808594,7573474
2019-06-04,195.0,202.64999389648438,194.3000030517578,195.4499969482422,182.3963165283203,14559889
2019-06-06,195.89999389648438,197.14999389648438,187.14999389648438,190.39999389648438,177.68359375,9595362
2019-06-07,190.0,194.1999969482422,186.60000610351562,190.0500030517578,177.35696411132812,8188075
2019-06-10,191.39999389648438,193.10000610351562,185.60000610351562,189.25,176.61038208007812,7653848
2019-06-11,190.0,192.89999389648438,185.6999969482422,191.5500030517578,178.75680541992188,6158116
2019-06-12,191.0,191.0,183.6999969482422,184.5500030517578,172.22430419921875,8066923
2019-06-13,183.9499969482422,186.75,181.60000610351562,184.9499969482422,172.5975799560547,8810333
2019-06-14,183.75,184.5,175.5,177.85000610351562,165.97178649902344,11855210
2019-06-17,177.85000610351562,177.89999389648438,170.35000610351562,172.64999389648438,161.11907958984375,11335861
2019-06-18,172.60000610351562,175.5,170.0,173.6999969482422,162.09896850585938,9460128
2019-06-19,174.89999389648438,179.5,171.8000030517578,176.39999389648438,164.6186065673828,11090503
2019-06-20,176.39999389648438,183.25,173.35000610351562,181.35000610351562,169.23802185058594,9873647
2019-06-21,179.9499969482422,181.89999389648438,176.5500030517578,177.5500030517578,165.6918182373047,10517709
2019-06-24,178.39999389648438,179.39999389648438,173.9499969482422,175.5500030517578,163.82540893554688,7231257
2019-06-25,174.60000610351562,177.35000610351562,174.0500030517578,176.25,164.47865295410156,4769918
2019-06-26,175.9499969482422,185.8000030517578,175.3000030517578,184.60000610351562,172.27096557617188,10243007
2019-06-27,184.0,187.0,182.8000030517578,185.60000610351562,173.20419311523438,16068076
2019-06-28,186.5500030517578,191.35000610351562,185.10000610351562,188.5500030517578,175.95716857910156,9413259
2019-07-01,189.6999969482422,191.4499969482422,187.60000610351562,190.8000030517578,178.05686950683594,5467507
2019-07-02,191.85000610351562,193.4499969482422,189.39999389648438,192.5,179.6433563232422,6054505
2019-07-03,193.5,194.6999969482422,191.10000610351562,193.64999389648438,180.71653747558594,5299636
2019-07-04,193.6999969482422,196.89999389648438,192.5,194.60000610351562,181.60308837890625,9837342
2019-07-05,196.1999969482422,196.60000610351562,185.5,186.9499969482422,174.4640350341797,15489840
2019-07-08,185.39999389648438,187.1999969482422,177.5,182.39999389648438,170.2178955078125,7421180
2019-07-09,182.35000610351562,185.3000030517578,180.39999389648438,183.64999389648438,171.38438415527344,5311932
2019-07-10,184.0500030517578,184.0500030517578,175.25,177.6999969482422,165.83181762695312,9142852
2019-07-11,179.0,187.6999969482422,178.9499969482422,186.0,173.5774383544922,11089171
2019-07-12,184.0,188.35000610351562,183.25,186.14999389648438,173.71743774414062,6872502
2019-07-15,186.5,187.64999389648438,184.64999389648438,186.0500030517578,173.62411499023438,3848689
2019-07-16,185.25,193.60000610351562,184.85000610351562,191.35000610351562,178.5701446533203,6662699
2019-07-17,190.4499969482422,192.60000610351562,188.6999969482422,190.6999969482422,177.9635772705078,4842698
2019-07-18,190.0,191.35000610351562,182.5500030517578,183.1999969482422,170.96446228027344,6315890
2019-07-19,184.0,186.14999389648438,177.25,180.0500030517578,168.02487182617188,6320721
2019-07-22,177.75,182.14999389648438,176.1999969482422,179.5,169.3932342529297,5386468
2019-07-23,180.8000030517578,182.89999389648438,179.0500030517578,180.1999969482422,170.0537872314453,4388484
2019-07-24,180.85000610351562,181.0,171.9499969482422,177.35000610351562,167.36428833007812,8097078
2019-07-25,177.0,179.85000610351562,174.8000030517578,176.35000610351562,166.4205780029297,7273037
2019-07-26,177.0,181.25,175.9499969482422,180.5,170.33689880371094,4583743
2019-07-29,180.0,182.3000030517578,176.25,179.4499969482422,169.3460235595703,6600119
2019-07-30,176.0500030517578,182.39999389648438,175.14999389648438,177.75,167.74172973632812,15821594
2019-07-31,177.8000030517578,179.35000610351562,169.75,178.14999389648438,168.1192169189453,15109507
2019-08-01,176.9499969482422,177.60000610351562,170.35000610351562,172.39999389648438,162.69297790527344,10107821
2019-08-02,171.5,172.60000610351562,162.6999969482422,171.8000030517578,162.1267547607422,14931726
2019-08-05,168.35000610351562,170.35000610351562,163.1999969482422,164.89999389648438,155.61524963378906,8790354
2019-08-06,164.0,169.8000030517578,162.89999389648438,168.25,158.77662658691406,7803580
2019-08-07,167.60000610351562,172.89999389648438,165.3000030517578,165.89999389648438,156.55892944335938,7755724
2019-08-08,166.89999389648438,172.6999969482422,166.10000610351562,171.8000030517578,162.1267547607422,5915829
2019-08-09,172.35000610351562,177.1999969482422,172.35000610351562,175.64999389648438,165.7599639892578,5782491
2019-08-13,175.1999969482422,179.0,172.3000030517578,173.75,163.9669647216797,4917578
2019-08-14,174.10000610351562,176.14999389648438,170.6999969482422,174.89999389648438,165.05221557617188,5299098
2019-08-16,174.89999389648438,179.8000030517578,172.60000610351562,177.64999389648438,167.64736938476562,5364795
2019-08-19,178.14999389648438,181.25,176.8000030517578,178.9499969482422,168.87417602539062,4861541
2019-08-20,178.0,178.5,173.25,177.3000030517578,167.3170928955078,4494565
2019-08-21,177.0,177.5500030517578,170.5,171.60000610351562,161.93804931640625,4658146
2019-08-22,168.8000030517578,168.89999389648438,137.64999389648438,144.4499969482422,136.3166961669922,86786146
2019-08-23,141.5,154.4499969482422,136.6999969482422,152.10000610351562,143.5359649658203,42604662
2019-08-26,156.0,161.0,147.1999969482422,159.60000610351562,150.6136932373047,27776662
2019-08-27,158.3000030517578,163.0,156.4499969482422,160.75,151.6989288330078,13260627
2019-08-28,160.8000030517578,165.8000030517578,158.64999389648438,164.1999969482422,154.95468139648438,16114232
2019-08-29,163.0,166.89999389648438,161.0,165.10000610351562,155.8040313720703,11577203
2019-08-30,166.5,169.1999969482422,161.35000610351562,168.14999389648438,158.68226623535156,9168884
2019-09-03,164.5,168.5,162.75,163.5500030517578,154.34127807617188,7127055
2019-09-04,163.3000030517578,166.25,157.4499969482422,163.9499969482422,154.71875,13175472
2019-09-05,163.89999389648438,164.25,157.14999389648438,159.35000610351562,150.37777709960938,10539344
2019-09-06,159.5,159.5500030517578,148.1999969482422,154.25,145.56492614746094,33559078
2019-09-09,154.25,156.89999389648438,152.5500030517578,154.1999969482422,145.5177001953125,9871180
2019-09-11,154.75,164.3000030517578,153.39999389648438,160.39999389648438,151.36862182617188,15562134
2019-09-12,161.64999389648438,163.9499969482422,158.39999389648438,159.6999969482422,150.7080535888672,12684164
2019-09-13,159.35000610351562,168.0,156.0500030517578,166.0500030517578,156.7005157470703,14679309
2019-09-16,162.9499969482422,165.5,160.10000610351562,161.75,152.64263916015625,11152022
2019-09-17,162.0,163.64999389648438,154.3000030517578,155.60000610351562,146.83892822265625,10759732
2019-09-18,155.60000610351562,159.35000610351562,153.5500030517578,157.14999389648438,148.3016357421875,9304274
2019-09-19,157.0,157.5,153.3000030517578,155.39999389648438,146.650146484375,6396288
2019-09-20,155.0500030517578,173.64999389648438,152.89999389648438,168.3000030517578,158.82383728027344,27345926
2019-09-23,172.0,174.14999389648438,165.25,167.6999969482422,158.2576141357422,11731385
2019-09-24,167.6999969482422,171.35000610351562,165.25,167.25,157.8329315185547,7908403
2019-09-25,166.8000030517578,167.4499969482422,152.5,155.75,146.98045349121094,15184200
2019-09-26,156.5,163.89999389648438,155.14999389648438,161.75,152.64263916015625,11914905
2019-09-27,161.0,161.89999389648438,156.75,158.35000610351562,149.43408203125,7148165
2019-09-30,159.0,159.0,151.39999389648438,155.60000610351562,146.83892822265625,10546288
2019-10-01,156.0,157.9499969482422,132.5500030517578,144.1999969482422,136.08078002929688,18836234
2019-10-03,145.64999389648438,152.0,144.60000610351562,149.89999389648438,141.4598388671875,12704415
2019-10-04,151.39999389648438,153.1999969482422,145.60000610351562,147.35000610351562,139.05345153808594,13947473
2019-10-07,148.0,148.0500030517578,142.75,143.89999389648438,135.7976531982422,6301348
2019-10-09,143.89999389648438,149.75,138.35000610351562,147.75,139.43089294433594,15540451
2019-10-10,146.5,146.89999389648438,139.5,142.4499969482422,134.42930603027344,12393751
2019-10-11,142.5,146.89999389648438,140.75,145.60000610351562,137.40196228027344,11600032
2019-10-14,150.0,157.85000610351562,149.0,154.85000610351562,146.13111877441406,19269942
2019-10-15,154.5,159.39999389648438,152.0,156.14999389648438,147.3579559326172,8060089
2019-10-16,156.0,160.85000610351562,155.5,159.75,150.75523376464844,11931455
2019-10-17,157.5500030517578,164.75,156.6999969482422,163.85000610351562,154.62440490722656,9272454
2019-10-18,163.60000610351562,169.60000610351562,162.8000030517578,168.85000610351562,159.3428497314453,12716934
2019-10-22,170.0,183.0,169.35000610351562,178.1999969482422,168.1663818359375,21273741
2019-10-23,177.60000610351562,178.8000030517578,174.0,174.9499969482422,165.09939575195312,9737277
2019-10-24,176.0500030517578,180.4499969482422,174.6999969482422,176.5,166.56211853027344,8220431
2019-10-25,176.5,182.0,174.64999389648438,181.0,170.80877685546875,9432267
2019-10-27,182.0,182.0,179.0500030517578,179.8000030517578,169.67630004882812,832293
2019-10-29,179.8000030517578,183.9499969482422,178.64999389648438,180.9499969482422,170.76158142089844,7767341
2019-10-30,182.0,183.0,179.25,181.5500030517578,171.3278045654297,6563814
2019-10-31,185.8000030517578,190.60000610351562,181.89999389648438,183.3000030517578,172.979248046875,16086336
2019-11-01,184.39999389648438,186.75,182.60000610351562,185.14999389648438,174.72508239746094,5112995
2019-11-04,185.3000030517578,188.39999389648438,182.3000030517578,184.3000030517578,173.92295837402344,6416447
2019-11-05,183.10000610351562,187.39999389648438,182.0500030517578,184.35000610351562,173.9701385498047,7847108
2019-11-06,186.5500030517578,194.1999969482422,185.8000030517578,191.5,180.71754455566406,15940992
2019-11-07,197.0,197.8000030517578,188.3000030517578,192.5,181.66122436523438,23939489
2019-11-08,196.0,209.75,196.0,203.10000610351562,191.66439819335938,45666495
2019-11-11,200.0,208.64999389648438,199.0500030517578,207.64999389648438,195.9582061767578,14939800
2019-11-13,210.1999969482422,214.39999389648438,201.14999389648438,202.1999969482422,190.81507873535156,22014078
2019-11-14,202.85000610351562,209.85000610351562,202.5,208.89999389648438,197.13783264160156,13244986
2019-11-15,210.0,215.60000610351562,208.35000610351562,211.75,199.82737731933594,12386416
2019-11-18,211.85000610351562,218.4499969482422,211.3000030517578,216.0,203.8380584716797,12188767
2019-11-19,217.3000030517578,217.75,212.0500030517578,214.9499969482422,202.84719848632812,9625573
2019-11-20,215.10000610351562,218.6999969482422,211.35000610351562,212.10000610351562,200.15765380859375,9963070
2019-11-21,213.39999389648438,218.89999389648438,209.0,216.85000610351562,204.6402130126953,11285129
2019-11-22,216.9499969482422,219.35000610351562,214.25,217.25,205.01768493652344,7459722
2019-11-25,220.0,226.60000610351562,217.60000610351562,220.35000610351562,207.94314575195312,24412232
2019-11-26,222.25,222.60000610351562,215.0,220.0500030517578,207.66001892089844,73850039
2019-11-27,217.85000610351562,218.14999389648438,213.60000610351562,215.85000610351562,203.696533203125,8209601
2019-11-28,216.5,220.8000030517578,214.6999969482422,217.9499969482422,205.6782989501953,10068332
2019-11-29,218.10000610351562,224.1999969482422,215.0,219.6999969482422,207.32972717285156,11696442
2019-12-02,219.6999969482422,219.6999969482422,219.6999969482422,219.6999969482422,207.32972717285156,0
2019-12-03,218.0,222.8000030517578,215.5,218.89999389648438,206.57476806640625,8871643
2019-12-04,218.0,224.10000610351562,217.0,220.25,207.8487548828125,10927951
2019-12-05,220.25,222.89999389648438,217.6999969482422,221.10000610351562,208.6509246826172,8570953
2019-12-06,221.89999389648438,222.5,216.0,218.39999389648438,206.10293579101562,9114752
2019-12-09,217.5,221.3000030517578,214.60000610351562,217.14999389648438,204.92330932617188,8352510
2019-12-10,216.5,219.5500030517578,214.75,216.8000030517578,204.59303283691406,7229597
2019-12-11,217.1999969482422,227.39999389648438,217.0,223.35000610351562,210.7742156982422,12291947
2019-12-12,226.6999969482422,228.0,222.5500030517578,224.89999389648438,212.2369384765625,10821969
2019-12-13,226.10000610351562,231.1999969482422,225.10000610351562,228.9499969482422,216.0589141845703,14462928
2019-12-16,227.5,231.1999969482422,227.5,230.25,217.28573608398438,7409874
2019-12-17,230.4499969482422,231.39999389648438,228.5,229.89999389648438,216.95542907714844,5127644
2019-12-18,229.85000610351562,229.9499969482422,224.1999969482422,227.8000030517578,214.9736785888672,7530021
2019-12-19,227.0,229.0,225.60000610351562,228.39999389648438,215.53988647460938,3905985
2019-12-20,228.14999389648438,232.5,225.85000610351562,230.5500030517578,217.56881713867188,6991936
2019-12-23,229.0,233.0,224.60000610351562,227.3000030517578,214.50181579589844,7458937
2019-12-24,226.8000030517578,230.3000030517578,225.9499969482422,228.64999389648438,215.7758026123047,5770969
2019-12-26,228.60000610351562,229.10000610351562,225.5500030517578,226.75,213.9827880859375,4849665
2019-12-27,227.0,233.5,226.8000030517578,232.89999389648438,219.78651428222656,6721432
2019-12-30,233.1999969482422,235.14999389648438,231.85000610351562,233.25,220.11680603027344,4687013
2019-12-31,232.0,234.35000610351562,230.0,230.89999389648438,217.89913940429688,5458676
2020-01-01,231.39999389648438,232.14999389648438,227.10000610351562,227.5500030517578,214.73773193359375,3761160
2020-01-02,227.5,234.39999389648438,226.5,233.75,220.58865356445312,4513308
2020-01-03,232.64999389648438,233.6999969482422,227.0500030517578,228.60000610351562,215.72862243652344,4289982
2020-01-06,227.0,227.5500030517578,220.14999389648438,220.9499969482422,208.5093536376953,7552620
2020-01-07,223.0,227.4499969482422,222.5,225.5,212.8031768798828,4646862
2020-01-08,217.3000030517578,228.3000030517578,217.3000030517578,227.64999389648438,214.8321075439453,6320990
2020-01-09,230.0,240.5,229.35000610351562,238.25,224.8352813720703,9195030
2020-01-10,238.85000610351562,245.0,236.0,244.1999969482422,230.45025634765625,14793061
2020-01-13,244.35000610351562,253.75,244.35000610351562,252.8000030517578,238.56605529785156,14466469
2020-01-14,252.10000610351562,257.6000061035156,250.5500030517578,254.5500030517578,240.2174835205078,6843491
2020-01-15,252.5,258.0,252.5,255.89999389648438,241.49148559570312,7020963
2020-01-16,255.6999969482422,259.6499938964844,254.64999389648438,258.1499938964844,243.61480712890625,5235129
2020-01-17,257.0,262.0,256.8999938964844,261.25,246.54026794433594,5766591
2020-01-20,261.95001220703125,264.0,257.3500061035156,258.95001220703125,244.36976623535156,6096170
2020-01-21,258.0,258.8500061035156,255.0,257.1000061035156,242.62391662597656,5387621
2020-01-22,258.3999938964844,261.25,255.0,258.1000061035156,243.56764221191406,5476635
2020-01-23,258.1000061035156,262.0,257.1000061035156,260.70001220703125,246.021240234375,5101631
2020-01-24,262.0,265.8999938964844,261.1000061035156,262.8500061035156,248.05015563964844,7257409
2020-01-27,261.5,264.0,255.8000030517578,257.1000061035156,242.62391662597656,5577299
2020-01-28,256.0,261.25,255.3000030517578,257.6499938964844,243.1429443359375,4763857
2020-01-29,259.0,261.79998779296875,256.6499938964844,258.6000061035156,244.03948974609375,4977662
2020-01-30,258.6000061035156,258.8500061035156,252.0500030517578,254.64999389648438,240.31187438964844,5549648
2020-01-31,257.79998779296875,262.79998779296875,254.3000030517578,260.45001220703125,245.78530883789062,10810838
2020-02-03,230.0,233.6999969482422,217.85000610351562,230.85000610351562,217.85194396972656,20842165
2020-02-04,231.39999389648438,247.75,230.8000030517578,245.25,231.44114685058594,15797056
2020-02-05,250.14999389648438,255.8000030517578,245.64999389648438,253.4499969482422,239.179443359375,12352880
2020-02-06,247.0,254.6999969482422,243.39999389648438,246.3000030517578,232.4320526123047,17929026
2020-02-07,246.0,246.89999389648438,234.75,235.8000030517578,222.52322387695312,14050194
2020-02-10,235.3000030517578,236.60000610351562,231.14999389648438,233.8000030517578,220.63580322265625,8120421
2020-02-11,236.0,237.8000030517578,232.60000610351562,233.85000610351562,220.68304443359375,5475597
2020-02-12,233.89999389648438,235.75,226.8000030517578,230.85000610351562,218.97561645507812,6806019
2020-02-13,230.5500030517578,232.60000610351562,227.4499969482422,231.35000610351562,219.4499053955078,6913597
2020-02-14,232.39999389648438,234.4499969482422,224.4499969482422,226.1999969482422,214.56480407714844,6757171
2020-02-17,228.39999389648438,229.8000030517578,217.85000610351562,219.39999389648438,208.11456298828125,10788768
2020-02-18,217.1999969482422,219.35000610351562,216.5500030517578,217.9499969482422,206.73916625976562,6678150
2020-02-19,220.6999969482422,228.64999389648438,218.3000030517578,226.89999389648438,215.22877502441406,7405952
2020-02-20,226.89999389648438,228.35000610351562,219.0,220.10000610351562,208.77859497070312,7654026
2020-02-24,215.0,219.0,211.25,212.5,201.56947326660156,7761069
2020-02-25,213.0,219.5,213.0,216.75,205.60089111328125,8778643
2020-02-26,214.85000610351562,217.6999969482422,210.60000610351562,212.4499969482422,201.52206420898438,6037598
2020-02-27,212.0,212.8000030517578,204.3000030517578,208.6999969482422,197.9649658203125,8839033
2020-02-28,203.5,204.89999389648438,193.14999389648438,201.6999969482422,191.32501220703125,15083273
2020-03-02,206.0,213.39999389648438,199.8000030517578,203.85000610351562,193.36444091796875,10400591
2020-03-03,205.0,212.0500030517578,203.39999389648438,206.8000030517578,196.1626739501953,11084288
2020-03-04,208.0500030517578,210.10000610351562,198.5,203.9499969482422,193.45928955078125,9357919
2020-03-05,205.8000030517578,207.35000610351562,200.39999389648438,202.60000610351562,192.17872619628906,8576035
2020-03-06,195.0,196.10000610351562,187.85000610351562,194.4499969482422,184.44793701171875,10991688
2020-03-09,188.0,189.0,178.64999389648438,182.35000610351562,172.97032165527344,12053473
2020-03-11,182.35000610351562,184.8000030517578,177.0,178.4499969482422,169.27093505859375,9238369
2020-03-12,168.0,169.0,154.5,156.89999389648438,148.82940673828125,14049953
2020-03-13,145.0500030517578,171.9499969482422,142.0,166.75,158.1727752685547,11231755
2020-03-16,155.25,157.0,147.60000610351562,149.0,141.33578491210938,7065375
2020-03-17,150.0,155.0,143.89999389648438,144.60000610351562,137.16212463378906,8919578
2020-03-18,149.89999389648438,149.89999389648438,138.0,140.14999389648438,132.94100952148438,9347932
2020-03-19,132.64999389648438,140.35000610351562,125.5,128.4499969482422,121.84282684326172,10873570
2020-03-20,129.0,141.75,121.3499984741211,139.8000030517578,132.6090087890625,18143402
2020-03-23,125.8499984741211,134.1999969482422,123.80000305175781,126.1500015258789,119.6611328125,6918861
2020-03-24,126.0,133.0500030517578,117.69999694824219,120.80000305175781,114.58631896972656,13129144
2020-03-25,120.0,127.4000015258789,114.55000305175781,123.80000305175781,117.43202209472656,14618656
2020-03-26,126.0999984741211,147.0,121.6500015258789,138.14999389648438,131.0438690185547,16809428
2020-03-27,142.0,158.85000610351562,136.8000030517578,138.75,131.61300659179688,14470204
2020-03-30,134.0,135.5,128.8000030517578,130.75,124.0245132446289,7737955
2020-03-31,137.0,138.89999389648438,130.35000610351562,137.4499969482422,130.37989807128906,8327716
2020-04-01,135.9499969482422,136.9499969482422,130.3000030517578,132.5500030517578,125.73194122314453,5567170
2020-04-03,133.5500030517578,136.0,130.35000610351562,132.10000610351562,125.30509185791016,6553107
2020-04-07,137.6999969482422,142.89999389648438,135.10000610351562,141.5500030517578,134.26901245117188,6419110
2020-04-08,137.0,146.8000030517578,136.85000610351562,138.0,130.901611328125,7944486
2020-04-09,142.10000610351562,151.8000030517578,140.6999969482422,149.10000610351562,141.4306182861328,7216451
2020-04-13,148.39999389648438,148.89999389648438,134.60000610351562,139.75,132.56158447265625,12595353
2020-04-15,138.9499969482422,144.64999389648438,137.8000030517578,140.3000030517578,133.08328247070312,9821552
2020-04-16,138.0,143.35000610351562,132.6999969482422,134.0,127.10735321044922,13414652
2020-04-17,139.89999389648438,145.3000030517578,135.8000030517578,136.89999389648438,129.85816955566406,30164652
2020-04-20,138.1999969482422,139.4499969482422,131.3000030517578,134.39999389648438,127.48677062988281,18161265
2020-04-21,131.39999389648438,133.6999969482422,129.14999389648438,132.64999389648438,125.82678985595703,12612460
2020-04-22,132.9499969482422,135.1999969482422,129.8000030517578,133.5500030517578,126.68050384521484,11250707
2020-04-23,134.39999389648438,138.5,133.0,137.0,129.95303344726562,10333997
2020-04-24,135.0,135.0,127.5999984741211,128.1999969482422,121.60567474365234,12295346
2020-04-27,131.0,133.6999969482422,129.6999969482422,133.0,126.1587905883789,6956597
2020-04-28,135.0,138.64999389648438,133.89999389648438,138.0,130.901611328125,10118659
2020-04-29,138.5,142.5,137.5,141.64999389648438,134.3638458251953,7030077
2020-04-30,143.64999389648438,152.25,142.25,146.85000610351562,139.29638671875,12818946
2020-05-04,141.25,141.25,131.10000610351562,133.0500030517578,126.20622253417969,7768173
2020-05-05,135.64999389648438,136.25,126.0999984741211,126.80000305175781,120.2777099609375,9178838
2020-05-06,127.9000015258789,131.1999969482422,125.0,129.89999389648438,123.21824645996094,8703337
2020-05-07,131.0,133.35000610351562,128.60000610351562,129.14999389648438,122.5068130493164,5890404
2020-05-08,132.89999389648438,132.89999389648438,129.35000610351562,130.14999389648438,123.45538330078125,5882098
2020-05-11,133.0,135.39999389648438,131.10000610351562,133.35000610351562,126.49078369140625,6546304
2020-05-12,131.75,137.85000610351562,130.14999389648438,136.9499969482422,129.90560913085938,7708941
2020-05-13,143.5,146.5,139.60000610351562,141.10000610351562,133.8421630859375,11157101
2020-05-14,139.85000610351562,140.0,135.0,137.0500030517578,130.00045776367188,8704139
2020-05-15,139.0,140.5,136.64999389648438,138.8000030517578,131.6604461669922,8090978
2020-05-18,138.5,138.8000030517578,129.6999969482422,132.4499969482422,125.63707733154297,7009940
2020-05-19,134.5,135.4499969482422,130.39999389648438,131.4499969482422,124.68852996826172,6068689
2020-05-20,132.0500030517578,141.8000030517578,130.75,139.25,132.08729553222656,11788743
2020-05-21,139.0,141.0,136.60000610351562,138.60000610351562,131.47073364257812,5864536
2020-05-22,137.5,140.0,133.85000610351562,135.14999389648438,128.19818115234375,6331378
2020-05-26,135.75,137.85000610351562,134.5500030517578,136.75,129.7158966064453,4595672
2020-05-27,137.5,138.1999969482422,134.8000030517578,137.64999389648438,130.56959533691406,4864921
2020-05-28,136.85000610351562,145.9499969482422,136.6999969482422,144.0500030517578,136.64039611816406,8686378
2020-05-29,140.0,152.85000610351562,140.0,150.64999389648438,142.90090942382812,15478799
2020-06-01,153.0,158.5500030517578,150.8000030517578,152.1999969482422,144.37118530273438,13138735
2020-06-02,153.0,158.85000610351562,150.39999389648438,157.1999969482422,149.11398315429688,10651414
2020-06-03,158.0500030517578,163.0500030517578,154.6999969482422,156.0,147.97572326660156,16147229
2020-06-04,153.0500030517578,158.3000030517578,152.64999389648438,156.35000610351562,148.30770874023438,11047021
2020-06-05,153.0,158.3000030517578,148.8000030517578,157.1999969482422,149.11398315429688,24856656
2020-06-08,162.0,163.5500030517578,152.10000610351562,152.9499969482422,145.08258056640625,13212637
2020-06-09,154.0,158.3000030517578,151.9499969482422,153.35000610351562,145.46202087402344,10649535
2020-06-10,154.0,158.5500030517578,153.35000610351562,156.8000030517578,148.7345733642578,7195413
2020-06-11,156.75,161.0,149.60000610351562,150.75,142.99575805664062,13544700
2020-06-12,145.0,154.85000610351562,143.8000030517578,154.0500030517578,146.1260528564453,11237376
2020-06-15,153.35000610351562,154.39999389648438,145.1999969482422,145.89999389648438,138.39523315429688,11614920
2020-06-16,150.0,151.39999389648438,143.6999969482422,146.60000610351562,139.05921936035156,8630991
2020-06-17,146.3000030517578,152.0,144.9499969482422,150.0500030517578,142.33177185058594,7838504
2020-06-18,149.4499969482422,150.1999969482422,146.0,147.6999969482422,140.10264587402344,6470562
2020-06-19,148.5,162.4499969482422,148.5,161.8000030517578,153.4773712158203,22606656
2020-06-22,164.5,164.5,158.3000030517578,159.9499969482422,151.72251892089844,12877819
2020-06-23,162.0,170.25,159.5,168.64999389648438,159.9750213623047,16147689
2020-06-24,168.64999389648438,171.25,158.85000610351562,160.0500030517578,151.8173828125,13866743
2020-06-25,159.8000030517578,161.39999389648438,156.5500030517578,157.25,149.1614227294922,10615968
2020-06-26,159.14999389648438,159.14999389648438,152.35000610351562,154.39999389648438,146.45799255371094,10524946
2020-06-29,154.1999969482422,155.3000030517578,149.6999969482422,151.5,143.70718383789062,5370205
2020-06-30,153.0,154.39999389648438,147.1999969482422,148.0500030517578,140.43466186523438,6991814
2020-07-01,148.4499969482422,152.5,147.89999389648438,150.25,142.52146911621094,7325712
2020-07-02,151.1999969482422,154.10000610351562,150.0,152.85000610351562,144.9877471923828,5754433
2020-07-03,154.0,154.75,149.5,151.25,143.47006225585938,6698888
2020-07-06,153.0,156.0,152.25,154.85000610351562,146.88485717773438,5813548
2020-07-07,154.0500030517578,155.25,150.0,153.0500030517578,145.1774444580078,7492628
2020-07-08,152.5,154.5,145.60000610351562,146.39999389648438,138.86952209472656,12826654
2020-07-09,148.89999389648438,151.0,144.60000610351562,146.0,138.49008178710938,19957900
2020-07-10,145.5,149.4499969482422,144.64999389648438,147.75,140.1500701904297,15581405
2020-07-13,148.85000610351562,149.1999969482422,141.64999389648438,142.89999389648438,135.54953002929688,13687808
2020-07-14,144.0,144.9499969482422,139.3000030517578,139.89999389648438,132.70384216308594,13082474
2020-07-15,141.0,142.60000610351562,136.5,137.10000610351562,130.0478973388672,13326740
2020-07-16,137.3000030517578,140.25,134.5,138.5500030517578,131.42332458496094,13656677
2020-07-17,139.0,141.3000030517578,137.3000030517578,140.75,133.5101318359375,7461988
2020-07-20,142.0,143.75,139.60000610351562,140.9499969482422,133.69985961914062,8746550
2020-07-21,142.5,147.35000610351562,141.6999969482422,143.3000030517578,135.92898559570312,13694418
2020-07-22,144.0,146.4499969482422,141.1999969482422,142.6999969482422,135.35984802246094,9775312
2020-07-23,142.6999969482422,144.35000610351562,141.5,142.75,135.40728759765625,5731413
2020-07-24,142.0,142.39999389648438,136.89999389648438,138.89999389648438,131.7552947998047,9430566
2020-07-27,139.25,139.39999389648438,134.5,136.1999969482422,129.1941680908203,8219123
2020-07-28,136.8000030517578,142.10000610351562,135.1999969482422,141.14999389648438,133.88955688476562,9789458
2020-07-29,139.75,142.89999389648438,138.3000030517578,139.85000610351562,132.65643310546875,7614355
2020-07-30,140.14999389648438,141.6999969482422,137.8000030517578,140.10000610351562,132.89356994628906,8828387
2020-07-31,140.9499969482422,142.75,139.0,141.14999389648438,133.88955688476562,7720316
2020-08-03,140.14999389648438,141.6999969482422,138.0,138.5,131.37586975097656,5813192
2020-08-04,139.0,143.60000610351562,138.3000030517578,142.60000610351562,135.26499938964844,8786634
2020-08-05,143.0,145.1999969482422,141.0,142.5500030517578,135.21754455566406,8805210
2020-08-06,141.5,147.4499969482422,141.0,142.64999389648438,135.31239318847656,14873713
2020-08-07,143.89999389648438,143.89999389648438,141.0,141.85000610351562,134.55357360839844,10489309
2020-08-10,142.5,150.3000030517578,142.39999389648438,148.64999389648438,141.00375366210938,14527334
2020-08-11,149.0,150.39999389648438,145.8000030517578,146.5500030517578,139.01181030273438,6255637
2020-08-12,145.5,148.10000610351562,144.5500030517578,146.5500030517578,139.01181030273438,5257547
2020-08-13,147.0,149.0,145.6999969482422,147.75,140.1500701904297,7889782
2020-08-14,148.89999389648438,149.75,140.35000610351562,142.4499969482422,135.1226806640625,9986928
2020-08-17,144.5,147.5,141.6999969482422,147.14999389648438,139.58094787597656,8642516
2020-08-18,147.0,160.35000610351562,146.60000610351562,157.14999389648438,149.0665740966797,39197183
2020-08-19,157.10000610351562,159.89999389648438,155.60000610351562,157.5500030517578,149.4459991455078,9439687
2020-08-20,156.0,164.5500030517578,155.0,160.89999389648438,152.62367248535156,17796868
2020-08-21,162.35000610351562,164.0,160.5,161.6999969482422,153.3825225830078,10424330
2020-08-24,162.5,167.0,157.0,157.6999969482422,149.58828735351562,28388350
2020-08-25,158.0,162.4499969482422,154.6999969482422,156.39999389648438,148.35513305664062,14665726
2020-08-26,157.5,161.5,156.10000610351562,160.0,151.7699737548828,10613576
2020-08-27,161.9499969482422,181.85000610351562,160.8000030517578,175.89999389648438,166.85211181640625,76444741
2020-08-28,176.0,179.6999969482422,172.10000610351562,173.0500030517578,164.14871215820312,25128213
2020-08-31,174.75,176.60000610351562,156.9499969482422,158.35000610351562,150.20484924316406,20605993
2020-09-01,158.8000030517578,161.8000030517578,153.1999969482422,160.89999389648438,152.62367248535156,17246779
2020-09-02,160.89999389648438,163.85000610351562,155.6999969482422,161.10000610351562,152.8134002685547,16987780
2020-09-03,161.10000610351562,162.4499969482422,157.64999389648438,158.64999389648438,150.4894256591797,7922397
2020-09-04,156.0,157.5,153.10000610351562,154.85000610351562,146.88485717773438,10265412
2020-09-07,156.0,156.6999969482422,149.60000610351562,152.14999389648438,144.32374572753906,11200977
2020-09-08,152.75,153.89999389648438,149.25,150.25,142.52146911621094,7800724
2020-09-09,149.0,151.35000610351562,145.0500030517578,150.10000610351562,142.37921142578125,10110075
2020-09-10,151.1999969482422,153.25,147.5,150.1999969482422,142.4740447998047,9723095
2020-09-11,149.89999389648438,156.89999389648438,149.14999389648438,154.3000030517578,146.36314392089844,17319975
2020-09-14,156.0,159.3000030517578,154.5,155.6999969482422,147.69114685058594,10567394
2020-09-15,156.60000610351562,159.0,153.14999389648438,155.5500030517578,148.3109130859375,8587437
2020-09-16,156.39999389648438,164.1999969482422,154.10000610351562,163.35000610351562,155.74790954589844,17795601
2020-09-17,162.0,163.10000610351562,156.35000610351562,156.85000610351562,149.5504150390625,10347762
2020-09-18,158.0,166.35000610351562,157.39999389648438,161.25,153.74563598632812,19610622
2020-09-21,161.64999389648438,162.4499969482422,150.0,151.89999389648438,144.8307647705078,15159129
2020-09-22,151.89999389648438,152.85000610351562,146.5,148.9499969482422,142.01806640625,12105412
2020-09-23,150.0,154.3000030517578,142.5,150.4499969482422,143.44825744628906,23504074
2020-09-24,148.0,148.35000610351562,144.39999389648438,146.25,139.44371032714844,9215076
2020-09-25,149.64999389648438,153.0,148.1999969482422,151.35000610351562,144.30638122558594,11733841
2020-09-28,153.0,158.39999389648438,152.64999389648438,157.6999969482422,150.36082458496094,10507683
2020-09-29,158.5,158.9499969482422,153.0,154.85000610351562,147.6434783935547,8313533
2020-09-30,155.5,156.60000610351562,151.85000610351562,152.64999389648438,145.54586791992188,9738929
2020-10-01,153.5,158.6999969482422,153.5,155.89999389648438,148.64459228515625,9336209
2020-10-05,157.0,161.85000610351562,156.8000030517578,159.25,151.8386993408203,8518857
2020-10-06,160.89999389648438,165.5,159.6999969482422,162.89999389648438,155.31883239746094,12822886
2020-10-07,162.64999389648438,163.64999389648438,157.0500030517578,158.6999969482422,151.3142852783203,6956925
2020-10-08,159.8000030517578,161.9499969482422,157.6999969482422,159.8000030517578,152.3631134033203,6656052
2020-10-09,159.5,162.64999389648438,155.8000030517578,157.0,149.6934356689453,13048412
2020-10-12,158.39999389648438,160.14999389648438,155.10000610351562,155.85000610351562,148.59695434570312,7747619
2020-10-13,156.0500030517578,159.4499969482422,154.60000610351562,155.10000610351562,147.88185119628906,6683490
2020-10-14,154.89999389648438,159.89999389648438,153.35000610351562,159.10000610351562,151.69569396972656,10159928
2020-10-15,160.14999389648438,160.8000030517578,154.35000610351562,155.4499969482422,148.21554565429688,15676743
2020-10-16,156.0,164.25,153.75,162.5500030517578,154.98512268066406,12349164
2020-10-19,164.1999969482422,167.85000610351562,161.75,164.6999969482422,157.03506469726562,12902014
2020-10-20,164.10000610351562,169.1999969482422,163.25,167.4499969482422,159.65708923339844,15771594
2020-10-21,168.1999969482422,174.1999969482422,165.0500030517578,172.10000610351562,164.09068298339844,18718295
2020-10-22,173.75,175.10000610351562,170.8000030517578,172.5,164.4720458984375,15889305
2020-10-23,173.35000610351562,174.0,170.60000610351562,171.3000030517578,163.32791137695312,8487199
2020-10-26,172.89999389648438,172.89999389648438,164.5500030517578,166.1999969482422,158.46527099609375,9246577
2020-10-27,166.3000030517578,167.1999969482422,163.75,165.10000610351562,157.4164581298828,8439659
2020-10-28,165.14999389648438,166.0,155.1999969482422,156.0,148.73995971679688,15046056
2020-10-29,154.89999389648438,156.1999969482422,150.60000610351562,153.10000610351562,145.9749298095703,14280083
2020-10-30,153.10000610351562,159.3000030517578,152.5,158.3000030517578,150.9329071044922,15148639
2020-11-02,160.3000030517578,170.89999389648438,156.64999389648438,164.8000030517578,157.13043212890625,29960943
2020-11-03,164.8000030517578,168.9499969482422,162.6999969482422,163.64999389648438,156.03395080566406,10843695
2020-11-04,163.64999389648438,164.64999389648438,160.0500030517578,162.8000030517578,155.22348022460938,8663963
2020-11-05,165.0500030517578,167.3000030517578,164.1999969482422,165.8000030517578,158.08389282226562,13322658
2020-11-06,165.6999969482422,169.25,164.6999969482422,167.89999389648438,160.0861358642578,10144658
2020-11-09,169.89999389648438,174.64999389648438,169.10000610351562,172.8000030517578,164.7581024169922,12011067
2020-11-10,174.5500030517578,181.9499969482422,172.0,180.5,172.09976196289062,15500699
2020-11-11,179.5,183.8000030517578,177.3000030517578,182.89999389648438,174.3880615234375,15718886
2020-11-12,182.0,185.75,179.1999969482422,182.64999389648438,174.14968872070312,13342624
2020-11-13,182.89999389648438,185.8000030517578,180.5500030517578,184.64999389648438,176.05662536621094,10070735
2020-11-14,185.89999389648438,186.8000030517578,183.0,184.60000610351562,176.0089569091797,1702545
2020-11-17,185.4499969482422,190.6999969482422,184.0,188.35000610351562,179.58444213867188,13319247
2020-11-18,192.5,194.5,186.3000030517578,190.75,181.87274169921875,21293362
2020-11-19,189.89999389648438,200.85000610351562,182.6999969482422,184.89999389648438,176.2949981689453,32676477
2020-11-20,187.0,189.0,180.0,181.9499969482422,173.48228454589844,12984806
2020-11-23,183.9499969482422,187.39999389648438,181.10000610351562,186.10000610351562,177.43914794921875,11222797
2020-11-24,188.0,191.39999389648438,186.25,189.5,180.68092346191406,11941881
2020-11-25,191.1999969482422,191.1999969482422,182.10000610351562,182.85000610351562,174.3404083251953,12845778
2020-11-26,183.9499969482422,186.4499969482422,179.64999389648438,184.4499969482422,175.86593627929688,10173802
2020-11-27,184.0,189.89999389648438,184.0,187.1999969482422,178.48794555664062,16434212
2020-12-01,192.0,197.5,189.60000610351562,195.10000610351562,186.0203094482422,19225092
2020-12-02,194.75,202.3000030517578,194.0,200.85000610351562,191.50270080566406,16010211
2020-12-03,202.0,204.9499969482422,199.10000610351562,203.0,193.55264282226562,14752672
2020-12-04,203.6999969482422,212.25,203.0500030517578,211.3000030517578,201.46636962890625,21352652
2020-12-07,211.0,211.3000030517578,205.64999389648438,208.14999389648438,198.4629364013672,9525344
2020-12-08,207.8000030517578,211.35000610351562,204.25,206.5,196.88975524902344,10544417
2020-12-09,207.89999389648438,213.9499969482422,206.35000610351562,212.1999969482422,202.32447814941406,12745554
2020-12-10,213.35000610351562,219.5,207.64999389648438,217.89999389648438,207.75921630859375,14237563
2020-12-11,218.35000610351562,221.5,212.8000030517578,218.8000030517578,208.61732482910156,21193126
2020-12-14,218.25,218.64999389648438,212.3000030517578,213.5,203.56399536132812,7492250
2020-12-15,213.5,215.25,207.39999389648438,214.5500030517578,204.56512451171875,12419020
2020-12-16,215.64999389648438,240.39999389648438,214.5,235.39999389648438,224.4447784423828,69126114
2020-12-17,235.3000030517578,237.60000610351562,231.0,234.3000030517578,223.39598083496094,22292093
2020-12-18,233.9499969482422,234.25,228.3000030517578,231.39999389648438,220.63092041015625,9591145
2020-12-21,229.0,234.5,208.3000030517578,214.8000030517578,204.80349731445312,17768901
2020-12-22,215.10000610351562,221.8000030517578,210.0,219.35000610351562,209.14175415039062,19728934
2020-12-23,220.4499969482422,230.5,217.6999969482422,228.85000610351562,218.19961547851562,17973779
2020-12-24,230.0,233.25,224.3000030517578,226.10000610351562,215.57760620117188,12434884
2020-12-28,231.0,239.0,230.6999969482422,233.1999969482422,222.34715270996094,27762006
2020-12-29,234.85000610351562,236.4499969482422,228.60000610351562,231.4499969482422,220.67860412597656,11576761
2020-12-30,232.5,237.0,228.5,235.9499969482422,224.96917724609375,9073150
2020-12-31,237.60000610351562,238.39999389648438,231.64999389648438,232.85000610351562,222.01345825195312,11989362
2021-01-01,232.85000610351562,240.4499969482422,232.5,238.35000610351562,227.25750732421875,10012441
2021-01-04,239.85000610351562,245.0,233.1999969482422,244.3000030517578,232.93060302734375,17172770
2021-01-05,241.9499969482422,246.9499969482422,239.5,241.75,230.49925231933594,17130907
2021-01-06,241.6999969482422,244.39999389648438,234.64999389648438,241.0500030517578,229.83184814453125,12995777
2021-01-07,244.89999389648438,249.3000030517578,242.60000610351562,245.39999389648438,233.97938537597656,16159966
2021-01-08,247.89999389648438,252.4499969482422,245.89999389648438,248.3000030517578,236.7444305419922,15045597
2021-01-11,249.0,251.0,243.5,246.9499969482422,235.45726013183594,13389039
2021-01-12,245.1999969482422,278.3500061035156,245.0,267.54998779296875,255.0985565185547,55656650
2021-01-13,271.79998779296875,292.75,268.25,280.45001220703125,267.3982238769531,53194247
2021-01-14,281.5,285.79998779296875,277.1000061035156,281.6000061035156,268.49468994140625,18052699
2021-01-15,281.6000061035156,286.8999938964844,274.70001220703125,279.45001220703125,266.4447326660156,18616023
2021-01-18,278.0,282.6000061035156,268.79998779296875,277.1499938964844,264.2518005371094,14493618
2021-01-19,279.5,299.5,278.70001220703125,289.0,275.55029296875,45630675
2021-01-20,291.04998779296875,295.0,287.70001220703125,290.45001220703125,276.9328308105469,15773901
2021-01-21,293.70001220703125,298.0,279.25,282.70001220703125,269.54351806640625,16708249
2021-01-22,284.5,285.0,266.3999938964844,269.3999938964844,256.8624267578125,24757381
2021-01-25,274.1499938964844,278.75,265.5,269.95001220703125,257.3868713378906,19016825
2021-01-27,269.6499938964844,269.6499938964844,257.1499938964844,258.75,246.70809936523438,18254885
2021-01-28,252.25,262.79998779296875,251.5500030517578,261.0,248.85337829589844,18465673
2021-01-29,265.0,265.5,253.25,255.4499969482422,243.56167602539062,14687473
2021-02-01,258.5,289.70001220703125,255.0,281.6499938964844,268.5423583984375,34749840
2021-02-02,285.29998779296875,299.0,278.8500061035156,294.5,280.7943115234375,27644084
2021-02-03,300.0,301.3999938964844,285.6499938964844,289.95001220703125,276.45611572265625,24568816
2021-02-04,287.0,312.29998779296875,285.75,304.75,290.5673522949219,43148676
2021-02-05,307.6499938964844,314.8999938964844,298.1000061035156,305.29998779296875,291.09173583984375,29462092
2021-02-08,316.04998779296875,318.8999938964844,309.5,313.04998779296875,298.48101806640625,24557444
2021-02-09,314.5,321.0,304.20001220703125,307.0,292.7126159667969,21572096
2021-02-10,309.0,315.95001220703125,308.04998779296875,311.3999938964844,296.9078369140625,20575150
2021-02-11,311.45001220703125,315.5,308.3999938964844,309.6499938964844,295.2392578125,13808073
2021-02-12,312.0,316.3999938964844,308.6000061035156,311.75,297.2415466308594,16500467
2021-02-15,314.5,325.79998779296875,312.0,317.25,302.485595703125,23007953
2021-02-16,318.95001220703125,328.20001220703125,315.5,319.0,304.1541748046875,19300639
2021-02-17,318.70001220703125,321.54998779296875,313.20001220703125,314.8999938964844,300.2449645996094,12470386
2021-02-18,316.95001220703125,317.29998779296875,304.70001220703125,306.25,291.99755859375,13038811
2021-02-19,306.70001220703125,311.0,293.04998779296875,300.6000061035156,286.6104736328125,20551420
2021-02-22,300.0,304.5,291.1000061035156,294.1000061035156,280.4129638671875,11647381
2021-02-23,296.29998779296875,310.70001220703125,296.20001220703125,305.3999938964844,291.1870422363281,21574486
2021-02-24,307.3999938964844,316.0,307.04998779296875,313.20001220703125,298.6241149902344,11726034
2021-02-25,317.0,319.0,313.3500061035156,314.70001220703125,300.05426025390625,10043934
2021-02-26,304.0,310.70001220703125,300.29998779296875,302.5,288.4220275878906,16598725
2021-03-01,305.79998779296875,310.70001220703125,302.0,307.29998779296875,292.9986572265625,8238981
2021-03-02,309.70001220703125,314.95001220703125,307.54998779296875,313.6000061035156,299.00543212890625,8429333
2021-03-03,316.25,328.6000061035156,315.04998779296875,324.20001220703125,309.1121826171875,20023351
2021-03-04,319.0,332.70001220703125,316.5,326.3999938964844,311.20977783203125,20355344
2021-03-05,322.54998779296875,324.6000061035156,312.3999938964844,318.1000061035156,303.2960510253906,15748456
2021-03-08,320.79998779296875,323.25,314.3999938964844,316.25,301.5321350097656,6273645
2021-03-09,319.29998779296875,321.3999938964844,308.54998779296875,311.3999938964844,296.9078369140625,7976670
2021-03-10,314.3999938964844,316.3999938964844,311.5,314.25,299.62518310546875,4810951
2021-03-12,317.1000061035156,322.25,306.1499938964844,308.5,294.142822265625,9498938
2021-03-15,310.70001220703125,310.70001220703125,296.70001220703125,304.25,290.0906066894531,9489942
2021-03-16,305.79998779296875,306.75,301.6000061035156,304.20001220703125,290.0429382324219,5444765
2021-03-17,304.20001220703125,306.20001220703125,289.5,291.1499938964844,277.6002197265625,7754321
2021-03-18,295.6000061035156,298.3500061035156,282.79998779296875,288.20001220703125,274.7875671386719,10848676
2021-03-19,285.0,289.45001220703125,277.75,287.3999938964844,274.0247497558594,9077585
2021-03-22,288.8999938964844,293.8999938964844,284.25,292.29998779296875,278.6967468261719,8212537
2021-03-23,293.8999938964844,302.70001220703125,292.6499938964844,297.95001220703125,284.0837707519531,11946828
2021-03-24,295.0,297.3999938964844,282.8999938964844,284.1499938964844,270.9259948730469,7392963
2021-03-25,285.0,285.70001220703125,270.0,277.0,264.1087646484375,10184085
2021-03-26,282.79998779296875,284.29998779296875,277.04998779296875,279.20001220703125,266.2064208984375,7720066
2021-03-30,281.95001220703125,284.45001220703125,274.5,279.29998779296875,266.3017578125,7730360
2021-03-31,278.3500061035156,288.3500061035156,274.04998779296875,287.04998779296875,273.6910400390625,8921131
2021-04-01,288.1000061035156,293.6000061035156,283.5,291.79998779296875,278.2200012207031,7372090
2021-04-05,289.0,289.0,272.1499938964844,276.75,263.87042236328125,10716857
2021-04-06,279.6000061035156,284.45001220703125,275.75,278.79998779296875,265.82501220703125,8462492
2021-04-07,279.95001220703125,285.5,278.54998779296875,283.1000061035156,269.9248962402344,7382197
2021-04-08,285.0,287.1000061035156,279.54998779296875,280.45001220703125,267.3982238769531,6174083
2021-04-09,279.54998779296875,285.0,278.1000061035156,279.54998779296875,266.54010009765625,7211615
2021-04-12,271.0,272.8500061035156,244.0,246.60000610351562,235.12355041503906,18657763
2021-04-13,248.60000610351562,258.5,246.10000610351562,255.6999969482422,243.80006408691406,16183485
2021-04-15,256.1000061035156,258.79998779296875,246.0,248.0,236.45838928222656,10700910
2021-04-16,249.39999389648438,254.85000610351562,246.4499969482422,252.4499969482422,240.70127868652344,9010453
2021-04-19,244.0,244.8000030517578,235.0500030517578,236.8000030517578,225.77963256835938,12812162
2021-04-20,240.0,241.4499969482422,232.0500030517578,234.39999389648438,223.49131774902344,12162782
2021-04-22,233.60000610351562,248.8000030517578,231.85000610351562,247.0,235.5049285888672,12569022
2021-04-23,244.0,248.35000610351562,239.0,241.9499969482422,230.68995666503906,7740849
2021-04-26,243.0500030517578,248.1999969482422,242.64999389648438,246.8000030517578,235.31423950195312,5940387
2021-04-27,247.0,254.60000610351562,246.25,253.6999969482422,241.89312744140625,10632521
2021-04-28,255.5,256.79998779296875,249.6999969482422,250.89999389648438,239.2234344482422,5698980
2021-04-29,253.0,254.5,247.60000610351562,249.3000030517578,237.69789123535156,5746596
2021-04-30,245.1999969482422,254.5,243.14999389648438,247.3000030517578,235.7909698486328,6442696
2021-05-03,244.0,248.9499969482422,241.75,247.85000610351562,236.31536865234375,6028248
2021-05-04,250.5,254.39999389648438,245.0,245.89999389648438,234.4561309814453,6949282
2021-05-05,248.8000030517578,253.5,246.8000030517578,248.4499969482422,236.887451171875,4866052
2021-05-06,250.0,251.35000610351562,245.14999389648438,250.5,238.842041015625,3591055
2021-05-07,252.75,262.5,250.25,257.95001220703125,245.94532775878906,17385575
2021-05-10,260.29998779296875,267.1499938964844,259.75,266.1000061035156,253.71604919433594,10608802
2021-05-11,263.95001220703125,271.70001220703125,262.0,265.5,253.1439666748047,9244129
2021-05-12,269.0,271.0,263.1000061035156,265.29998779296875,252.9532470703125,7118778
2021-05-14,267.95001220703125,269.1000061035156,250.0,250.5500030517578,238.88970947265625,9188880
2021-05-17,252.89999389648438,261.29998779296875,250.39999389648438,259.25,247.18484497070312,8266248
2021-05-18,262.0,265.3999938964844,260.75,261.8999938964844,249.71151733398438,6221518
2021-05-19,262.1000061035156,267.79998779296875,261.1000061035156,265.04998779296875,252.7148895263672,6331207
2021-05-20,264.04998779296875,269.1499938964844,261.3999938964844,267.3500061035156,254.90786743164062,7035433
2021-05-21,269.8999938964844,275.95001220703125,267.1499938964844,268.3999938964844,255.90899658203125,11798677
2021-05-24,270.8999938964844,278.8500061035156,267.6000061035156,277.04998779296875,264.15643310546875,11223254
2021-05-25,280.04998779296875,284.45001220703125,277.5,279.0,266.01568603515625,12889490
2021-05-26,280.0,292.8500061035156,278.3500061035156,291.20001220703125,277.64794921875,17184211
2021-05-27,291.8500061035156,292.29998779296875,281.8500061035156,283.3999938964844,270.2109375,9088297
2021-05-28,286.0,288.6000061035156,283.5,286.29998779296875,272.9759216308594,6276190
2021-05-31,286.29998779296875,290.6499938964844,284.29998779296875,288.45001220703125,275.02593994140625,9776560
2021-06-01,290.0,290.0,280.45001220703125,287.29998779296875,273.9294128417969,5328784
2021-06-02,281.3500061035156,292.6499938964844,281.3500061035156,290.8999938964844,277.3618469238281,9157000
2021-06-03,293.6000061035156,303.0,292.0,297.6499938964844,283.7977600097656,12795761
2021-06-04,298.8999938964844,302.3500061035156,293.6499938964844,296.95001220703125,283.13031005859375,7966626
2021-06-07,298.79998779296875,304.20001220703125,296.20001220703125,298.6499938964844,284.751220703125,5565442
2021-06-08,299.1000061035156,306.6000061035156,296.6499938964844,304.45001220703125,290.2812805175781,8230268
2021-06-09,306.8500061035156,308.0,294.79998779296875,297.8500061035156,283.98846435546875,7726753
2021-06-10,299.70001220703125,317.04998779296875,298.5,313.6499938964844,299.05316162109375,13347991
2021-06-11,316.6000061035156,316.6000061035156,309.04998779296875,310.04998779296875,295.62066650390625,11748668
2021-06-14,313.95001220703125,314.0,290.6499938964844,299.20001220703125,285.2756042480469,22458184
2021-06-15,301.29998779296875,310.8999938964844,300.20001220703125,308.79998779296875,294.4288330078125,10001848
2021-06-16,307.95001220703125,311.8999938964844,304.3999938964844,306.1000061035156,291.8545227050781,11292445
2021-06-17,302.95001220703125,306.29998779296875,294.75,296.8999938964844,283.0826416015625,6906253
2021-06-18,298.8999938964844,299.1499938964844,282.5,294.8500061035156,281.1280517578125,12563202
2021-06-21,288.1499938964844,304.20001220703125,287.1499938964844,302.6000061035156,288.51739501953125,8469243
2021-06-22,305.0,305.8500061035156,295.6000061035156,296.79998779296875,282.9873046875,6275951
2021-06-23,298.5,300.6000061035156,292.20001220703125,293.04998779296875,279.4118347167969,5070124
2021-06-24,295.20001220703125,295.45001220703125,288.3500061035156,290.25,276.74212646484375,3432955
2021-06-25,291.0,296.3999938964844,290.25,293.8999938964844,280.2222595214844,4304141
2021-06-28,294.5,297.20001220703125,292.20001220703125,293.54998779296875,279.8885498046875,3238770
2021-06-29,293.3999938964844,296.3500061035156,285.0,287.20001220703125,273.8340759277344,7969215
2021-06-30,289.0,289.04998779296875,280.3999938964844,281.1000061035156,268.0179748535156,7442177
2021-07-01,282.6000061035156,285.95001220703125,279.45001220703125,280.25,267.2075500488281,4909910
2021-07-02,283.0,285.79998779296875,280.6499938964844,283.8500061035156,270.6400146484375,4885936
2021-07-05,285.95001220703125,294.5,284.5,293.70001220703125,280.03155517578125,7189626
2021-07-06,294.70001220703125,296.6499938964844,289.54998779296875,290.8999938964844,277.3618469238281,5099406
2021-07-07,290.6000061035156,298.5,289.79998779296875,294.8999938964844,281.17572021484375,7795807
2021-07-08,295.8999938964844,298.70001220703125,287.0,287.8500061035156,274.45379638671875,6407941
2021-07-09,289.8999938964844,304.0,287.29998779296875,300.3500061035156,286.3720703125,13119855
2021-07-12,302.95001220703125,313.0,300.75,310.95001220703125,296.4787902832031,23057943
2021-07-13,313.95001220703125,318.70001220703125,311.45001220703125,314.20001220703125,299.5775451660156,16548982
2021-07-14,313.79998779296875,315.70001220703125,310.3500061035156,311.79998779296875,297.2891845703125,6841291
2021-07-15,312.0,324.0,310.3500061035156,322.6000061035156,307.58660888671875,12763481
2021-07-16,324.8999938964844,336.6499938964844,321.1000061035156,330.79998779296875,315.4049987792969,29757038
2021-07-19,325.8999938964844,338.79998779296875,324.45001220703125,331.25,315.8340759277344,23622887
2021-07-20,333.3999938964844,333.6499938964844,320.79998779296875,322.3999938964844,307.3959045410156,11504064
2021-07-22,327.70001220703125,334.75,326.0,330.5,315.1189880371094,9250040
2021-07-23,331.95001220703125,335.5,325.0,334.1499938964844,318.5990905761719,11705345
2021-07-26,334.1499938964844,341.1000061035156,332.1499938964844,333.95001220703125,318.40838623046875,11540718
2021-07-27,338.0,344.54998779296875,328.6499938964844,337.0,321.31646728515625,27226565
2021-07-28,338.6499938964844,339.5,326.3999938964844,332.04998779296875,316.5968322753906,12956787
2021-07-29,335.79998779296875,341.70001220703125,332.20001220703125,340.04998779296875,324.2245178222656,13771413
2021-07-30,338.79998779296875,344.5,336.25,337.6499938964844,321.93621826171875,9615942
2021-08-02,340.0,354.8999938964844,337.95001220703125,351.8500061035156,335.475341796875,20614630
2021-08-03,353.95001220703125,356.8999938964844,350.54998779296875,355.1499938964844,338.62176513671875,14244303
2021-08-04,356.0,359.25,346.45001220703125,350.45001220703125,334.1405334472656,8722938
2021-08-05,351.29998779296875,353.8500061035156,345.70001220703125,351.04998779296875,334.7125549316406,9899381
2021-08-06,349.8999938964844,353.25,341.0,342.79998779296875,326.8465270996094,4741644
2021-08-09,345.0,349.54998779296875,339.1499938964844,342.25,326.3221130371094,6125876
2021-08-10,343.5,345.75,330.20001220703125,334.25,318.69439697265625,6133189
2021-08-11,335.3999938964844,336.20001220703125,323.0,331.54998779296875,316.1200866699219,9652285
2021-08-12,332.75,338.3500061035156,329.0,334.04998779296875,318.5037536621094,6584207
2021-08-13,334.8999938964844,338.6000061035156,329.29998779296875,332.6000061035156,317.1212463378906,5586335
2021-08-16,332.5,338.0,328.1499938964844,329.6499938964844,314.3084716796875,5652582
2021-08-17,329.6000061035156,333.04998779296875,320.70001220703125,325.3500061035156,310.2086181640625,6982467
2021-08-18,327.0,332.8999938964844,324.0,327.1000061035156,311.877197265625,6497642
2021-08-20,321.0,325.3500061035156,306.5,309.0,294.6195068359375,7814607
2021-08-23,313.8999938964844,316.3500061035156,304.25,306.6000061035156,294.23565673828125,6842918
2021-08-24,308.20001220703125,316.3999938964844,306.29998779296875,315.20001220703125,302.4888610839844,7875017
2021-08-25,314.79998779296875,317.6499938964844,303.0,307.29998779296875,294.9074401855469,10506390
2021-08-26,309.0,311.5,305.25,307.54998779296875,295.1473388671875,8282325
2021-08-27,309.0,314.29998779296875,308.25,311.79998779296875,299.2259521484375,7456521
2021-08-30,312.04998779296875,320.8999938964844,312.04998779296875,319.79998779296875,306.9033203125,6860250
2021-08-31,319.1000061035156,323.8999938964844,317.6000061035156,320.54998779296875,307.6230773925781,9726975
2021-09-01,322.6499938964844,335.0,319.25,332.8500061035156,319.4271240234375,14296207
2021-09-02,334.75,341.1000061035156,331.04998779296875,338.8999938964844,325.23309326171875,12204919
2021-09-03,340.8500061035156,346.6000061035156,338.3999938964844,343.70001220703125,329.8395080566406,10190223
2021-09-06,344.75,348.79998779296875,341.54998779296875,345.5,331.56689453125,8448657
2021-09-07,347.70001220703125,347.70001220703125,334.29998779296875,336.04998779296875,322.49798583984375,7523534
2021-09-08,336.8500061035156,337.5,329.6000061035156,334.70001220703125,321.20245361328125,5673475
2021-09-09,331.70001220703125,334.5,329.70001220703125,332.95001220703125,319.5230712890625,3618505
2021-09-13,333.5,341.25,332.25,339.6499938964844,325.95281982421875,6333561
2021-09-14,341.0,345.0,341.0,342.29998779296875,328.4959716796875,6832136
2021-09-15,342.45001220703125,345.45001220703125,341.1000061035156,342.45001220703125,328.63995361328125,3455110
2021-09-16,344.0,344.6000061035156,339.6000061035156,342.3999938964844,328.5919189453125,3236430
2021-09-17,342.8500061035156,348.6000061035156,331.8999938964844,334.75,321.25042724609375,9901964
2021-09-20,329.0,337.45001220703125,320.1000061035156,323.0,309.97430419921875,5888573
2021-09-21,324.3500061035156,333.6000061035156,319.54998779296875,330.70001220703125,317.36376953125,12090071
2021-09-22,332.8500061035156,373.75,331.04998779296875,369.04998779296875,354.1672058105469,42525950
2021-09-23,372.20001220703125,412.79998779296875,370.0,401.8500061035156,385.64447021484375,76461998
2021-09-24,404.3999938964844,418.29998779296875,397.70001220703125,410.45001220703125,393.8976745605469,43795780
2021-09-27,414.1499938964844,427.8999938964844,411.79998779296875,420.0,403.0625305175781,32580196
2021-09-28,419.0,419.54998779296875,397.0,410.04998779296875,393.5137634277344,21272633
2021-09-29,405.20001220703125,420.8999938964844,405.0,410.8500061035156,394.28155517578125,17273596
2021-09-30,412.8999938964844,420.79998779296875,408.1499938964844,417.20001220703125,400.3754577636719,12248397
2021-10-01,419.0,422.8500061035156,411.1499938964844,417.20001220703125,400.3754577636719,11265711
2021-10-04,417.20001220703125,431.6499938964844,414.54998779296875,424.3999938964844,407.28509521484375,13898131
2021-10-05,421.5,423.75,413.45001220703125,415.6499938964844,398.8879699707031,6736683
2021-10-06,415.8500061035156,419.45001220703125,406.3500061035156,408.1000061035156,391.6424560546875,7205982
2021-10-07,414.1499938964844,428.8999938964844,414.1499938964844,422.6000061035156,405.5577392578125,16871779
2021-10-08,423.95001220703125,425.3999938964844,412.5,415.8500061035156,399.07989501953125,7456612
2021-10-11,418.0,437.8999938964844,416.0,424.8500061035156,407.7169189453125,13587772
2021-10-12,426.29998779296875,432.3500061035156,419.54998779296875,429.0,411.6995849609375,9631321
2021-10-13,431.79998779296875,435.79998779296875,426.0,427.5,410.2601013183594,6351171
2021-10-14,430.5,444.79998779296875,429.3999938964844,434.8999938964844,417.3616638183594,12094977
2021-10-18,429.29998779296875,449.70001220703125,429.0,441.75,423.9354248046875,8330640
2021-10-19,443.0,444.95001220703125,410.29998779296875,414.45001220703125,397.73638916015625,8662895
2021-10-20,416.8999938964844,420.3999938964844,405.29998779296875,412.95001220703125,396.296875,9537787
2021-10-21,415.0,417.0,398.1499938964844,407.1000061035156,390.6827697753906,10677501
2021-10-22,411.0,418.5,406.79998779296875,413.6499938964844,396.9685974121094,8070605
2021-10-25,414.8999938964844,414.8999938964844,391.5,401.1499938964844,384.97271728515625,7158126
2021-10-26,403.0,417.1499938964844,402.3500061035156,415.8500061035156,399.07989501953125,5111958
2021-10-27,415.79998779296875,422.70001220703125,412.0,414.3999938964844,397.6883544921875,6585855
2021-10-28,414.5,415.0,394.20001220703125,396.54998779296875,380.5581970214844,7192680
2021-10-29,402.8999938964844,409.79998779296875,388.20001220703125,398.6000061035156,382.52557373046875,15011614
2021-11-01,404.3500061035156,415.0,403.04998779296875,408.8500061035156,392.3621826171875,12418986
2021-11-02,412.0,431.8999938964844,411.1499938964844,430.04998779296875,412.7072448730469,19028658
2021-11-03,431.8500061035156,434.79998779296875,422.29998779296875,429.6499938964844,412.3233642578125,11101084
2021-11-04,429.6499938964844,429.6499938964844,429.6499938964844,429.6499938964844,412.3233642578125,0
2021-11-08,435.1499938964844,444.0,427.70001220703125,442.20001220703125,424.3673095703125,7938150
2021-11-09,442.3500061035156,442.3500061035156,433.04998779296875,437.3999938964844,419.7608642578125,5558139
2021-11-10,434.95001220703125,438.79998779296875,430.0,434.5,416.9777526855469,4563617
2021-11-11,434.5,438.04998779296875,414.20001220703125,416.0,399.2238464355469,8079167
2021-11-12,418.5,429.20001220703125,418.3500061035156,428.3500061035156,411.0758361816406,5871736
2021-11-15,430.5,431.3999938964844,420.25,424.04998779296875,406.9491882324219,3385226
2021-11-16,425.1000061035156,431.6000061035156,421.75,423.79998779296875,406.70928955078125,4307994
2021-11-17,421.45001220703125,426.6499938964844,415.6000061035156,417.95001220703125,401.09521484375,3311849
2021-11-18,417.0,422.04998779296875,405.29998779296875,415.8999938964844,399.12786865234375,6773134
2021-11-22,417.1000061035156,417.5,394.29998779296875,400.45001220703125,384.3009338378906,5824237
2021-11-23,399.8500061035156,410.3999938964844,396.6499938964844,407.95001220703125,391.4985046386719,5107281
2021-11-24,409.95001220703125,412.70001220703125,401.0,403.5,387.22796630859375,3762561
2021-11-25,405.0,408.6000061035156,399.0,407.25,390.82672119140625,4585718
2021-11-26,400.04998779296875,401.79998779296875,375.0,376.8500061035156,361.6526794433594,11874170
2021-11-29,376.1499938964844,383.29998779296875,363.1000061035156,374.8500061035156,359.7333068847656,9038035
2021-11-30,378.0,390.75,372.0,374.79998779296875,359.685302734375,9984396
2021-12-01,380.0,385.79998779296875,375.3500061035156,383.1000061035156,367.6506652832031,7479832
2021-12-02,382.95001220703125,387.0,377.6000061035156,385.04998779296875,369.5219421386719,4819894
2021-12-03,385.0,389.75,382.8500061035156,386.20001220703125,370.6256103515625,4410427
2021-12-06,386.20001220703125,390.5,375.0,376.5,361.3168029785156,6437207
2021-12-07,380.20001220703125,393.0,378.8999938964844,391.20001220703125,375.4239807128906,5299980
2021-12-08,395.1000061035156,398.79998779296875,393.0,397.70001220703125,381.661865234375,4391196
2021-12-09,398.0,401.0,392.5,398.6000061035156,382.52557373046875,3237488
2021-12-10,398.0,422.0,395.6499938964844,419.1000061035156,402.1988525390625,13250517
2021-12-13,420.95001220703125,423.5,412.29998779296875,414.20001220703125,397.4964599609375,6510329
2021-12-14,410.25,420.54998779296875,405.3999938964844,417.0,400.18353271484375,5058088
2021-12-15,416.5,418.3500061035156,408.6499938964844,411.0,394.42547607421875,3224926
2021-12-16,413.0,414.54998779296875,403.0,405.1499938964844,388.8114013671875,4319280
2021-12-17,404.3999938964844,406.8999938964844,389.04998779296875,390.20001220703125,374.4643249511719,4920357
2021-12-20,384.25,385.6499938964844,361.54998779296875,366.70001220703125,351.9120178222656,8769978
2021-12-21,372.0,381.3500061035156,368.75,372.8999938964844,357.8619689941406,5075432
2021-12-22,377.0,380.5,372.0,377.25,362.03656005859375,3998066
2021-12-23,381.3999938964844,388.8999938964844,380.25,383.70001220703125,368.2264099121094,5739918
2021-12-24,386.79998779296875,386.79998779296875,375.29998779296875,379.6000061035156,364.291748046875,4499625
2021-12-27,378.25,384.3999938964844,369.1499938964844,382.6000061035156,367.1708068847656,4183245
2021-12-28,385.6000061035156,390.0,383.0,385.79998779296875,370.2417297363281,3818062
2021-12-29,386.1000061035156,389.0,381.20001220703125,385.70001220703125,370.1457824707031,3119708
2021-12-30,382.70001220703125,385.25,377.1000061035156,379.20001220703125,363.9079284667969,2569747
2021-12-31,381.8500061035156,391.79998779296875,381.5,390.45001220703125,374.7042236328125,3949389
2022-01-03,392.0,397.75,390.5,394.75,378.8307800292969,3274712
2022-01-04,396.29998779296875,400.5,390.70001220703125,394.45001220703125,378.54290771484375,4091503
2022-01-05,394.45001220703125,404.1499938964844,391.29998779296875,402.04998779296875,385.8363952636719,4327617
2022-01-06,399.79998779296875,400.8500061035156,391.0,398.95001220703125,382.8614501953125,5282381
2022-01-07,399.8999938964844,406.45001220703125,396.1000061035156,400.6000061035156,384.44488525390625,5075140
2022-01-10,405.1499938964844,411.70001220703125,405.1499938964844,407.95001220703125,391.4985046386719,6298597
2022-01-11,408.5,416.0,407.54998779296875,408.8500061035156,392.3621826171875,4585662
2022-01-12,421.0,426.79998779296875,412.0,417.54998779296875,400.71136474609375,12818775
2022-01-13,419.79998779296875,419.79998779296875,409.5,410.79998779296875,394.2335205078125,4584953
2022-01-14,408.0,419.0,405.1000061035156,417.3500061035156,400.5194396972656,5761279
2022-01-17,417.25,425.0,413.20001220703125,423.79998779296875,406.70928955078125,4584613
2022-01-18,426.8999938964844,429.8999938964844,390.75,403.8999938964844,387.6117858886719,9435830
2022-01-19,403.8999938964844,411.8500061035156,398.6000061035156,408.25,391.7864074707031,6237382
2022-01-20,408.3999938964844,410.3500061035156,403.3500061035156,407.8500061035156,391.4025573730469,4572029
2022-01-21,402.8500061035156,405.70001220703125,390.3999938964844,395.1000061035156,379.16668701171875,6994687
2022-01-24,394.0,394.6000061035156,365.54998779296875,372.0,356.9982604980469,7007990
2022-01-25,369.8999938964844,382.70001220703125,363.1499938964844,380.25,364.9155578613281,7324240
2022-01-27,373.0,377.3500061035156,362.0,374.1499938964844,359.0615539550781,7134303
2022-01-28,376.5,389.5,376.20001220703125,378.3500061035156,363.0921936035156,5280455
2022-01-31,381.6000061035156,392.20001220703125,381.6000061035156,390.8999938964844,375.13604736328125,4205414
2022-02-01,394.79998779296875,408.0,385.04998779296875,404.79998779296875,388.4754943847656,11931399
2022-02-02,408.0,409.0,397.20001220703125,399.54998779296875,383.4372253417969,5265147
2022-02-03,400.3999938964844,409.75,398.75,403.25,386.9880676269531,8273002
2022-02-04,405.0,407.25,396.6000061035156,399.5,383.38922119140625,4128681
2022-02-07,399.79998779296875,401.54998779296875,385.3999938964844,387.1499938964844,371.53729248046875,4851736
2022-02-08,388.79998779296875,391.8999938964844,376.3999938964844,384.54998779296875,369.0421447753906,5011220
2022-02-09,387.5,391.6499938964844,385.20001220703125,386.3500061035156,370.76959228515625,3351979
2022-02-10,388.79998779296875,394.6000061035156,382.0,391.1499938964844,375.3760070800781,4747069
2022-02-11,386.5,388.75,377.1000061035156,378.6000061035156,363.33209228515625,4872433
2022-02-14,369.8500061035156,371.79998779296875,352.3999938964844,355.04998779296875,340.7317810058594,7374254
2022-02-15,358.0,373.25,347.75,371.54998779296875,356.56640625,10050051
2022-02-16,374.6000061035156,376.1000061035156,366.5,367.8500061035156,353.015625,6547019
2022-02-17,370.8999938964844,370.8999938964844,362.3999938964844,365.6000061035156,350.8563537597656,4698952
2022-02-18,363.5,367.0,357.6499938964844,359.6499938964844,345.1462707519531,3470414
2022-02-21,356.0,357.79998779296875,344.3999938964844,346.5,332.526611328125,7926195
2022-02-22,331.0,338.3500061035156,323.25,324.3500061035156,311.26983642578125,19176808
2022-02-23,330.1499938964844,345.45001220703125,328.95001220703125,344.20001220703125,330.3193664550781,16434369
2022-02-24,325.5,339.45001220703125,318.04998779296875,320.5,307.5751037597656,15926498
2022-02-25,335.0,351.5,330.1499938964844,348.79998779296875,334.73382568359375,16385276
2022-02-28,341.6000061035156,352.3999938964844,340.1000061035156,350.75,336.6051940917969,8850697
2022-03-02,346.3999938964844,350.5,340.1000061035156,346.8500061035156,332.8625183105469,6854294
2022-03-03,353.0,354.20001220703125,336.5,339.04998779296875,325.37701416015625,7492305
2022-03-04,334.8999938964844,336.3500061035156,326.6499938964844,327.6000061035156,314.3888244628906,7924031
2022-03-07,318.45001220703125,320.5,306.0,313.6000061035156,300.95330810546875,11047929
2022-03-08,314.0,331.3500061035156,312.1000061035156,329.6000061035156,316.30810546875,14780062
2022-03-09,331.3500061035156,342.20001220703125,329.0,339.20001220703125,325.52099609375,6387930
2022-03-10,349.1000061035156,360.70001220703125,346.70001220703125,354.6499938964844,340.347900390625,11010864
2022-03-11,352.04998779296875,356.8999938964844,349.1499938964844,353.75,339.4842224121094,3891664
2022-03-14,353.75,356.0,341.0,343.3999938964844,329.5516357421875,10079369
2022-03-15,347.0,353.45001220703125,335.3999938964844,341.1499938964844,327.392333984375,8151180
2022-03-16,347.79998779296875,356.3999938964844,346.5,355.5,341.1636657714844,6167428
2022-03-17,358.5,364.95001220703125,357.3500061035156,363.04998779296875,348.4091491699219,8990234
2022-03-21,364.95001220703125,366.0,352.79998779296875,353.8999938964844,339.6281433105469,4873329
2022-03-22,353.5,360.8500061035156,345.20001220703125,358.6499938964844,344.18658447265625,5561409
2022-03-23,361.54998779296875,367.25,355.6499938964844,356.95001220703125,342.55517578125,7304162
2022-03-24,354.1000061035156,361.25,352.0,356.6000061035156,342.2193298339844,4111307
2022-03-25,357.0,366.0,356.1000061035156,365.1000061035156,350.3764953613281,9141134
2022-03-28,368.8500061035156,368.8500061035156,356.20001220703125,363.79998779296875,349.1289367675781,5946994
2022-03-29,365.6499938964844,373.6000061035156,364.54998779296875,372.95001220703125,357.90997314453125,9088475
2022-03-30,375.95001220703125,387.45001220703125,374.54998779296875,382.8500061035156,367.4107360839844,10688708
2022-03-31,382.70001220703125,385.79998779296875,378.45001220703125,380.45001220703125,365.10748291015625,5537751
2022-04-01,380.0,387.70001220703125,378.8500061035156,385.95001220703125,370.38568115234375,3250273
2022-04-04,386.95001220703125,390.3999938964844,383.79998779296875,387.29998779296875,371.6812438964844,3264802
2022-04-05,389.0,396.6000061035156,385.54998779296875,394.20001220703125,378.302978515625,10310506
2022-04-06,391.0,403.3999938964844,390.25,398.04998779296875,381.9977111816406,8671174
2022-04-07,403.8999938964844,407.5,397.3999938964844,401.25,385.0686950683594,8931310
2022-04-08,403.6499938964844,405.0,395.0,396.1000061035156,380.1263732910156,6519357
2022-04-11,393.1000061035156,404.8999938964844,393.1000061035156,403.20001220703125,386.9400939941406,7340278
2022-04-12,403.0,403.8999938964844,388.75,393.54998779296875,377.67919921875,4854926
2022-04-13,395.0,399.3999938964844,389.6499938964844,391.29998779296875,375.5198974609375,2465488
2022-04-18,385.8500061035156,390.6000061035156,379.25,388.8500061035156,373.1687316894531,4551203
2022-04-19,390.1000061035156,391.75,372.0,377.79998779296875,362.5643615722656,3938936
2022-04-20,379.0,382.75,373.6000061035156,377.70001220703125,362.46844482421875,3247779
2022-04-21,380.0,390.8500061035156,379.20001220703125,389.8500061035156,374.1283874511719,3935746
2022-04-22,387.3999938964844,389.0,378.45001220703125,379.70001220703125,364.38775634765625,2971828
2022-04-25,375.0,375.70001220703125,361.1000061035156,364.0,349.3208312988281,4987646
2022-04-26,369.0,382.6499938964844,367.1499938964844,378.79998779296875,363.5240173339844,5510832
2022-04-27,375.0,377.8999938964844,368.3500061035156,375.75,360.5970153808594,3787448
2022-04-28,381.0,381.0,371.0,379.6499938964844,364.3397521972656,3951298
2022-04-29,382.0,386.3999938964844,368.25,371.8500061035156,356.85430908203125,4463995
2022-05-02,367.5,371.70001220703125,364.20001220703125,367.54998779296875,352.7276916503906,3606478
2022-05-04,370.1000061035156,372.79998779296875,346.6000061035156,348.3999938964844,334.3499755859375,6741897
2022-05-05,349.0,352.3500061035156,337.8500061035156,340.0,326.2887268066406,8172183
2022-05-06,328.04998779296875,336.95001220703125,326.29998779296875,329.1499938964844,315.8762512207031,10554131
2022-05-09,329.1499938964844,332.6499938964844,324.3500061035156,327.20001220703125,314.00494384765625,5588545
2022-05-10,328.95001220703125,338.5,316.5,318.20001220703125,305.3678894042969,7809598
2022-05-11,322.1000061035156,328.29998779296875,313.6000061035156,326.25,313.0932312011719,9584712
2022-05-12,324.0,325.70001220703125,315.8999938964844,322.20001220703125,309.2065734863281,7826298
2022-05-13,328.1000061035156,332.79998779296875,317.25,318.8999938964844,306.03961181640625,5040759
2022-05-16,321.0,331.5,317.54998779296875,327.3500061035156,314.1488952636719,4588718
2022-05-17,328.3500061035156,336.29998779296875,323.6000061035156,334.1000061035156,320.62664794921875,5294509
2022-05-18,337.20001220703125,344.8999938964844,323.6499938964844,324.95001220703125,311.8456726074219,15907792
2022-05-19,317.0,325.79998779296875,309.04998779296875,320.6000061035156,307.6711120605469,10108593
2022-05-20,326.0,336.5,323.0,331.5,318.13153076171875,8095291
2022-05-23,334.54998779296875,339.95001220703125,329.0,330.8999938964844,317.55572509765625,6456879
2022-05-24,331.45001220703125,333.75,323.1000061035156,324.5,311.4137878417969,3843952
2022-05-25,326.79998779296875,328.79998779296875,307.75,312.0,299.4178771972656,7080643
2022-05-26,310.5,329.20001220703125,302.29998779296875,319.8500061035156,306.9512939453125,8037300
2022-05-27,324.0,329.79998779296875,319.1499938964844,324.54998779296875,311.4617614746094,5042715
2022-05-30,329.3999938964844,347.8500061035156,327.20001220703125,346.8500061035156,332.8625183105469,9568306
2022-05-31,345.5,350.29998779296875,342.3500061035156,345.54998779296875,331.6148986816406,10568070
2022-06-01,346.3999938964844,348.8500061035156,333.6000061035156,337.0,323.40972900390625,5551017
2022-06-02,336.3999938964844,341.45001220703125,334.54998779296875,340.25,326.52862548828125,4326789
2022-06-03,342.25,343.5,329.6000061035156,330.6499938964844,317.3157653808594,5573119
2022-06-06,329.79998779296875,330.45001220703125,323.04998779296875,326.8500061035156,313.6690368652344,4693011
2022-06-07,325.79998779296875,325.79998779296875,315.1000061035156,318.75,305.89569091796875,5097864
2022-06-08,319.5,331.6000061035156,316.20001220703125,326.20001220703125,313.0452575683594,9732471
2022-06-09,324.45001220703125,327.0,321.1000061035156,324.8500061035156,311.7496643066406,3304352
2022-06-10,321.95001220703125,325.8999938964844,319.3999938964844,322.1000061035156,309.1106262207031,3525590
2022-06-13,315.0,315.70001220703125,305.0,307.70001220703125,295.29132080078125,7361749
2022-06-14,307.0,319.29998779296875,304.04998779296875,313.8500061035156,301.1932678222656,6307163
2022-06-15,315.79998779296875,319.6000061035156,312.70001220703125,317.1499938964844,304.36016845703125,4024438
2022-06-16,321.20001220703125,322.6499938964844,302.6499938964844,304.04998779296875,291.7884826660156,6574807
2022-06-17,302.0,310.0,298.0,302.0,289.8211669921875,7782354
2022-06-20,305.0,306.29998779296875,294.70001220703125,298.5,286.4623107910156,7708600
2022-06-21,302.54998779296875,317.20001220703125,301.0,315.1000061035156,302.39288330078125,5336496
2022-06-22,314.45001220703125,314.45001220703125,303.25,304.29998779296875,292.0284118652344,4354021
2022-06-23,306.70001220703125,315.3999938964844,303.5,313.3999938964844,300.7614440917969,6769260
2022-06-24,317.3999938964844,320.20001220703125,314.45001220703125,315.79998779296875,303.06463623046875,3572017
2022-06-27,322.0,322.45001220703125,315.0,318.04998779296875,305.2239074707031,3334788
2022-06-28,315.8999938964844,320.0,310.5,319.3999938964844,306.51947021484375,5140316
2022-06-29,315.0,319.25,313.20001220703125,318.54998779296875,305.7037353515625,3164135
2022-06-30,316.70001220703125,321.45001220703125,308.1000061035156,312.70001220703125,300.0896911621094,5228785
2022-07-01,310.3999938964844,324.3999938964844,309.45001220703125,323.1499938964844,310.1182556152344,5557896
2022-07-04,323.1000061035156,326.8500061035156,321.04998779296875,324.75,311.6537170410156,4171008
2022-07-05,325.0,329.79998779296875,321.1000061035156,322.1000061035156,309.1106262207031,4164243
2022-07-06,321.5,330.5,321.5,329.6000061035156,316.30810546875,4031342
2022-07-07,332.0,337.70001220703125,330.1499938964844,336.8999938964844,323.3137512207031,5330866
2022-07-08,339.8999938964844,341.6000061035156,334.75,340.3999938964844,326.6725769042969,3635774
2022-07-11,336.54998779296875,347.79998779296875,336.20001220703125,346.1499938964844,332.19073486328125,4251298
2022-07-12,343.0,350.6000061035156,342.29998779296875,346.79998779296875,332.81451416015625,4041343
2022-07-13,347.0,353.95001220703125,344.8500061035156,347.45001220703125,333.43829345703125,5397952
2022-07-14,349.0,352.20001220703125,344.25,348.54998779296875,334.493896484375,4920704
2022-07-15,350.1000061035156,355.0,349.1499938964844,353.6499938964844,339.3882141113281,4400222
2022-07-18,357.1000061035156,357.5,350.20001220703125,353.20001220703125,338.9564514160156,2406259
2022-07-19,352.95001220703125,361.3999938964844,351.79998779296875,359.8500061035156,345.3382263183594,5148307
2022-07-20,364.0,364.70001220703125,352.1499938964844,356.3999938964844,342.0273742675781,5343868
2022-07-21,356.79998779296875,361.3999938964844,356.45001220703125,360.6000061035156,346.0579833984375,3358877
2022-07-22,360.5,363.3999938964844,358.0,360.1499938964844,345.6261291503906,3247918
2022-07-25,358.8999938964844,360.75,353.5,357.3500061035156,342.9390869140625,2303596
2022-07-26,357.3500061035156,362.3500061035156,354.29998779296875,360.79998779296875,346.2498779296875,3466646
2022-07-27,358.70001220703125,369.5,358.70001220703125,368.6499938964844,353.7833251953125,5478661
2022-07-28,371.95001220703125,384.0,371.5,382.0,366.5950012207031,8480197
2022-07-29,385.95001220703125,396.8500061035156,383.75,385.95001220703125,370.38568115234375,8223276
2022-08-01,385.0,387.8999938964844,376.70001220703125,384.25,368.75421142578125,7429671
2022-08-02,384.25,386.0,375.20001220703125,376.6499938964844,364.3050231933594,4448690
2022-08-03,378.1000061035156,378.95001220703125,368.5,372.20001220703125,360.00091552734375,3183672
2022-08-04,374.3999938964844,375.95001220703125,360.79998779296875,367.6000061035156,355.5516357421875,4037919
2022-08-05,369.70001220703125,372.8500061035156,366.29998779296875,367.79998779296875,355.7450866699219,4186137
2022-08-08,366.5,372.6000061035156,365.0,370.29998779296875,358.1631164550781,3666894
2022-08-10,370.1000061035156,375.25,367.8999938964844,368.5,356.4221496582031,3769700
2022-08-11,371.8999938964844,375.6000061035156,370.3999938964844,372.54998779296875,360.3393859863281,3888072
2022-08-12,372.79998779296875,377.0,372.04998779296875,372.8999938964844,360.67791748046875,3215823
2022-08-16,375.8999938964844,382.3500061035156,374.29998779296875,379.1499938964844,366.72308349609375,3839161
2022-08-17,381.1000061035156,386.5,379.0,380.3500061035156,367.88372802734375,6384327
2022-08-18,380.54998779296875,389.95001220703125,379.20001220703125,389.1499938964844,376.39532470703125,5188764
2022-08-19,391.0,391.0,371.0,373.70001220703125,361.4517517089844,6322982
2022-08-22,372.0,372.25,363.25,364.79998779296875,352.8433532714844,3796813
2022-08-23,361.1000061035156,369.6000061035156,360.1000061035156,368.20001220703125,356.1319885253906,2553978
2022-08-24,370.79998779296875,373.3500061035156,368.0,372.04998779296875,359.85577392578125,3120328
2022-08-25,373.95001220703125,383.20001220703125,373.04998779296875,376.70001220703125,364.3533935546875,4424052
2022-08-26,379.1499938964844,383.79998779296875,378.6499938964844,380.0,367.5452575683594,1981093
2022-08-29,366.3999938964844,374.8999938964844,365.04998779296875,369.8999938964844,357.7762145996094,2663606
2022-08-30,372.8500061035156,392.0,372.1000061035156,390.0,377.2174377441406,10834269
2022-09-01,388.0,400.0,386.0,398.29998779296875,385.2453918457031,9880155
2022-09-02,400.8500061035156,406.0,393.75,395.0,382.0535888671875,8022555
2022-09-05,395.8999938964844,400.8999938964844,391.6000061035156,394.1000061035156,381.1830749511719,4044126
2022-09-06,396.1000061035156,398.95001220703125,392.29998779296875,395.25,382.2953796386719,2831682
2022-09-07,391.04998779296875,401.6000061035156,389.79998779296875,399.3999938964844,386.30938720703125,4860013
2022-09-08,402.0,403.3999938964844,394.79998779296875,397.20001220703125,384.1814880371094,4602945
2022-09-09,399.8999938964844,403.45001220703125,393.0,396.8999938964844,383.89129638671875,5536333
2022-09-12,396.8999938964844,396.8999938964844,396.8999938964844,396.8999938964844,383.89129638671875,0
2022-09-13,410.8999938964844,413.8500061035156,407.20001220703125,408.75,395.3529052734375,6632103
2022-09-14,400.0,410.25,397.25,407.20001220703125,393.8537292480469,6503658
2022-09-15,409.0,413.75,402.0,411.0,397.5291748046875,4834801
2022-09-16,408.25,413.25,384.45001220703125,389.1000061035156,376.34698486328125,9517876
2022-09-19,391.04998779296875,393.8999938964844,383.6000061035156,385.1499938964844,372.5263977050781,5089286
2022-09-20,389.0,400.3999938964844,389.0,391.95001220703125,379.10357666015625,4794091
2022-09-21,391.04998779296875,392.75,378.29998779296875,379.75,367.3033752441406,4035315
2022-09-22,378.5,383.95001220703125,375.0,380.70001220703125,368.2222900390625,3941049
2022-09-23,381.1000061035156,382.20001220703125,368.1499938964844,369.95001220703125,357.8246154785156,4060146
2022-09-26,366.0,366.5,350.25,352.04998779296875,340.51129150390625,5947442
2022-09-27,352.1000061035156,356.8999938964844,344.1000061035156,350.75,339.2538757324219,5931471
2022-09-28,348.8999938964844,354.3999938964844,345.20001220703125,348.75,337.3194580078125,3987512
2022-09-29,352.29998779296875,355.5,345.04998779296875,350.6000061035156,339.10882568359375,5905469
2022-09-30,348.70001220703125,361.25,346.8999938964844,356.70001220703125,345.0089111328125,7344112
2022-10-03,357.29998779296875,357.8999938964844,346.0,347.8500061035156,336.4489440917969,4315023
2022-10-04,354.0,361.0,354.0,359.1000061035156,347.33026123046875,4660309
2022-10-06,364.0,372.8999938964844,363.29998779296875,367.3500061035156,355.3098449707031,9169254
2022-10-07,367.0,370.45001220703125,361.79998779296875,368.8999938964844,356.8090515136719,4146172
2022-10-10,359.0,367.95001220703125,359.0,366.25,354.24591064453125,3136911
2022-10-11,367.45001220703125,368.8500061035156,356.5,358.5,346.7499084472656,3727411
2022-10-12,360.3999938964844,367.75,357.6499938964844,366.8500061035156,354.82623291015625,3919948
2022-10-13,365.25,366.5,357.6499938964844,362.54998779296875,350.6671447753906,3680850
2022-10-14,368.1499938964844,371.3999938964844,358.0,358.70001220703125,346.943359375,3591285
2022-10-17,357.0,361.79998779296875,351.5,359.3999938964844,347.6203918457031,4311369
2022-10-18,362.1000061035156,369.29998779296875,362.0,365.6499938964844,353.6655578613281,2859419
2022-10-19,367.45001220703125,377.3500061035156,366.04998779296875,370.29998779296875,358.1631164550781,6360698
2022-10-20,368.5,374.5,365.5,373.3999938964844,361.1615295410156,4314503
2022-10-21,374.3999938964844,375.0,364.6000061035156,369.79998779296875,357.6795349121094,3605264
2022-10-24,369.79998779296875,369.79998779296875,369.79998779296875,369.79998779296875,357.6795349121094,0
2022-10-25,369.0,375.5,367.1000061035156,369.75,357.6311950683594,2997168
2022-10-27,374.0,385.79998779296875,369.70001220703125,383.5,370.9305114746094,6417885
2022-10-28,385.8500061035156,385.8999938964844,380.3999938964844,384.6000061035156,371.99444580078125,3984403
2022-10-31,386.0,389.6000061035156,382.29998779296875,385.5,372.86492919921875,3315136
2022-11-01,387.0,392.0,385.0,389.6499938964844,376.8789367675781,4655525
2022-11-02,388.0,391.0,380.0,385.1499938964844,372.5263977050781,4448264
2022-11-03,383.0,388.5,380.6000061035156,384.75,372.1395568847656,3805252
2022-11-04,385.20001220703125,389.6000061035156,384.04998779296875,387.29998779296875,374.60595703125,2031089
2022-11-07,388.5,399.75,387.04998779296875,397.79998779296875,384.76177978515625,4991409
2022-11-09,398.0,402.1499938964844,395.04998779296875,397.04998779296875,384.036376953125,4968369
2022-11-10,396.25,400.3500061035156,386.6000061035156,391.1499938964844,378.32977294921875,4250236
2022-11-11,395.5,405.0,395.5,400.54998779296875,387.4216613769531,6567026
2022-11-14,402.29998779296875,408.20001220703125,400.29998779296875,406.5,393.1766662597656,3134766
2022-11-15,407.0,409.5,401.3999938964844,405.45001220703125,392.16107177734375,2773854
2022-11-16,405.5,406.6000061035156,396.54998779296875,401.25,388.0987243652344,2711725
2022-11-17,401.3999938964844,405.45001220703125,400.1499938964844,402.8999938964844,389.6946716308594,2978886
2022-11-18,404.0,404.3999938964844,397.6000061035156,400.3999938964844,387.2765808105469,2907982
2022-11-21,399.0,400.29998779296875,391.79998779296875,394.70001220703125,381.763427734375,3236030
2022-11-22,395.04998779296875,396.3500061035156,387.79998779296875,390.70001220703125,377.89453125,4093062
2022-11-23,392.70001220703125,394.75,390.1000061035156,391.6000061035156,378.7650451660156,1919758
2022-11-24,393.6000061035156,394.70001220703125,389.0,392.1499938964844,379.2969970703125,1823725
2022-11-25,393.5,400.8999938964844,392.45001220703125,396.6000061035156,383.60113525390625,3584507
2022-11-28,396.0,402.0,394.20001220703125,395.20001220703125,382.2470703125,3330551
2022-11-29,394.6499938964844,397.8500061035156,391.0,392.54998779296875,379.68389892578125,3448261
2022-11-30,393.04998779296875,404.29998779296875,389.3500061035156,402.6499938964844,389.4528503417969,8733967
2022-12-01,405.79998779296875,414.79998779296875,402.3500061035156,412.70001220703125,399.1734619140625,7882120
2022-12-02,414.79998779296875,416.25,409.8500061035156,410.75,397.2873840332031,6745441
2022-12-05,412.29998779296875,418.5,410.0,417.25,403.5743408203125,6361119
2022-12-06,416.25,418.0,412.20001220703125,414.3999938964844,400.8177490234375,2654909
2022-12-07,413.5,415.8999938964844,405.0,408.5,395.11114501953125,3417623
2022-12-08,407.1000061035156,410.70001220703125,402.6499938964844,404.95001220703125,391.677490234375,2154953
2022-12-09,406.04998779296875,409.95001220703125,394.0,402.25,389.06597900390625,5996845
2022-12-12,402.0,404.0,396.1499938964844,402.70001220703125,389.5012512207031,2914566
2022-12-13,403.1499938964844,406.3500061035156,399.5,400.3500061035156,387.22821044921875,2024616
2022-12-14,402.1000061035156,410.3999938964844,401.5,407.20001220703125,393.8537292480469,4437819
2022-12-15,406.1499938964844,409.79998779296875,398.25,399.70001220703125,386.59954833984375,2719988
2022-12-16,399.0,402.3500061035156,392.0,393.6499938964844,380.7478332519531,3463368
2022-12-19,394.25,397.29998779296875,389.54998779296875,396.6000061035156,383.60113525390625,2827030
2022-12-20,396.0,396.0,381.70001220703125,389.3500061035156,376.5887756347656,4641199
2022-12-21,391.3999938964844,396.20001220703125,377.70001220703125,380.45001220703125,367.98046875,3330407
2022-12-22,382.54998779296875,385.0,374.5,377.8500061035156,365.4656982421875,2624616
2022-12-23,376.8999938964844,377.0,355.29998779296875,357.0,345.2990417480469,4966765
2022-12-26,358.75,372.3999938964844,356.29998779296875,370.75,358.5984191894531,3309456
2022-12-27,371.6000061035156,373.8999938964844,367.5,371.25,359.08203125,3108513
2022-12-28,371.0,377.1499938964844,368.79998779296875,372.1499938964844,359.9525451660156,3891662
2022-12-29,370.70001220703125,376.5,364.8500061035156,373.45001220703125,361.2098693847656,4181247
2022-12-30,374.0,381.8999938964844,374.0,375.0,362.7090759277344,2831958
2023-01-02,376.04998779296875,382.6499938964844,374.54998779296875,380.1499938964844,367.6902770996094,2924202
2023-01-03,380.75,382.70001220703125,378.5,380.04998779296875,367.5935363769531,2004850
2023-01-04,380.3999938964844,381.5,368.6000061035156,371.8500061035156,359.662353515625,3815316
2023-01-05,372.70001220703125,374.6000061035156,368.6499938964844,372.75,360.5328674316406,2499525
2023-01-06,373.8999938964844,374.29998779296875,367.54998779296875,369.75,357.6311950683594,2603968
2023-01-09,373.0,376.0,370.1000061035156,373.95001220703125,361.6935119628906,1561902
2023-01-10,373.8999938964844,374.70001220703125,368.20001220703125,373.04998779296875,360.8229675292969,2252881
2023-01-11,373.0,375.5,371.04998779296875,372.1000061035156,359.9041442871094,1681043
2023-01-12,372.8999938964844,376.5,370.79998779296875,374.8999938964844,362.6123962402344,2859266
2023-01-13,376.0,379.29998779296875,372.6000061035156,377.04998779296875,364.69189453125,2743616
2023-01-16,378.5,379.8999938964844,371.70001220703125,373.75,361.50006103515625,1661685
2023-01-17,373.95001220703125,375.8999938964844,369.04998779296875,375.3999938964844,363.0959777832031,1977186
2023-01-18,376.0,377.1499938964844,373.1499938964844,376.3999938964844,364.0632019042969,1819111
2023-01-19,375.0,376.5,372.6499938964844,375.3999938964844,363.0959777832031,1980513
2023-01-20,374.0,375.8500061035156,368.54998779296875,369.29998779296875,357.1959228515625,3988074
2023-01-23,371.1499938964844,371.70001220703125,367.5,369.54998779296875,357.4377136230469,2338790
2023-01-24,370.5,371.25,363.6000061035156,364.8999938964844,352.94012451171875,3010618
2023-01-25,364.20001220703125,364.20001220703125,348.3999938964844,352.04998779296875,340.51129150390625,7032545
2023-01-27,354.95001220703125,359.95001220703125,347.25,355.95001220703125,344.2834777832031,5422141
2023-01-30,356.95001220703125,363.8500061035156,346.5,353.1499938964844,341.5751953125,5105818
2023-01-31,356.0,361.0,351.54998779296875,356.04998779296875,344.38018798828125,4784073
2023-02-01,358.54998779296875,365.6000061035156,341.54998779296875,349.0,337.561279296875,5504489
2023-02-02,348.8999938964844,355.8500061035156,341.54998779296875,354.5,342.8810119628906,4485546
2023-02-03,355.1000061035156,359.0,348.75,353.5,341.91375732421875,4697067
2023-02-06,353.5,355.1499938964844,350.75,353.8999938964844,342.3006591796875,1913975
2023-02-07,354.79998779296875,359.1000061035156,353.04998779296875,357.1499938964844,345.44415283203125,2846953
2023-02-08,358.6499938964844,361.95001220703125,355.70001220703125,360.29998779296875,348.49090576171875,2429159
2023-02-09,361.3500061035156,362.3500061035156,353.79998779296875,356.70001220703125,345.0089111328125,2229848
2023-02-10,356.5,362.29998779296875,355.54998779296875,361.5,349.6515808105469,2809140
2023-02-13,362.20001220703125,365.6499938964844,354.75,357.8999938964844,346.1695556640625,3030923
2023-02-14,357.6000061035156,357.6000061035156,347.1499938964844,353.95001220703125,342.3490295410156,3140968
2023-02-15,350.20001220703125,362.1000061035156,350.20001220703125,361.0,349.16796875,2548073
2023-02-16,362.8999938964844,373.1499938964844,362.25,371.70001220703125,359.51727294921875,5171809
2023-02-17,369.8999938964844,372.79998779296875,363.1000061035156,364.54998779296875,352.6015930175781,2666456
2023-02-20,365.8999938964844,370.6000061035156,363.1000061035156,364.6000061035156,352.64996337890625,2726465
2023-02-21,367.0,367.0,356.0,357.5,345.78265380859375,2119153
2023-02-22,355.8999938964844,356.20001220703125,347.04998779296875,348.6000061035156,337.1744079589844,3326607
2023-02-23,349.0,349.54998779296875,341.29998779296875,342.8999938964844,331.6612243652344,4026752
2023-02-24,347.0,351.29998779296875,345.0,346.04998779296875,334.70794677734375,2887310
2023-02-27,347.3999938964844,351.3999938964844,342.3999938964844,349.95001220703125,338.4801330566406,3701975
2023-02-28,350.5,353.8500061035156,348.8500061035156,351.6499938964844,340.1243896484375,2520202
2023-03-01,351.6499938964844,357.3999938964844,350.95001220703125,355.6499938964844,343.9933166503906,1507846
2023-03-02,354.0,357.79998779296875,353.1000061035156,355.29998779296875,343.65478515625,1675015
2023-03-03,357.1000061035156,362.29998779296875,355.0,360.25,348.4425354003906,3121845
2023-03-06,361.25,364.3999938964844,357.95001220703125,359.8500061035156,348.0556335449219,2053122
2023-03-08,358.0,364.45001220703125,353.6499938964844,363.04998779296875,351.1507568359375,2908986
2023-03-09,363.0,363.79998779296875,356.54998779296875,357.1000061035156,345.3957824707031,1782741
2023-03-10,355.1000061035156,356.3500061035156,347.70001220703125,350.04998779296875,338.57684326171875,3238856
2023-03-13,351.1000061035156,353.0,341.29998779296875,342.70001220703125,331.4677734375,2045069
2023-03-14,343.95001220703125,348.0,336.5,347.1000061035156,335.72357177734375,4016343
2023-03-15,350.0,352.0,341.95001220703125,345.45001220703125,334.12762451171875,2833314
2023-03-16,349.0,361.5,344.79998779296875,360.04998779296875,348.24908447265625,5412088
2023-03-17,363.6000061035156,377.5,363.25,375.25,362.9508972167969,10695531
2023-03-20,374.95001220703125,374.95001220703125,361.95001220703125,369.8999938964844,357.7762145996094,5404518
2023-03-21,371.04998779296875,372.3999938964844,366.29998779296875,367.45001220703125,355.4065856933594,2980424
2023-03-22,368.1499938964844,371.5,367.1000061035156,368.75,356.6639404296875,4140942
2023-03-23,368.70001220703125,371.95001220703125,365.6000061035156,367.6499938964844,355.5999755859375,2508345
2023-03-24,366.0,368.0,353.04998779296875,354.25,342.6391906738281,3134205
2023-03-27,355.20001220703125,357.45001220703125,347.45001220703125,348.79998779296875,337.3677978515625,2815174
2023-03-28,350.54998779296875,353.20001220703125,347.25,348.6499938964844,337.2227478027344,3165715
2023-03-29,349.20001220703125,354.0,346.5,352.54998779296875,340.9949035644531,2624280
2023-03-31,354.3500061035156,360.75,354.20001220703125,356.70001220703125,345.0089111328125,4167504
2023-04-03,358.0,363.1499938964844,357.3999938964844,361.54998779296875,349.6999206542969,2782342
2023-04-05,362.0,370.5,361.3500061035156,367.04998779296875,355.0196533203125,3015748
2023-04-06,364.95001220703125,383.79998779296875,364.70001220703125,382.8999938964844,370.3501892089844,8930230
2023-04-10,383.95001220703125,407.70001220703125,383.75,405.5,392.20941162109375,20647930
2023-04-11,407.5,411.0,401.29998779296875,405.29998779296875,392.0159912109375,8091142
2023-04-12,406.0,413.3999938964844,404.3999938964844,406.54998779296875,393.22503662109375,6586341
2023-04-13,407.70001220703125,415.79998779296875,405.1000061035156,413.1499938964844,399.60870361328125,7161482
2023-04-17,415.70001220703125,419.6000061035156,411.25,415.3500061035156,401.7366027832031,6635668
2023-04-18,416.70001220703125,427.0,415.79998779296875,423.8500061035156,409.9580078125,9367931
2023-04-19,424.79998779296875,424.79998779296875,419.04998779296875,421.70001220703125,407.8785095214844,4044971
2023-04-20,421.0,425.1000061035156,412.6000061035156,414.45001220703125,400.8660888671875,4285836
2023-04-21,414.29998779296875,414.29998779296875,402.0,406.04998779296875,392.74139404296875,5194549
2023-04-24,406.6000061035156,411.79998779296875,403.29998779296875,411.1499938964844,397.67425537109375,3379013
2023-04-25,410.04998779296875,415.8999938964844,408.0,410.1499938964844,396.70703125,4335180
2023-04-26,410.25,417.70001220703125,409.6499938964844,416.6000061035156,402.94561767578125,4122285
2023-04-27,416.54998779296875,423.54998779296875,415.1000061035156,421.6499938964844,407.8301086425781,4423231
2023-04-28,422.25,428.8999938964844,420.04998779296875,426.20001220703125,412.2309875488281,5668793
2023-05-02,426.8999938964844,427.6000061035156,421.1000061035156,424.25,410.3448791503906,3519033
2023-05-03,422.79998779296875,434.04998779296875,420.6000061035156,427.54998779296875,413.5367126464844,7152444
2023-05-04,427.45001220703125,428.5,423.0,424.79998779296875,410.8768615722656,3328989
2023-05-05,424.79998779296875,433.45001220703125,423.45001220703125,427.20001220703125,413.1982116699219,4870886
2023-05-08,428.95001220703125,440.3999938964844,427.75,436.3500061035156,422.0483093261719,6530244
2023-05-09,437.0,438.75,426.79998779296875,432.0,417.8408508300781,5239571
2023-05-10,431.70001220703125,435.8999938964844,427.6000061035156,434.25,420.01715087890625,3804494
2023-05-11,433.0,438.95001220703125,429.8999938964844,432.79998779296875,418.6146545410156,4810556
2023-05-12,430.0,437.0,430.0,435.95001220703125,421.6614074707031,2713530
2023-05-15,443.0,475.79998779296875,440.25,468.1499938964844,452.8060302734375,28116711
2023-05-16,474.70001220703125,478.70001220703125,470.04998779296875,471.75,456.2880554199219,14423428
2023-05-17,469.79998779296875,473.0,461.6000061035156,469.8500061035156,454.4503479003906,6005061
2023-05-18,472.0,476.0,458.3500061035156,459.95001220703125,444.87481689453125,5852119
2023-05-19,460.8999938964844,473.0,453.5,471.8999938964844,456.43310546875,8398165
2023-05-22,472.25,481.1499938964844,469.20001220703125,478.1499938964844,462.478271484375,6566526
2023-05-23,479.79998779296875,480.5,465.8999938964844,467.8500061035156,452.515869140625,3818677
2023-05-24,467.8500061035156,469.95001220703125,462.29998779296875,465.5,450.2428894042969,3086273
2023-05-25,467.0,479.79998779296875,464.6499938964844,477.25,461.6077880859375,8132396
2023-05-26,477.25,484.54998779296875,471.54998779296875,478.1000061035156,462.429931640625,6159488
2023-05-29,478.5,486.3999938964844,474.04998779296875,482.6499938964844,466.8307800292969,4665809
2023-05-30,480.0,481.5,473.5,474.6000061035156,459.0446472167969,3209364
2023-05-31,474.45001220703125,477.0,467.79998779296875,474.8999938964844,459.3348083496094,10062142
2023-06-01,475.0,480.04998779296875,473.04998779296875,477.20001220703125,461.5594177246094,4270077
2023-06-02,478.0,491.0,477.3500061035156,489.29998779296875,473.2628479003906,10020905
2023-06-05,492.0,496.04998779296875,487.1000061035156,489.25,473.2144775390625,4635248
2023-06-06,489.6499938964844,498.6000061035156,487.5,494.6499938964844,478.4374694824219,5477093
2023-06-07,498.0,498.6499938964844,493.1499938964844,495.70001220703125,479.45306396484375,4885566
2023-06-08,496.0,497.79998779296875,480.8999938964844,484.75,468.86199951171875,4923194
2023-06-09,485.0,490.5,483.6499938964844,485.20001220703125,469.2972106933594,2611565
2023-06-12,487.04998779296875,492.25,485.6499938964844,490.6000061035156,474.5202331542969,1696800
2023-06-13,492.3500061035156,504.75,488.6499938964844,503.6000061035156,487.0941467285156,5849124
2023-06-14,505.0,507.0,499.6000061035156,503.70001220703125,487.19085693359375,6893041
2023-06-15,503.0,508.75,488.5,490.3500061035156,474.2784118652344,6420824
2023-06-16,492.79998779296875,497.75,490.1499938964844,496.0,479.7432556152344,4360893
2023-06-19,497.0,499.3999938964844,482.75,485.3500061035156,469.44232177734375,3074442
2023-06-20,484.3999938964844,491.70001220703125,481.5,489.20001220703125,473.1661376953125,3849887
2023-06-21,489.29998779296875,494.3500061035156,480.3500061035156,482.8500061035156,467.02423095703125,3758306
2023-06-22,483.04998779296875,484.79998779296875,478.54998779296875,481.25,465.4766540527344,3256065
2023-06-23,481.0,481.6000061035156,473.0,477.70001220703125,462.04302978515625,2583485
2023-06-26,477.1000061035156,478.0,469.70001220703125,477.1499938964844,461.51104736328125,2333475
2023-06-27,479.0,486.95001220703125,478.70001220703125,483.8500061035156,467.9914855957031,2749294
2023-06-28,485.8999938964844,488.0,483.6000061035156,485.8999938964844,469.9742736816406,2383384
2023-06-30,489.79998779296875,493.54998779296875,486.8999938964844,490.54998779296875,474.47186279296875,3261788
2023-07-03,493.0,498.0,486.3999938964844,493.1499938964844,476.98663330078125,2820027
2023-07-04,494.0,497.20001220703125,488.5,489.79998779296875,473.7464294433594,2535317
2023-07-05,489.79998779296875,503.75,488.5,499.70001220703125,483.3219909667969,2846706
2023-07-06,504.6000061035156,517.5499877929688,503.0,513.5999755859375,496.766357421875,7921377
2023-07-07,514.7000122070312,516.4000244140625,501.45001220703125,502.8500061035156,486.36871337890625,3938391
2023-07-10,503.45001220703125,505.54998779296875,496.3500061035156,501.54998779296875,485.111328125,2465685
2023-07-11,502.0,504.75,498.1000061035156,499.6499938964844,483.2735900878906,3011396
2023-07-12,500.0,500.3999938964844,485.6000061035156,492.3999938964844,476.26123046875,4530464
2023-07-13,494.0,498.8999938964844,489.3999938964844,492.04998779296875,475.9226989746094,3665726
2023-07-14,493.79998779296875,496.5,491.20001220703125,493.1499938964844,476.98663330078125,2539514
2023-07-17,493.5,498.6000061035156,493.04998779296875,498.04998779296875,481.72601318359375,2333926
2023-07-18,499.75,502.95001220703125,491.79998779296875,494.79998779296875,478.58258056640625,3200509
2023-07-19,496.5,504.20001220703125,494.1499938964844,501.0,484.579345703125,2832711
2023-07-20,502.0,509.0,501.54998779296875,504.8999938964844,488.35150146484375,4178930
2023-07-21,504.6000061035156,505.0,496.0,500.6000061035156,484.1924743652344,3822759
2023-07-24,502.75,508.45001220703125,488.1000061035156,493.79998779296875,477.61529541015625,5676545
2023-07-25,496.20001220703125,499.8500061035156,478.3500061035156,480.0,464.2676696777344,6582695
2023-07-26,482.0,489.5,479.6000061035156,487.6499938964844,471.6669006347656,3572206
2023-07-27,489.5,513.7999877929688,487.29998779296875,510.79998779296875,494.05816650390625,8431778
2023-07-28,509.0,517.7999877929688,504.95001220703125,515.5999755859375,502.6368713378906,7227144
2023-07-31,516.9500122070312,521.75,508.8500061035156,518.75,505.70770263671875,4607915
2023-08-01,509.5,511.5,496.8999938964844,499.70001220703125,487.1366882324219,15013979
2023-08-02,495.54998779296875,502.95001220703125,482.25,493.6000061035156,481.1900329589844,11155073
2023-08-03,493.5,496.5,484.20001220703125,488.3500061035156,476.072021484375,3315895
2023-08-04,490.0,494.0,488.0,489.6499938964844,477.3393249511719,2509237
2023-08-07,491.95001220703125,492.6499938964844,485.3999938964844,489.1499938964844,476.8518981933594,3089545
2023-08-08,490.3999938964844,493.20001220703125,482.1000061035156,488.25,475.97454833984375,2542925
2023-08-09,488.29998779296875,489.70001220703125,483.1000061035156,485.70001220703125,473.4886779785156,2944921
2023-08-10,486.8999938964844,493.1000061035156,483.20001220703125,490.6499938964844,478.3141784667969,4117165
2023-08-11,492.6499938964844,494.1499938964844,480.0,482.0,469.8816833496094,2844914
2023-08-14,479.0,479.0,463.04998779296875,470.95001220703125,459.1094970703125,4619798
2023-08-16,468.0,479.6000061035156,465.29998779296875,478.04998779296875,466.0309753417969,2644594
2023-08-17,478.0,483.20001220703125,473.5,477.70001220703125,465.6897888183594,2863803
2023-08-18,475.8999938964844,478.0,472.5,474.04998779296875,462.1315612792969,4023514
2023-08-21,474.04998779296875,483.3500061035156,474.04998779296875,481.8500061035156,469.7354431152344,2359743
2023-08-22,483.5,484.8500061035156,479.54998779296875,480.3500061035156,468.273193359375,1579326
2023-08-23,481.1499938964844,484.79998779296875,477.6000061035156,480.70001220703125,468.6143493652344,2883112
2023-08-24,482.70001220703125,490.75,482.0,483.54998779296875,471.3927001953125,2603113
2023-08-25,481.45001220703125,483.0,473.1000061035156,475.25,463.3013916015625,1992979
2023-08-28,478.04998779296875,485.95001220703125,476.5,482.3999938964844,470.2716369628906,3252263
2023-08-29,484.0,497.79998779296875,483.0,494.0,481.5799865722656,5917819
2023-08-30,496.0,502.95001220703125,495.6000061035156,500.04998779296875,487.47784423828125,4657793
2023-08-31,501.8999938964844,507.29998779296875,496.0,504.1000061035156,491.4260559082031,4875243
2023-09-01,503.8999938964844,509.5,500.29998779296875,503.25,490.597412109375,3044080
2023-09-04,504.5,517.0,504.0,513.9000244140625,500.97967529296875,4584709
2023-09-05,515.7000122070312,525.7999877929688,514.2000122070312,521.2999877929688,508.193603515625,5519389
2023-09-06,520.2000122070312,522.5,513.7999877929688,519.0,505.951416015625,2130114
2023-09-07,517.0,532.5,514.5499877929688,530.75,517.4059448242188,6661946
2023-09-08,532.0,544.4500122070312,531.4000244140625,540.0,526.4234619140625,8016696
2023-09-11,541.9500122070312,544.3499755859375,537.0,540.8499755859375,527.2520141601562,2695210
2023-09-12,540.0,541.8499755859375,522.0499877929688,524.5,511.31317138671875,2701774
2023-09-13,524.0,530.5,520.0999755859375,529.0,515.7000122070312,1914101
2023-09-14,531.0999755859375,543.4500122070312,531.0999755859375,537.3499755859375,523.8400268554688,3661252
2023-09-15,538.4500122070312,538.8499755859375,528.0499877929688,532.4000244140625,519.0145874023438,2341930
2023-09-18,531.25,535.3499755859375,528.0999755859375,529.4000244140625,516.0900268554688,1494139
2023-09-20,525.9500122070312,532.0,519.5999755859375,522.3499755859375,509.2171630859375,2135243
2023-09-21,521.4500122070312,525.9500122070312,512.5499877929688,516.9000244140625,503.90423583984375,3361352
2023-09-22,517.4500122070312,523.0,514.7999877929688,516.5499877929688,503.5630187988281,1854379
2023-09-25,517.1500244140625,527.75,513.4000244140625,522.0999755859375,508.97344970703125,2789922
2023-09-26,522.9500122070312,525.7000122070312,519.0999755859375,520.2999877929688,507.2187805175781,1858145
2023-09-27,518.5,531.5999755859375,516.6500244140625,528.7000122070312,515.4075927734375,2184496
2023-09-28,529.1500244140625,529.7999877929688,517.3499755859375,520.0999755859375,507.0237121582031,2701673
2023-09-29,521.0499877929688,534.0,521.0499877929688,530.9000244140625,517.55224609375,3622321
2023-10-03,530.7999877929688,540.9000244140625,527.2000122070312,538.75,525.2048950195312,2831594
2023-10-04,535.0,537.7999877929688,515.75,525.75,512.53173828125,4940218
2023-10-05,527.0,532.7999877929688,523.9500122070312,525.0,511.8005676269531,2455475
2023-10-06,525.25,550.5,525.25,548.7000122070312,534.9047241210938,7397196
2023-10-09,547.0499877929688,547.4500122070312,536.5499877929688,540.8499755859375,527.2520141601562,3107088
2023-10-10,544.4500122070312,564.75,543.0499877929688,561.75,547.6265869140625,11366176
2023-10-11,562.5999755859375,569.0,560.6500244140625,565.2999877929688,551.08740234375,4106418
2023-10-12,565.2999877929688,569.0,562.7000122070312,567.0499877929688,552.7933959960938,1860355
2023-10-13,561.6500244140625,576.75,561.6500244140625,568.4000244140625,554.1094360351562,6226867
2023-10-16,566.0,571.9000244140625,563.5999755859375,567.0999755859375,552.8421020507812,2132190
2023-10-17,570.0,571.5499877929688,565.2999877929688,567.1500244140625,552.890869140625,1670432
2023-10-18,565.5499877929688,570.0,561.5999755859375,567.3499755859375,553.0858154296875,2695513
2023-10-19,565.0999755859375,565.9000244140625,555.4500122070312,560.0999755859375,546.01806640625,2068643
2023-10-20,558.7000122070312,565.0,548.0999755859375,552.2000122070312,538.316650390625,3274784
2023-10-23,552.0999755859375,555.6500244140625,531.25,532.9500122070312,519.55078125,2355807
2023-10-25,535.0,540.5499877929688,525.25,530.1500244140625,516.8211059570312,1695789
2023-10-26,528.1500244140625,528.1500244140625,513.5,522.2999877929688,509.1684875488281,4361390
2023-10-27,526.0,538.2999877929688,524.6500244140625,536.1500244140625,522.6702270507812,4062846
2023-10-30,537.0,557.9500122070312,531.25,554.4500122070312,540.5101928710938,8141820
2023-10-31,559.0,570.5499877929688,557.7000122070312,563.5,549.3326416015625,10712514
2023-11-01,565.0,586.7999877929688,565.0,574.8499755859375,560.3972778320312,11265190
2023-11-02,579.0,582.0,570.25,577.9000244140625,563.37060546875,3649740
2023-11-03,579.0,600.0499877929688,578.3499755859375,595.8499755859375,580.8692016601562,7692738
2023-11-06,597.6500244140625,600.2000122070312,590.4000244140625,592.0,577.1160888671875,2917487
2023-11-07,592.3499755859375,596.9000244140625,586.5,592.4500122070312,577.5547485351562,2662819
2023-11-08,594.0,601.4000244140625,591.0,595.9000244140625,580.9180908203125,4003266
2023-11-09,597.9000244140625,605.5999755859375,596.9500122070312,600.7000122070312,585.5972900390625,5403880
2023-11-10,598.9000244140625,607.9000244140625,595.0999755859375,606.0499877929688,590.8128051757812,3378490
2023-11-13,611.4000244140625,611.4000244140625,604.3499755859375,608.4000244140625,593.103759765625,1898672
2023-11-15,614.0999755859375,624.4500122070312,612.0499877929688,622.0999755859375,606.4592895507812,3886884
2023-11-16,621.9500122070312,633.2999877929688,620.25,630.25,614.4044189453125,3206517
2023-11-17,625.9500122070312,632.0,625.0999755859375,631.1500244140625,615.2817993164062,2412089
2023-11-20,632.0,634.25,623.5499877929688,626.25,610.5049438476562,3290059
2023-11-21,627.0999755859375,641.2000122070312,627.0999755859375,634.4500122070312,618.4988403320312,6052465
2023-11-22,633.8499755859375,635.5,623.5,632.5499877929688,616.6465454101562,2762713
2023-11-23,634.0,640.0,633.0,636.1500244140625,620.1561279296875,2516687
2023-11-24,637.2000122070312,641.0999755859375,628.3499755859375,629.3499755859375,613.5269775390625,3963603
2023-11-28,625.0,631.7999877929688,619.25,629.1500244140625,613.3320922851562,4535901
2023-11-29,632.9000244140625,641.75,629.0999755859375,637.6500244140625,621.618408203125,5851523
2023-11-30,637.6500244140625,637.9500122070312,623.2000122070312,625.8499755859375,610.114990234375,14874927
2023-12-01,631.9000244140625,634.2999877929688,625.5499877929688,629.25,613.4295043945312,3438389
2023-12-04,639.0,652.0,632.7999877929688,649.25,632.9267578125,4588495
2023-12-05,652.9000244140625,654.25,639.9000244140625,650.0999755859375,633.7553100585938,3417071
2023-12-06,650.9500122070312,660.5999755859375,650.0999755859375,652.9500122070312,636.53369140625,3264809
2023-12-07,653.0999755859375,654.5499877929688,647.2999877929688,648.5999755859375,632.2930297851562,1051759
2023-12-08,651.0,663.9000244140625,641.4500122070312,649.9000244140625,633.5603637695312,3937417
2023-12-11,654.4500122070312,673.5999755859375,653.2999877929688,667.0999755859375,650.327880859375,5641806
2023-12-12,667.0999755859375,677.4000244140625,659.5999755859375,662.5999755859375,645.9410400390625,3998781
2023-12-13,666.7999877929688,675.0,664.2000122070312,673.75,656.8107299804688,3426758
2023-12-14,681.7000122070312,701.9500122070312,681.0499877929688,699.5,681.913330078125,7464762
2023-12-15,700.0,709.0,695.0,705.2999877929688,687.5675048828125,4137143
2023-12-18,702.4500122070312,705.8499755859375,693.4500122070312,697.0999755859375,679.5736694335938,1906529
2023-12-19,699.0,702.0999755859375,691.9500122070312,698.0499877929688,680.499755859375,1475227
2023-12-20,704.0,704.0,671.7000122070312,675.3499755859375,658.3704223632812,3091436
2023-12-21,680.0,694.9000244140625,670.2000122070312,692.9000244140625,675.4793090820312,5888251
2023-12-22,696.0,718.7000122070312,694.4500122070312,715.9500122070312,697.94970703125,5899551
2023-12-26,719.5499877929688,722.2000122070312,711.6500244140625,714.8499755859375,696.8773803710938,2419374
2023-12-27,719.0,724.4500122070312,711.4000244140625,720.4500122070312,702.336669921875,2233097
2023-12-28,721.9000244140625,729.9000244140625,715.0999755859375,728.6500244140625,710.3304443359375,5426028
2023-12-29,725.7999877929688,730.0,721.7999877929688,726.4000244140625,708.1370849609375,1995191
2024-01-01,727.2000122070312,731.0,721.4500122070312,723.5999755859375,705.4073486328125,1400824
2024-01-02,725.7999877929688,725.7999877929688,704.4500122070312,713.8499755859375,695.9025268554688,2394602
2024-01-03,715.25,720.8499755859375,706.7000122070312,715.6500244140625,697.6573486328125,1829817
2024-01-04,718.0,764.75,717.5,761.4000244140625,742.257080078125,13312567
2024-01-05,760.0,770.0,747.8499755859375,752.9500122070312,734.0194702148438,5929704
2024-01-08,760.5,773.4500122070312,751.2999877929688,759.2999877929688,740.2098388671875,4448637
2024-01-09,772.0,793.0,762.5,789.5999755859375,769.748046875,9348457
2024-01-10,790.4500122070312,800.7999877929688,777.5499877929688,796.0499877929688,776.035888671875,5169408
2024-01-11,797.5,804.9000244140625,794.3499755859375,797.4500122070312,777.4006958007812,5304485
2024-01-12,800.0,811.4000244140625,796.25,800.5499877929688,780.4227905273438,4158326
2024-01-15,802.0,815.75,798.5,805.4000244140625,785.15087890625,4959825
2024-01-16,804.4000244140625,806.3499755859375,777.1500244140625,786.8499755859375,767.0671997070312,3800255
2024-01-17,780.0,790.0,771.0499877929688,775.2999877929688,755.8076171875,6183356
2024-01-18,776.0,780.5999755859375,762.75,775.4500122070312,755.953857421875,8727583
2024-01-19,780.7000122070312,788.0,777.7000122070312,785.5499877929688,765.7998657226562,3519988
2024-01-23,790.0,791.9000244140625,733.9500122070312,739.2999877929688,720.712646484375,19908675
2024-01-24,739.9500122070312,749.0,732.2999877929688,747.4000244140625,728.609130859375,6963379
2024-01-25,776.0,776.0,749.2999877929688,758.6500244140625,739.5762329101562,9110800
2024-01-29,761.0,771.7000122070312,755.25,767.3499755859375,748.0574340820312,5504653
2024-01-30,770.5,798.7000122070312,767.0,786.9000244140625,767.115966796875,10661351
2024-01-31,786.9000244140625,806.7000122070312,782.5,802.5999755859375,782.4212036132812,7997614
2024-02-01,802.5499877929688,808.75,791.0499877929688,800.0499877929688,779.935302734375,5565773
2024-02-02,801.2000122070312,808.4000244140625,783.2000122070312,791.4500122070312,771.5515747070312,3474878
2024-02-05,784.9000244140625,806.0,783.2000122070312,786.5999755859375,766.823486328125,3023829
2024-02-06,794.0,802.0,784.2000122070312,797.3499755859375,777.3031616210938,3996095
2024-02-07,806.0,838.2999877929688,806.0,827.4500122070312,806.646484375,10550511
2024-02-08,828.7999877929688,840.9000244140625,823.1500244140625,830.8499755859375,809.9609375,3355261
2024-02-09,830.8499755859375,837.0,810.0,834.4000244140625,813.4216918945312,4351187
2024-02-12,833.0,837.5999755859375,803.3499755859375,807.5999755859375,787.2955322265625,2814982
2024-02-13,810.0,831.9500122070312,799.0499877929688,829.3499755859375,808.4985961914062,3526880
2024-02-14,819.0,847.4500122070312,816.2000122070312,843.7999877929688,822.5853271484375,2710385
2024-02-15,848.0,857.9500122070312,842.5,851.4000244140625,829.994384765625,3505476
2024-02-16,857.0,869.2999877929688,848.7999877929688,863.2999877929688,841.5950927734375,3451534
2024-02-19,864.2999877929688,866.7000122070312,845.3499755859375,848.5999755859375,827.2646484375,2390450
2024-02-20,852.0,869.5,846.2000122070312,863.9000244140625,842.1801147460938,4100739
2024-02-21,865.0,896.75,863.9000244140625,886.8499755859375,864.5530395507812,8801547
2024-02-22,894.0,895.0,878.8499755859375,892.25,869.8172607421875,3784762
2024-02-23,898.0,905.0,892.3499755859375,899.25,876.6412353515625,3438995
2024-02-26,898.0,910.25,887.7000122070312,902.9000244140625,880.1995239257812,4080998
2024-02-27,905.0,918.2000122070312,902.9000244140625,916.4000244140625,893.360107421875,3614155
2024-02-28,914.2000122070312,919.9500122070312,893.5999755859375,899.0,876.3975830078125,3541248
2024-02-29,898.0,911.9500122070312,881.6500244140625,901.2000122070312,878.542236328125,19571487
2024-03-01,902.0,917.0,901.2000122070312,909.9000244140625,887.0235595703125,2562306
2024-03-04,925.2000122070312,941.9000244140625,923.6500244140625,931.7999877929688,908.3729248046875,3951444
2024-03-05,930.0,939.4000244140625,926.0,932.0499877929688,908.6165771484375,2846188
2024-03-06,930.9500122070312,933.9000244140625,908.0999755859375,922.7000122070312,899.501708984375,3258284
2024-03-07,925.5999755859375,929.0,917.1500244140625,920.2999877929688,897.1619873046875,2108204
2024-03-11,928.0,933.2999877929688,907.2000122070312,911.25,888.339599609375,4511073
2024-03-12,910.9000244140625,915.2999877929688,861.0,864.4000244140625,842.66748046875,8341087
2024-03-13,860.0,873.25,820.6500244140625,830.1500244140625,809.278564453125,8639565
2024-03-14,826.0,844.0,817.0,840.6500244140625,819.5146484375,5915623
2024-03-15,836.5999755859375,848.75,809.2999877929688,823.7000122070312,802.99072265625,6129505
2024-03-18,826.0499877929688,839.6500244140625,816.25,836.25,815.2252197265625,2709444
2024-03-19,830.0,841.7999877929688,819.5,823.0499877929688,802.3570556640625,4696393
2024-03-20,827.0,834.4000244140625,805.2999877929688,825.9500122070312,805.1842041015625,3281967
2024-03-21,839.0999755859375,859.3499755859375,834.0999755859375,857.7000122070312,836.135986328125,3484101
2024-03-22,861.0499877929688,869.9000244140625,855.5999755859375,865.9000244140625,844.1297607421875,2786894
2024-03-26,864.9000244140625,876.4500122070312,858.1500244140625,873.4000244140625,851.4412231445312,2686188
2024-03-27,878.9500122070312,888.7000122070312,875.5499877929688,880.5,858.3626708984375,3049873
2024-03-28,886.7999877929688,907.0,882.7000122070312,897.0,874.4478149414062,4055477
2024-04-01,904.0,967.5999755859375,901.0,948.25,924.4093017578125,8494956
2024-04-02,948.25,948.5,930.25,934.8499755859375,911.34619140625,3144624
2024-04-03,934.0,934.0,901.4500122070312,904.5499877929688,881.8080444335938,6683506
2024-04-04,912.0499877929688,914.7000122070312,884.0499877929688,888.2000122070312,865.869140625,5670088
2024-04-05,889.9000244140625,909.7999877929688,883.5999755859375,905.8499755859375,883.0752563476562,4129880
2024-04-08,908.0,928.3499755859375,904.0499877929688,918.25,895.1636352539062,4636924
2024-04-09,921.9500122070312,930.6500244140625,903.9500122070312,910.6500244140625,887.754638671875,2977374
2024-04-10,911.2999877929688,921.9000244140625,909.2000122070312,911.1500244140625,888.2421264648438,1853706
2024-04-12,911.1500244140625,920.75,905.7999877929688,908.5999755859375,885.7561645507812,2340026
2024-04-15,892.5,898.7999877929688,866.6500244140625,885.0,862.7495727539062,3602490
2024-04-16,875.0,883.4500122070312,868.2999877929688,875.5999755859375,853.5858764648438,3398331
2024-04-18,881.0,886.0,851.2000122070312,856.0499877929688,834.5274047851562,3948733
2024-04-19,841.0,859.2999877929688,834.0,855.6500244140625,834.137451171875,4474855
2024-04-22,860.0,868.7999877929688,854.2999877929688,865.1500244140625,843.3986206054688,2662369
2024-04-23,873.0,898.5,871.5,885.25,862.9932861328125,5126456
2024-04-24,889.7999877929688,898.2000122070312,885.5,893.5,871.0358276367188,4102872
2024-04-25,893.5,897.0,882.75,893.7999877929688,871.3283081054688,2376516
2024-04-26,896.0,911.5999755859375,893.75,908.0,885.1712646484375,4053816
2024-04-29,913.0,915.0,876.8499755859375,886.0999755859375,863.8218383789062,3109393
2024-04-30,888.7999877929688,907.5,881.9000244140625,891.8499755859375,869.4273071289062,4508015
2024-05-02,888.2000122070312,901.0,882.0,896.4500122070312,873.91162109375,3099475
2024-05-03,903.9000244140625,903.9000244140625,862.7999877929688,878.2000122070312,856.1205444335938,5271160
2024-05-06,882.5,902.0,876.2000122070312,887.0999755859375,864.7967529296875,5317254
2024-05-07,885.7999877929688,895.0,840.75,855.9000244140625,834.3812255859375,5793580
2024-05-08,856.0,864.7000122070312,846.5,852.5,831.066650390625,5424719
2024-05-09,862.0,870.9500122070312,834.0999755859375,836.9000244140625,815.85888671875,3748279
2024-05-10,843.0,844.4000244140625,817.4000244140625,825.8499755859375,805.086669921875,4811461
2024-05-13,831.7999877929688,842.0499877929688,810.5999755859375,838.75,817.662353515625,3983559
2024-05-14,844.0,851.9000244140625,830.2999877929688,839.0499877929688,817.9547729492188,5869025
2024-05-15,839.0,848.0,812.5999755859375,825.6500244140625,804.8917236328125,5237735
2024-05-16,832.0,846.3499755859375,826.3499755859375,841.5,820.3432006835938,3843468
2024-05-17,846.5,859.5,840.9000244140625,848.75,827.4109497070312,4170491
2024-05-21,852.0,857.0,845.7999877929688,851.9500122070312,830.530517578125,3184740
2024-05-22,858.4000244140625,860.5499877929688,838.2999877929688,847.4000244140625,826.0949096679688,4576451
2024-05-23,851.0,851.0,834.2000122070312,847.0499877929688,825.7537231445312,2828079
2024-05-24,850.9500122070312,854.25,836.7999877929688,840.1500244140625,819.0271606445312,3335343
2024-05-27,840.2000122070312,848.3499755859375,834.7999877929688,842.5,821.3180541992188,3490864
2024-05-28,845.0,845.3499755859375,818.0,820.0,799.3837890625,3216721
2024-05-29,818.75,825.9000244140625,812.2000122070312,818.2999877929688,797.7265014648438,4517186
2024-05-30,816.0,820.9500122070312,799.5999755859375,802.0499877929688,781.885009765625,4203818
2024-05-31,808.5999755859375,823.6500244140625,805.3499755859375,815.6500244140625,795.1431274414062,12210410
2024-06-03,855.9000244140625,873.0,835.0,869.1500244140625,847.2980346679688,9999975
2024-06-04,880.0,880.0,687.0499877929688,763.0,743.81689453125,12437434
2024-06-05,777.0,799.0,747.0,796.0499877929688,776.035888671875,7296308
2024-06-06,799.0999755859375,835.9500122070312,799.0,829.1500244140625,808.3037719726562,5439648
2024-06-07,829.1500244140625,848.75,822.2999877929688,843.4500122070312,822.2442016601562,4266992
2024-06-10,845.9500122070312,856.75,838.0,847.5999755859375,826.289794921875,3204208
2024-06-11,853.9500122070312,869.5999755859375,849.25,856.0,834.4786987304688,3639409
2024-06-12,857.0,865.9000244140625,850.25,859.75,838.1343994140625,3293555
2024-06-13,863.7999877929688,880.4500122070312,858.2000122070312,874.0499877929688,852.0748291015625,4081481
2024-06-14,877.4000244140625,883.6500244140625,871.9000244140625,878.5999755859375,856.5104370117188,3033968
2024-06-18,881.0,887.9000244140625,872.7999877929688,878.7999877929688,856.7054443359375,2186628
2024-06-19,881.3499755859375,882.5499877929688,850.5999755859375,859.7999877929688,838.18310546875,4384765
2024-06-20,861.75,876.6500244140625,857.0,874.5,852.5135498046875,1952972
2024-06-21,875.0,879.7000122070312,854.0,856.0999755859375,834.576171875,2496508
2024-06-24,849.5,849.5,833.5,840.4500122070312,819.3196411132812,4054032
2024-06-25,841.0,843.5,814.2999877929688,824.6500244140625,803.9168090820312,6394175
2024-06-26,825.4500122070312,836.0,822.0999755859375,825.7000122070312,804.9404907226562,4869959
2024-06-27,826.5,830.9500122070312,811.7999877929688,816.75,796.2154541015625,6534966
2024-06-28,817.0,829.9000244140625,813.0,824.75,804.0143432617188,3751351
2024-07-01,826.0,831.75,819.5499877929688,825.4000244140625,804.6480102539062,1970264
2024-07-02,827.0,841.0,817.9500122070312,830.4000244140625,809.5222778320312,3484392
2024-07-03,833.0,842.5,828.2000122070312,841.1500244140625,820.0020141601562,1939722
2024-07-04,842.0,847.0,833.6500244140625,838.5999755859375,817.51611328125,1817264
2024-07-05,839.9500122070312,841.2999877929688,830.0499877929688,832.7999877929688,811.8619384765625,2792876
2024-07-08,832.7999877929688,839.75,828.0499877929688,835.7000122070312,814.6890869140625,1202880
2024-07-09,836.0499877929688,840.7999877929688,831.4000244140625,838.5499877929688,817.4674072265625,1237622
2024-07-10,845.0,853.0,822.9000244140625,836.7000122070312,815.6638793945312,4948598
2024-07-11,837.0,842.9000244140625,830.2999877929688,831.9500122070312,811.0333251953125,1293318
2024-07-12,837.9000244140625,837.9000244140625,819.5499877929688,821.7000122070312,801.041015625,2543048
2024-07-15,827.0,835.7000122070312,818.6500244140625,833.2999877929688,812.349365234375,1494904
2024-07-16,833.2999877929688,851.7000122070312,831.0999755859375,843.75,822.53662109375,3157792
2024-07-18,842.0,846.9500122070312,826.7000122070312,844.9000244140625,823.65771484375,4433926
2024-07-19,848.0,848.0,808.0,816.4000244140625,795.874267578125,4601334
2024-07-22,815.0499877929688,833.9000244140625,805.4500122070312,831.9000244140625,810.984619140625,3125767
2024-07-23,836.9500122070312,839.0499877929688,778.2000122070312,809.3499755859375,789.0015258789062,11426098
2024-07-24,800.0,829.4000244140625,797.0,819.4000244140625,798.7988891601562,6572592
2024-07-25,818.5499877929688,822.5,802.5499877929688,811.7000122070312,791.2924194335938,3694096
2024-07-26,817.4500122070312,843.6500244140625,814.3499755859375,829.7000122070312,808.8399047851562,5503367
2024-07-29,833.9500122070312,876.0,830.5,870.0,848.1266479492188,8358895
2024-07-30,874.6500244140625,885.4500122070312,870.0,879.9000244140625,857.7777709960938,4629527
2024-07-31,882.5499877929688,891.5499877929688,870.4000244140625,889.1500244140625,871.7489013671875,4091190
2024-08-01,890.0,901.0,867.25,873.9000244140625,856.79736328125,6040354
2024-08-02,858.0,866.25,841.4500122070312,844.4500122070312,827.9237060546875,3305561
2024-08-05,832.75,835.0499877929688,800.4000244140625,810.1500244140625,794.2949829101562,5834107
2024-08-06,828.5499877929688,844.2999877929688,817.7999877929688,820.7000122070312,804.6384887695312,5035943
2024-08-07,853.0,853.0,833.5499877929688,845.6500244140625,829.1002197265625,2323809
2024-08-08,843.5,850.5,830.5,832.5999755859375,816.3056030273438,2365759
2024-08-09,847.5999755859375,847.5999755859375,829.0,830.9000244140625,814.638916015625,1309164
2024-08-12,827.0,840.7999877929688,822.4500122070312,835.4500122070312,819.099853515625,1697136
2024-08-13,837.0,837.5,810.0499877929688,813.8499755859375,797.9224853515625,1433125
2024-08-14,817.7999877929688,823.9500122070312,809.2000122070312,821.6500244140625,805.5698852539062,2076958
2024-08-16,835.5,874.0,830.4000244140625,866.9000244140625,849.9343872070312,8826463
2024-08-19,869.0,872.6500244140625,855.2999877929688,857.2000122070312,840.4241943359375,1552098
2024-08-20,865.0,872.0,860.0,867.3499755859375,850.37548828125,1686482
2024-08-21,868.75,871.1500244140625,853.2999877929688,860.5499877929688,843.7085571289062,1781137
2024-08-22,862.5,866.5,854.0499877929688,859.25,842.4340209960938,1597012
2024-08-23,859.25,870.5999755859375,847.75,849.5,832.8748779296875,2524444
2024-08-26,857.75,857.75,841.0,848.7999877929688,832.1885375976562,1382673
2024-08-27,848.7999877929688,860.4500122070312,843.4000244140625,846.3499755859375,829.7864990234375,3312432
2024-08-28,848.0,849.5,834.0,837.0999755859375,820.7174682617188,2135655
2024-08-29,837.0999755859375,838.2999877929688,818.5,831.9000244140625,815.6193237304688,4348398
2024-08-30,834.0499877929688,849.5499877929688,834.0499877929688,845.0999755859375,828.5609741210938,4433064
2024-09-02,850.0,853.9500122070312,843.3499755859375,848.25,831.6493530273438,1639881
2024-09-03,850.0,859.25,846.1500244140625,847.5999755859375,831.0120239257812,2402444
2024-09-04,840.7000122070312,851.8499755859375,835.25,850.3499755859375,833.7081909179688,1426084
2024-09-05,853.0,854.0,840.1500244140625,841.6500244140625,825.1785278320312,942254
2024-09-06,840.0,841.0,809.5499877929688,814.25,798.3147583007812,3788122
2024-09-09,813.5499877929688,832.2999877929688,812.0499877929688,826.75,810.5701293945312,2517054
2024-09-10,830.2999877929688,836.0,820.9000244140625,829.7999877929688,813.5604248046875,2172160
2024-09-11,830.0,835.4000244140625,820.25,824.0,807.8739013671875,1543757
2024-09-12,830.0,837.0499877929688,827.2999877929688,835.9000244140625,819.541015625,1310892
2024-09-13,840.0,866.4500122070312,836.0499877929688,863.5999755859375,846.6989135742188,4679178
2024-09-16,869.0,880.7999877929688,858.5,862.0999755859375,845.228271484375,3120053
2024-09-17,862.0,865.9500122070312,854.0,860.8499755859375,844.0027465820312,1262957
2024-09-18,857.0999755859375,863.6500244140625,849.0,860.7000122070312,843.855712890625,1326773
2024-09-19,868.0,874.9000244140625,833.2999877929688,849.2999877929688,832.6787719726562,3526011
2024-09-20,854.0,881.0,853.1500244140625,877.5999755859375,860.4249267578125,4012769
2024-09-23,883.7000122070312,919.0,880.2999877929688,909.6500244140625,891.8477172851562,6822019
2024-09-24,910.9500122070312,925.9000244140625,910.2000122070312,917.0,899.0538940429688,5638566
2024-09-25,915.0,923.0,902.6500244140625,920.4000244140625,902.3873291015625,2956612
2024-09-26,920.9000244140625,928.7999877929688,905.7000122070312,924.0,905.9168701171875,4276089
2024-09-27,924.0,929.0,905.0,914.0499877929688,896.16162109375,4444599
2024-09-30,909.9500122070312,917.9000244140625,893.0499877929688,895.1500244140625,877.6314697265625,4693690
2024-10-01,896.7999877929688,916.0999755859375,895.2999877929688,913.75,895.867431640625,1899090
2024-10-03,888.5,908.0,858.7999877929688,864.8499755859375,847.9244384765625,5533806
2024-10-04,864.0,866.0499877929688,832.2999877929688,844.8499755859375,828.3157958984375,6178623
2024-10-07,848.4500122070312,853.75,815.7000122070312,825.6500244140625,809.4916381835938,4635422
2024-10-08,823.25,843.1500244140625,823.0,840.0,823.560791015625,2801195
2024-10-09,844.5,858.7999877929688,840.1500244140625,851.9500122070312,835.2769775390625,3340138
2024-10-10,860.0,878.7000122070312,854.5,860.7999877929688,843.9537353515625,4443507
2024-10-11,862.0,862.0,841.75,846.5999755859375,830.0316162109375,2156169
2024-10-14,850.0,864.7999877929688,843.7999877929688,862.9000244140625,846.0126342773438,2214137
2024-10-15,865.0,877.25,857.0499877929688,875.4500122070312,858.3170166015625,2052716
2024-10-16,879.0,887.9000244140625,865.5499877929688,884.75,867.4349975585938,3343590
2024-10-17,888.0,888.0999755859375,852.7999877929688,861.0,844.1497802734375,4342357
2024-10-18,860.9000244140625,880.3499755859375,846.75,875.1500244140625,858.0228881835938,2492488
2024-10-21,875.0499877929688,884.4000244140625,857.0999755859375,860.75,843.9047241210938,1786182
2024-10-22,858.0,859.0,812.0,815.1500244140625,799.1971435546875,4910152
2024-10-23,815.5499877929688,818.7000122070312,796.8499755859375,805.3499755859375,789.5889282226562,6343961
2024-10-24,809.5,818.0,798.0,801.4000244140625,785.7161865234375,2654323
2024-10-25,805.0,807.75,766.5999755859375,777.0,761.793701171875,3787373
2024-10-28,794.0,839.5999755859375,787.5,822.9000244140625,806.7954711914062,12404776
2024-10-29,820.0499877929688,837.9000244140625,815.0,832.4500122070312,816.1585083007812,3086644
2024-10-30,830.0,842.4500122070312,823.0,826.4000244140625,810.2269287109375,2654524
2024-10-31,828.9000244140625,829.5999755859375,814.2999877929688,819.8499755859375,803.8050537109375,2475258
2024-11-01,824.0,828.4000244140625,819.0,823.75,807.6287841796875,276864
2024-11-04,824.25,825.0,788.0499877929688,789.9000244140625,774.4412841796875,3511025
2024-11-05,790.4000244140625,800.4500122070312,773.5499877929688,799.0499877929688,783.4121704101562,3602796
2024-11-06,807.0,831.0,803.8499755859375,828.2000122070312,811.99169921875,2936349
2024-11-07,825.9500122070312,829.0,801.5499877929688,803.4000244140625,787.6771240234375,3183930
2024-11-08,804.2000122070312,808.4000244140625,783.0,786.0,770.6176147460938,2045558
2024-11-11,785.0,791.5,771.7999877929688,777.5,762.283935546875,2034527
2024-11-12,781.0,788.5,762.0999755859375,764.8499755859375,749.8814697265625,2258658
2024-11-13,762.0,769.5,743.9500122070312,748.5499877929688,733.9005126953125,4136515
2024-11-14,752.0499877929688,771.0,751.0,762.7000122070312,747.7736206054688,1985408
2024-11-18,779.9500122070312,779.9500122070312,756.0999755859375,759.5999755859375,744.7341918945312,2762739
2024-11-19,763.0499877929688,777.2000122070312,758.7999877929688,763.1500244140625,748.2147827148438,1919376
2024-11-21,766.9500122070312,781.4500122070312,744.6500244140625,773.9500122070312,758.8034057617188,4250528
2024-11-22,780.5499877929688,808.9000244140625,775.9000244140625,803.4000244140625,787.6771240234375,5603939
2024-11-25,822.0,838.9500122070312,815.3499755859375,823.2999877929688,807.1876220703125,7824936
2024-11-26,826.0,833.75,820.0,827.3499755859375,811.1583251953125,1954044
2024-11-27,825.5499877929688,829.0,818.0499877929688,823.7000122070312,807.5797729492188,2279120
2024-11-28,823.7000122070312,826.4000244140625,808.9500122070312,813.8499755859375,797.9224853515625,3511735
2024-11-29,814.2000122070312,828.6500244140625,807.2000122070312,822.9500122070312,806.844482421875,2517628
2024-12-02,828.0,852.7999877929688,822.25,849.0999755859375,832.482666015625,4392800
2024-12-03,860.0,862.0,842.4000244140625,846.9500122070312,830.374755859375,3983809
2024-12-04,853.0,853.0,840.9500122070312,847.9500122070312,831.3551635742188,1677057
2024-12-05,854.0,854.0,844.4000244140625,850.25,833.6101684570312,1991220
2024-12-06,852.9000244140625,858.4000244140625,843.0,856.8499755859375,840.0809936523438,2604765
2024-12-09,856.8499755859375,873.4000244140625,855.2000122070312,862.7000122070312,845.8165893554688,3507045
2024-12-10,865.0,871.0,860.7000122070312,868.4000244140625,851.405029296875,2333620
2024-12-11,863.0,882.6500244140625,863.0,875.75,858.6111450195312,3124962
2024-12-12,877.7999877929688,879.4500122070312,861.5499877929688,867.0999755859375,850.13037109375,1752393
2024-12-13,862.5,872.9500122070312,846.0999755859375,870.8499755859375,853.8070068359375,2141188
2024-12-16,870.8499755859375,896.5999755859375,870.8499755859375,893.2999877929688,875.817626953125,5928710
2024-12-17,885.0,894.7999877929688,870.9500122070312,872.4500122070312,855.375732421875,3979629
2024-12-18,880.0,881.3499755859375,866.9000244140625,871.4500122070312,854.3953247070312,3550474
2024-12-19,860.0,871.6500244140625,853.0,864.4000244140625,847.4832763671875,2850728
2024-12-20,863.0999755859375,869.7000122070312,824.5,830.7000122070312,814.4428100585938,2873364
2024-12-23,837.7999877929688,854.0,832.5499877929688,844.25,827.7276000976562,3024905
2024-12-24,845.4000244140625,851.9000244140625,834.2999877929688,841.7000122070312,825.2275390625,2883051
2024-12-26,840.0,844.75,831.9000244140625,838.7000122070312,822.2862548828125,1616769
2024-12-27,840.5999755859375,846.8499755859375,818.0999755859375,834.8499755859375,818.5115356445312,1052649
2024-12-30,832.0,839.8499755859375,817.0499877929688,820.7000122070312,804.6384887695312,4581041
2024-12-31,810.0,828.4500122070312,809.9000244140625,824.9000244140625,808.75634765625,1292892
2025-01-01,821.5499877929688,826.25,814.5999755859375,824.5,808.3641357421875,929268
2025-01-02,820.0,838.25,815.25,835.4000244140625,819.0508422851562,2509773
2025-01-03,834.5999755859375,839.8499755859375,824.1500244140625,828.0499877929688,811.8446655273438,2125279
2025-01-06,829.0,834.0,801.5,805.8499755859375,790.0791015625,3125197
2025-01-07,809.0,817.5,804.5,810.7999877929688,794.9321899414062,2290843
2025-01-08,808.0,811.4500122070312,794.75,802.5999755859375,786.8927001953125,2432853
2025-01-09,803.5999755859375,804.0,778.7999877929688,780.6500244140625,765.372314453125,2395731
2025-01-10,781.0,784.5,750.1500244140625,752.1500244140625,737.4301147460938,4994931
2025-01-13,743.0,747.9500122070312,707.0499877929688,710.7999877929688,696.8892822265625,6770170
2025-01-14,719.9000244140625,726.0,711.1500244140625,723.25,709.0956420898438,4474786
2025-01-15,730.0,742.0,719.8499755859375,734.7999877929688,720.4196166992188,5333750
2025-01-16,744.0,760.5,739.7999877929688,740.8499755859375,726.3511962890625,2401114
2025-01-17,735.2999877929688,753.5499877929688,735.2999877929688,749.0,734.3416748046875,2084685
2025-01-20,753.8499755859375,763.5,749.0499877929688,760.5999755859375,745.7146606445312,1627004
2025-01-21,762.0,764.3499755859375,736.5999755859375,737.9000244140625,723.458984375,2287256
2025-01-22,741.6500244140625,744.9000244140625,700.7999877929688,713.7999877929688,699.83056640625,5828129
2025-01-23,713.7999877929688,724.4000244140625,707.0,715.0499877929688,701.0560913085938,2810434
2025-01-24,718.0,720.0,691.0999755859375,695.25,681.6436157226562,3432119
2025-01-27,696.5,731.7000122070312,696.5,703.9000244140625,690.1243286132812,17509736
2025-01-28,723.0,741.7999877929688,710.25,726.75,712.527099609375,9561702
2025-01-29,730.0,748.6500244140625,725.0,745.4000244140625,730.8121948242188,3831233
2025-01-30,745.4000244140625,769.75,745.0999755859375,750.0499877929688,735.37109375,5414885
2025-01-31,751.9500122070312,754.0,737.0,745.0499877929688,730.468994140625,3386278
2025-02-01,749.0,767.4000244140625,737.0499877929688,760.6500244140625,745.763671875,2992277
2025-02-03,756.75,757.4000244140625,734.75,748.6500244140625,733.9985961914062,3009915
2025-02-04,754.7000122070312,766.4500122070312,752.5999755859375,762.2000122070312,747.2833862304688,2249829
2025-02-05,768.7999877929688,774.0,761.0,763.4000244140625,748.4598999023438,1747014
2025-02-06,791.0,793.5,760.9000244140625,764.0499877929688,749.09716796875,5368289
2025-02-07,766.5,771.3499755859375,750.0,757.4500122070312,742.6263427734375,4167198
2025-02-10,758.0,760.9500122070312,727.75,730.9500122070312,716.6449584960938,2070161
2025-02-11,729.0499877929688,730.4500122070312,702.7999877929688,709.0999755859375,695.2225341796875,3036850
2025-02-12,709.0,709.0,674.2000122070312,680.0499877929688,666.7410278320312,7283534
2025-02-13,682.0,696.0,671.1500244140625,680.6500244140625,667.329345703125,6643970
2025-02-14,685.0,694.5499877929688,660.0999755859375,673.2999877929688,660.1231689453125,3262328
2025-02-17,670.0,679.0,650.3499755859375,674.75,661.5447998046875,2808264
2025-02-18,674.75,675.2000122070312,660.6500244140625,672.0999755859375,658.9466552734375,2872673
2025-02-19,668.0,696.5,663.8499755859375,690.1500244140625,676.6434326171875,3466893
2025-02-20,689.9500122070312,698.4500122070312,683.25,694.9000244140625,681.300537109375,1903490
2025-02-21,694.0,707.5,680.5,686.25,672.8197631835938,3053379
2025-02-24,679.9500122070312,680.9500122070312,668.2000122070312,673.7000122070312,660.515380859375,2459765
2025-02-25,672.5499877929688,675.0,655.0499877929688,656.7999877929688,643.946044921875,4142697
2025-02-27,660.0,666.4000244140625,640.0,642.4000244140625,629.827880859375,3207791
2025-02-28,631.1500244140625,641.0499877929688,625.0999755859375,635.5499877929688,623.1119384765625,5887750
2025-03-03,639.9500122070312,651.0,622.0,647.2999877929688,634.6320190429688,3527932
2025-03-04,636.0,649.75,629.75,643.2999877929688,630.7102661132812,2270848
2025-03-05,640.0,663.8499755859375,639.3499755859375,661.3499755859375,648.4070434570312,2310187
2025-03-06,668.0,670.5999755859375,662.4000244140625,665.2999877929688,652.2797241210938,2348012
2025-03-07,672.0,679.2999877929688,661.7000122070312,667.0499877929688,653.9954833984375,5371744
2025-03-10,666.8499755859375,671.0,643.0,647.0999755859375,634.4359130859375,2379990
2025-03-11,641.0,674.9500122070312,636.0499877929688,674.0999755859375,660.907470703125,3958044
2025-03-12,678.9500122070312,683.0,659.1500244140625,668.7000122070312,655.6132202148438,4082620
2025-03-13,670.9500122070312,675.0499877929688,656.7000122070312,658.0999755859375,645.2206420898438,2911477
2025-03-17,661.7999877929688,662.2999877929688,651.9500122070312,655.5499877929688,642.7205200195312,1805199
2025-03-18,655.5499877929688,655.5499877929688,655.5499877929688,655.5499877929688,642.7205200195312,0
2025-03-19,677.0,698.7000122070312,675.7999877929688,697.5499877929688,683.8985595703125,3398422
2025-03-20,698.0,706.5,689.0499877929688,694.2999877929688,680.7122192382812,4635864
2025-03-21,694.9000244140625,717.5,694.2999877929688,695.9000244140625,682.2809448242188,7145524
2025-03-24,710.0499877929688,714.0,691.4000244140625,706.0,692.1832275390625,6247058
2025-03-25,710.0499877929688,713.7000122070312,691.5999755859375,695.2000122070312,681.5946044921875,2989679
2025-03-26,695.5499877929688,703.7999877929688,678.25,680.4500122070312,667.13330078125,5591317
2025-03-27,680.0,692.5499877929688,672.0,688.5,675.0256958007812,2634496
2025-03-28,693.0999755859375,695.0,678.1500244140625,680.5,667.1823120117188,2797361
2025-04-01,678.3499755859375,678.8499755859375,653.3499755859375,663.0999755859375,650.122802734375,3528179
2025-04-02,662.5,685.0,658.0499877929688,683.1500244140625,669.7803955078125,3607433
2025-04-03,677.0499877929688,691.7000122070312,675.5499877929688,680.0499877929688,666.7410278320312,1979635
2025-04-04,678.0,679.7000122070312,648.75,653.9500122070312,641.15185546875,2860941
2025-04-07,615.0,627.4500122070312,601.2000122070312,608.0499877929688,596.150146484375,4377794
2025-04-08,621.0499877929688,632.9000244140625,611.25,621.5499877929688,609.3859252929688,3688073
2025-04-09,620.0,624.3499755859375,607.0499877929688,612.8499755859375,600.856201171875,2405075
2025-04-11,625.0,632.5,618.0,623.5999755859375,611.3958129882812,2743770
2025-04-15,635.0,663.7999877929688,630.4000244140625,662.7999877929688,649.8286743164062,5255187
2025-04-16,662.7999877929688,665.6500244140625,652.0,656.25,643.4068603515625,2166202
2025-04-17,660.0,673.2000122070312,656.5,669.4000244140625,656.2994995117188,3423114
2025-04-21,690.0,690.0,667.0499877929688,675.9000244140625,662.6723022460938,3481313
2025-04-22,678.0,693.0,668.2000122070312,685.0,671.5941772460938,3717001
2025-04-23,690.0,695.9000244140625,679.2999877929688,687.7000122070312,674.2413940429688,3113518
2025-04-24,689.0,689.5499877929688,678.25,680.5,667.1823120117188,1968312
2025-04-25,681.0,685.9000244140625,648.9500122070312,653.5499877929688,640.7597045898438,4496994
2025-04-28,655.0,665.0,653.0,663.9000244140625,650.9071655273438,2545802
2025-04-29,667.2000122070312,670.9000244140625,655.3499755859375,658.8499755859375,645.9559326171875,3145915
2025-04-30,658.8499755859375,684.9000244140625,655.7000122070312,674.2999877929688,661.1035766601562,7339914
2025-05-02,675.9500122070312,692.5,672.0,685.2999877929688,671.8883666992188,3039236
2025-05-05,692.7000122070312,699.0,683.5,693.75,680.1729125976562,2634868
2025-05-06,693.75,698.5999755859375,672.0,677.1500244140625,663.8978271484375,3346141
2025-05-07,668.7000122070312,681.4000244140625,665.5499877929688,679.25,665.9567260742188,2855850
2025-05-08,679.25,687.25,647.5,655.0499877929688,642.2303466796875,2824149
2025-05-09,644.9500122070312,651.0,617.9000244140625,631.7000122070312,619.3372802734375,9789600
2025-05-12,658.0,682.4000244140625,655.0,680.5,667.1823120117188,4980754
2025-05-13,677.0499877929688,684.9000244140625,675.0,677.8499755859375,664.5841064453125,2028681
2025-05-14,681.1500244140625,699.2000122070312,677.2999877929688,688.7000122070312,675.2218017578125,4041177
2025-05-15,690.0,711.9500122070312,686.5499877929688,709.0499877929688,695.1735229492188,3545961
2025-05-16,711.0,723.2000122070312,705.0499877929688,715.9000244140625,701.8894653320312,4044539
2025-05-19,719.0,739.0,713.25,737.6500244140625,723.2138671875,5036812
2025-05-20,770.0,782.9000244140625,742.8499755859375,753.5,738.7536010742188,22921338
2025-05-21,764.5999755859375,778.5999755859375,748.4500122070312,775.1500244140625,759.9799194335938,8436181
2025-05-22,772.5999755859375,779.4000244140625,765.6500244140625,775.7999877929688,760.6171875,3524173
2025-05-23,776.0,779.0,770.1500244140625,776.5,761.3035278320312,2652923
2025-05-26,780.0,790.5,775.0,777.7999877929688,762.5780639648438,3757056
2025-05-27,778.0,783.0,770.25,774.0499877929688,758.9014282226562,4213811
2025-05-28,774.0499877929688,780.7000122070312,767.7000122070312,772.0,756.8915405273438,2474259
2025-05-29,780.0,799.4500122070312,777.2000122070312,793.75,778.2159423828125,5339086
2025-05-30,794.9000244140625,802.75,790.0,797.8499755859375,782.2356567382812,6655557
2025-06-02,797.0,814.5999755859375,789.6500244140625,810.7000122070312,794.834228515625,3575806
2025-06-03,813.9500122070312,816.75,801.0,804.5499877929688,788.8045654296875,3447783
2025-06-04,809.0,809.7999877929688,795.7000122070312,803.4000244140625,787.6771240234375,2205496
2025-06-05,807.0,830.2999877929688,805.2000122070312,825.7000122070312,809.5407104492188,5496684
2025-06-06,826.0,884.4500122070312,822.1500244140625,880.3499755859375,863.12109375,13717251
2025-06-09,886.4500122070312,886.7999877929688,874.5499877929688,878.5999755859375,861.4053344726562,3012214
2025-06-10,879.0,882.7000122070312,864.9000244140625,868.0,851.0128173828125,2393636
2025-06-11,868.0,879.7000122070312,863.0,868.5499877929688,851.5520629882812,2499361
2025-06-12,869.9000244140625,869.9000244140625,845.5999755859375,847.8499755859375,831.257080078125,2751252
2025-06-13,826.5,856.7999877929688,826.0,851.25,834.5906372070312,3951233
2025-06-16,852.25,863.0,844.0,859.0,842.18896484375,2204028
2025-06-17,860.25,882.4500122070312,849.6500244140625,851.4500122070312,834.7866821289062,5285974
2025-06-18,864.0999755859375,867.25,841.7000122070312,844.7999877929688,828.266845703125,4708094
2025-06-19,845.0,850.0,833.8499755859375,839.9000244140625,823.4627685546875,4347684
2025-06-20,840.8499755859375,858.0,837.2999877929688,854.25,837.5319213867188,4388235
2025-06-23,847.7000122070312,861.4500122070312,844.6500244140625,852.4500122070312,835.7671508789062,2520182
2025-06-24,863.0,868.7000122070312,847.5,849.5,832.8748779296875,3345722
2025-06-25,852.5,855.5999755859375,845.1500244140625,854.3499755859375,837.6299438476562,2739707
2025-06-26,853.7000122070312,855.0,834.4500122070312,847.0999755859375,830.5218505859375,5014664
2025-06-27,850.2000122070312,859.9500122070312,841.5,845.7999877929688,829.2472534179688,3690392
2025-06-30,849.0,851.3499755859375,836.0999755859375,837.7999877929688,821.40380859375,2198839
2025-07-01,845.0,851.4000244140625,836.5499877929688,843.4500122070312,826.9432983398438,3414388
2025-07-02,850.0,850.6500244140625,824.5,831.9000244140625,815.6193237304688,3762205
2025-07-03,831.9000244140625,838.7999877929688,828.0,829.7000122070312,813.46240234375,1521725
2025-07-04,830.0,840.0,826.0,836.0,819.6390380859375,1218416
2025-07-07,835.5999755859375,839.2000122070312,827.0,832.5,816.2075805664062,989754
2025-07-08,830.7999877929688,844.4000244140625,822.7999877929688,842.9000244140625,826.404052734375,2418815
2025-07-09,844.5,844.5,826.25,829.6500244140625,813.4133911132812,2367307
2025-07-10,834.0,837.3499755859375,825.5499877929688,831.5499877929688,815.2761840820312,2347785
2025-07-11,828.0,832.25,811.25,815.0999755859375,799.1480712890625,1997098
2025-07-14,817.0,832.0,815.1500244140625,826.9000244140625,810.7172241210938,3604322
2025-07-15,826.9000244140625,842.5,824.2000122070312,833.5,817.18798828125,2678446
2025-07-16,834.75,848.2000122070312,832.4500122070312,844.2999877929688,827.776611328125,2082060
2025-07-17,849.5,856.0,839.0499877929688,847.0499877929688,830.4728393554688,3537631
2025-07-18,850.0,852.5499877929688,838.5,845.2000122070312,828.6590576171875,1809369
2025-07-21,845.2000122070312,853.7999877929688,840.75,852.5999755859375,835.9141845703125,1581419
2025-07-22,855.2999877929688,856.4500122070312,839.0499877929688,845.5,828.953125,2580530
2025-07-23,846.0999755859375,849.0,828.2999877929688,841.9500122070312,825.4725952148438,3083239
2025-07-24,842.4500122070312,844.3499755859375,825.0,828.9500122070312,812.72705078125,1695817
2025-07-25,828.5999755859375,835.75,822.4000244140625,826.2999877929688,810.12890625,2916944
2025-07-28,819.0,820.4500122070312,785.0,787.2000122070312,777.4393310546875,3684452
2025-07-29,786.5,805.0,786.0999755859375,800.3499755859375,790.4262084960938,1706638
2025-07-30,799.8499755859375,802.6500244140625,786.0999755859375,788.7999877929688,779.0194702148438,1601532
2025-07-31,780.0,789.7999877929688,779.0499877929688,784.25,774.52587890625,2252239
2025-08-01,782.6500244140625,795.7999877929688,775.0,777.4000244140625,767.7608642578125,2572230
2025-08-04,780.0,796.0,774.0,792.8499755859375,783.0192260742188,1554859
2025-08-05,795.0,798.7999877929688,770.0999755859375,780.9500122070312,771.2667846679688,4368329
2025-08-06,780.9000244140625,781.75,755.0999755859375,764.5,755.020751953125,4917073
2025-08-07,759.7999877929688,763.2000122070312,746.25,759.6500244140625,750.23095703125,3898418
2025-08-08,759.2000122070312,768.5999755859375,743.1500244140625,747.2000122070312,737.935302734375,1923910
2025-08-11,747.25,768.5,742.1500244140625,764.9500122070312,755.4652099609375,2614700
2025-08-12,764.5999755859375,764.5999755859375,752.0,757.4000244140625,748.0088500976562,2771092
2025-08-13,758.5,767.2000122070312,753.5499877929688,757.6500244140625,748.2557373046875,1366582
2025-08-14,759.0,762.7000122070312,749.0,751.5499877929688,742.2313232421875,1437774
2025-08-18,766.0,777.9000244140625,759.0499877929688,768.9000244140625,759.3662109375,3501272
2025-08-19,770.0,778.0,765.0499877929688,776.0999755859375,766.4769287109375,1883917
2025-08-20,775.8499755859375,779.7000122070312,769.0499877929688,770.5,760.9463500976562,1715213
2025-08-21,771.5,783.9000244140625,770.5,773.2000122070312,763.6129150390625,1946556
2025-08-22,772.0,773.2000122070312,759.0999755859375,762.5499877929688,753.0949096679688,1302086
2025-08-25,764.4500122070312,775.8499755859375,764.0,772.0,762.4277954101562,1718841
2025-08-26,768.0,769.5999755859375,753.0,754.5999755859375,745.2434692382812,2452380
2025-08-28,754.5,757.25,743.3499755859375,749.4500122070312,740.1574096679688,2806487
2025-08-29,747.0,754.0999755859375,737.5499877929688,739.0499877929688,729.8862915039062,3054170
2025-09-01,739.5499877929688,750.0,737.0,748.2999877929688,739.0216064453125,1427328
2025-09-02,749.2000122070312,765.5,745.5499877929688,754.7999877929688,745.4410400390625,1726671
2025-09-03,757.9500122070312,765.8499755859375,754.9000244140625,764.4000244140625,754.9220581054688,1432401
2025-09-04,772.0,777.2999877929688,755.9000244140625,758.0999755859375,748.7000732421875,1949211
2025-09-05,766.2000122070312,770.9000244140625,745.5999755859375,755.5499877929688,746.1817016601562,2128432
2025-09-08,757.5,764.7000122070312,755.0,757.5,748.1075439453125,1292430
2025-09-09,757.5,759.0,746.3499755859375,751.0999755859375,741.786865234375,1667910
2025-09-10,754.0,762.4500122070312,750.0,754.2999877929688,744.9472045898438,2342062
2025-09-11,754.0,758.9500122070312,749.0,756.3499755859375,746.9718017578125,1490945
2025-09-12,759.3499755859375,764.4000244140625,754.2000122070312,758.4000244140625,748.9963989257812,1594096
2025-09-15,762.9000244140625,781.7000122070312,759.4000244140625,775.7000122070312,766.0819091796875,3676193
2025-09-16,778.0,791.3499755859375,772.7000122070312,786.75,776.994873046875,2886766
2025-09-17,789.7000122070312,794.7999877929688,782.2999877929688,786.4500122070312,776.6986083984375,2071167
2025-09-18,789.0,792.7999877929688,781.0999755859375,783.0999755859375,773.39013671875,2060110
2025-09-19,784.7999877929688,790.25,772.9500122070312,777.7000122070312,768.05712890625,4131716
2025-09-22,777.7000122070312,787.5,771.0,773.75,764.1560668945312,1647107
2025-09-23,774.0499877929688,775.7000122070312,756.0999755859375,759.4000244140625,749.9840087890625,3258299
2025-09-24,757.0,761.2000122070312,731.0,733.6500244140625,724.5532836914062,3640021
2025-09-25,732.9500122070312,736.0,718.7999877929688,721.0499877929688,712.1094970703125,4485383
2025-09-26,721.0,725.9000244140625,714.0499877929688,716.0499877929688,707.1715087890625,2092671
2025-09-29,719.9000244140625,723.0499877929688,713.5,722.1500244140625,713.1959228515625,1927913
2025-09-30,721.0999755859375,722.1500244140625,708.6500244140625,713.0,704.1593017578125,3248618
2025-10-01,713.5,725.5499877929688,712.0999755859375,722.2999877929688,713.343994140625,3535085
2025-10-03,724.4000244140625,730.5,719.2000122070312,729.2000122070312,720.158447265625,3313673
2025-10-06,730.8499755859375,736.4000244140625,722.25,735.25,726.1334228515625,1893389
2025-10-07,735.25,739.1500244140625,729.25,737.1500244140625,728.0098876953125,1940228
2025-10-08,733.5,737.1500244140625,722.4500122070312,724.9000244140625,715.9118041992188,2211742
2025-10-09,727.0,733.6500244140625,722.0,729.0,719.9609375,2025840
2025-10-10,730.8499755859375,743.4000244140625,728.0499877929688,740.2000122070312,731.0220947265625,2131129
2025-10-13,738.4000244140625,743.5499877929688,730.0,741.2000122070312,732.0097045898438,1376145
2025-10-14,743.0999755859375,746.4500122070312,736.4000244140625,740.9000244140625,731.7134399414062,1964076
2025-10-15,743.0,765.0,742.25,756.2999877929688,746.9224243164062,3280013
2025-10-16,759.0,771.4500122070312,757.5499877929688,769.7000122070312,760.1563110351562,2587449
2025-10-17,769.0,773.8499755859375,762.0,767.9500122070312,758.427978515625,3164486
2025-10-20,772.0,775.1500244140625,765.0999755859375,773.9500122070312,764.3536376953125,1256775
2025-10-21,775.0,776.7999877929688,770.0,771.75,762.1808471679688,165784
2025-10-23,776.4500122070312,782.6500244140625,772.4000244140625,774.2999877929688,764.69921875,3194015
2025-10-24,774.2999877929688,777.0,765.6500244140625,772.4500122070312,762.8721923828125,1843887
2025-10-27,774.7000122070312,785.7999877929688,774.2000122070312,779.5,769.8347778320312,1711268
2025-10-28,777.2000122070312,779.8499755859375,767.2000122070312,774.0499877929688,764.4523315429688,1775002
2025-10-29,774.0999755859375,786.5,772.0499877929688,778.7000122070312,769.0447387695312,2757524
2025-10-30,781.7999877929688,784.6500244140625,771.1500244140625,776.5499877929688,766.9213256835938,1835761
2025-10-31,757.0,780.9500122070312,754.0999755859375,756.25,746.873046875,3438729
2025-11-03,755.0,784.5,752.3499755859375,777.2000122070312,767.5632934570312,3774129
2025-11-04,777.2000122070312,784.0,771.2000122070312,774.5999755859375,764.9954833984375,3229495
2025-11-06,770.0,773.5,756.5,758.3499755859375,748.947021484375,2753925
2025-11-07,753.5999755859375,761.6500244140625,745.0,759.4500122070312,750.0333862304688,1968749
2025-11-10,759.4500122070312,768.25,756.5,760.0,750.5765380859375,1418071
2025-11-11,762.5,766.2999877929688,752.4500122070312,765.25,755.761474609375,1497577
2025-11-12,767.4000244140625,771.1500244140625,760.0,761.2000122070312,751.76171875,2364484
2025-11-13,763.0,773.9000244140625,762.7999877929688,764.7999877929688,755.3170166015625,2212671
2025-11-14,766.0,767.4000244140625,757.4000244140625,764.8499755859375,755.3663940429688,1171600
2025-11-17,768.0,772.7999877929688,764.9500122070312,768.5,758.97119140625,1312234
2025-11-18,769.8499755859375,769.8499755859375,748.2999877929688,750.3499755859375,741.0462036132812,1247505
2025-11-19,750.3499755859375,750.8499755859375,738.5999755859375,743.6500244140625,734.4293212890625,2600689
2025-11-20,743.6500244140625,745.9000244140625,738.5999755859375,741.0999755859375,731.910888671875,1529401
2025-11-21,739.7999877929688,739.8499755859375,721.2000122070312,725.3499755859375,716.356201171875,3588983
2025-11-24,725.3499755859375,727.2999877929688,715.2999877929688,717.7000122070312,708.8010864257812,4800336
2025-11-25,718.2000122070312,726.0499877929688,715.25,721.2999877929688,712.3563842773438,2298762
2025-11-26,724.2999877929688,733.9000244140625,720.25,730.75,721.6892700195312,1965769
2025-11-27,732.0,734.0,723.5,725.4000244140625,716.4055786132812,1086614
2025-11-28,724.0,730.2000122070312,721.7000122070312,723.5999755859375,714.6278686523438,1444662
2025-12-01,727.0999755859375,728.9000244140625,709.7000122070312,712.5,703.66552734375,2400147
2025-12-02,712.5,716.7000122070312,709.3499755859375,712.2000122070312,703.3692626953125,2424169
2025-12-03,714.4500122070312,715.6500244140625,705.9500122070312,708.0,699.2213134765625,1396559
2025-12-04,706.5999755859375,713.8499755859375,705.1500244140625,709.3499755859375,700.5545654296875,2869711
2025-12-05,708.0,725.25,707.1500244140625,719.75,710.8256225585938,2301587
2025-12-08,719.75,720.0499877929688,685.0499877929688,687.4500122070312,678.9261474609375,3505750
2025-12-09,684.5,699.0,679.5,690.0499877929688,681.493896484375,3060901
2025-12-10,690.0499877929688,698.0,683.1500244140625,684.7999877929688,676.3089599609375,2350392
2025-12-11,685.0,695.7000122070312,680.1500244140625,693.6500244140625,685.0492553710938,1705673
2025-12-12,697.0,705.0,691.7000122070312,699.4000244140625,690.7279663085938,2447290
2025-12-15,695.0,698.7999877929688,690.2999877929688,697.9000244140625,689.24658203125,1519781
2025-12-16,697.0,697.0,689.0,691.9500122070312,683.370361328125,1299419
2025-12-17,690.0,691.9000244140625,680.0499877929688,683.0999755859375,674.6300659179688,1751896
2025-12-18,681.0999755859375,686.5,672.0,679.0499877929688,670.6302490234375,1597174
2025-12-19,679.2000122070312,694.6500244140625,679.2000122070312,691.2000122070312,682.629638671875,1311420
2025-12-22,695.0,696.0,690.25,692.0499877929688,683.4690551757812,1007869
2025-12-23,692.0999755859375,699.0,688.3499755859375,694.25,685.641845703125,1843580
2025-12-24,693.0999755859375,703.9500122070312,692.3499755859375,694.9000244140625,686.2837524414062,2407071
2025-12-26,692.8499755859375,696.5499877929688,689.0499877929688,695.0,686.3825073242188,1226524
2025-12-29,695.0999755859375,697.5,686.2999877929688,688.75,680.2100219726562,1236240
2025-12-30,685.5499877929688,686.7000122070312,676.2000122070312,680.6500244140625,672.21044921875,1717351
2025-12-31,680.6500244140625,692.5499877929688,680.0999755859375,687.4000244140625,678.8767700195312,1781196
2026-01-01,690.2000122070312,693.8499755859375,681.9500122070312,691.4000244140625,682.8271484375,1564403
2026-01-02,692.6500244140625,707.4500122070312,692.6500244140625,698.2000122070312,689.5428466796875,4064871
2026-01-05,702.0,713.7999877929688,696.4500122070312,711.3499755859375,702.52978515625,4016984
2026-01-06,715.0,715.0,702.75,706.2999877929688,697.5424194335938,2417169
2026-01-07,705.0,706.0,693.0,703.25,694.5302124023438,2701653
2026-01-08,703.1500244140625,713.75,690.0,692.4000244140625,683.8147583007812,3614003
2026-01-09,692.5999755859375,693.75,666.5999755859375,670.9000244140625,662.5813598632812,3796350
2026-01-12,668.0,668.0,648.75,659.6500244140625,651.4708251953125,4901801
2026-01-13,660.0,665.25,641.0499877929688,652.4000244140625,644.3107299804688,8029667
2026-01-14,652.0,654.4500122070312,642.2999877929688,651.0499877929688,642.9774780273438,7138253
2026-01-15,651.0499877929688,651.0499877929688,651.0499877929688,651.0499877929688,642.9774780273438,0
2026-01-16,654.5,666.2000122070312,646.0499877929688,649.8499755859375,641.7922973632812,5189752
2026-01-19,649.0,651.8499755859375,636.6500244140625,641.8499755859375,633.8915405273438,2279973
2026-01-20,640.0,640.8499755859375,608.8499755859375,612.9000244140625,605.300537109375,7084565
2026-01-21,615.0,622.9000244140625,607.5,617.6500244140625,609.9916381835938,5619055
2026-01-22,625.2999877929688,625.5499877929688,607.0999755859375,613.2999877929688,605.6954956054688,7416397
2026-01-23,620.0,622.0,586.6500244140625,588.4500122070312,581.1536865234375,10792256
2026-01-27,596.0,611.2999877929688,589.25,609.5499877929688,601.9920043945312,9013655
2026-01-28,610.0,627.4000244140625,606.0499877929688,625.5499877929688,617.7936401367188,6678297
2026-01-29,627.0,641.75,624.9000244140625,638.5499877929688,630.6324462890625,4990065
2026-01-30,633.0999755859375,638.9000244140625,627.0,635.75,627.8671875,3937443
2026-02-02,614.0,628.5499877929688,610.0499877929688,626.2999877929688,618.5343627929688,2411331
2026-02-03,670.0499877929688,674.4000244140625,645.8499755859375,650.4000244140625,642.3355712890625,5722963
2026-02-04,652.2000122070312,662.5499877929688,637.1500244140625,659.8499755859375,651.6683349609375,2438362
2026-02-05,660.0,663.25,647.6500244140625,661.2999877929688,653.100341796875,2184966
2026-02-06,660.8499755859375,665.6500244140625,649.2999877929688,663.75,655.52001953125,2687146
2026-02-09,668.0999755859375,673.7999877929688,666.4500122070312,671.1500244140625,662.8282470703125,1727533
2026-02-10,673.0,676.5999755859375,667.0,671.7999877929688,663.4701538085938,2932204
2026-02-11,674.4000244140625,674.4000244140625,662.0499877929688,672.0499877929688,663.717041015625,2011690
2026-02-12,670.0999755859375,670.25,650.0999755859375,651.7999877929688,643.7181396484375,3109096
2026-02-13,641.5999755859375,641.5999755859375,623.5499877929688,626.4000244140625,618.6331176757812,4838136
2026-02-16,625.3499755859375,645.2999877929688,622.0,643.7999877929688,635.8173217773438,2231253
2026-02-17,643.0,643.2999877929688,635.7000122070312,639.0499877929688,631.126220703125,1136224
2026-02-18,639.0499877929688,645.3499755859375,632.3499755859375,642.4500122070312,634.484130859375,908272
2026-02-19,642.4500122070312,644.4500122070312,617.4000244140625,620.5,612.8062744140625,2131815
2026-02-20,620.0,630.5999755859375,616.0,629.2999877929688,621.4971313476562,3422127
2026-02-23,632.5,634.0,622.8499755859375,626.2999877929688,618.5343627929688,1932609
2026-02-24,623.1500244140625,624.2999877929688,608.25,611.6500244140625,604.0660400390625,2835264
2026-02-25,617.0,623.8499755859375,607.4500122070312,611.2000122070312,603.62158203125,3522834
2026-02-26,614.0,616.4500122070312,605.0999755859375,610.7999877929688,603.2265014648438,2671861
2026-02-27,610.0,613.0499877929688,600.9000244140625,603.8499755859375,596.3626708984375,4023729
2026-03-02,580.0,594.1500244140625,577.25,590.2000122070312,582.8819580078125,4242819
2026-03-04,578.25,578.75,562.75,569.0499877929688,561.9942016601562,14902221
2026-03-05,571.4500122070312,589.3499755859375,571.4500122070312,585.1500244140625,577.8945922851562,7827655
2026-03-06,584.5999755859375,584.8499755859375,574.8499755859375,577.5499877929688,570.3887939453125,5424431
2026-03-09,566.0,577.4000244140625,553.5499877929688,574.9500122070312,567.821044921875,4442106
2026-03-10,580.2000122070312,587.0,575.25,584.5499877929688,577.302001953125,4701725
2026-03-11,585.2999877929688,595.0,571.6500244140625,573.2000122070312,566.0927734375,3717062
2026-03-12,568.4000244140625,571.75,555.5499877929688,558.0999755859375,551.179931640625,3176429
2026-03-13,557.25,558.9000244140625,540.4500122070312,542.75,536.0203247070312,5007908
2026-03-16,543.0,545.7000122070312,524.5999755859375,530.3499755859375,523.7740478515625,6921559
2026-03-17,531.25,550.5499877929688,529.7000122070312,547.7999877929688,541.0076904296875,5442204
2026-03-18,549.0,570.75,546.0,563.0999755859375,556.1179809570312,4832205
2026-03-19,552.0,552.0,539.0499877929688,542.25,535.5264892578125,3598745
2026-03-20,549.0,558.0,538.8499755859375,540.75,534.0451049804688,4266475
2026-03-23,534.0,534.0,512.0499877929688,514.75,508.36749267578125,4277345
2026-03-24,524.0,531.25,516.0,521.0,514.5399780273438,5334313
2026-03-25,526.9000244140625,541.8499755859375,525.75,534.3499755859375,527.7244262695312,5993288
2026-03-27,527.0,530.75,520.0,523.0,516.5151977539062,7748625
2026-03-30,518.0,522.4000244140625,502.1000061035156,504.1000061035156,497.84954833984375,6410832
2026-04-01,519.9500122070312,524.5499877929688,507.0,509.75,503.4294738769531,6453918
2026-04-02,501.0,524.4500122070312,489.3999938964844,522.25,515.7744750976562,7852289
2026-04-06,521.7000122070312,531.4500122070312,513.5999755859375,529.2000122070312,522.6383056640625,5046388
2026-04-07,525.0,538.3499755859375,518.2999877929688,534.0999755859375,527.4775390625,6261020
2026-04-08,555.0,574.8499755859375,555.0,572.8499755859375,565.7470703125,14722143
2026-04-09,570.0,572.4000244140625,560.0499877929688,562.9500122070312,555.9698486328125,4323997
2026-04-10,569.9500122070312,576.0,564.2000122070312,569.5999755859375,562.537353515625,6281265
2026-04-13,553.0,571.0499877929688,546.0,568.4000244140625,561.352294921875,4218013
2026-04-15,578.2000122070312,590.4500122070312,575.7000122070312,587.4500122070312,580.1660766601562,6111306
2026-04-16,592.0,597.8499755859375,581.6500244140625,589.7000122070312,582.38818359375,4368390
2026-04-17,590.7999877929688,604.8499755859375,586.25,601.75,594.2887573242188,4107527
2026-04-20,602.0,604.6500244140625,590.3499755859375,596.4000244140625,589.005126953125,3259425
2026-04-21,595.6500244140625,609.7999877929688,595.6500244140625,607.5499877929688,600.016845703125,4113329
2026-04-22,607.2000122070312,614.7999877929688,605.4500122070312,610.6500244140625,603.0784301757812,3636503
2026-04-23,604.0,605.25,591.0,592.7999877929688,585.44970703125,3196418
2026-04-24,591.0999755859375,595.5,583.0499877929688,587.0499877929688,579.77099609375,2012903
2026-04-27,592.9000244140625,599.7999877929688,590.2999877929688,592.4500122070312,585.1040649414062,1919223
2026-04-28,594.0,595.7000122070312,586.4500122070312,587.9000244140625,580.6104736328125,2274236
2026-04-29,589.7999877929688,605.9000244140625,589.3499755859375,594.4500122070312,587.0792846679688,2775100
2026-04-30,590.0,591.9000244140625,579.7999877929688,587.0,579.7216186523438,3576402
2026-05-01,587.0,587.0,587.0,587.0,579.7216186523438,0
2026-05-04,592.7999877929688,608.7000122070312,592.0499877929688,607.2000122070312,599.6712036132812,4087011
2026-05-05,607.7000122070312,611.9000244140625,595.0999755859375,597.2999877929688,589.8939208984375,3543975
2026-05-06,600.0499877929688,611.7999877929688,594.4500122070312,609.5999755859375,602.0413818359375,2570866
2026-05-07,615.0,620.0,607.75,618.8499755859375,611.1766967773438,3487352
2026-05-08,617.0999755859375,619.9500122070312,606.0,608.25,600.7081298828125,3094759
2026-05-11,600.0,600.0,588.5999755859375,590.25,582.9313354492188,2077435
2026-05-12,586.9000244140625,590.5999755859375,566.2999877929688,569.2000122070312,562.142333984375,5767697
2026-05-13,568.75,581.2000122070312,567.1500244140625,574.1500244140625,567.031005859375,3004699
2026-05-14,572.0999755859375,588.4500122070312,553.7999877929688,583.25,576.0181274414062,6135572
2026-05-15,586.5499877929688,587.8499755859375,564.0999755859375,566.75,559.7227172851562,3229504
2026-05-18,560.75,575.0,554.0,573.1500244140625,566.0433959960938,3510805
2026-05-19,574.4500122070312,585.4000244140625,571.5,577.4000244140625,570.24072265625,4100328
2026-05-20,570.1500244140625,584.7000122070312,565.2000122070312,583.2999877929688,576.0675048828125,2939738
2026-05-21,589.7999877929688,591.9000244140625,582.8499755859375,587.9500122070312,580.6598510742188,2819385
2026-05-22,588.9000244140625,594.0,584.0999755859375,586.7000122070312,579.4253540039062,1895533
2026-05-25,592.0,596.4000244140625,589.1500244140625,592.2999877929688,584.9559326171875,2007544
2026-05-26,592.1500244140625,596.75,587.0999755859375,589.7999877929688,582.4868774414062,2572405
2026-05-27,590.0499877929688,600.6500244140625,590.0499877929688,593.9000244140625,586.5361328125,1918632
2026-05-28,593.9000244140625,593.9000244140625,593.9000244140625,593.9000244140625,586.5361328125,0
2026-05-29,595.0,607.9000244140625,586.5499877929688,590.5999755859375,583.2769775390625,16165925
2026-06-01,595.0,601.9000244140625,577.75,580.0499877929688,572.8577880859375,2942650
2026-06-02,576.2999877929688,595.7999877929688,572.0,591.8499755859375,584.511474609375,4592067
2026-06-03,590.0999755859375,591.1500244140625,573.5499877929688,581.5499877929688,574.3391723632812,3682605
2026-06-04,577.0,581.6500244140625,573.1500244140625,577.7999877929688,570.6356811523438,5027572
2026-06-05,581.4000244140625,588.0,574.0999755859375,577.7000122070312,570.5369873046875,3387619
2026-06-08,571.0,574.25,557.5,561.2999877929688,554.3402709960938,3320761
2026-06-09,564.0,577.0999755859375,563.0,575.1500244140625,568.0186157226562,2432848
2026-06-10,573.0,577.6500244140625,560.5999755859375,563.2000122070312,556.2167358398438,1260168
2026-06-11,560.9000244140625,565.7999877929688,555.5,563.0,556.0192260742188,1602495
2026-06-12,571.0,589.2000122070312,565.5499877929688,587.0499877929688,579.77099609375,4184509
2026-06-15,601.0,620.2999877929688,598.2999877929688,614.4500122070312,606.831298828125,9305171
2026-06-16,618.0,632.0,611.7000122070312,629.2999877929688,621.4971313476562,5391666
2026-06-17,633.0499877929688,633.75,618.2000122070312,623.5499877929688,615.8184204101562,4073230
2026-06-18,623.5499877929688,644.0,623.0,640.7000122070312,632.7557983398438,9821046
2026-06-19,639.0,639.0,619.6500244140625,624.5,616.7566528320312,4202998
2026-06-22,627.4000244140625,631.7999877929688,625.0999755859375,627.5999755859375,619.8181762695312,2667900
2026-06-23,626.9500122070312,636.4000244140625,610.0499877929688,612.3499755859375,604.7572631835938,3687207
2026-06-24,611.7999877929688,622.6500244140625,609.4000244140625,618.1500244140625,610.4854125976562,3632508
2026-06-25,622.0,631.75,620.0,621.3499755859375,613.6456909179688,3891469
2026-06-26,621.3499755859375,621.3499755859375,621.3499755859375,621.3499755859375,613.6456909179688,0
2026-06-29,622.0,628.5999755859375,611.4000244140625,614.75,607.1275634765625,3087847
2026-06-30,614.2999877929688,625.5,608.6500244140625,620.0499877929688,612.36181640625,3349530
2026-07-01,620.4500122070312,650.6500244140625,618.0,648.7000122070312,640.6566162109375,4916575
2026-07-02,649.0499877929688,660.3499755859375,647.4500122070312,658.2000122070312,650.038818359375,5464836
2026-07-03,661.2000122070312,678.0,656.5999755859375,675.9000244140625,667.5193481445312,6688508
2026-07-06,677.25,684.2000122070312,670.0999755859375,673.2999877929688,664.9515991210938,6412614
2026-07-07,673.2999877929688,673.2999877929688,649.9000244140625,651.0999755859375,643.0267944335938,5693740
2026-07-08,647.0,664.8499755859375,630.75,634.0,626.1388549804688,4900333
2026-07-09,637.1500244140625,666.0,635.0,659.5999755859375,651.4214477539062,6397185
2026-07-10,670.0,692.0,654.5499877929688,685.75,677.2471923828125,11338298
2026-07-13,679.5499877929688,690.25,673.3499755859375,682.3499755859375,673.8893432617188,6977830
2026-07-14,678.0,681.5999755859375,665.4000244140625,671.4500122070312,663.12451171875,2589578
2026-07-15,671.5,681.4000244140625,655.4500122070312,657.75,649.5943603515625,5657410
2026-07-16,661.0,661.4500122070312,646.7000122070312,648.0999755859375,640.0640258789062,6440702
2026-07-17,649.0,677.0,647.0999755859375,667.7999877929688,659.519775390625,9526166
2026-07-20,665.0,669.7999877929688,654.1500244140625,668.5999755859375,660.309814453125,2754612
2026-07-21,669.0,675.2999877929688,665.2999877929688,673.6500244140625,665.2972412109375,2830486
2026-07-22,670.0,671.25,648.5999755859375,651.5,643.421875,3637181
2026-07-23,650.0,657.6500244140625,638.4000244140625,642.2000122070312,634.2371826171875,2439150
2026-07-24,639.1500244140625,648.6500244140625,630.5999755859375,645.2000122070312,637.2000122070312,2002254
2026-07-27,647.0999755859375,651.9500122070312,641.9000244140625,650.9000244140625,650.9000244140625,2658172
2026-07-28,650.4000244140625,666.5999755859375,648.0,663.0499877929688,663.0499877929688,6018410
2026-07-29,668.0,672.0,662.4500122070312,670.25,670.25,4053062
2026-07-30,669.75,669.75,652.0499877929688,654.8499755859375,654.8499755859375,2324048
2026-07-31,658.0,661.9500122070312,656.25,659.2999877929688,659.2999877929688,1436219
2026-08-03,668.25,670.9000244140625,660.5999755859375,668.5499877929688,668.5499877929688,1660676
2026-08-04,654.7999877929688,659.7999877929688,643.4000244140625,643.4000244140625,643.4000244140625,7016514
2026-08-05,651.1500244140625,665.7999877929688,649.0,649.0999755859375,649.0999755859375,4904292
2026-08-06,652.6500244140625,656.0999755859375,636.2999877929688,642.0,642.0,4883685
2026-08-07,635.0499877929688,649.9000244140625,635.0499877929688,642.0,642.0,2466390
2026-08-10,642.0,660.9000244140625,639.2999877929688,660.0,660.0,3031205
2026-08-11,658.0,662.0,648.2000122070312,650.0999755859375,650.0999755859375,2776692
2026-08-12,653.0,661.75,644.5499877929688,661.75,661.75,2681958
2026-08-13,661.2000122070312,667.7999877929688,656.6500244140625,664.0,664.0,2637351
2026-08-14,664.0,669.8499755859375,659.5999755859375,665.0,665.0,1527565
2026-08-17,666.7000122070312,674.9000244140625,659.5,671.0,671.0,3046267
2026-08-18,672.0,682.5,658.25,665.75,665.75,6099954
2026-08-19,666.0,674.6500244140625,658.2999877929688,669.9000244140625,669.9000244140625,2895273
2026-08-20,674.0,682.4500122070312,671.9500122070312,676.1500244140625,676.1500244140625,2371022
2026-08-21,677.2000122070312,684.4500122070312,675.25,678.0999755859375,678.0999755859375,2480650
2026-08-24,678.0999755859375,689.0,678.0999755859375,689.0,689.0,5098239
2026-08-25,688.0,688.2000122070312,678.2999877929688,682.9500122070312,682.9500122070312,2158853
2026-08-26,688.0,690.4000244140625,672.5,672.5,672.5,2143983
2026-08-27,679.0,687.5,673.5499877929688,676.1500244140625,676.1500244140625,1765924
2026-08-28,680.0,682.9500122070312,672.5,679.7999877929688,679.7999877929688,1060004
2026-08-31,676.1500244140625,691.0499877929688,664.0,691.0499877929688,691.0499877929688,3152072
2026-09-01,672.5999755859375,676.0,665.9500122070312,675.1500244140625,675.1500244140625,3403562
2026-09-02,666.0,673.5499877929688,651.2999877929688,673.5499877929688,673.5499877929688,3578778
2026-09-03,671.0,689.3499755859375,671.0,681.6500244140625,681.6500244140625,3400599
2026-09-04,681.6500244140625,689.75,680.7999877929688,681.9000244140625,681.9000244140625,1911967
2026-09-07,685.0,685.0,672.7000122070312,672.7000122070312,672.7000122070312,1252534
2026-09-08,672.4000244140625,676.4000244140625,665.0,675.0999755859375,675.0999755859375,2425538
2026-09-09,670.2000122070312,672.0999755859375,654.7000122070312,655.0999755859375,655.0999755859375,17000327
2026-09-10,653.5999755859375,662.4000244140625,651.9000244140625,655.8499755859375,655.8499755859375,2509591
2026-09-11,650.0,651.4000244140625,630.0,644.5,644.5,4502321
2026-09-14,644.5,644.5,644.5,644.5,644.5,0
2026-09-15,644.5,647.1500244140625,620.8499755859375,620.8499755859375,620.8499755859375,3668098
2026-09-16,620.8499755859375,628.2999877929688,611.5,622.7999877929688,622.7999877929688,2223983
2026-09-17,623.0499877929688,644.5499877929688,622.0,640.0,640.0,2478290
2026-09-18,640.0,653.7000122070312,640.0,644.3499755859375,644.3499755859375,2890331
2026-09-21,645.0999755859375,660.9500122070312,644.0,660.25,660.25,3148346
2026-09-22,662.0,671.9000244140625,659.0499877929688,669.5,669.5,5186082
2026-09-23,669.0,681.0,668.0,675.0,675.0,2425745
2026-09-24,666.75,681.0,666.5499877929688,670.4000244140625,670.4000244140625,5074007
2026-09-25,671.2000122070312,683.5999755859375,670.5999755859375,683.0,683.0,3573018
2026-09-28,680.0,680.0,663.5499877929688,663.5499877929688,663.5499877929688,2765032
2026-09-29,660.5,675.0,653.0,653.0,653.0,4736174
2026-09-30,665.0499877929688,674.0,653.0,674.0,674.0,5830044
