date,open,high,low,close,adj_close,volume
2015-01-01,759.2999877929688,761.9000244140625,754.1500244140625,758.4500122070312,626.7965698242188,372132
2015-01-02,757.0,766.0,752.6500244140625,755.9500122070312,624.73046875,1207322
2015-01-05,759.75,761.9000244140625,755.0999755859375,760.2999877929688,628.3253784179688,849252
2015-01-06,767.0,779.9000244140625,755.4000244140625,774.7000122070312,640.2257690429688,2738679
2015-01-07,779.0,806.7999877929688,779.0,801.9000244140625,662.7041625976562,3744143
2015-01-08,803.9000244140625,825.0,803.1500244140625,817.0499877929688,675.2245483398438,3076833
2015-01-09,818.5,868.4000244140625,817.0499877929688,864.5999755859375,714.5206298828125,3825060
2015-01-12,867.5,899.7999877929688,864.25,896.5999755859375,740.9659423828125,4338065
2015-01-13,899.9500122070312,908.6500244140625,876.4000244140625,884.5499877929688,731.0076293945312,3371700
2015-01-14,888.7999877929688,934.5,886.0,924.0499877929688,763.6511840820312,4578199
2015-01-15,934.9500122070312,937.4000244140625,909.7000122070312,921.5499877929688,761.5851440429688,3534537
2015-01-16,928.0,947.0,925.0,941.0499877929688,777.7001342773438,2021113
2015-01-19,946.2999877929688,947.4000244140625,886.0499877929688,892.5499877929688,737.6190795898438,7705398
2015-01-20,889.9000244140625,903.0,877.75,895.4500122070312,740.0157470703125,4355821
2015-01-21,897.0,948.4000244140625,888.5,941.9500122070312,778.4441528320312,4103989
2015-01-22,944.0,961.2999877929688,931.2999877929688,944.6500244140625,780.6754150390625,3585572
2015-01-23,947.0,968.8499755859375,944.6500244140625,965.2999877929688,797.740966796875,2450001
2015-01-27,962.0999755859375,967.9000244140625,936.5999755859375,941.9500122070312,778.4441528320312,3274894
2015-01-28,938.0,940.7999877929688,928.1500244140625,933.8499755859375,771.7499389648438,2246526
2015-01-29,931.0,948.0,926.4000244140625,941.5999755859375,778.1548461914062,3421454
2015-01-30,941.0,941.0,927.7999877929688,932.5499877929688,770.6757202148438,1562161
2015-02-02,926.3499755859375,929.9500122070312,904.7999877929688,908.0,750.38720703125,1822825
2015-02-03,910.2000122070312,930.8499755859375,908.0,910.8499755859375,752.7424926757812,1544881
2015-02-04,910.9000244140625,919.7999877929688,895.0999755859375,899.9000244140625,743.6932373046875,1181845
2015-02-05,907.2999877929688,919.7999877929688,901.2000122070312,909.0499877929688,751.2548828125,1711139
2015-02-06,906.0,915.8499755859375,899.4000244140625,905.75,748.5277099609375,717674
2015-02-09,905.75,914.5999755859375,895.9000244140625,900.1500244140625,743.8998413085938,860239
2015-02-10,895.0,907.5,885.4000244140625,887.75,733.652099609375,1058750
2015-02-11,890.3499755859375,902.9500122070312,884.5999755859375,900.2999877929688,744.0238647460938,897359
2015-02-12,905.0,910.7999877929688,885.2999877929688,887.7999877929688,733.6935424804688,1121008
2015-02-13,892.4000244140625,898.7999877929688,885.2000122070312,892.7999877929688,737.8256225585938,1344229
2015-02-16,886.3499755859375,920.0,886.3499755859375,907.0,749.5607299804688,1635273
2015-02-18,902.0,923.3499755859375,902.0,912.9000244140625,754.4365844726562,2178775
2015-02-19,919.9500122070312,922.7999877929688,895.0,908.1500244140625,750.51123046875,1034454
2015-02-20,905.5,909.7000122070312,899.0,900.25,743.9825439453125,623253
2015-02-23,903.0,913.8499755859375,883.0499877929688,886.1500244140625,732.3300170898438,1054383
2015-02-24,889.0,915.5999755859375,887.0,913.7000122070312,755.0977172851562,2100402
2015-02-25,916.5,917.5,894.0,901.9000244140625,745.345947265625,1141174
2015-02-26,905.7000122070312,905.7000122070312,883.7999877929688,886.4000244140625,732.5366821289062,1194401
2015-02-27,889.7999877929688,893.0,880.4000244140625,887.1500244140625,733.156494140625,1906598
2015-03-02,914.0,939.9500122070312,906.0999755859375,935.6500244140625,773.2376708984375,2792110
2015-03-03,939.9000244140625,939.9000244140625,923.25,929.7000122070312,768.3206176757812,1510436
2015-03-04,931.0999755859375,945.2999877929688,913.0,916.0999755859375,757.0810546875,1202376
2015-03-05,913.4500122070312,946.3499755859375,913.4500122070312,939.7000122070312,776.5846557617188,2301603
2015-03-09,936.0,981.0,931.0,976.0,806.5834350585938,3529726
2015-03-10,978.2999877929688,978.6500244140625,951.0499877929688,957.1500244140625,791.005615234375,1323330
2015-03-11,957.1500244140625,978.9000244140625,949.4500122070312,968.9000244140625,800.7159423828125,1742798
2015-03-12,968.0,972.7999877929688,955.5999755859375,960.5499877929688,793.8154296875,1358419
2015-03-13,963.7000122070312,964.9000244140625,938.9500122070312,941.7000122070312,778.2376098632812,1466001
2015-03-16,939.4500122070312,957.25,902.5,931.75,770.0146484375,1244490
2015-03-17,934.9500122070312,946.7999877929688,921.4000244140625,931.7999877929688,770.0559692382812,1239535
2015-03-18,932.4000244140625,937.25,911.5,922.0999755859375,762.0396118164062,1436285
2015-03-19,931.0,940.7999877929688,916.6500244140625,922.6500244140625,762.4942016601562,1249067
2015-03-20,922.0,922.0,892.0,895.75,740.2636108398438,1854369
2015-03-23,899.7000122070312,910.0,892.3499755859375,902.4000244140625,745.7592163085938,989354
2015-03-24,896.2000122070312,901.1500244140625,885.3499755859375,887.2000122070312,733.1976318359375,1288989
2015-03-25,889.75,897.5999755859375,883.0,886.4000244140625,732.5366821289062,2848966
2015-03-26,884.8499755859375,885.0,858.2000122070312,865.9000244140625,715.5948486328125,2570353
2015-03-27,870.5,870.9000244140625,848.9500122070312,851.2999877929688,703.5294189453125,2023538
2015-03-30,857.9500122070312,871.0,852.0,862.0499877929688,712.4130249023438,1415143
2015-03-31,862.9500122070312,884.0,858.0,873.5499877929688,721.9171142578125,1503993
2015-04-01,873.5,885.7999877929688,871.5,883.5,730.1399536132812,865861
2015-04-06,883.6500244140625,910.7999877929688,882.5,907.9500122070312,750.3457641601562,1482378
2015-04-07,911.3499755859375,919.0499877929688,897.5999755859375,913.4500122070312,754.8911743164062,1212932
2015-04-08,914.9000244140625,921.6500244140625,909.4000244140625,912.5499877929688,754.1473388671875,1296825
2015-04-09,913.9000244140625,932.0,913.5999755859375,926.4500122070312,765.6346435546875,1237632
2015-04-10,929.9000244140625,935.7999877929688,916.3499755859375,933.7999877929688,771.708740234375,1161659
2015-04-13,931.3499755859375,950.9500122070312,928.0,949.1500244140625,784.3944091796875,1374251
2015-04-15,942.9000244140625,948.9500122070312,933.0,934.7000122070312,772.4526977539062,924855
2015-04-16,932.5,937.7999877929688,918.0999755859375,933.0999755859375,771.1301879882812,1071747
2015-04-17,936.7000122070312,944.2000122070312,928.8499755859375,937.6500244140625,774.890380859375,764984
2015-04-20,938.4000244140625,940.75,905.5999755859375,913.4500122070312,754.8911743164062,879556
2015-04-21,914.0499877929688,919.8499755859375,870.3499755859375,873.0999755859375,721.5452880859375,2535704
2015-04-22,887.4500122070312,913.0,875.0,907.1500244140625,749.684814453125,2106687
2015-04-23,911.0,922.0,892.7999877929688,902.6500244140625,745.9658813476562,1027886
2015-04-24,903.9500122070312,903.9500122070312,873.75,889.5,735.0985107421875,1122637
2015-04-27,885.0,901.7999877929688,860.25,866.6500244140625,716.2147216796875,945769
2015-04-28,863.3499755859375,873.9000244140625,851.5,860.5999755859375,711.2151489257812,1844291
2015-04-29,860.4000244140625,875.0,852.1500244140625,857.7000122070312,708.8184814453125,1323821
2015-04-30,857.25,859.4500122070312,832.2000122070312,850.3499755859375,702.7442016601562,3001302
2015-05-04,860.0,865.7000122070312,844.1500244140625,861.75,712.1653442382812,558193
2015-05-05,858.0,883.4000244140625,854.0,879.0499877929688,726.4623413085938,1663346
2015-05-06,879.0,879.0,850.0999755859375,858.2000122070312,709.2316284179688,1989322
2015-05-07,860.0,871.75,853.7000122070312,866.25,715.8842163085938,982642
2015-05-08,875.7000122070312,907.0499877929688,854.5,895.2000122070312,739.8091430664062,5244650
2015-05-11,899.7999877929688,901.0,862.2000122070312,864.7000122070312,714.603271484375,2712131
2015-05-12,867.0,873.5499877929688,841.6500244140625,843.9500122070312,697.4552612304688,1837756
2015-05-13,850.0999755859375,855.6500244140625,827.0999755859375,841.0499877929688,695.05859375,1842567
2015-05-14,842.7999877929688,850.8499755859375,831.0,846.4500122070312,699.5211791992188,1458520
2015-05-15,848.0,852.2999877929688,840.0999755859375,844.7999877929688,698.157470703125,861417
2015-05-18,848.0,854.9000244140625,837.5,852.7000122070312,704.6863403320312,794940
2015-05-19,852.4000244140625,855.8499755859375,841.25,844.75,698.1163940429688,1115144
2015-05-20,847.2000122070312,858.1500244140625,846.0,855.5999755859375,707.0828857421875,1051609
2015-05-21,856.4000244140625,865.9000244140625,848.0499877929688,864.3499755859375,714.3139038085938,998351
2015-05-22,867.4500122070312,868.8499755859375,853.9500122070312,863.75,713.8182373046875,1369038
2015-05-25,864.9500122070312,864.9500122070312,847.5499877929688,852.4500122070312,704.479736328125,642231
2015-05-26,855.0,858.1500244140625,845.9500122070312,855.3499755859375,706.876220703125,732655
2015-05-27,855.5,860.0,845.7000122070312,857.7000122070312,708.8184814453125,530542
2015-05-28,858.7000122070312,860.0,842.3499755859375,846.2000122070312,699.3145141601562,2062630
2015-05-29,847.5,860.7000122070312,843.0999755859375,859.5499877929688,710.3472290039062,3787109
2015-06-01,859.5499877929688,883.5,852.4500122070312,880.7999877929688,727.908447265625,950336
2015-06-02,884.0,884.6500244140625,850.9000244140625,852.75,704.7276000976562,928603
2015-06-03,853.0,854.7000122070312,828.5999755859375,831.4500122070312,687.1248779296875,1074518
2015-06-04,833.5,835.0,820.0499877929688,822.6500244140625,679.8525390625,1273078
2015-06-05,821.5999755859375,847.2999877929688,816.3499755859375,829.0999755859375,685.1827392578125,1564172
2015-06-08,828.0,829.0,809.0,812.25,671.2576293945312,1108643
2015-06-09,807.0,828.5499877929688,806.0999755859375,819.75,677.455810546875,769058
2015-06-10,818.25,825.0,814.0,820.4500122070312,678.0344848632812,959272
2015-06-11,820.0,836.5,816.0,816.7000122070312,674.9352416992188,1263695
2015-06-12,813.3499755859375,821.5,810.8499755859375,814.5,673.1171875,833644
2015-06-15,814.0,827.4500122070312,808.4500122070312,821.75,679.1087646484375,626620
2015-06-16,818.0999755859375,839.3499755859375,817.2999877929688,834.9500122070312,690.0173950195312,864766
2015-06-17,840.0,868.8499755859375,840.0,862.0499877929688,712.4130249023438,2574818
2015-06-18,862.0,868.0,857.0999755859375,862.5999755859375,712.8677368164062,1234051
2015-06-19,851.0999755859375,864.9000244140625,844.8499755859375,857.7000122070312,716.2919311523438,1376406
2015-06-22,863.9000244140625,876.0,858.4500122070312,873.4500122070312,729.4451293945312,1039509
2015-06-23,878.0,879.7999877929688,871.3499755859375,875.7000122070312,731.3240356445312,741773
2015-06-24,877.5,908.9000244140625,877.0,896.5499877929688,748.7367553710938,1812148
2015-06-25,888.5499877929688,897.9000244140625,879.0999755859375,883.25,737.6294555664062,1257404
2015-06-26,884.0,891.4000244140625,875.0,887.9500122070312,741.5545043945312,758668
2015-06-29,872.0,905.0,868.3499755859375,900.4000244140625,751.9519653320312,1221747
2015-06-30,907.0,923.0999755859375,906.0,916.7000122070312,765.5646362304688,2318253
2015-07-01,916.7000122070312,926.0,912.0,918.2999877929688,766.900634765625,1456248
2015-07-02,919.7999877929688,929.2000122070312,912.0,923.4500122070312,771.2017822265625,962649
2015-07-03,922.0,929.5,917.0499877929688,924.5,772.0784912109375,512931
2015-07-06,917.0,930.0,914.6500244140625,927.4500122070312,774.5421752929688,595187
2015-07-07,921.5999755859375,927.4000244140625,915.5999755859375,924.3499755859375,771.953369140625,715696
2015-07-08,920.0,944.0,918.0999755859375,927.6500244140625,774.7092895507812,1791894
2015-07-09,927.6500244140625,934.7999877929688,912.4000244140625,921.5499877929688,769.6149291992188,1153644
2015-07-10,924.5,924.5,891.2999877929688,900.25,751.8267211914062,2198242
2015-07-13,900.7999877929688,914.5,890.5,910.7000122070312,760.5537109375,1103160
2015-07-14,910.5,929.0999755859375,902.7999877929688,927.2999877929688,774.4169921875,662369
2015-07-15,927.0,935.0,920.3499755859375,929.0,775.8367919921875,980533
2015-07-16,930.0,939.5,923.25,936.8499755859375,782.3924560546875,667588
2015-07-17,937.0499877929688,941.9500122070312,922.25,924.2999877929688,771.9115600585938,848156
2015-07-20,924.0,931.5,909.0499877929688,913.0999755859375,762.55810546875,738505
2015-07-21,915.0,916.8499755859375,871.0999755859375,891.2999877929688,744.3522338867188,4915170
2015-07-22,894.0,923.0,891.1500244140625,920.5,768.7382202148438,1433553
2015-07-23,919.0,919.0,895.2000122070312,904.25,755.167236328125,1049783
2015-07-24,905.0,911.4500122070312,897.5999755859375,906.7999877929688,757.296875,624104
2015-07-27,906.0,910.1500244140625,895.0,900.0999755859375,751.701416015625,1305606
2015-07-28,893.25,916.0,891.5,904.75,755.5847778320312,1648693
2015-07-29,906.1500244140625,919.0499877929688,897.0,899.2000122070312,750.9498901367188,1332413
2015-07-30,905.0,934.4500122070312,899.2000122070312,920.7000122070312,768.9051513671875,1997547
2015-07-31,920.2999877929688,928.2000122070312,913.2000122070312,921.6500244140625,769.6985473632812,1616033
2015-08-03,921.0,924.7999877929688,906.5,909.7000122070312,759.7185668945312,1813626
2015-08-04,910.5,914.4500122070312,900.0499877929688,908.0999755859375,758.3825073242188,2728548
2015-08-05,910.7000122070312,912.8499755859375,905.0,908.5999755859375,758.7999267578125,2869226
2015-08-06,910.0,910.4000244140625,902.5499877929688,907.75,758.0902099609375,1105175
2015-08-07,907.75,909.0499877929688,900.9000244140625,904.8499755859375,755.668212890625,849340
2015-08-10,905.0,909.0,901.0,906.1500244140625,756.7540283203125,1089645
2015-08-11,903.0,905.8499755859375,885.0,888.2000122070312,741.763427734375,1430428
2015-08-12,889.0,889.0,859.5999755859375,866.3499755859375,723.5156860351562,1406250
2015-08-13,866.0,879.0,850.0,866.5499877929688,723.6827392578125,976700
2015-08-14,871.0,879.0,857.5,870.5499877929688,727.0231323242188,742844
2015-08-17,874.4500122070312,879.0,860.0,872.6500244140625,728.7770385742188,373170
2015-08-18,872.0,877.8499755859375,868.0499877929688,872.8499755859375,728.9440307617188,606035
2015-08-19,869.3499755859375,885.25,861.4000244140625,876.2000122070312,731.7418212890625,548163
2015-08-20,870.0,901.8499755859375,867.0,872.0499877929688,728.27587890625,1086427
2015-08-21,867.0,888.0,860.9500122070312,884.1500244140625,738.3812255859375,1428246
2015-08-24,865.3499755859375,880.0,844.9500122070312,851.1500244140625,710.82177734375,2392818
2015-08-25,861.0,878.0,855.0999755859375,865.9500122070312,723.1817016601562,2303018
2015-08-26,866.25,868.5499877929688,850.0,855.0,714.0369262695312,1894521
2015-08-27,860.6500244140625,864.4500122070312,851.0,857.7999877929688,716.3753662109375,2087603
2015-08-28,870.0,870.5,852.0,854.5,713.619384765625,1427528
2015-08-31,862.9000244140625,870.0,848.7999877929688,860.9000244140625,718.9642944335938,1990625
2015-09-01,855.0,861.3499755859375,848.3499755859375,853.75,712.9931030273438,1483369
2015-09-02,857.0,862.4000244140625,824.2000122070312,830.5999755859375,693.65966796875,1463479
2015-09-03,830.5,841.75,815.0999755859375,833.75,696.29052734375,1228866
2015-09-04,831.3499755859375,840.75,823.2000122070312,830.0,693.15869140625,1332041
2015-09-07,831.0,834.0,817.4000244140625,819.8499755859375,684.6821899414062,868619
2015-09-08,827.7999877929688,827.7999877929688,785.0,801.0999755859375,669.0233154296875,2511604
2015-09-09,806.0,812.4500122070312,790.9000244140625,803.0499877929688,670.6520385742188,1519952
2015-09-10,801.0,801.0,777.5999755859375,790.1500244140625,659.8787231445312,2651147
2015-09-11,792.0,799.7000122070312,784.0499877929688,795.25,664.1378784179688,1368043
2015-09-14,800.9000244140625,800.9000244140625,788.0999755859375,794.75,663.72021484375,1115042
2015-09-15,794.75,808.6500244140625,791.1500244140625,804.5999755859375,671.9464721679688,1239118
2015-09-16,811.0,811.7999877929688,796.75,806.8499755859375,673.8253784179688,1000450
2015-09-18,807.0,816.7999877929688,793.0,797.8499755859375,666.30908203125,3196079
2015-09-21,795.0,799.9000244140625,788.4000244140625,790.7000122070312,660.3380737304688,1097798
2015-09-22,792.0,796.8499755859375,783.2000122070312,785.9000244140625,656.3295288085938,1900127
2015-09-23,788.7999877929688,789.4000244140625,780.1500244140625,785.0,655.577880859375,1108731
2015-09-24,789.0,789.0,776.25,781.7000122070312,652.8218994140625,2627897
2015-09-28,785.0,802.5,780.7999877929688,790.6500244140625,660.2962036132812,1121534
2015-09-29,782.5999755859375,801.0,781.3499755859375,784.3499755859375,655.0349731445312,2377821
2015-09-30,799.7999877929688,818.0,787.0,814.75,680.4228515625,2321962
2015-10-01,817.7999877929688,827.25,811.2000122070312,816.4000244140625,681.8009643554688,903859
2015-10-05,820.5499877929688,824.0,801.0,809.7999877929688,676.2890625,1344972
2015-10-06,816.9500122070312,832.0,811.9000244140625,829.2999877929688,692.5742797851562,1470601
2015-10-07,818.0,828.0,816.0,823.5499877929688,687.7720336914062,1126929
2015-10-08,827.0,831.9500122070312,817.5,821.9000244140625,686.3942260742188,673062
2015-10-09,826.0,830.4000244140625,810.0,818.0,683.1370239257812,740404
2015-10-12,819.0,822.5,807.3499755859375,814.8499755859375,680.5065307617188,760378
2015-10-13,817.0,819.0,805.7999877929688,812.9000244140625,678.8779907226562,860797
2015-10-14,814.0499877929688,815.0,787.0,797.2000122070312,665.7664184570312,3479601
2015-10-15,783.0,801.0,769.0,791.5499877929688,661.0479736328125,4110634
2015-10-16,788.0,790.9000244140625,782.0,785.0,655.577880859375,2121262
2015-10-19,784.9000244140625,796.9500122070312,778.0,793.9000244140625,668.5462036132812,1733760
2015-10-20,797.4500122070312,797.4500122070312,783.0,787.0999755859375,662.81982421875,1428531
2015-10-21,788.0,794.4500122070312,787.0,790.3499755859375,665.5567016601562,879891
2015-10-23,795.0,805.5999755859375,791.25,800.2000122070312,673.8515014648438,1956438
2015-10-26,802.7999877929688,810.0,800.6500244140625,808.5999755859375,680.9252319335938,754383
2015-10-27,806.75,814.8499755859375,799.2000122070312,812.1500244140625,683.9146728515625,876427
2015-10-28,811.5999755859375,820.5,807.9000244140625,818.5,689.2618408203125,1123867
2015-10-29,811.0,818.0,799.2000122070312,801.4500122070312,674.9042358398438,1558590
2015-10-30,802.0,810.9500122070312,795.0,800.6500244140625,674.2305297851562,1209468
2015-11-02,799.25,804.8499755859375,791.5499877929688,802.75,675.998779296875,553599
2015-11-03,805.0,808.5,801.2000122070312,804.4500122070312,677.4306030273438,349296
2015-11-04,806.7999877929688,818.0999755859375,799.2000122070312,801.0,674.525146484375,945881
2015-11-05,801.0,811.5999755859375,797.75,802.6500244140625,675.9146728515625,462520
2015-11-06,806.7000122070312,806.9500122070312,796.2999877929688,799.0499877929688,672.8831176757812,726024
2015-11-09,794.0,807.0,784.0,802.5999755859375,675.8724365234375,1247468
2015-11-10,802.0,809.5999755859375,793.4000244140625,803.5499877929688,676.672607421875,880293
2015-11-13,792.3499755859375,799.5,792.3499755859375,796.7000122070312,670.9041137695312,1029232
2015-11-16,794.0,802.0999755859375,780.0999755859375,784.0999755859375,660.2936401367188,1186659
2015-11-17,785.9000244140625,800.0,782.0,798.2999877929688,672.25146484375,792593
2015-11-18,798.0,806.8499755859375,790.4500122070312,793.5,668.20947265625,721764
2015-11-19,797.5,801.8499755859375,792.2999877929688,794.5999755859375,669.1357421875,861404
2015-11-20,799.8499755859375,803.4500122070312,794.2999877929688,798.1500244140625,672.1253051757812,845026
2015-11-23,795.0499877929688,800.7000122070312,787.0,791.2000122070312,666.272705078125,692990
2015-11-24,794.0,813.5,790.75,811.9500122070312,683.7462158203125,1188716
2015-11-26,814.7000122070312,821.5,808.1500244140625,812.4500122070312,684.1671752929688,1282221
2015-11-27,812.5,820.75,808.0,816.2000122070312,687.3251342773438,897445
2015-11-30,813.5,826.0,804.0999755859375,812.0,683.788330078125,2959644
2015-12-01,811.8499755859375,836.7999877929688,811.8499755859375,833.4000244140625,701.809326171875,1404347
2015-12-02,832.9000244140625,835.7000122070312,823.4000244140625,829.9000244140625,698.862060546875,983626
2015-12-03,827.8499755859375,827.9000244140625,814.0,816.5999755859375,687.6619873046875,680102
2015-12-04,813.3499755859375,824.4500122070312,805.0,814.9500122070312,686.2725219726562,1445988
2015-12-07,815.0,835.5,815.0,833.5,701.8935546875,1273142
2015-12-08,831.9000244140625,839.7999877929688,822.5999755859375,825.75,695.3671264648438,1136199
2015-12-09,827.0,835.0,816.1500244140625,820.1500244140625,690.6513671875,1028736
2015-12-10,823.0,830.8499755859375,812.25,815.9000244140625,687.072509765625,1144862
2015-12-11,818.2999877929688,831.9500122070312,816.6500244140625,822.0999755859375,692.2935791015625,1214169
2015-12-14,825.0,842.5,813.4500122070312,839.0,706.5252075195312,1307321
2015-12-15,839.2000122070312,862.5,839.2000122070312,858.5999755859375,723.0303955078125,2303845
2015-12-16,865.0,868.4000244140625,852.7000122070312,855.4000244140625,720.3355712890625,1101128
2015-12-17,840.0,865.7000122070312,840.0,864.25,727.7882690429688,1214526
2015-12-18,865.5999755859375,875.5999755859375,852.1500244140625,857.0499877929688,721.7249145507812,2114632
2015-12-21,861.9500122070312,861.9500122070312,849.75,851.5999755859375,717.1355590820312,1112136
2015-12-22,852.9500122070312,857.9000244140625,843.2000122070312,851.4500122070312,717.00927734375,913032
2015-12-23,859.4500122070312,870.5,856.0499877929688,863.25,726.9461669921875,770192
2015-12-24,868.0,869.2999877929688,862.0,864.25,727.7882690429688,538736
2015-12-28,865.0,873.0,862.5,865.8499755859375,729.1356811523438,976331
2015-12-29,867.0,867.0,855.0,857.9000244140625,722.4409790039062,754046
2015-12-30,858.0,862.9000244140625,854.7000122070312,857.4500122070312,722.0619506835938,677471
2015-12-31,857.4500122070312,866.4500122070312,851.5,862.75,726.5252075195312,743363
2016-01-01,860.0,862.0,853.5,856.5499877929688,721.3040161132812,230366
2016-01-04,856.5499877929688,868.7000122070312,851.1500244140625,859.0,723.3672485351562,828876
2016-01-05,857.2999877929688,859.0499877929688,845.5,847.9500122070312,714.0618896484375,1118709
2016-01-06,850.0,850.0,840.9500122070312,843.0499877929688,709.9356689453125,2135092
2016-01-07,840.0,840.9500122070312,817.5,820.25,690.735595703125,1353969
2016-01-08,819.0,831.5,807.7000122070312,809.8499755859375,681.977783203125,1324046
2016-01-11,806.0,819.7000122070312,801.3499755859375,811.75,683.5778198242188,1514504
2016-01-12,808.5,822.1500244140625,804.5499877929688,819.7000122070312,690.2725219726562,1110037
2016-01-13,821.7999877929688,836.2000122070312,813.75,832.75,701.2620239257812,1338356
2016-01-14,829.5,837.9000244140625,818.5499877929688,827.25,696.63037109375,1531002
2016-01-15,827.25,828.9500122070312,776.6500244140625,804.25,677.2620239257812,3249884
2016-01-18,796.2999877929688,816.6500244140625,795.0,809.9500122070312,682.06201171875,1525578
2016-01-19,813.0,821.75,807.6500244140625,810.4500122070312,682.4830322265625,867289
2016-01-20,805.0,815.0,785.0,795.0499877929688,669.5145263671875,1543575
2016-01-21,797.2000122070312,799.0,774.2000122070312,775.5999755859375,653.1357421875,1679165
2016-01-22,780.5,783.5,770.0,771.5,649.6829223632812,1465143
2016-01-25,772.0,784.75,769.7000122070312,783.2999877929688,659.6200561523438,1036869
2016-01-27,781.0,783.8499755859375,766.4000244140625,767.9000244140625,646.6516723632812,1291178
2016-01-28,769.7999877929688,797.0,766.5,791.75,666.7357788085938,1967418
2016-01-29,791.0999755859375,820.0,791.0999755859375,816.9000244140625,687.9146728515625,1733695
2016-02-01,816.0,817.4000244140625,799.0,800.9500122070312,674.4830322265625,1025869
2016-02-02,809.5,809.9500122070312,796.9500122070312,800.0999755859375,673.7672729492188,960236
2016-02-03,795.5,828.5,795.5,821.5999755859375,691.8724365234375,1843081
2016-02-04,824.5,838.4000244140625,816.5499877929688,834.7999877929688,702.9883422851562,1698770
2016-02-05,830.0,855.5,830.0,844.9500122070312,711.53564453125,2043434
2016-02-08,844.0,848.2000122070312,826.4500122070312,828.9000244140625,698.0198364257812,490426
2016-02-09,826.3499755859375,842.1500244140625,824.7000122070312,826.3499755859375,695.8724365234375,964658
2016-02-10,826.0,832.0999755859375,820.0999755859375,824.5499877929688,694.3565673828125,781041
2016-02-11,823.9000244140625,828.0,791.2000122070312,802.5999755859375,675.8724365234375,1010277
2016-02-12,800.5,816.7000122070312,795.0,812.5999755859375,684.29345703125,1318480
2016-02-15,817.0,821.9500122070312,798.0,804.7000122070312,677.6409912109375,1206980
2016-02-16,810.0,811.8499755859375,799.4500122070312,803.2000122070312,676.3779907226562,926079
2016-02-17,800.5,814.0,789.75,812.5499877929688,684.2515258789062,783633
2016-02-18,814.0499877929688,830.5,812.5,827.4000244140625,696.7567749023438,1179011
2016-02-19,831.8499755859375,831.8499755859375,813.4500122070312,827.5999755859375,696.925048828125,620200
2016-02-22,827.0,866.0,826.3499755859375,861.6500244140625,725.5988159179688,1883688
2016-02-23,858.4500122070312,858.4500122070312,834.2000122070312,836.8499755859375,704.714599609375,590731
2016-02-24,836.9000244140625,844.9000244140625,828.2000122070312,836.75,704.63037109375,1062120
2016-02-25,837.7000122070312,846.2000122070312,832.4000244140625,842.7999877929688,709.72509765625,859877
2016-02-26,848.0,852.6500244140625,841.0999755859375,849.9000244140625,715.7041625976562,1191495
2016-02-29,851.0,851.7000122070312,823.5,830.4000244140625,699.2830200195312,1974971
2016-03-01,829.8499755859375,829.8499755859375,818.0999755859375,824.1500244140625,694.0198974609375,1777318
2016-03-02,830.0,855.0,830.0,849.25,715.1566772460938,1221727
2016-03-03,855.5,856.0999755859375,845.75,848.9000244140625,714.8619384765625,746384
2016-03-04,848.5,855.9000244140625,841.4500122070312,848.75,714.7356567382812,1331537
2016-03-08,848.0,848.0,824.0,826.25,695.7882080078125,1342346
2016-03-09,826.5499877929688,843.9000244140625,826.5499877929688,839.6500244140625,707.072509765625,1929618
2016-03-10,837.0,841.0,829.0,837.5499877929688,705.3040161132812,1140147
2016-03-11,842.0,857.9500122070312,831.5,851.5999755859375,717.1355590820312,1527676
2016-03-14,855.0499877929688,860.0,845.0,857.1500244140625,721.8092651367188,825367
2016-03-15,852.0999755859375,856.7999877929688,835.5499877929688,840.7999877929688,708.040771484375,1330602
2016-03-16,844.9000244140625,845.8499755859375,831.0,844.1500244140625,710.8619384765625,1511400
2016-03-17,848.0999755859375,855.0,843.0,849.6500244140625,715.4935302734375,1970969
2016-03-18,850.0,852.0,838.0,848.3499755859375,714.3988037109375,1848223
2016-03-21,847.0999755859375,883.0,847.0999755859375,879.6500244140625,740.7567138671875,1587554
2016-03-22,876.0499877929688,880.6500244140625,862.4000244140625,870.1500244140625,732.7567138671875,2024654
2016-03-23,870.0,877.3499755859375,860.5499877929688,873.5999755859375,735.661865234375,1373555
2016-03-28,876.0,876.0999755859375,860.2000122070312,863.6500244140625,727.2830200195312,2033190
2016-03-29,860.2999877929688,871.3499755859375,858.5999755859375,861.1500244140625,725.1776123046875,1389839
2016-03-30,862.0,878.9500122070312,858.9000244140625,861.6500244140625,725.5988159179688,1453623
2016-03-31,855.5,875.7000122070312,855.5,869.5,732.209228515625,2635929
2016-04-01,867.0999755859375,874.9000244140625,856.0,867.7999877929688,730.7777099609375,1096484
2016-04-04,863.0999755859375,874.9500122070312,861.2999877929688,872.2000122070312,734.4830322265625,960124
2016-04-05,870.2000122070312,882.8499755859375,862.2999877929688,868.5,731.3671264648438,1096886
2016-04-06,869.0,872.9000244140625,863.0,871.7000122070312,734.0619506835938,1041648
2016-04-07,870.0,874.8499755859375,855.0499877929688,860.0,724.2092895507812,848064
2016-04-08,861.0,863.0,845.7999877929688,850.4000244140625,716.1250610351562,712487
2016-04-11,853.0,867.8499755859375,845.0999755859375,864.2999877929688,727.8303833007812,943737
2016-04-12,866.9000244140625,874.4000244140625,860.2000122070312,872.5,734.7355346679688,867406
2016-04-13,875.0,899.5999755859375,873.5,897.7000122070312,755.9566040039062,1897529
2016-04-18,900.2000122070312,904.9500122070312,886.5,899.1500244140625,757.1776123046875,1091523
2016-04-20,899.0999755859375,906.0,893.1500244140625,904.0999755859375,761.3460083007812,1424850
2016-04-21,905.0,906.9000244140625,896.0,904.0499877929688,761.3040771484375,1162870
2016-04-22,897.7999877929688,904.2999877929688,883.0,884.2000122070312,744.5883178710938,1078366
2016-04-25,880.5,889.0,875.5,884.1500244140625,744.5462036132812,828061
2016-04-26,881.5999755859375,896.0,880.7000122070312,885.75,745.8934326171875,1214609
2016-04-27,884.4000244140625,894.0,880.9000244140625,892.2000122070312,751.3250732421875,778693
2016-04-28,893.2000122070312,896.7999877929688,871.0,876.25,737.8934326171875,2715410
2016-04-29,876.0,879.3499755859375,859.2000122070312,867.9000244140625,730.8619384765625,1581281
2016-05-02,867.0,867.0,855.0,863.9500122070312,727.5357055664062,787156
2016-05-03,863.9500122070312,869.0,848.0,851.0,716.6302490234375,1305303
2016-05-04,850.0,855.9000244140625,844.0,853.4000244140625,718.6514892578125,568460
2016-05-05,859.0,861.9000244140625,846.7999877929688,850.1500244140625,715.9146118164062,760873
2016-05-06,848.0,856.5,846.75,853.4000244140625,718.6514892578125,411253
2016-05-09,851.0,869.7000122070312,839.2000122070312,845.5,711.9987182617188,3215773
2016-05-10,848.7999877929688,867.9000244140625,845.5999755859375,862.4500122070312,726.2725219726562,1523285
2016-05-11,855.0,866.7999877929688,851.0999755859375,862.5499877929688,726.356689453125,697299
2016-05-12,858.4000244140625,862.0,849.3499755859375,853.0,718.3145751953125,730642
2016-05-13,852.9500122070312,852.9500122070312,821.9500122070312,831.7999877929688,700.4619140625,2369627
2016-05-16,833.0,848.5,817.0,846.25,712.63037109375,1940183
2016-05-17,850.0,850.3499755859375,831.0,834.0499877929688,702.3568115234375,1434067
2016-05-18,833.7000122070312,834.5499877929688,823.0,825.5,695.1566772460938,1428456
2016-05-19,826.0999755859375,829.8499755859375,810.3499755859375,815.0999755859375,686.3988647460938,1866764
2016-05-20,820.0,821.0,806.1500244140625,812.4000244140625,684.1253051757812,1624617
2016-05-23,817.0,825.75,813.0499877929688,819.5999755859375,690.1882934570312,1118741
2016-05-24,819.0,824.4500122070312,815.4500122070312,823.0999755859375,693.1356201171875,946784
2016-05-25,828.0,841.4500122070312,827.0499877929688,840.0999755859375,707.4514770507812,1127694
2016-05-26,840.2000122070312,854.0,832.0,850.3499755859375,716.0830078125,2479387
2016-05-27,851.3499755859375,865.9500122070312,850.5,861.2000122070312,725.219970703125,1531278
2016-05-30,864.0,867.2000122070312,849.75,854.3499755859375,719.451416015625,776274
2016-05-31,857.7999877929688,859.9000244140625,845.0,848.2000122070312,714.2723999023438,12132028
2016-06-01,852.1500244140625,863.4000244140625,846.0499877929688,855.1500244140625,720.125244140625,1223721
2016-06-02,855.0,873.9500122070312,835.0,868.2000122070312,731.1145629882812,3409326
2016-06-03,872.0,888.0,869.4000244140625,884.8499755859375,745.1355590820312,1752265
2016-06-06,887.5999755859375,892.0,875.0499877929688,879.3499755859375,740.5039672851562,1941227
2016-06-07,884.0,898.7999877929688,880.4000244140625,897.0499877929688,755.4092407226562,2185954
2016-06-08,895.0,908.0,891.5999755859375,897.2000122070312,755.53564453125,1470489
2016-06-09,899.0,899.0,874.4500122070312,876.4500122070312,738.061767578125,1376923
2016-06-10,876.0,884.7999877929688,871.1500244140625,874.6500244140625,736.5460205078125,793113
2016-06-13,867.3499755859375,880.9500122070312,867.3499755859375,874.2000122070312,736.1672973632812,1071858
2016-06-14,872.0999755859375,875.2000122070312,860.2999877929688,865.7000122070312,729.0094604492188,826228
2016-06-15,868.0,876.5999755859375,863.0,874.6500244140625,736.5460205078125,863255
2016-06-16,871.8499755859375,880.8499755859375,859.1500244140625,879.4500122070312,740.5881958007812,803719
2016-06-17,883.9500122070312,884.7000122070312,872.5,881.3499755859375,742.1881713867188,849716
2016-06-20,875.0,882.3499755859375,870.5499877929688,879.4000244140625,740.546142578125,526386
2016-06-21,876.5,879.0,866.1500244140625,870.25,732.8408813476562,1214022
2016-06-22,862.9500122070312,867.75,857.0,859.25,731.5636596679688,723156
2016-06-23,860.0,873.0,854.2999877929688,869.3499755859375,740.1629028320312,574726
2016-06-24,858.5499877929688,862.2000122070312,847.0999755859375,859.0999755859375,731.4361572265625,1157925
2016-06-27,858.0,873.8499755859375,855.25,858.8499755859375,731.22314453125,815766
2016-06-28,861.0,889.9500122070312,859.0,887.75,755.8284912109375,1607560
2016-06-29,889.9000244140625,894.1500244140625,877.0,883.7999877929688,752.465576171875,857945
2016-06-30,891.0,902.9000244140625,890.5499877929688,898.5499877929688,765.023681640625,2029009
2016-07-01,898.5999755859375,904.5499877929688,886.0999755859375,897.5999755859375,764.21484375,1099564
2016-07-04,900.0,902.75,888.0,893.0499877929688,760.3410034179688,674938
2016-07-05,895.2000122070312,896.2000122070312,886.8499755859375,890.2000122070312,757.9146728515625,631452
2016-07-07,890.0,920.0,888.5999755859375,918.2999877929688,781.8387451171875,1689043
2016-07-08,919.0,926.2999877929688,913.4500122070312,920.7000122070312,783.8822631835938,1579861
2016-07-11,927.0,934.9000244140625,921.3499755859375,929.4000244140625,791.2892456054688,746028
2016-07-12,933.9000244140625,933.9000244140625,913.6500244140625,925.2999877929688,787.7987060546875,813346
2016-07-13,923.0999755859375,929.75,917.4500122070312,927.4500122070312,789.6290893554688,598072
2016-07-14,927.0,935.0,922.0499877929688,932.9500122070312,794.3119506835938,757072
2016-07-15,935.0,951.4500122070312,932.0499877929688,941.5,801.5911254882812,1284879
2016-07-18,944.0,946.5999755859375,910.0,921.9500122070312,784.9464111328125,3013256
2016-07-19,904.0999755859375,906.9000244140625,888.0,895.1500244140625,762.1290283203125,2602482
2016-07-20,899.4500122070312,910.2999877929688,897.2000122070312,906.9000244140625,772.1329956054688,897886
2016-07-21,907.0,913.6500244140625,900.5,910.0499877929688,774.8146362304688,876194
2016-07-22,911.2000122070312,915.0,897.0,903.2000122070312,768.9827270507812,967993
2016-07-25,900.5,909.2999877929688,895.7000122070312,906.9500122070312,772.1752319335938,1297630
2016-07-26,911.9000244140625,911.9000244140625,899.0,902.7000122070312,768.5570068359375,1094799
2016-07-27,900.0,909.4500122070312,898.25,903.8499755859375,769.5361938476562,1168069
2016-07-28,904.9000244140625,913.0,895.0999755859375,909.4000244140625,774.261474609375,1760367
2016-07-29,905.4000244140625,925.0,902.5499877929688,922.5499877929688,785.4573364257812,1284438
2016-08-01,930.0,930.0499877929688,916.1500244140625,925.0,787.5431518554688,1270582
2016-08-02,928.9000244140625,940.8499755859375,924.2000122070312,927.4000244140625,789.5866088867188,1442265
2016-08-03,926.7999877929688,926.7999877929688,909.5499877929688,913.7999877929688,778.007568359375,1067729
2016-08-04,922.0,922.25,908.8499755859375,918.0499877929688,781.6259155273438,685515
2016-08-05,921.1500244140625,928.6500244140625,916.4000244140625,925.5,787.9689331054688,936293
2016-08-08,926.5499877929688,934.3499755859375,922.4000244140625,929.5,791.3744506835938,640018
2016-08-09,929.5,935.9000244140625,924.1500244140625,934.25,795.4186401367188,912239
2016-08-10,935.0,935.3499755859375,922.7999877929688,924.9500122070312,787.5005493164062,675289
2016-08-11,924.9000244140625,938.0999755859375,922.5499877929688,935.6500244140625,796.610595703125,859803
2016-08-12,934.7999877929688,947.0,926.0,935.0,796.0571899414062,664203
2016-08-16,931.25,943.9000244140625,921.3499755859375,926.2000122070312,788.5648803710938,847402
2016-08-17,924.9000244140625,925.7000122070312,910.2999877929688,913.2000122070312,777.4968872070312,685242
2016-08-18,913.0,916.7000122070312,905.25,906.9000244140625,772.1329956054688,1047855
2016-08-19,909.0,915.7000122070312,901.25,910.6500244140625,775.32568359375,1232642
2016-08-22,911.9000244140625,933.9000244140625,911.9000244140625,930.0499877929688,791.8428344726562,1405730
2016-08-23,931.0,931.6500244140625,919.0499877929688,921.7000122070312,784.733642578125,923109
2016-08-24,921.0,924.9500122070312,908.25,919.4000244140625,782.775390625,929753
2016-08-25,921.0,922.0,907.2000122070312,910.7999877929688,775.4533081054688,1760911
2016-08-26,914.7999877929688,914.7999877929688,900.0,904.5,770.0895385742188,753284
2016-08-29,906.0,908.0,901.0,905.2000122070312,770.6854858398438,488018
2016-08-30,908.0,926.2999877929688,907.5999755859375,924.7999877929688,787.3728637695312,921470
2016-08-31,925.0,926.5,911.8499755859375,917.0499877929688,780.7747192382812,2185015
2016-09-01,917.0999755859375,929.5,913.3499755859375,925.7999877929688,788.2243041992188,654587
2016-09-02,923.5,926.5499877929688,917.5499877929688,920.75,783.9246826171875,968873
2016-09-06,924.25,939.75,922.2999877929688,937.8499755859375,798.4835815429688,811241
2016-09-07,937.0,938.9000244140625,927.4000244140625,933.0,794.3543701171875,728867
2016-09-08,933.0,953.5999755859375,931.5,951.5499877929688,810.1477661132812,1528195
2016-09-09,950.0,954.0,927.4000244140625,929.9500122070312,791.757568359375,888951
2016-09-12,924.8499755859375,924.8499755859375,912.4500122070312,918.4500122070312,781.9664916992188,677577
2016-09-14,917.0,924.5,905.0,908.4500122070312,773.45263671875,1349809
2016-09-15,910.2000122070312,920.8499755859375,906.0,914.0,778.1777954101562,964711
2016-09-16,916.25,928.5999755859375,909.4000244140625,911.7000122070312,776.2196044921875,1542460
2016-09-19,915.4500122070312,922.5,909.0999755859375,911.9500122070312,776.4324340820312,793036
2016-09-20,912.1500244140625,916.7999877929688,900.9000244140625,902.9000244140625,768.727294921875,1133099
2016-09-21,902.0,914.5499877929688,900.5499877929688,913.0499877929688,777.3690185546875,1102665
2016-09-22,913.0,917.9500122070312,903.25,910.1500244140625,774.89990234375,1250220
2016-09-23,911.0,912.5,901.0,910.5499877929688,775.2404174804688,1498875
2016-09-26,909.0,913.9000244140625,886.5,892.5999755859375,759.9579467773438,1153660
2016-09-27,895.0,900.9500122070312,889.4000244140625,897.2999877929688,763.9596557617188,849724
2016-09-28,900.0,900.8499755859375,881.25,887.1500244140625,755.3177490234375,1877866
2016-09-29,891.0,892.7999877929688,873.5,878.2999877929688,747.7830200195312,3307074
2016-09-30,877.0999755859375,879.8499755859375,865.0,867.8499755859375,738.8858032226562,3104818
2016-10-03,878.0,878.0,860.2000122070312,868.75,739.6520385742188,2066037
2016-10-04,872.0,872.0,858.7999877929688,860.4000244140625,732.5429077148438,1465854
2016-10-05,865.0,873.7000122070312,862.4000244140625,870.9500122070312,741.5250854492188,1781339
2016-10-06,874.0,886.8499755859375,874.0,884.4500122070312,753.01904296875,1360160
2016-10-07,889.7000122070312,889.7000122070312,868.1500244140625,877.25,746.8889770507812,1088191
2016-10-10,879.7000122070312,885.5499877929688,874.4500122070312,876.1500244140625,745.952392578125,734544
2016-10-13,869.5,874.75,852.5,862.0499877929688,733.947509765625,2130773
2016-10-14,854.75,855.5499877929688,837.0,842.25,717.0897827148438,2077909
2016-10-17,844.0,851.0,839.0,849.25,723.0498046875,1136539
2016-10-18,850.2999877929688,857.0,849.0,855.5999755859375,728.4561157226562,1146943
2016-10-19,855.0,855.9500122070312,844.0499877929688,846.0,720.2827758789062,1171167
2016-10-20,848.5499877929688,849.4500122070312,838.5999755859375,840.2999877929688,715.4298095703125,818580
2016-10-21,840.0,852.25,837.0499877929688,851.2000122070312,724.7099609375,1247395
2016-10-24,851.7999877929688,855.0,844.25,848.3499755859375,722.2835693359375,1639740
2016-10-25,847.0999755859375,849.7999877929688,829.5499877929688,832.3499755859375,708.6611328125,1925999
2016-10-26,831.0999755859375,846.7999877929688,826.5499877929688,842.8499755859375,717.600830078125,1928005
2016-10-27,850.0,850.0,818.4000244140625,840.2999877929688,715.4298095703125,3193498
2016-10-28,841.0,846.9500122070312,833.7999877929688,836.5,712.194580078125,1396899
2016-11-01,835.0,842.7000122070312,831.6500244140625,835.25,717.1312866210938,891827
2016-11-02,835.0,848.4500122070312,832.0499877929688,841.0999755859375,722.154052734375,1085441
2016-11-03,838.1500244140625,848.5,834.7000122070312,839.4000244140625,720.6945190429688,1975240
2016-11-04,849.0,866.4000244140625,842.5,848.0,728.078369140625,2273336
2016-11-07,850.0,851.75,834.5499877929688,837.6500244140625,719.1917724609375,803129
2016-11-08,838.4500122070312,846.75,836.0999755859375,844.5999755859375,725.1589965820312,797363
2016-11-09,820.0,835.3499755859375,799.0,828.2999877929688,711.1641235351562,2122893
2016-11-10,840.0,841.9000244140625,813.7999877929688,818.5499877929688,702.79296875,1017007
2016-11-11,815.0,815.0,798.0999755859375,801.75,688.3689575195312,1758762
2016-11-15,804.0,809.7999877929688,783.25,805.4500122070312,691.5455322265625,2007604
2016-11-16,809.0,813.5,798.0,808.75,694.3788452148438,2677282
2016-11-17,808.75,816.0,803.0,811.6500244140625,696.8687744140625,665671
2016-11-18,813.0,814.7999877929688,795.5499877929688,802.8499755859375,689.313232421875,1462211
2016-11-21,802.8499755859375,805.7999877929688,792.6500244140625,797.75,684.9344482421875,993597
2016-11-22,806.2999877929688,822.5,802.7999877929688,819.9000244140625,703.9520263671875,1226008
2016-11-23,820.3499755859375,834.0,815.0999755859375,831.7000122070312,714.0833129882812,1254013
2016-11-24,828.7999877929688,834.5,820.5499877929688,825.2999877929688,708.5884399414062,1588843
2016-11-25,830.0,838.0,825.6500244140625,833.5999755859375,715.7146606445312,788448
2016-11-28,830.4500122070312,841.9500122070312,829.0,837.8499755859375,719.363525390625,930063
2016-11-29,837.0,841.0,830.25,832.7000122070312,714.94189453125,1157881
2016-11-30,835.25,850.2999877929688,831.0499877929688,844.0,724.6439208984375,2734453
2016-12-01,844.0,855.7000122070312,840.9000244140625,848.0999755859375,728.164306640625,951938
2016-12-02,845.0,848.4000244140625,828.1500244140625,831.4500122070312,713.8687133789062,623704
2016-12-05,832.9000244140625,851.4000244140625,832.0,844.9000244140625,725.416748046875,760110
2016-12-06,845.4000244140625,849.7999877929688,833.2000122070312,836.0,717.7752075195312,611314
2016-12-07,839.8499755859375,844.0,832.0499877929688,833.7000122070312,715.800537109375,394177
2016-12-08,836.0,846.7999877929688,836.0,843.0,723.7853393554688,609858
2016-12-09,839.9000244140625,847.0,836.3499755859375,845.0499877929688,725.54541015625,463868
2016-12-12,845.0,845.8499755859375,830.3499755859375,832.5999755859375,714.8560791015625,317031
2016-12-13,834.0,836.4000244140625,824.9000244140625,831.1500244140625,713.6112060546875,716723
2016-12-14,831.0,832.8499755859375,818.7999877929688,821.7999877929688,705.583251953125,418711
2016-12-15,818.0,823.7000122070312,813.6500244140625,816.0499877929688,700.6464233398438,552176
2016-12-16,817.5,827.0,813.5999755859375,816.9500122070312,701.419189453125,907271
2016-12-19,817.0,817.7999877929688,808.0,809.75,695.2374267578125,709550
2016-12-20,808.75,812.75,798.4500122070312,801.4000244140625,688.0684204101562,1057366
2016-12-21,802.0,805.0,795.9000244140625,796.7999877929688,684.1187744140625,1024157
2016-12-22,796.0,802.5,783.8499755859375,787.0499877929688,675.7476196289062,1147406
2016-12-23,786.5,799.4000244140625,781.9500122070312,789.5,677.8512573242188,893290
2016-12-26,788.0,804.9000244140625,785.0499877929688,801.7999877929688,688.41162109375,686679
2016-12-27,801.9000244140625,808.5,796.5999755859375,806.75,692.66162109375,552306
2016-12-28,808.0,821.2000122070312,806.0,810.2999877929688,695.7095947265625,811567
2016-12-29,811.25,821.9500122070312,806.5499877929688,818.5,702.7500610351562,1295881
2016-12-30,819.4500122070312,829.4500122070312,818.5,826.3499755859375,709.489990234375,709395
2017-01-02,828.0,828.0,819.0999755859375,825.3499755859375,708.6312866210938,439748
2017-01-03,826.4500122070312,832.7999877929688,819.5,829.8499755859375,712.4948120117188,617599
2017-01-04,829.8499755859375,837.4000244140625,816.5499877929688,821.5999755859375,705.41162109375,1298675
2017-01-05,824.9000244140625,835.75,822.0,833.1500244140625,715.3281860351562,800848
2017-01-06,832.9000244140625,874.7999877929688,831.7000122070312,833.75,715.8434448242188,545826
2017-01-09,838.0,838.5499877929688,828.3499755859375,831.0499877929688,713.5252685546875,323290
2017-01-10,833.7999877929688,835.9500122070312,829.0,830.5499877929688,713.0960693359375,337793
2017-01-11,832.0999755859375,845.0,830.0999755859375,841.5,722.49755859375,867646
2017-01-12,843.7000122070312,843.7000122070312,824.7000122070312,825.9000244140625,709.1036376953125,985100
2017-01-13,830.0,835.5999755859375,825.0999755859375,827.9500122070312,710.8637084960938,567779
2017-01-16,828.0,831.3499755859375,822.4500122070312,827.5,710.4774169921875,472383
2017-01-17,826.75,843.0,826.75,840.6500244140625,721.7677612304688,1081184
2017-01-18,840.7000122070312,867.75,837.5999755859375,864.9500122070312,742.6312866210938,2032995
2017-01-19,865.4000244140625,875.9500122070312,858.5499877929688,860.2999877929688,738.638916015625,1350359
2017-01-20,855.2000122070312,872.0,854.5,860.4500122070312,738.7675170898438,1032081
2017-01-23,854.5999755859375,866.7999877929688,851.5499877929688,862.4000244140625,740.4417724609375,1615902
2017-01-24,856.0,862.4000244140625,842.0999755859375,860.3499755859375,738.681640625,1843785
2017-01-25,857.0,869.9500122070312,855.9500122070312,869.2000122070312,746.2801513671875,1360342
2017-01-27,869.0,875.7000122070312,853.7999877929688,855.9500122070312,734.9039306640625,1272497
2017-01-30,856.9500122070312,863.2000122070312,851.1500244140625,853.5499877929688,732.8434448242188,600766
2017-01-31,856.0,862.9000244140625,851.25,855.4000244140625,734.4318237304688,1210100
2017-02-01,857.0,867.5499877929688,849.2000122070312,854.0499877929688,733.272705078125,1750447
2017-02-02,857.5,858.7999877929688,841.7999877929688,845.2999877929688,725.7600708007812,1617828
2017-02-03,845.0,852.4500122070312,838.5999755859375,849.75,729.5806884765625,999913
2017-02-06,850.0499877929688,862.0,850.0,860.5499877929688,738.8533325195312,1007603
2017-02-07,863.0,863.2999877929688,851.0,855.25,734.302978515625,866921
2017-02-08,859.9000244140625,859.9000244140625,847.3499755859375,852.9500122070312,732.3283081054688,995337
2017-02-09,856.0,856.0999755859375,843.5,850.75,730.4393920898438,884351
2017-02-10,848.25,858.4000244140625,847.6500244140625,850.9000244140625,730.5681762695312,648644
2017-02-13,854.9500122070312,864.75,852.4500122070312,862.2999877929688,740.3560791015625,688095
2017-02-14,863.0,868.0499877929688,845.0,848.1500244140625,728.2071533203125,1294385
2017-02-15,848.5499877929688,852.5,843.4000244140625,850.0499877929688,729.8382568359375,863541
2017-02-16,852.0,852.5,844.0499877929688,846.0999755859375,726.447021484375,529692
2017-02-17,847.0,847.9500122070312,837.5,841.25,722.2828979492188,917969
2017-02-20,850.7000122070312,858.0,847.5,854.4500122070312,733.6160888671875,1511663
2017-02-21,853.5,866.5999755859375,852.0499877929688,862.75,740.742431640625,1061217
2017-02-22,866.0,869.0,852.0,864.1500244140625,741.9444580078125,1996095
2017-02-23,870.9000244140625,872.0,856.25,858.25,736.8786010742188,1313518
2017-02-27,859.0499877929688,870.5499877929688,854.25,866.4500122070312,743.9192504882812,1194357
2017-02-28,865.5,868.4500122070312,858.1500244140625,865.9000244140625,743.4468383789062,1409380
2017-03-01,868.4000244140625,880.9000244140625,862.9500122070312,875.5,751.689208984375,1199589
2017-03-02,878.0,883.0,873.3499755859375,877.5,753.4063720703125,1116347
2017-03-03,878.0,879.75,870.9000244140625,877.1500244140625,753.10595703125,909059
2017-03-06,877.0,883.1500244140625,866.25,873.0999755859375,749.628662109375,620823
2017-03-07,874.0999755859375,874.9500122070312,868.1500244140625,872.0499877929688,748.72705078125,581168
2017-03-08,870.0,876.1500244140625,863.25,871.2999877929688,748.0830688476562,689050
2017-03-09,868.9000244140625,872.0,862.2000122070312,870.2999877929688,747.2244873046875,649123
2017-03-10,871.0,877.75,867.4000244140625,875.2000122070312,751.4317626953125,1533750
2017-03-14,881.2000122070312,915.0,879.0499877929688,913.75,784.530029296875,2763421
2017-03-15,910.0,917.2000122070312,899.0,900.5,773.1539916992188,1247829
2017-03-16,908.0,912.4000244140625,895.3499755859375,906.2000122070312,778.0476684570312,1052674
2017-03-17,907.5499877929688,911.0,900.0,902.5499877929688,774.913818359375,2071209
2017-03-20,900.5499877929688,915.25,896.0,898.4500122070312,771.3939208984375,849554
2017-03-21,898.7999877929688,907.0999755859375,888.2999877929688,903.4500122070312,775.6868896484375,1016256
2017-03-22,894.0499877929688,908.0,894.0499877929688,904.9500122070312,776.9745483398438,928431
2017-03-23,905.0,909.0,898.1500244140625,902.0,774.4417724609375,737393
2017-03-24,901.0,905.2000122070312,897.0,900.2000122070312,772.8961181640625,809976
2017-03-27,899.8499755859375,913.3499755859375,895.0999755859375,898.7999877929688,771.6942749023438,2830764
2017-03-28,900.0,905.0,897.5,903.0999755859375,775.3861694335938,565803
2017-03-29,904.2000122070312,914.9000244140625,900.3499755859375,912.5499877929688,783.499755859375,1067420
2017-03-30,911.0999755859375,923.7999877929688,909.2000122070312,919.2000122070312,789.2093505859375,2105056
2017-03-31,919.2000122070312,920.25,905.2000122070312,911.75,782.8129272460938,1454650
2017-04-03,914.0,924.3499755859375,904.4000244140625,920.6500244140625,790.4542846679688,832000
2017-04-05,918.1500244140625,937.4500122070312,918.1500244140625,935.3499755859375,803.0753173828125,2246395
2017-04-06,930.8499755859375,936.25,921.0,934.6500244140625,802.4745483398438,1588953
2017-04-07,925.7000122070312,932.7000122070312,921.2000122070312,924.5,793.7598266601562,770117
2017-04-10,922.7999877929688,929.7000122070312,916.0,925.9500122070312,795.0048217773438,460843
2017-04-11,922.9500122070312,925.7999877929688,917.25,923.7000122070312,793.0729370117188,715100
2017-04-12,920.2000122070312,925.7000122070312,918.4500122070312,923.75,793.1158447265625,2006885
2017-04-13,921.8499755859375,929.2000122070312,918.5,923.8499755859375,793.2017822265625,1200252
2017-04-17,923.0,923.7999877929688,912.0999755859375,914.0499877929688,784.78759765625,449115
2017-04-18,915.0,920.9500122070312,911.0499877929688,912.75,783.6715087890625,605252
2017-04-19,914.5999755859375,918.4500122070312,906.0,908.5499877929688,780.065673828125,1245002
2017-04-20,912.0,917.5999755859375,906.25,915.7000122070312,786.2042846679688,1955164
2017-04-21,919.5,923.9000244140625,903.5,906.4000244140625,778.219482421875,761841
2017-04-24,909.9000244140625,909.9000244140625,898.5499877929688,904.5499877929688,776.631103515625,789135
2017-04-25,907.0,927.0,903.0499877929688,924.0,793.33056640625,1105317
2017-04-26,924.0,945.0,920.2999877929688,941.3499755859375,808.2268676757812,1296199
2017-04-27,941.0999755859375,951.0,936.2000122070312,947.2999877929688,813.3355102539062,1096343
2017-04-28,944.0,945.5,932.1500244140625,934.9500122070312,802.7319946289062,3585324
2017-05-02,930.2000122070312,937.25,924.0,928.0999755859375,796.8507080078125,1615426
2017-05-03,933.0,936.9500122070312,922.5999755859375,934.0,801.9163818359375,977037
2017-05-04,934.25,960.0,933.7999877929688,956.7000122070312,821.4063720703125,1234682
2017-05-05,953.5,959.4500122070312,949.2999877929688,953.9000244140625,819.0021362304688,571239
2017-05-08,955.0,960.0,946.0499877929688,954.8499755859375,819.81787109375,672197
2017-05-09,957.0,958.0,947.5,952.0499877929688,817.4138793945312,1292861
2017-05-10,954.0999755859375,999.0,954.0999755859375,996.3499755859375,855.448974609375,2928370
2017-05-11,994.4000244140625,996.0,975.9500122070312,978.75,840.3378295898438,1354465
2017-05-12,978.2999877929688,988.0,970.25,980.2000122070312,841.5828857421875,890243
2017-05-15,981.2999877929688,988.8499755859375,974.5499877929688,983.25,844.2015991210938,734446
2017-05-16,983.0,1002.5,982.0499877929688,1000.4000244140625,858.92626953125,1503815
2017-05-17,1004.0,1012.0,991.0999755859375,1009.4000244140625,866.6535034179688,1999387
2017-05-18,1008.0,1009.0,983.0,990.25,850.2115478515625,2690943
2017-05-19,1000.0,1022.75,1000.0,1008.0,865.4514770507812,3059815
2017-05-22,1011.3499755859375,1028.199951171875,1009.0,1018.5999755859375,874.552490234375,1788720
2017-05-23,1018.7999877929688,1032.0,1014.0,1024.800048828125,879.875732421875,2640069
2017-05-24,1026.550048828125,1040.0,1023.5,1038.050048828125,891.251953125,1992083
2017-05-25,1037.9000244140625,1050.0,1030.300048828125,1043.449951171875,895.8882446289062,1918721
2017-05-26,1042.050048828125,1046.949951171875,1032.4000244140625,1040.949951171875,893.74169921875,716421
2017-05-29,1041.0,1077.0,1038.75,1072.25,920.6152954101562,1771026
2017-05-30,1071.0999755859375,1074.949951171875,1053.300048828125,1072.5999755859375,920.9159545898438,890684
2017-05-31,1065.800048828125,1074.449951171875,1061.050048828125,1067.0,916.1078491210938,2226704
2017-06-01,1067.0,1099.449951171875,1061.199951171875,1095.3499755859375,940.4486694335938,1782269
2017-06-02,1100.050048828125,1103.0,1046.0999755859375,1086.4000244140625,932.7644653320312,2216247
2017-06-05,1092.0,1101.300048828125,1088.0,1097.75,942.50927734375,612171
2017-06-06,1097.949951171875,1101.800048828125,1087.0,1091.550048828125,937.1861572265625,1203091
2017-06-07,1105.199951171875,1114.25,1091.5,1106.3499755859375,949.8931274414062,2392047
2017-06-08,1106.699951171875,1115.0,1088.550048828125,1093.5,938.8603515625,935574
2017-06-09,1091.0,1105.4000244140625,1090.0,1095.3499755859375,940.4486694335938,691085
2017-06-12,1096.0,1105.0,1083.0,1099.6500244140625,944.1406860351562,1059705
2017-06-13,1096.0,1109.3499755859375,1095.050048828125,1102.75,946.8023071289062,1040661
2017-06-14,1105.0,1119.5999755859375,1094.199951171875,1113.699951171875,956.20361328125,1139136
2017-06-15,1117.5,1121.5,1101.5999755859375,1104.0,947.8755493164062,1051935
2017-06-16,1104.0,1110.8499755859375,1088.449951171875,1091.800048828125,937.4006958007812,1550451
2017-06-19,1094.4000244140625,1101.0,1090.300048828125,1095.6500244140625,940.7066040039062,859068
2017-06-20,1098.8499755859375,1101.0,1091.0999755859375,1093.050048828125,938.473876953125,1272735
2017-06-21,1094.25,1129.0,1093.949951171875,1123.449951171875,964.57470703125,1411671
2017-06-22,1117.0,1117.4000244140625,1092.050048828125,1094.050048828125,947.7688598632812,1000211
2017-06-23,1093.9000244140625,1102.75,1075.0,1097.9000244140625,951.104248046875,1600881
2017-06-27,1096.5,1114.949951171875,1087.0,1092.0999755859375,946.07958984375,1809437
2017-06-28,1095.0,1104.949951171875,1084.25,1090.0,944.2605590820312,1084236
2017-06-29,1094.6500244140625,1094.6500244140625,1084.25,1088.0999755859375,942.6143188476562,1771369
2017-06-30,1085.0,1092.699951171875,1064.0,1079.5999755859375,935.2509155273438,1501780
2017-07-03,1093.0,1100.0999755859375,1081.0999755859375,1097.75,950.9740600585938,823810
2017-07-04,1104.4000244140625,1112.0,1083.8499755859375,1088.0999755859375,942.6143188476562,938993
2017-07-05,1087.0,1098.0,1082.050048828125,1096.699951171875,950.0645141601562,364842
2017-07-06,1096.699951171875,1096.699951171875,1086.4000244140625,1092.5,946.4261474609375,653440
2017-07-07,1091.0,1109.9000244140625,1089.800048828125,1097.699951171875,950.9308471679688,780216
2017-07-10,1102.5,1104.949951171875,1090.0,1096.25,949.6746826171875,123910
2017-07-11,1102.0,1112.949951171875,1097.0,1106.449951171875,958.5108032226562,1088867
2017-07-12,1110.0,1138.4000244140625,1105.0,1131.6500244140625,980.341552734375,1749266
2017-07-13,1134.699951171875,1139.9000244140625,1131.0,1134.699951171875,982.9837036132812,1390586
2017-07-14,1135.0,1144.949951171875,1125.300048828125,1139.300048828125,986.9686279296875,1430776
2017-07-17,1140.0,1156.0,1130.050048828125,1152.949951171875,998.7935180664062,1177146
2017-07-18,1153.25,1169.800048828125,1147.300048828125,1157.8499755859375,1003.038330078125,3322231
2017-07-19,1190.0,1195.050048828125,1135.5,1154.3499755859375,1000.0064697265625,4799441
2017-07-20,1155.449951171875,1161.050048828125,1145.0,1152.9000244140625,998.750244140625,1295206
2017-07-21,1158.9000244140625,1164.199951171875,1145.0,1158.6500244140625,1003.7312622070312,1690899
2017-07-24,1162.0,1164.300048828125,1154.050048828125,1159.3499755859375,1004.3380126953125,1102676
2017-07-25,1155.550048828125,1161.0,1143.0,1149.5999755859375,995.891357421875,1686360
2017-07-26,1154.0,1167.0,1141.3499755859375,1164.550048828125,1008.8426513671875,1563285
2017-07-27,1163.800048828125,1192.449951171875,1162.1500244140625,1171.9000244140625,1015.2097778320312,2090566
2017-07-28,1168.5999755859375,1168.5999755859375,1141.5999755859375,1153.8499755859375,999.5733032226562,860381
2017-07-31,1159.949951171875,1162.5999755859375,1142.0999755859375,1155.75,1001.2190551757812,955459
2017-08-01,1154.0,1176.9000244140625,1154.0,1173.949951171875,1016.9857177734375,1359063
2017-08-02,1174.0,1175.0,1159.699951171875,1168.75,1012.4808349609375,587711
2017-08-03,1165.5,1179.5999755859375,1158.0,1169.9000244140625,1013.4771728515625,597333
2017-08-04,1162.0,1196.300048828125,1162.0,1192.0999755859375,1032.709228515625,1116836
2017-08-07,1173.0,1193.0999755859375,1171.3499755859375,1186.300048828125,1027.6844482421875,868190
2017-08-08,1181.699951171875,1209.0,1181.0,1191.0,1031.7559814453125,1329938
2017-08-09,1189.5,1195.5,1176.3499755859375,1185.3499755859375,1026.8614501953125,833002
2017-08-10,1174.8499755859375,1183.5999755859375,1166.199951171875,1170.699951171875,1014.170166015625,699787
2017-08-11,1160.050048828125,1174.800048828125,1143.550048828125,1152.800048828125,998.6636352539062,861457
2017-08-14,1154.5,1169.9000244140625,1147.199951171875,1155.699951171875,1001.1758422851562,526828
2017-08-16,1151.0,1190.5999755859375,1151.0,1186.3499755859375,1027.7276611328125,1366648
2017-08-17,1185.0,1185.0,1165.0,1177.300048828125,1019.8878784179688,961319
2017-08-18,1170.0,1206.300048828125,1169.449951171875,1202.199951171875,1041.458251953125,1407292
2017-08-21,1202.300048828125,1208.0,1182.3499755859375,1191.449951171875,1032.1456298828125,965962
2017-08-22,1206.300048828125,1207.3499755859375,1188.050048828125,1199.5999755859375,1039.2060546875,916218
2017-08-23,1195.0999755859375,1195.449951171875,1183.0,1188.1500244140625,1029.2872314453125,831796
2017-08-24,1188.0,1189.699951171875,1175.300048828125,1179.699951171875,1021.9668579101562,780599
2017-08-28,1181.3499755859375,1202.8499755859375,1178.75,1199.699951171875,1039.2928466796875,630713
2017-08-29,1195.1500244140625,1198.550048828125,1183.0,1190.449951171875,1031.279541015625,1002082
2017-08-30,1197.5,1209.5999755859375,1187.25,1204.300048828125,1043.27783203125,666156
2017-08-31,1201.8499755859375,1222.800048828125,1194.300048828125,1219.75,1056.662109375,1425125
2017-09-01,1216.25,1222.0,1207.1500244140625,1216.1500244140625,1053.5433349609375,622867
2017-09-04,1214.8499755859375,1214.8499755859375,1193.75,1197.1500244140625,1037.083740234375,586791
2017-09-05,1196.4000244140625,1211.5,1192.300048828125,1205.199951171875,1044.0572509765625,699191
2017-09-06,1202.0,1212.0,1200.300048828125,1206.4000244140625,1045.096923828125,670064
2017-09-07,1209.0,1221.75,1203.699951171875,1208.75,1047.1326904296875,781792
2017-09-08,1210.25,1218.3499755859375,1202.0999755859375,1207.550048828125,1046.09326171875,663219
2017-09-11,1206.0,1232.0,1206.0,1219.9000244140625,1056.7921142578125,794869
2017-09-12,1224.0,1255.0,1223.0,1249.800048828125,1082.6937255859375,1164498
2017-09-13,1250.0,1259.0,1245.199951171875,1250.949951171875,1083.6903076171875,848136
2017-09-14,1262.0999755859375,1262.0999755859375,1230.0999755859375,1247.8499755859375,1081.0047607421875,1239363
2017-09-15,1242.0999755859375,1256.800048828125,1235.5999755859375,1246.0,1079.40234375,1333125
2017-09-18,1250.0,1285.949951171875,1246.0,1280.050048828125,1108.8995361328125,781532
2017-09-19,1287.5999755859375,1287.5999755859375,1273.550048828125,1279.300048828125,1108.2498779296875,563558
2017-09-20,1280.0,1281.3499755859375,1255.0999755859375,1259.3499755859375,1090.9671630859375,1179496
2017-09-21,1261.0,1261.9000244140625,1248.0,1256.699951171875,1088.671630859375,913615
2017-09-22,1252.199951171875,1252.25,1234.0999755859375,1239.199951171875,1073.51123046875,1208698
2017-09-25,1239.9000244140625,1259.0,1237.5,1247.1500244140625,1080.3985595703125,1271436
2017-09-26,1261.0999755859375,1261.0999755859375,1201.050048828125,1217.3499755859375,1054.5826416015625,1751337
2017-09-27,1217.0,1217.5,1188.0,1205.9000244140625,1044.6639404296875,2299025
2017-09-28,1205.800048828125,1212.949951171875,1192.1500244140625,1202.800048828125,1041.9781494140625,3007522
2017-09-29,1209.800048828125,1209.800048828125,1169.0,1173.9000244140625,1016.9423217773438,2274339
2017-10-03,1176.5,1191.8499755859375,1171.0,1186.3499755859375,1027.7276611328125,1970990
2017-10-04,1191.0999755859375,1204.5,1178.699951171875,1197.5,1037.3870849609375,2448425
2017-10-05,1204.3499755859375,1204.5,1183.199951171875,1187.6500244140625,1028.854248046875,2305862
2017-10-06,1193.0,1211.5999755859375,1192.1500244140625,1207.300048828125,1045.876708984375,508700
2017-10-09,1217.5,1223.3499755859375,1205.050048828125,1220.25,1057.094970703125,720819
2017-10-10,1224.0999755859375,1230.3499755859375,1205.0,1209.199951171875,1047.5224609375,802675
2017-10-11,1215.0,1220.5,1198.5999755859375,1218.050048828125,1055.1893310546875,1096016
2017-10-12,1220.050048828125,1245.0,1216.25,1241.0,1075.0706787109375,982442
2017-10-13,1238.0,1253.0,1231.199951171875,1248.5999755859375,1081.654296875,840717
2017-10-16,1250.0,1287.5,1249.949951171875,1281.300048828125,1109.982421875,1276141
2017-10-17,1285.0,1288.6500244140625,1271.0,1282.1500244140625,1110.7186279296875,654497
2017-10-18,1277.0,1282.5999755859375,1260.0,1263.949951171875,1094.9521484375,697765
2017-10-19,1265.0,1270.0,1253.699951171875,1257.699951171875,1089.5377197265625,67835
2017-10-23,1266.0,1277.5999755859375,1238.5999755859375,1249.949951171875,1082.8238525390625,791883
2017-10-24,1254.9000244140625,1274.0,1254.0,1270.050048828125,1100.2366943359375,1055569
2017-10-25,1281.0,1283.4000244140625,1265.0999755859375,1272.449951171875,1102.3157958984375,1332232
2017-10-26,1285.0,1285.0,1253.5,1273.699951171875,1103.3985595703125,2321903
2017-10-27,1273.699951171875,1273.699951171875,1246.0,1260.1500244140625,1091.660400390625,875032
2017-10-30,1260.0,1269.449951171875,1230.0,1234.199951171875,1069.179931640625,1063165
2017-10-31,1241.0,1249.9000244140625,1230.449951171875,1237.449951171875,1071.9954833984375,722440
2017-11-01,1238.699951171875,1263.0,1238.0,1258.0,1096.888916015625,1243886
2017-11-02,1261.0,1261.050048828125,1238.050048828125,1241.5,1082.502197265625,762274
2017-11-03,1245.0,1245.0,1232.0,1239.5,1080.75830078125,656886
2017-11-06,1239.0,1249.5,1234.949951171875,1240.5999755859375,1081.71728515625,532305
2017-11-07,1235.0999755859375,1252.199951171875,1226.3499755859375,1234.199951171875,1076.13720703125,949224
2017-11-08,1240.3499755859375,1247.9000244140625,1228.5999755859375,1235.300048828125,1077.09619140625,872203
2017-11-09,1249.5,1286.050048828125,1241.199951171875,1252.9000244140625,1092.4420166015625,1417669
2017-11-10,1254.6500244140625,1299.25,1244.300048828125,1290.6500244140625,1125.357666015625,1933002
2017-11-13,1295.0,1315.0,1269.25,1279.5,1115.6353759765625,1413270
2017-11-14,1286.0999755859375,1289.0,1279.25,1283.9000244140625,1119.471923828125,1131348
2017-11-15,1283.9000244140625,1285.0,1258.550048828125,1265.0,1102.9925537109375,1195740
2017-11-16,1270.0,1287.0,1246.1500244140625,1276.5,1113.0194091796875,911479
2017-11-17,1282.0,1297.4000244140625,1271.300048828125,1278.1500244140625,1114.4583740234375,1134503
2017-11-20,1280.0,1281.1500244140625,1266.1500244140625,1274.5,1111.2760009765625,707096
2017-11-21,1275.0,1285.0,1272.0,1277.3499755859375,1113.7607421875,828746
2017-11-22,1275.0,1277.0,1263.6500244140625,1270.449951171875,1107.7442626953125,646368
2017-11-23,1275.0,1276.0,1262.0,1267.5,1105.1722412109375,891839
2017-11-24,1269.4000244140625,1270.0,1253.0,1265.949951171875,1103.8206787109375,971523
2017-11-27,1261.0,1266.9000244140625,1250.550048828125,1260.300048828125,1098.894287109375,763155
2017-11-28,1263.0,1272.949951171875,1262.4000244140625,1267.8499755859375,1105.4774169921875,975006
2017-11-29,1267.8499755859375,1281.0999755859375,1263.5,1276.1500244140625,1112.714599609375,819468
2017-11-30,1273.0,1276.1500244140625,1258.0,1272.449951171875,1109.4884033203125,2308732
2017-12-01,1272.449951171875,1278.75,1245.25,1250.5,1090.349609375,470360
2017-12-04,1256.6500244140625,1274.0,1241.199951171875,1268.5999755859375,1106.1314697265625,833814
2017-12-05,1274.0,1274.0,1255.0,1261.0,1099.504638671875,862459
2017-12-06,1258.25,1282.300048828125,1255.5999755859375,1275.5999755859375,1112.235107421875,1516859
2017-12-07,1277.199951171875,1298.8499755859375,1272.050048828125,1291.949951171875,1126.490966796875,1407824
2017-12-08,1296.4000244140625,1331.0,1291.300048828125,1326.6500244140625,1156.7470703125,1267860
2017-12-11,1329.0,1329.0,1311.6500244140625,1324.050048828125,1154.47998046875,597953
2017-12-12,1319.0999755859375,1324.0,1308.6500244140625,1314.6500244140625,1146.283935546875,873443
2017-12-13,1319.4000244140625,1337.0,1306.199951171875,1315.050048828125,1146.632568359375,917877
2017-12-14,1314.0,1326.8499755859375,1304.25,1321.5999755859375,1152.3436279296875,834383
2017-12-15,1328.300048828125,1335.0,1310.5999755859375,1324.550048828125,1154.916015625,1420357
2017-12-18,1320.0,1345.0,1300.949951171875,1331.75,1161.1939697265625,918171
2017-12-19,1333.0999755859375,1352.0,1326.5,1349.699951171875,1176.84521484375,1227087
2017-12-20,1346.199951171875,1367.949951171875,1333.5,1362.6500244140625,1188.1365966796875,1198943
2017-12-21,1365.0,1365.1500244140625,1345.0999755859375,1348.449951171875,1175.7550048828125,557871
2017-12-22,1341.300048828125,1359.5,1341.300048828125,1356.5,1182.7742919921875,561400
2017-12-26,1350.4000244140625,1353.9000244140625,1340.0,1348.0999755859375,1175.44970703125,913529
2017-12-27,1350.800048828125,1364.0,1342.6500244140625,1352.449951171875,1179.2427978515625,569851
2017-12-28,1358.0,1382.800048828125,1348.800048828125,1354.5,1181.0302734375,2608574
2017-12-29,1359.0,1374.9000244140625,1350.0,1367.8499755859375,1192.6705322265625,799006
2018-01-01,1367.0,1367.0,1340.050048828125,1344.5,1172.31103515625,746852
2018-01-02,1345.0,1349.800048828125,1328.550048828125,1338.5999755859375,1167.166748046875,695988
2018-01-03,1344.699951171875,1356.800048828125,1335.0,1350.3499755859375,1177.4117431640625,832810
2018-01-04,1350.0999755859375,1356.1500244140625,1341.449951171875,1352.25,1179.068603515625,640189
2018-01-05,1351.0,1362.949951171875,1348.25,1356.550048828125,1182.8179931640625,568451
2018-01-08,1348.5999755859375,1371.0,1348.5999755859375,1368.4000244140625,1193.1502685546875,801796
2018-01-09,1374.0,1375.9000244140625,1356.0,1361.300048828125,1186.9593505859375,708386
2018-01-10,1361.3499755859375,1370.0,1355.0,1365.800048828125,1190.883056640625,939525
2018-01-11,1357.0,1382.9000244140625,1357.0,1378.6500244140625,1202.0875244140625,629248
2018-01-12,1380.800048828125,1384.4000244140625,1357.0,1374.0,1198.03271484375,872539
2018-01-15,1375.5999755859375,1375.5999755859375,1364.0,1367.199951171875,1192.103759765625,1324592
2018-01-16,1369.300048828125,1389.5,1363.75,1382.0,1205.008056640625,896453
2018-01-17,1389.0,1391.0,1366.25,1371.199951171875,1195.5916748046875,1409691
2018-01-18,1400.0,1406.9000244140625,1350.5999755859375,1356.949951171875,1183.16650390625,2465412
2018-01-19,1370.4000244140625,1372.8499755859375,1350.050048828125,1362.449951171875,1187.962158203125,1491194
2018-01-22,1363.0,1365.0,1346.449951171875,1355.0999755859375,1181.5535888671875,1014403
2018-01-23,1360.699951171875,1372.3499755859375,1350.050048828125,1368.3499755859375,1193.1064453125,1284895
2018-01-24,1368.0,1372.0,1335.050048828125,1365.9000244140625,1190.97021484375,1819330
2018-01-25,1368.9000244140625,1378.0,1359.550048828125,1372.75,1196.943115234375,2125894
2018-01-29,1370.0,1400.0,1367.199951171875,1397.300048828125,1218.34912109375,1406390
2018-01-30,1397.300048828125,1410.0,1390.0999755859375,1400.25,1220.9210205078125,1310365
2018-01-31,1400.0,1400.0,1362.5999755859375,1369.3499755859375,1193.978515625,1491912
2018-02-01,1373.0,1384.800048828125,1351.0,1371.25,1195.635009765625,1563429
2018-02-02,1352.0,1377.9000244140625,1352.0,1372.199951171875,1196.463623046875,1699619
2018-02-05,1352.0999755859375,1361.449951171875,1341.25,1355.75,1182.1202392578125,1585136
2018-02-06,1300.0,1348.5,1299.0,1325.3499755859375,1155.613525390625,1540401
2018-02-07,1322.0,1330.0,1307.050048828125,1312.6500244140625,1144.5401611328125,1561287
2018-02-08,1325.699951171875,1337.550048828125,1305.25,1329.550048828125,1159.275634765625,1146084
2018-02-09,1319.0,1340.0,1311.800048828125,1333.050048828125,1162.32763671875,810004
2018-02-12,1340.0,1349.9000244140625,1333.1500244140625,1344.449951171875,1172.267333984375,1166428
2018-02-14,1349.800048828125,1353.199951171875,1332.0,1349.4000244140625,1176.58349609375,857401
2018-02-15,1353.0,1364.449951171875,1338.75,1358.1500244140625,1184.2130126953125,844856
2018-02-16,1364.0,1364.0,1348.0,1352.0999755859375,1178.9376220703125,1091144
2018-02-19,1359.0,1359.0,1328.800048828125,1335.9000244140625,1164.812255859375,495950
2018-02-20,1332.1500244140625,1343.3499755859375,1327.8499755859375,1331.800048828125,1161.2374267578125,688130
2018-02-21,1339.0,1339.0,1323.0,1330.5999755859375,1160.191162109375,1406451
2018-02-22,1330.0999755859375,1333.800048828125,1313.25,1326.449951171875,1156.5726318359375,2173259
2018-02-23,1326.5,1331.5999755859375,1320.199951171875,1323.1500244140625,1153.6951904296875,896708
2018-02-26,1316.25,1338.4000244140625,1316.25,1333.300048828125,1162.545166015625,1109668
2018-02-27,1340.0,1352.5,1334.0999755859375,1346.3499755859375,1173.9244384765625,1316559
2018-02-28,1338.4000244140625,1338.5,1311.0,1317.75,1148.986572265625,1862621
2018-03-01,1320.0,1329.0,1314.25,1324.25,1154.654296875,961945
2018-03-05,1320.0,1320.949951171875,1293.75,1299.75,1133.2919921875,842790
2018-03-06,1300.0,1307.9000244140625,1289.199951171875,1293.199951171875,1127.5809326171875,738512
2018-03-07,1293.050048828125,1307.5999755859375,1291.0999755859375,1293.8499755859375,1128.1478271484375,917890
2018-03-08,1300.0,1305.550048828125,1284.199951171875,1293.1500244140625,1127.5374755859375,739272
2018-03-09,1295.0,1303.0,1286.0999755859375,1300.75,1134.1639404296875,852176
2018-03-12,1305.0,1327.949951171875,1294.050048828125,1324.199951171875,1154.6109619140625,874857
2018-03-13,1324.9000244140625,1331.449951171875,1313.699951171875,1320.550048828125,1151.4283447265625,1067772
2018-03-14,1317.4000244140625,1325.0,1311.1500244140625,1316.9000244140625,1148.245849609375,760665
2018-03-15,1313.9000244140625,1320.0,1294.25,1299.949951171875,1133.46630859375,536838
2018-03-16,1303.0,1310.699951171875,1281.0999755859375,1299.1500244140625,1132.7689208984375,3646692
2018-03-19,1308.0,1318.199951171875,1303.25,1309.4000244140625,1141.7061767578125,1244199
2018-03-20,1306.0,1320.5,1306.0,1313.25,1145.06298828125,1249242
2018-03-21,1313.25,1323.0999755859375,1305.0,1315.5999755859375,1147.112060546875,1698614
2018-03-22,1312.5,1320.5,1309.050048828125,1311.8499755859375,1143.842529296875,950972
2018-03-23,1290.0,1314.0,1283.800048828125,1301.6500244140625,1134.94873046875,1301609
2018-03-26,1303.0,1329.9000244140625,1298.0,1324.300048828125,1154.6981201171875,1032138
2018-03-27,1339.0,1340.0,1321.1500244140625,1332.800048828125,1162.1094970703125,1040328
2018-03-28,1326.050048828125,1339.4000244140625,1322.199951171875,1333.3499755859375,1162.5892333984375,1337677
2018-04-02,1315.0,1360.550048828125,1315.0,1351.300048828125,1178.2403564453125,708747
2018-04-03,1347.0999755859375,1355.5,1338.6500244140625,1348.4000244140625,1175.711669921875,979726
2018-04-04,1348.0,1360.0,1339.550048828125,1357.449951171875,1183.6024169921875,912607
2018-04-05,1380.0,1383.800048828125,1362.699951171875,1382.199951171875,1205.1824951171875,588716
2018-04-06,1381.949951171875,1381.949951171875,1362.449951171875,1374.800048828125,1198.7303466796875,633937
2018-04-09,1367.949951171875,1396.4000244140625,1367.5,1391.5999755859375,1213.378662109375,923543
2018-04-10,1398.800048828125,1402.800048828125,1387.0,1391.5,1213.2921142578125,969036
2018-04-11,1393.0,1420.5,1385.550048828125,1409.1500244140625,1228.6812744140625,1015714
2018-04-12,1408.0,1416.0,1397.0999755859375,1412.75,1231.8201904296875,510556
2018-04-13,1412.0,1413.8499755859375,1399.199951171875,1410.550048828125,1229.9019775390625,534981
2018-04-16,1408.9000244140625,1423.199951171875,1404.8499755859375,1419.5,1237.7059326171875,325041
2018-04-17,1420.5,1450.5,1419.800048828125,1445.550048828125,1260.419677734375,1176082
2018-04-18,1450.5,1456.1500244140625,1440.0,1450.5,1264.7357177734375,765225
2018-04-19,1451.4000244140625,1467.9000244140625,1448.3499755859375,1454.199951171875,1267.961669921875,682820
2018-04-20,1442.0,1472.1500244140625,1441.199951171875,1467.800048828125,1279.820068359375,674146
2018-04-23,1471.0,1471.0,1450.0,1452.75,1266.6973876953125,395622
2018-04-24,1464.0,1469.75,1445.699951171875,1459.6500244140625,1272.7137451171875,1218174
2018-04-25,1459.0,1463.0,1449.050048828125,1459.199951171875,1272.3214111328125,504777
2018-04-26,1463.0,1498.5999755859375,1459.8499755859375,1491.25,1300.266845703125,1321586
2018-04-27,1491.25,1497.5,1469.9000244140625,1473.949951171875,1285.1822509765625,818770
2018-04-30,1475.0,1513.550048828125,1474.550048828125,1508.9000244140625,1315.656494140625,612159
2018-05-02,1512.0,1514.0,1464.6500244140625,1471.949951171875,1283.4383544921875,1047583
2018-05-03,1465.5999755859375,1468.949951171875,1441.5999755859375,1452.199951171875,1266.2178955078125,1243694
2018-05-04,1455.0,1471.0,1447.6500244140625,1464.199951171875,1276.6810302734375,586841
2018-05-07,1472.4000244140625,1502.0,1465.0,1497.9000244140625,1306.0650634765625,887065
2018-05-08,1494.0,1504.800048828125,1478.5,1496.050048828125,1304.4520263671875,906975
2018-05-09,1496.9000244140625,1511.0,1486.25,1496.0,1304.4085693359375,759263
2018-05-10,1494.0,1506.8499755859375,1480.0,1486.5,1296.125244140625,932116
2018-05-11,1489.0,1506.0,1485.0999755859375,1504.0999755859375,1311.47119140625,591179
2018-05-14,1515.0,1521.199951171875,1494.050048828125,1503.550048828125,1310.991943359375,1479249
2018-05-15,1530.0,1542.4000244140625,1510.5,1515.5,1321.411376953125,3239290
2018-05-16,1509.0,1582.4000244140625,1506.5999755859375,1574.0999755859375,1372.5064697265625,2420630
2018-05-17,1574.0999755859375,1596.4000244140625,1560.25,1569.800048828125,1368.7572021484375,2082393
2018-05-18,1563.300048828125,1612.5,1563.300048828125,1605.800048828125,1400.1468505859375,2041908
2018-05-21,1613.0,1619.4000244140625,1573.050048828125,1578.6500244140625,1376.473876953125,1510806
2018-05-22,1565.75,1588.949951171875,1558.199951171875,1574.300048828125,1372.6806640625,1137466
2018-05-23,1567.0,1586.300048828125,1561.0,1568.0999755859375,1367.274658203125,891664
2018-05-24,1570.0999755859375,1571.6500244140625,1550.050048828125,1561.0999755859375,1361.1708984375,915840
2018-05-25,1566.0,1591.25,1557.300048828125,1575.75,1373.945068359375,968884
2018-05-28,1585.0,1585.699951171875,1576.0,1582.8499755859375,1380.1357421875,563972
2018-05-29,1575.550048828125,1597.800048828125,1563.699951171875,1572.699951171875,1371.2857666015625,944652
2018-05-30,1569.5,1594.800048828125,1557.0,1585.800048828125,1382.707763671875,1089156
2018-05-31,1595.0,1617.6500244140625,1579.699951171875,1611.449951171875,1405.0731201171875,3315162
2018-06-01,1613.0,1624.4000244140625,1581.0999755859375,1588.8499755859375,1385.3673095703125,1444570
2018-06-04,1590.0,1590.0,1558.0,1563.199951171875,1363.002197265625,857157
2018-06-05,1564.0,1573.0,1547.050048828125,1562.800048828125,1362.6534423828125,1531015
2018-06-06,1561.0999755859375,1579.0,1557.449951171875,1571.1500244140625,1369.9339599609375,1085135
2018-06-07,1575.0,1606.699951171875,1575.0,1603.050048828125,1397.748291015625,1479204
2018-06-08,1599.9000244140625,1601.25,1581.5,1595.5999755859375,1391.2528076171875,760059
2018-06-11,1596.0,1617.0,1584.4000244140625,1601.4000244140625,1396.31005859375,905198
2018-06-12,1604.800048828125,1645.0,1590.4000244140625,1638.449951171875,1428.6148681640625,1707972
2018-06-13,1644.0,1644.75,1619.5,1621.199951171875,1413.5740966796875,845842
2018-06-14,1617.800048828125,1644.0,1598.300048828125,1609.5999755859375,1403.4599609375,1348038
2018-06-15,1590.0,1628.9000244140625,1590.0,1621.300048828125,1413.661376953125,2101892
2018-06-18,1629.949951171875,1639.0,1603.5,1608.550048828125,1402.54443359375,846403
2018-06-19,1603.5999755859375,1612.0,1589.699951171875,1601.0,1395.961181640625,1118708
2018-06-20,1597.0,1617.5999755859375,1597.0,1602.4000244140625,1397.1820068359375,1535703
2018-06-21,1594.0,1610.5,1588.0,1593.449951171875,1399.861328125,1185462
2018-06-22,1592.0,1610.699951171875,1581.0,1608.0999755859375,1412.7314453125,1098709
2018-06-25,1616.0,1629.0,1607.4000244140625,1615.1500244140625,1418.9251708984375,1082199
2018-06-26,1615.0,1630.800048828125,1614.25,1621.75,1424.7232666015625,759142
2018-06-27,1629.0,1656.6500244140625,1598.3499755859375,1609.300048828125,1413.785888671875,2251405
2018-06-28,1610.0,1620.5,1596.0,1602.75,1408.0316162109375,1177218
2018-06-29,1605.449951171875,1645.0,1605.449951171875,1641.1500244140625,1441.7662353515625,1722592
2018-07-02,1640.9000244140625,1647.75,1625.050048828125,1643.449951171875,1443.7867431640625,1099574
2018-07-03,1645.0,1661.0999755859375,1635.0,1643.5,1443.830810546875,1381265
2018-07-04,1642.0,1682.4000244140625,1639.6500244140625,1676.0,1472.3824462890625,1244751
2018-07-05,1679.0,1692.3499755859375,1668.4000244140625,1688.0,1482.924560546875,1449303
2018-07-06,1689.0,1697.6500244140625,1672.4000244140625,1678.300048828125,1474.403076171875,1458899
2018-07-09,1682.0,1696.0,1674.0,1691.9000244140625,1486.350830078125,773248
2018-07-10,1693.25,1698.8499755859375,1678.0999755859375,1687.0,1482.0460205078125,1093651
2018-07-11,1685.0,1721.0,1679.050048828125,1718.1500244140625,1509.4114990234375,1158397
2018-07-12,1720.0,1749.4000244140625,1718.25,1742.3499755859375,1530.6715087890625,1471465
2018-07-13,1742.0,1750.050048828125,1724.0,1742.6500244140625,1530.9349365234375,976456
2018-07-16,1749.800048828125,1779.0,1743.8499755859375,1751.25,1538.490234375,2218046
2018-07-17,1767.0,1780.0,1678.199951171875,1681.699951171875,1477.389892578125,6188478
2018-07-18,1693.0,1699.699951171875,1627.0,1643.75,1444.0504150390625,2372869
2018-07-19,1651.9000244140625,1670.0,1643.6500244140625,1647.449951171875,1447.30078125,1457149
2018-07-20,1655.9000244140625,1671.449951171875,1628.800048828125,1655.8499755859375,1454.6802978515625,1734748
2018-07-23,1668.949951171875,1702.949951171875,1660.550048828125,1689.6500244140625,1484.3741455078125,1382893
2018-07-24,1700.0,1709.699951171875,1662.449951171875,1667.9000244140625,1465.2666015625,1084438
2018-07-25,1671.0,1679.449951171875,1638.25,1652.949951171875,1452.1326904296875,1526620
2018-07-26,1655.0,1679.6500244140625,1645.050048828125,1669.949951171875,1467.067138671875,2088548
2018-07-27,1670.0,1674.800048828125,1641.449951171875,1659.0,1457.44775390625,1030665
2018-07-30,1666.25,1692.0,1651.0,1688.699951171875,1483.539306640625,1237254
2018-07-31,1690.0,1737.449951171875,1681.699951171875,1731.6500244140625,1521.271728515625,1877744
2018-08-01,1732.949951171875,1743.0,1718.5999755859375,1734.300048828125,1523.5997314453125,1191134
2018-08-02,1742.25,1759.75,1739.0,1748.5,1536.07421875,1127209
2018-08-03,1754.0,1767.3499755859375,1746.9000244140625,1763.0,1548.8126220703125,758933
2018-08-06,1760.0,1760.0,1715.050048828125,1730.300048828125,1520.0855712890625,1629015
2018-08-07,1730.800048828125,1742.0,1724.0,1730.050048828125,1519.865966796875,863577
2018-08-08,1728.0,1763.0,1721.3499755859375,1757.1500244140625,1543.673583984375,1423256
2018-08-09,1761.5,1765.0,1738.199951171875,1754.199951171875,1541.08203125,939345
2018-08-10,1750.0,1763.5999755859375,1741.5,1752.699951171875,1539.76416015625,730724
2018-08-13,1739.0,1756.5,1725.75,1728.8499755859375,1518.8116455078125,691024
2018-08-14,1729.0,1759.300048828125,1729.0,1744.25,1532.34033203125,850399
2018-08-16,1741.0,1751.949951171875,1730.5999755859375,1737.4000244140625,1526.322998046875,638454
2018-08-17,1741.0999755859375,1788.5999755859375,1731.75,1784.75,1567.92041015625,1420289
2018-08-20,1790.0,1808.6500244140625,1773.199951171875,1777.0,1561.1119384765625,924623
2018-08-21,1777.0,1777.0,1750.0,1752.5,1539.58837890625,1169476
2018-08-23,1764.949951171875,1783.5,1757.5,1772.800048828125,1557.4222412109375,1375102
2018-08-24,1773.25,1789.0,1762.25,1780.949951171875,1564.581787109375,866648
2018-08-27,1791.0,1798.0,1778.699951171875,1792.300048828125,1574.5531005859375,627163
2018-08-28,1789.0,1790.949951171875,1767.8499755859375,1771.199951171875,1556.0164794921875,991764
2018-08-29,1775.0,1779.4000244140625,1751.25,1755.8499755859375,1542.531494140625,777922
2018-08-30,1755.0,1779.800048828125,1755.0,1772.8499755859375,1557.46630859375,1586926
2018-08-31,1777.0,1789.949951171875,1765.0,1780.0999755859375,1563.8355712890625,1335542
2018-09-03,1791.5,1791.5,1695.8499755859375,1699.0999755859375,1492.67578125,1744229
2018-09-04,1697.0,1697.949951171875,1623.8499755859375,1651.199951171875,1450.595458984375,3852609
2018-09-05,1643.0,1647.550048828125,1596.0,1611.699951171875,1415.8941650390625,2693195
2018-09-06,1623.449951171875,1636.5,1598.6500244140625,1608.5999755859375,1413.1707763671875,2008264
2018-09-07,1611.9000244140625,1644.699951171875,1601.0,1638.75,1439.6578369140625,1571003
2018-09-10,1632.699951171875,1640.4000244140625,1604.0,1610.300048828125,1414.6640625,1423511
2018-09-11,1613.0,1624.0,1576.050048828125,1590.6500244140625,1397.4014892578125,2381214
2018-09-12,1599.949951171875,1636.9000244140625,1587.5,1626.8499755859375,1429.2037353515625,1789295
2018-09-14,1637.9000244140625,1649.0,1612.5,1629.300048828125,1431.3560791015625,1920969
2018-09-17,1620.0,1626.0,1595.0,1605.449951171875,1410.4033203125,904395
2018-09-18,1622.0,1670.949951171875,1618.0,1664.949951171875,1462.6748046875,2932792
2018-09-19,1671.0,1678.5,1637.1500244140625,1647.0999755859375,1446.9931640625,1589108
2018-09-21,1651.0,1656.9000244140625,1606.300048828125,1621.300048828125,1424.3280029296875,3032792
2018-09-24,1622.050048828125,1639.5,1564.0999755859375,1590.449951171875,1397.2255859375,1817390
2018-09-25,1600.0,1640.0,1577.050048828125,1630.8499755859375,1432.7176513671875,1229970
2018-09-26,1644.4000244140625,1649.0,1598.0,1610.75,1415.0595703125,980726
2018-09-27,1610.0,1625.0,1603.199951171875,1620.0999755859375,1423.273681640625,1572603
2018-09-28,1620.0999755859375,1627.300048828125,1600.050048828125,1608.4000244140625,1412.9951171875,1735076
2018-10-01,1606.5,1652.4000244140625,1601.5999755859375,1642.300048828125,1442.776611328125,1721675
2018-10-03,1642.0,1642.050048828125,1606.6500244140625,1618.8499755859375,1422.1756591796875,1213562
2018-10-04,1600.0,1602.800048828125,1562.0999755859375,1573.949951171875,1382.73046875,1544573
2018-10-05,1559.5,1574.8499755859375,1528.5999755859375,1558.550048828125,1369.2015380859375,1638027
2018-10-08,1551.0,1570.4000244140625,1537.0999755859375,1559.3499755859375,1369.904296875,1998863
2018-10-09,1563.0,1570.0,1492.5,1512.449951171875,1328.701904296875,1562134
2018-10-10,1512.5,1543.199951171875,1490.550048828125,1527.6500244140625,1342.055419921875,2294071
2018-10-11,1490.0,1540.0,1477.199951171875,1526.0999755859375,1340.6937255859375,1823960
2018-10-12,1555.5,1577.5,1540.0999755859375,1569.5999755859375,1378.9090576171875,1728063
2018-10-15,1549.699951171875,1592.949951171875,1500.0,1526.300048828125,1340.86962890625,3913322
2018-10-16,1535.699951171875,1557.550048828125,1526.5,1546.199951171875,1358.3519287109375,1374834
2018-10-17,1558.0999755859375,1577.800048828125,1546.050048828125,1562.0,1372.232421875,1223188
2018-10-19,1551.199951171875,1585.75,1543.050048828125,1578.4000244140625,1386.639404296875,932433
2018-10-22,1588.0,1590.0,1566.5999755859375,1584.9000244140625,1392.35009765625,614209
2018-10-23,1575.550048828125,1582.0,1547.5,1552.050048828125,1363.490966796875,989355
2018-10-24,1562.0,1591.0,1552.4000244140625,1585.949951171875,1393.2725830078125,690618
2018-10-25,1574.0,1591.75,1552.6500244140625,1571.550048828125,1388.5015869140625,2397242
2018-10-26,1567.0999755859375,1579.5,1549.949951171875,1558.25,1376.7503662109375,1049382
2018-10-29,1559.449951171875,1559.449951171875,1522.0,1552.9000244140625,1372.02392578125,1478828
2018-10-30,1553.9000244140625,1603.5999755859375,1542.449951171875,1593.050048828125,1407.4971923828125,1366068
2018-10-31,1593.0,1624.0,1561.949951171875,1621.699951171875,1432.810302734375,1478902
2018-11-01,1624.5,1624.5,1583.550048828125,1607.6500244140625,1420.39697265625,1037308
2018-11-02,1610.699951171875,1648.199951171875,1608.25,1638.449951171875,1447.6094970703125,1332970
2018-11-05,1635.0,1647.0,1610.0,1640.050048828125,1449.0230712890625,764645
2018-11-06,1650.0,1654.0,1620.0999755859375,1631.949951171875,1441.866455078125,656676
2018-11-07,1640.0,1646.949951171875,1634.4000244140625,1643.8499755859375,1452.38037109375,114827
2018-11-09,1650.0,1680.0,1638.300048828125,1672.5999755859375,1477.781494140625,1125863
2018-11-12,1672.0,1681.949951171875,1649.199951171875,1654.300048828125,1461.613037109375,805817
2018-11-13,1644.0999755859375,1678.5999755859375,1636.550048828125,1671.0999755859375,1476.4561767578125,673435
2018-11-14,1672.0,1739.5,1668.050048828125,1715.5,1515.6846923828125,1780843
2018-11-15,1717.75,1728.4000244140625,1696.6500244140625,1706.050048828125,1507.335693359375,997169
2018-11-16,1704.9000244140625,1718.0,1683.300048828125,1689.0999755859375,1492.3594970703125,1071547
2018-11-19,1693.300048828125,1707.0,1677.0,1701.4000244140625,1503.22705078125,910054
2018-11-20,1701.0,1709.9000244140625,1685.050048828125,1694.0,1496.6890869140625,740827
2018-11-21,1690.050048828125,1706.0,1678.699951171875,1689.949951171875,1493.11083984375,932133
2018-11-22,1692.9000244140625,1703.699951171875,1663.0,1675.0999755859375,1479.99072265625,808599
2018-11-26,1678.0999755859375,1750.0,1678.0999755859375,1744.0,1540.865234375,2314140
2018-11-27,1738.9000244140625,1741.5,1709.25,1733.300048828125,1531.4117431640625,1592918
2018-11-28,1731.0,1748.0,1716.75,1732.199951171875,1530.4393310546875,1205956
2018-11-29,1745.9000244140625,1780.0,1737.5,1768.5,1562.51171875,1936534
2018-11-30,1770.949951171875,1798.300048828125,1742.25,1754.0,1549.70068359375,2373749
2018-12-03,1769.5,1838.300048828125,1748.050048828125,1825.5999755859375,1612.9608154296875,4310053
2018-12-04,1835.0,1848.949951171875,1801.0,1807.6500244140625,1597.1014404296875,3155914
2018-12-05,1803.0,1854.800048828125,1788.0,1848.0999755859375,1632.8399658203125,2847336
2018-12-06,1840.0,1847.0,1797.6500244140625,1801.5,1591.6678466796875,2399579
2018-12-07,1801.300048828125,1832.75,1792.0999755859375,1824.300048828125,1611.8121337890625,1774240
2018-12-10,1796.800048828125,1815.0,1790.0,1795.800048828125,1586.6319580078125,1216028
2018-12-11,1781.0,1819.9000244140625,1770.0999755859375,1794.9000244140625,1585.8365478515625,2237806
2018-12-12,1796.0,1845.050048828125,1795.949951171875,1839.0999755859375,1624.888427734375,1449484
2018-12-13,1848.0,1867.449951171875,1837.050048828125,1855.550048828125,1639.42236328125,1586900
2018-12-14,1837.0,1865.8499755859375,1832.75,1860.550048828125,1643.83984375,1573884
2018-12-17,1865.0,1869.5,1845.050048828125,1850.699951171875,1635.136962890625,1179613
2018-12-18,1848.9000244140625,1848.9000244140625,1833.0,1840.75,1626.345703125,1521255
2018-12-19,1849.949951171875,1858.0,1842.0,1844.800048828125,1629.92431640625,1687085
2018-12-20,1839.0,1854.9000244140625,1821.0,1834.25,1620.603271484375,1500656
2018-12-21,1833.0,1842.5999755859375,1800.0,1803.5,1593.434814453125,1439522
2018-12-24,1814.0,1814.0,1777.550048828125,1784.6500244140625,1576.7803955078125,1023418
2018-12-26,1760.0,1798.6500244140625,1741.25,1791.5999755859375,1582.9210205078125,2212019
2018-12-27,1802.699951171875,1823.0,1793.1500244140625,1814.9000244140625,1603.5072021484375,1516851
2018-12-28,1817.9000244140625,1834.9000244140625,1815.699951171875,1822.050048828125,1609.8243408203125,963189
2018-12-31,1830.0,1836.9000244140625,1811.25,1819.6500244140625,1607.7037353515625,757071
2019-01-01,1824.800048828125,1824.800048828125,1798.3499755859375,1801.0999755859375,1591.314453125,807345
2019-01-02,1792.4000244140625,1808.8499755859375,1771.300048828125,1784.5999755859375,1576.7364501953125,1598707
2019-01-03,1782.5999755859375,1803.449951171875,1782.5999755859375,1788.4000244140625,1580.0938720703125,1182624
2019-01-04,1798.9000244140625,1802.0,1772.1500244140625,1781.699951171875,1574.1739501953125,1454134
2019-01-07,1791.5,1804.0,1782.449951171875,1784.949951171875,1577.045654296875,909032
2019-01-08,1792.0,1793.5,1761.0999755859375,1770.8499755859375,1564.5877685546875,1262707
2019-01-09,1777.5,1797.0,1773.4000244140625,1785.0,1577.0897216796875,1324628
2019-01-10,1785.0,1799.0999755859375,1779.0,1786.199951171875,1578.14990234375,1313981
2019-01-11,1795.0,1795.4000244140625,1758.550048828125,1769.4000244140625,1563.3067626953125,1113837
2019-01-14,1771.0,1780.75,1760.0999755859375,1763.9000244140625,1558.4473876953125,1018068
2019-01-15,1767.4000244140625,1793.4000244140625,1767.4000244140625,1789.8499755859375,1581.3746337890625,1614600
2019-01-16,1790.0,1794.800048828125,1766.800048828125,1772.550048828125,1566.0899658203125,2054033
2019-01-17,1776.9000244140625,1779.25,1742.5,1751.5,1547.491943359375,1941204
2019-01-18,1750.0,1768.8499755859375,1727.300048828125,1744.0999755859375,1540.9537353515625,3234056
2019-01-21,1749.0,1758.0,1736.050048828125,1746.9000244140625,1543.4273681640625,1628067
2019-01-22,1746.0,1755.0,1741.25,1750.199951171875,1546.343017578125,1776472
2019-01-23,1752.0,1784.050048828125,1749.4000244140625,1767.199951171875,1561.3631591796875,2321782
2019-01-24,1766.800048828125,1784.050048828125,1756.699951171875,1759.5,1554.5599365234375,1350870
2019-01-25,1762.0,1778.75,1750.0,1756.800048828125,1552.1744384765625,1131790
2019-01-28,1758.9000244140625,1771.550048828125,1740.1500244140625,1743.0,1539.9818115234375,1289774
2019-01-29,1745.0,1763.8499755859375,1726.0999755859375,1756.699951171875,1552.0858154296875,1319822
2019-01-30,1760.0,1760.75,1728.0999755859375,1733.3499755859375,1531.45556640625,1259978
2019-01-31,1735.9000244140625,1774.9000244140625,1735.25,1763.25,1557.8731689453125,1880257
2019-02-01,1763.25,1832.5,1761.449951171875,1799.300048828125,1589.7242431640625,2342251
2019-02-04,1799.9000244140625,1823.0,1794.699951171875,1802.5999755859375,1592.639892578125,1116390
2019-02-05,1805.0,1834.949951171875,1804.949951171875,1821.449951171875,1609.2939453125,1278708
2019-02-06,1828.4000244140625,1836.449951171875,1820.0,1829.949951171875,1616.80419921875,859789
2019-02-07,1834.0,1845.0,1828.3499755859375,1839.050048828125,1624.84423828125,927434
2019-02-08,1839.0999755859375,1847.0,1811.0,1817.300048828125,1605.627685546875,1222765
2019-02-11,1811.050048828125,1815.4000244140625,1795.75,1804.800048828125,1594.583740234375,797453
2019-02-12,1810.0,1812.0,1789.0,1794.5,1585.4832763671875,990035
2019-02-14,1796.0,1798.5,1777.0,1785.050048828125,1577.1339111328125,1341658
2019-02-15,1790.0,1790.0,1747.5,1772.800048828125,1566.310546875,1177218
2019-02-18,1775.0999755859375,1775.0999755859375,1735.0,1751.9000244140625,1547.84521484375,1513430
2019-02-19,1750.0,1759.5999755859375,1730.449951171875,1737.949951171875,1535.51953125,1598381
2019-02-20,1742.699951171875,1745.949951171875,1722.0,1733.5,1531.5882568359375,1430235
2019-02-21,1737.0,1758.0,1736.3499755859375,1754.699951171875,1550.319091796875,1225418
2019-02-22,1760.0,1773.0,1751.949951171875,1768.550048828125,1562.5556640625,1360163
2019-02-25,1772.0,1775.800048828125,1759.0,1770.1500244140625,1563.96923828125,1490746
2019-02-26,1763.4000244140625,1785.9000244140625,1762.0,1772.25,1565.82470703125,2190515
2019-02-27,1779.0,1779.0,1728.550048828125,1736.5,1534.23876953125,1491740
2019-02-28,1749.0,1756.6500244140625,1727.5999755859375,1732.6500244140625,1530.83740234375,1895136
2019-03-01,1735.0,1749.0,1731.050048828125,1734.6500244140625,1532.6041259765625,761115
2019-03-05,1739.800048828125,1739.800048828125,1717.5,1724.5999755859375,1523.724853515625,1406843
2019-03-06,1726.0999755859375,1730.0,1697.949951171875,1699.800048828125,1501.813720703125,2193045
2019-03-07,1706.3499755859375,1720.0,1699.800048828125,1705.4000244140625,1506.7611083984375,1566441
2019-03-08,1706.0,1718.0,1695.0999755859375,1701.5999755859375,1503.4036865234375,1419614
2019-03-11,1708.75,1726.0,1703.0,1714.949951171875,1515.198974609375,1427771
2019-03-12,1718.9000244140625,1739.0,1718.800048828125,1734.800048828125,1532.7369384765625,1861116
2019-03-13,1749.0,1755.5,1741.0999755859375,1747.5999755859375,1544.0458984375,1744331
2019-03-14,1750.75,1751.699951171875,1730.199951171875,1737.300048828125,1534.946044921875,867427
2019-03-15,1745.0,1746.5,1694.449951171875,1698.4000244140625,1500.5765380859375,3571762
2019-03-18,1710.0,1710.949951171875,1686.9000244140625,1697.550048828125,1499.82568359375,1621113
2019-03-19,1697.5999755859375,1709.4000244140625,1688.199951171875,1699.6500244140625,1501.680908203125,1456211
2019-03-20,1705.0,1716.5,1683.449951171875,1687.550048828125,1490.9903564453125,2312268
2019-03-22,1687.550048828125,1703.8499755859375,1673.699951171875,1678.050048828125,1482.5968017578125,1636228
2019-03-25,1674.0,1687.5,1660.0,1673.8499755859375,1478.88623046875,2039945
2019-03-26,1679.9000244140625,1691.550048828125,1674.0,1683.800048828125,1487.6771240234375,1452899
2019-03-27,1684.0,1707.800048828125,1675.0,1680.800048828125,1485.026611328125,1520533
2019-03-28,1685.0,1692.0,1673.4000244140625,1683.9000244140625,1487.765380859375,1852958
2019-04-01,1710.0,1721.3499755859375,1686.0,1690.0,1493.1549072265625,1283162
2019-04-02,1693.1500244140625,1697.0,1680.0999755859375,1687.1500244140625,1490.6368408203125,1227869
2019-04-03,1682.0,1686.5999755859375,1668.6500244140625,1670.800048828125,1476.19140625,1233102
2019-04-04,1668.0,1686.5999755859375,1658.0,1666.550048828125,1472.4361572265625,1212398
2019-04-05,1670.0,1671.5,1650.0,1659.0999755859375,1465.8541259765625,1468074
2019-04-08,1664.9000244140625,1679.75,1656.9000244140625,1664.9000244140625,1470.978759765625,1647502
2019-04-09,1668.800048828125,1683.9000244140625,1662.25,1680.5,1484.7613525390625,1232434
2019-04-10,1684.699951171875,1704.6500244140625,1675.0,1694.1500244140625,1496.8216552734375,1720236
2019-04-11,1703.0,1716.5,1698.050048828125,1710.4000244140625,1511.178955078125,2026954
2019-04-12,1716.4000244140625,1724.699951171875,1710.199951171875,1721.6500244140625,1521.118408203125,1437818
2019-04-15,1725.0,1731.199951171875,1713.0999755859375,1722.050048828125,1521.471923828125,1035378
2019-04-16,1726.0,1742.0,1716.1500244140625,1738.550048828125,1536.0499267578125,1625738
2019-04-18,1738.550048828125,1744.0999755859375,1729.25,1739.9000244140625,1537.2427978515625,1475552
2019-04-22,1740.0,1745.0,1730.0999755859375,1739.8499755859375,1537.1986083984375,717781
2019-04-23,1742.0,1748.0,1733.0999755859375,1744.199951171875,1541.0421142578125,802947
2019-04-24,1744.5999755859375,1755.0,1735.0,1752.5999755859375,1548.4632568359375,1169461
2019-04-25,1756.0,1762.5999755859375,1727.199951171875,1734.199951171875,1532.2069091796875,1704890
2019-04-26,1738.0,1750.800048828125,1726.1500244140625,1747.3499755859375,1543.8250732421875,772993
2019-04-30,1750.0,1762.0,1744.949951171875,1757.699951171875,1552.969482421875,1171594
2019-05-02,1756.5,1762.5,1720.25,1723.550048828125,1522.79736328125,793819
2019-05-03,1720.0,1727.0,1682.0,1693.550048828125,1496.2916259765625,1442888
2019-05-06,1687.0,1687.0,1656.0,1668.9000244140625,1474.5125732421875,2373878
2019-05-07,1678.800048828125,1710.9000244140625,1672.5,1697.5,1499.78125,2212617
2019-05-08,1697.5,1697.5,1675.0,1688.699951171875,1492.00634765625,1243338
2019-05-09,1680.0999755859375,1713.0,1677.0,1703.75,1505.30322265625,1204995
2019-05-10,1708.949951171875,1709.0,1678.5,1687.449951171875,1490.9019775390625,1000696
2019-05-13,1692.0,1717.0,1688.699951171875,1702.0,1503.7572021484375,1160287
2019-05-14,1700.0,1710.0,1680.199951171875,1698.5,1500.6649169921875,1442817
2019-05-15,1700.0,1703.0,1666.949951171875,1671.050048828125,1476.4119873046875,1235429
2019-05-16,1674.699951171875,1700.0,1672.199951171875,1688.199951171875,1491.5643310546875,714690
2019-05-17,1690.0999755859375,1742.199951171875,1685.199951171875,1736.800048828125,1534.5037841796875,1502484
2019-05-20,1760.0,1776.6500244140625,1734.8499755859375,1772.5,1566.0455322265625,1279236
2019-05-21,1772.9000244140625,1797.449951171875,1772.9000244140625,1785.25,1577.3106689453125,1337466
2019-05-22,1785.0,1785.0,1747.3499755859375,1768.300048828125,1562.3348388671875,1162653
2019-05-23,1785.949951171875,1804.9000244140625,1745.0,1753.8499755859375,1549.5677490234375,1551172
2019-05-24,1754.0,1759.800048828125,1727.0999755859375,1749.5999755859375,1545.812744140625,1603085
2019-05-27,1749.0,1775.949951171875,1736.0,1771.949951171875,1565.5599365234375,1373845
2019-05-28,1775.0,1786.0,1754.5,1776.9000244140625,1569.933349609375,2863139
2019-05-29,1775.0,1789.3499755859375,1770.4000244140625,1780.8499755859375,1573.4229736328125,899619
2019-05-30,1788.0,1792.0,1781.0,1784.25,1576.427001953125,1038433
2019-05-31,1786.699951171875,1802.6500244140625,1764.0,1788.5,1580.181884765625,1329926
2019-06-03,1794.0,1845.0,1792.0,1839.699951171875,1625.418212890625,1415582
2019-06-04,1831.0,1845.5,1807.0999755859375,1815.5999755859375,1604.1258544921875,842283
2019-06-06,1822.1500244140625,1849.9000244140625,1812.0999755859375,1837.75,1623.6953125,1626007
2019-06-07,1833.0,1844.75,1815.0,1830.75,1617.5108642578125,698970
2019-06-10,1839.800048828125,1864.949951171875,1835.0,1852.5,1636.7275390625,814577
2019-06-11,1855.0999755859375,1856.800048828125,1832.0999755859375,1839.800048828125,1625.507080078125,591026
2019-06-12,1838.0,1853.25,1822.050048828125,1847.0999755859375,1631.956298828125,709916
2019-06-13,1847.050048828125,1848.699951171875,1823.050048828125,1845.5,1630.5428466796875,697830
2019-06-14,1843.0,1853.25,1816.3499755859375,1822.949951171875,1610.619384765625,632971
2019-06-17,1831.9000244140625,1831.9000244140625,1804.5999755859375,1818.050048828125,1606.2900390625,669276
2019-06-18,1810.5,1818.1500244140625,1793.0,1809.5999755859375,1598.82421875,995083
2019-06-19,1816.800048828125,1824.949951171875,1802.0,1811.699951171875,1600.6798095703125,600455
2019-06-20,1799.0,1809.449951171875,1791.5,1805.050048828125,1606.3309326171875,603514
2019-06-21,1810.0,1812.0,1760.300048828125,1766.6500244140625,1572.158203125,2512357
2019-06-24,1769.0,1777.5999755859375,1756.699951171875,1764.449951171875,1570.200439453125,762144
2019-06-25,1769.699951171875,1769.699951171875,1745.0,1756.449951171875,1563.0809326171875,941132
2019-06-26,1753.0,1765.0,1746.4000244140625,1761.0,1567.1300048828125,1075017
2019-06-27,1768.0,1787.550048828125,1760.25,1774.4000244140625,1579.054931640625,1235049
2019-06-28,1777.25,1790.6500244140625,1762.75,1787.5999755859375,1590.8018798828125,1008229
2019-07-01,1798.9000244140625,1798.9000244140625,1772.6500244140625,1780.199951171875,1584.2161865234375,553283
2019-07-02,1784.0,1798.0,1770.0,1789.199951171875,1592.2254638671875,763979
2019-07-03,1793.0,1796.8499755859375,1776.9000244140625,1784.699951171875,1588.2210693359375,815571
2019-07-04,1780.550048828125,1798.699951171875,1780.550048828125,1793.5999755859375,1596.141357421875,646633
2019-07-05,1800.0,1816.0,1786.0,1791.4000244140625,1594.183349609375,1098940
2019-07-08,1784.75,1784.75,1748.699951171875,1753.550048828125,1560.5006103515625,776755
2019-07-09,1752.0,1756.0,1724.0999755859375,1740.25,1548.66455078125,1462668
2019-07-10,1739.0,1754.9000244140625,1703.0999755859375,1718.5999755859375,1529.3980712890625,648476
2019-07-11,1708.0,1742.6500244140625,1708.0,1730.9000244140625,1540.343994140625,813618
2019-07-12,1726.800048828125,1738.25,1708.25,1713.199951171875,1524.59228515625,1107445
2019-07-15,1715.0,1724.699951171875,1702.0,1716.949951171875,1527.9296875,725180
2019-07-16,1723.5,1750.5999755859375,1712.75,1741.300048828125,1549.598876953125,1259786
2019-07-17,1740.0,1765.550048828125,1725.8499755859375,1760.699951171875,1566.863037109375,1278232
2019-07-18,1766.0,1766.0,1709.0,1739.1500244140625,1547.685546875,1006299
2019-07-19,1748.0,1761.949951171875,1709.1500244140625,1720.4000244140625,1531.0,983217
2019-07-22,1722.300048828125,1724.699951171875,1659.050048828125,1680.699951171875,1495.67041015625,1729722
2019-07-23,1683.0,1701.550048828125,1667.300048828125,1693.3499755859375,1506.927734375,1556691
2019-07-24,1685.0,1732.0,1678.5999755859375,1728.6500244140625,1538.341796875,2621818
2019-07-25,1730.0,1749.9000244140625,1728.0,1736.6500244140625,1545.4609375,1297267
2019-07-26,1731.0999755859375,1742.0,1719.300048828125,1730.6500244140625,1540.121337890625,771408
2019-07-29,1729.0,1739.800048828125,1700.0,1713.300048828125,1524.6815185546875,688427
2019-07-30,1715.0,1734.3499755859375,1705.0,1719.9000244140625,1530.554931640625,747251
2019-07-31,1719.0,1753.050048828125,1701.050048828125,1726.6500244140625,1536.5618896484375,1371879
2019-08-01,1721.0,1744.699951171875,1710.0,1731.300048828125,1540.69970703125,1072498
2019-08-02,1722.199951171875,1742.0,1706.0,1737.449951171875,1546.1728515625,1051529
2019-08-05,1727.9000244140625,1753.449951171875,1707.699951171875,1741.199951171875,1549.510009765625,1539739
2019-08-06,1731.5,1760.0,1727.550048828125,1744.0999755859375,1552.0908203125,1409075
2019-08-07,1744.0999755859375,1786.9000244140625,1740.0,1777.25,1581.59130859375,2507314
2019-08-08,1780.5,1807.0,1780.5,1803.0999755859375,1604.595458984375,1761732
2019-08-09,1805.0,1846.6500244140625,1800.9000244140625,1841.3499755859375,1638.634521484375,1730596
2019-08-13,1838.0,1838.0,1802.1500244140625,1824.75,1623.8619384765625,1907934
2019-08-14,1826.0,1854.1500244140625,1808.699951171875,1839.050048828125,1636.5877685546875,1910376
2019-08-16,1838.0,1847.550048828125,1816.050048828125,1828.6500244140625,1627.3323974609375,1468390
2019-08-19,1830.1500244140625,1845.0,1811.0,1820.9000244140625,1620.4359130859375,905742
2019-08-20,1822.0,1849.699951171875,1813.0,1843.4000244140625,1640.458740234375,1231835
2019-08-21,1842.9000244140625,1855.75,1836.0,1850.0,1646.3321533203125,1933855
2019-08-22,1850.449951171875,1880.0,1841.9000244140625,1872.0999755859375,1665.9990234375,2543055
2019-08-23,1874.75,1877.3499755859375,1850.6500244140625,1860.0,1655.2313232421875,1278546
2019-08-26,1867.5,1883.699951171875,1850.0,1876.550048828125,1669.959228515625,855849
2019-08-27,1884.0,1889.0,1841.949951171875,1861.4000244140625,1656.47705078125,2510386
2019-08-28,1835.0,1848.4000244140625,1812.5,1828.0999755859375,1626.8431396484375,2519453
2019-08-29,1817.0,1843.6500244140625,1814.0999755859375,1832.949951171875,1631.1590576171875,2837369
2019-08-30,1834.199951171875,1886.4000244140625,1827.1500244140625,1881.9000244140625,1674.72021484375,1766858
2019-09-03,1863.0,1875.800048828125,1835.0,1841.8499755859375,1639.0792236328125,1195923
2019-09-04,1847.0,1859.050048828125,1817.300048828125,1846.5999755859375,1643.3065185546875,1147464
2019-09-05,1842.0,1843.949951171875,1818.1500244140625,1829.75,1628.3115234375,1059065
2019-09-06,1831.0,1843.3499755859375,1814.199951171875,1819.1500244140625,1618.8785400390625,631575
2019-09-09,1819.0,1858.0,1815.4000244140625,1834.050048828125,1632.1380615234375,1175372
2019-09-11,1831.0,1847.550048828125,1817.300048828125,1824.300048828125,1623.46142578125,1055039
2019-09-12,1826.0,1833.5999755859375,1798.5,1805.4000244140625,1606.642333984375,862635
2019-09-13,1806.0,1825.0,1793.5999755859375,1805.550048828125,1606.775634765625,1299932
2019-09-16,1801.0,1824.75,1800.0,1816.300048828125,1616.34228515625,945889
2019-09-17,1814.75,1842.0,1812.0,1831.199951171875,1629.6016845703125,1424258
2019-09-18,1839.5,1843.949951171875,1818.6500244140625,1829.199951171875,1627.822021484375,751391
2019-09-19,1830.0,1843.5999755859375,1808.25,1812.75,1613.1829833984375,644684
2019-09-20,1823.0,1992.0,1810.25,1969.75,1752.8988037109375,4539742
2019-09-23,1984.0,2100.64990234375,1984.0,2039.75,1815.1925048828125,3783357
2019-09-24,2045.0,2067.89990234375,2009.0999755859375,2050.449951171875,1824.71435546875,1784798
2019-09-25,2041.0,2062.449951171875,2011.8499755859375,2051.5,1825.6488037109375,1874109
2019-09-26,2055.0,2075.0,2016.949951171875,2034.4000244140625,1810.4312744140625,3907951
2019-09-27,2026.0,2044.6500244140625,2005.5,2010.9000244140625,1789.5184326171875,1458672
2019-09-30,2007.9000244140625,2017.9000244140625,1971.4000244140625,1981.949951171875,1763.75537109375,2169407
2019-10-01,1989.0,2019.9000244140625,1983.0,1990.300048828125,1771.1864013671875,1080409
2019-10-03,1984.75,1985.300048828125,1958.3499755859375,1962.050048828125,1746.046630859375,1423468
2019-10-04,1966.0,1977.300048828125,1939.0999755859375,1944.199951171875,1730.161376953125,1723988
2019-10-07,1943.949951171875,1962.949951171875,1927.6500244140625,1940.050048828125,1726.4686279296875,880275
2019-10-09,1950.0,1962.699951171875,1941.25,1948.0,1733.5433349609375,1066739
2019-10-10,1948.0,1982.5,1935.5999755859375,1968.75,1752.008544921875,1492290
2019-10-11,1985.8499755859375,2016.9000244140625,1975.5,2004.6500244140625,1783.9564208984375,1934337
2019-10-14,2022.4000244140625,2031.449951171875,2006.25,2014.25,1792.499755859375,2135148
2019-10-15,2050.0,2077.300048828125,2025.800048828125,2064.39990234375,1837.128662109375,5761733
2019-10-16,2065.300048828125,2080.0,2052.60009765625,2071.0,1843.0020751953125,1661705
2019-10-17,2067.5,2108.0,2061.949951171875,2103.85009765625,1872.2357177734375,2001245
2019-10-18,2100.0,2116.0,2090.699951171875,2106.85009765625,1874.905029296875,2202270
2019-10-22,2120.0,2149.0,2112.0,2127.35009765625,1893.1485595703125,1737401
2019-10-23,2119.449951171875,2137.449951171875,2098.0,2133.25,1908.2662353515625,1535786
2019-10-24,2141.0,2150.0,2118.050048828125,2133.35009765625,1908.355712890625,973453
2019-10-25,2147.550048828125,2156.5,2129.300048828125,2145.10009765625,1918.8663330078125,1612038
2019-10-27,2148.0,2148.0,2134.5,2139.75,1914.080322265625,85187
2019-10-29,2135.0,2163.949951171875,2111.39990234375,2160.199951171875,1932.37353515625,1229516
2019-10-30,2180.0,2180.0,2142.0,2169.39990234375,1940.603515625,1195298
2019-10-31,2165.0,2187.25,2159.300048828125,2175.35009765625,1945.9259033203125,1752830
2019-11-01,2165.10009765625,2184.300048828125,2146.39990234375,2179.35009765625,1949.5040283203125,1609685
2019-11-04,2179.35009765625,2186.85009765625,2149.800048828125,2158.14990234375,1930.5399169921875,1523698
2019-11-05,2153.5,2175.75,2143.14990234375,2172.14990234375,1943.0633544921875,2167085
2019-11-06,2166.0,2184.0,2155.0,2179.449951171875,1949.59375,1093243
2019-11-07,2190.0,2190.0,2128.0,2138.25,1912.73876953125,1970785
2019-11-08,2135.0,2145.14990234375,2083.0,2086.39990234375,1866.35693359375,1537851
2019-11-11,2081.300048828125,2100.050048828125,2068.050048828125,2081.35009765625,1861.8397216796875,1050170
2019-11-13,2084.0,2094.89990234375,2072.449951171875,2091.0,1870.4722900390625,868433
2019-11-14,2090.60009765625,2090.60009765625,2061.449951171875,2069.050048828125,1850.8370361328125,1291198
2019-11-15,2062.25,2099.0,2050.550048828125,2057.699951171875,1840.6839599609375,958290
2019-11-18,2059.800048828125,2075.35009765625,2038.0,2056.199951171875,1839.342041015625,1200573
2019-11-19,2060.050048828125,2060.050048828125,2030.0,2037.75,1822.8382568359375,1413218
2019-11-20,2044.0,2052.85009765625,2017.050048828125,2026.5,1812.7745361328125,989673
2019-11-21,2027.0,2059.949951171875,2017.0,2048.64990234375,1832.58837890625,1397175
2019-11-22,2050.0,2053.199951171875,2008.0,2028.3499755859375,1814.429443359375,835864
2019-11-25,2022.0999755859375,2066.949951171875,2022.0999755859375,2062.39990234375,1844.88818359375,862520
2019-11-26,2059.0,2080.75,2032.300048828125,2058.35009765625,1841.2655029296875,3188224
2019-11-27,2062.550048828125,2099.89990234375,2055.85009765625,2093.25,1872.4847412109375,1259986
2019-11-28,2097.949951171875,2098.35009765625,2067.0,2087.14990234375,1867.0279541015625,1026831
2019-11-29,2084.0,2084.5,2031.0,2035.300048828125,1820.646240234375,1298616
2019-12-02,2038.0,2062.0,2029.25,2043.199951171875,1827.713134765625,1600494
2019-12-03,2041.0,2053.10009765625,2020.1500244140625,2028.449951171875,1814.5186767578125,1199012
2019-12-04,2027.0,2052.0,2022.0,2048.0,1832.0068359375,1046309
2019-12-05,2047.800048828125,2047.800048828125,2027.300048828125,2037.449951171875,1822.56982421875,961085
2019-12-06,2044.0,2049.0,2022.0,2026.050048828125,1812.3721923828125,657658
2019-12-09,2030.0,2032.050048828125,1991.199951171875,2008.1500244140625,1796.35986328125,964222
2019-12-10,2014.9000244140625,2041.5999755859375,2011.0,2025.3499755859375,1811.745849609375,1610623
2019-12-11,2027.9000244140625,2030.0,1998.0,2010.449951171875,1798.417236328125,967708
2019-12-12,2010.0,2034.5,2002.0,2007.3499755859375,1795.6439208984375,955318
2019-12-13,2018.449951171875,2024.0,2000.0,2006.199951171875,1794.6153564453125,1212988
2019-12-16,2000.0,2011.0,1968.1500244140625,1974.75,1766.482177734375,1683941
2019-12-17,1979.0,1994.949951171875,1950.0,1961.3499755859375,1754.4954833984375,2189167
2019-12-18,1960.0,1966.5999755859375,1907.3499755859375,1928.550048828125,1725.1549072265625,3986106
2019-12-19,1931.9000244140625,1966.4000244140625,1930.050048828125,1951.0999755859375,1745.32666015625,2035095
2019-12-20,1950.0,1959.9000244140625,1931.449951171875,1943.0999755859375,1738.1702880859375,2169685
2019-12-23,1949.25,1962.0,1944.4000244140625,1950.4000244140625,1744.7005615234375,807062
2019-12-24,1952.0,1964.800048828125,1940.4000244140625,1946.4000244140625,1741.1221923828125,790621
2019-12-26,1950.800048828125,1954.25,1938.5,1944.949951171875,1739.8248291015625,862164
2019-12-27,1946.9000244140625,1954.449951171875,1934.0,1949.9000244140625,1744.253173828125,937907
2019-12-30,1949.9000244140625,1954.25,1927.5,1937.25,1732.9371337890625,1117498
2019-12-31,1940.0,1946.5999755859375,1920.0999755859375,1923.0,1720.1904296875,706593
2020-01-01,1930.0,1939.9000244140625,1918.0,1936.550048828125,1732.31103515625,543035
2020-01-02,1940.0,1952.5999755859375,1930.0,1938.050048828125,1733.6529541015625,663275
2020-01-03,1937.9000244140625,1940.0,1918.75,1927.449951171875,1724.1707763671875,1598825
2020-01-06,1927.3499755859375,1929.4000244140625,1911.25,1915.449951171875,1713.436279296875,683129
2020-01-07,1919.25,1931.0,1918.0,1920.699951171875,1718.1326904296875,808935
2020-01-08,1910.0,1936.050048828125,1906.449951171875,1929.3499755859375,1725.8704833984375,1889685
2020-01-09,1941.550048828125,1947.300048828125,1931.0,1935.050048828125,1730.9693603515625,1544334
2020-01-10,1940.9000244140625,1957.5,1931.6500244140625,1954.0,1747.920654296875,1003336
2020-01-13,1961.0,1997.8499755859375,1957.0,1994.8499755859375,1784.462646484375,2040089
2020-01-14,1995.5,2014.949951171875,1982.4000244140625,2008.800048828125,1796.941162109375,1610737
2020-01-15,2011.1500244140625,2027.0,1997.3499755859375,2021.6500244140625,1808.43603515625,1559491
2020-01-16,2022.0,2054.699951171875,2016.0999755859375,2049.25,1833.125244140625,2468958
2020-01-17,2055.0,2063.89990234375,2040.050048828125,2060.300048828125,1843.009765625,994719
2020-01-20,2060.5,2075.89990234375,2050.0,2062.85009765625,1845.2911376953125,829399
2020-01-21,2059.75,2075.0,2052.14990234375,2055.39990234375,1838.62646484375,750000
2020-01-22,2063.0,2063.5,2027.199951171875,2051.699951171875,1835.3167724609375,983169
2020-01-23,2051.75,2060.85009765625,2035.0,2056.89990234375,1839.96826171875,708017
2020-01-24,2057.0,2079.0,2050.050048828125,2073.699951171875,1854.996337890625,914993
2020-01-27,2066.0,2068.75,2056.75,2061.35009765625,1843.94921875,429312
2020-01-28,2062.0,2065.0,2042.699951171875,2060.60009765625,1843.2781982421875,777052
2020-01-29,2062.050048828125,2085.800048828125,2062.050048828125,2074.199951171875,1855.4437255859375,873433
2020-01-30,2074.89990234375,2078.0,2049.449951171875,2058.10009765625,1841.0418701171875,952768
2020-01-31,2064.0,2068.25,2020.050048828125,2034.25,1819.707275390625,1930834
2020-02-03,2074.89990234375,2195.550048828125,2074.89990234375,2178.949951171875,1949.146240234375,4012542
2020-02-04,2177.0,2204.199951171875,2140.0,2155.60009765625,1928.2589111328125,1932121
2020-02-05,2167.39990234375,2184.0,2153.89990234375,2160.300048828125,1932.4635009765625,1514368
2020-02-06,2166.0,2196.25,2134.050048828125,2156.39990234375,1928.974365234375,1302116
2020-02-07,2165.0,2172.0,2141.60009765625,2159.949951171875,1932.1500244140625,908152
2020-02-10,2160.10009765625,2189.550048828125,2151.699951171875,2159.300048828125,1931.5687255859375,1389847
2020-02-11,2169.0,2179.64990234375,2147.699951171875,2152.64990234375,1925.6201171875,777506
2020-02-12,2157.10009765625,2272.0,2155.0,2260.35009765625,2021.961669921875,4753325
2020-02-13,2256.0,2288.949951171875,2233.050048828125,2283.39990234375,2042.580810546875,2950407
2020-02-14,2273.0,2297.60009765625,2246.25,2255.050048828125,2017.2203369140625,1728651
2020-02-17,2248.0,2289.0,2243.199951171875,2252.60009765625,2015.02880859375,1420851
2020-02-18,2252.60009765625,2262.949951171875,2222.10009765625,2234.39990234375,1998.7484130859375,1194605
2020-02-19,2250.199951171875,2308.199951171875,2241.25,2292.14990234375,2050.407470703125,1299800
2020-02-20,2282.199951171875,2289.949951171875,2242.5,2248.25,2011.1378173828125,1555224
2020-02-24,2236.800048828125,2262.0,2210.10009765625,2215.14990234375,1981.528076171875,1409245
2020-02-25,2239.89990234375,2279.699951171875,2225.75,2233.60009765625,1998.032470703125,2237493
2020-02-26,2238.800048828125,2255.699951171875,2202.35009765625,2236.199951171875,2000.3582763671875,2896154
2020-02-27,2241.949951171875,2259.699951171875,2200.0,2254.949951171875,2017.131103515625,2446802
2020-02-28,2191.10009765625,2229.39990234375,2155.0,2174.75,1945.38916015625,3837330
2020-03-02,2190.0,2241.949951171875,2141.85009765625,2159.449951171875,1931.702880859375,1707337
2020-03-03,2171.89990234375,2189.60009765625,2141.699951171875,2166.64990234375,1938.143310546875,1753148
2020-03-04,2179.0,2185.050048828125,2152.0,2175.85009765625,1946.37353515625,1515878
2020-03-05,2185.0,2258.64990234375,2181.85009765625,2218.0,1984.077880859375,2272645
2020-03-06,2185.0,2250.0,2159.25,2188.89990234375,1958.0469970703125,2479414
2020-03-09,2140.0,2169.60009765625,2112.0,2121.5,1897.75537109375,2485118
2020-03-11,2066.0,2169.449951171875,2066.0,2155.0,1927.7220458984375,2861629
2020-03-12,2102.39990234375,2123.0,2031.6500244140625,2055.949951171875,1839.11865234375,3655780
2020-03-13,1970.0,2120.0,1888.0999755859375,2033.199951171875,1818.767822265625,3667035
2020-03-16,2000.0,2039.199951171875,1933.9000244140625,1941.9000244140625,1737.0966796875,2948679
2020-03-17,1955.550048828125,2088.0,1951.949951171875,2004.050048828125,1792.6922607421875,3732382
2020-03-18,2034.050048828125,2063.800048828125,1909.3499755859375,1923.800048828125,1720.9056396484375,3910994
2020-03-19,1894.300048828125,1899.0,1757.300048828125,1838.300048828125,1644.423095703125,5095006
2020-03-20,1850.0,2078.89990234375,1850.0,2051.699951171875,1835.3167724609375,4252245
2020-03-23,1950.0,1985.050048828125,1850.0,1869.699951171875,1672.5113525390625,3574673
2020-03-24,1975.0,2070.949951171875,1930.0,2027.8499755859375,1813.9820556640625,5788124
2020-03-25,2010.050048828125,2138.949951171875,2001.6500244140625,2088.14990234375,1867.922119140625,3959038
2020-03-26,2089.0,2250.0,2060.0,2194.89990234375,1963.414306640625,3201540
2020-03-27,2239.0,2267.64990234375,2120.5,2140.550048828125,1914.7958984375,2918646
2020-03-30,2123.0,2213.0,2102.85009765625,2184.35009765625,1953.9769287109375,2809606
2020-03-31,2234.800048828125,2313.0,2185.0,2298.5,2056.088134765625,2809269
2020-04-01,2293.199951171875,2324.89990234375,2158.050048828125,2179.64990234375,1949.7724609375,2774626
2020-04-03,2234.0,2254.10009765625,2127.949951171875,2154.10009765625,1926.9176025390625,4121436
2020-04-07,2220.0,2460.0,2220.0,2444.89990234375,2187.048095703125,8510114
2020-04-08,2432.0,2614.300048828125,2417.39990234375,2460.85009765625,2201.316162109375,9791862
2020-04-09,2499.949951171875,2500.0,2345.0,2372.25,2122.06005859375,4770068
2020-04-13,2381.0,2423.0,2315.0,2346.449951171875,2098.980224609375,3249551
2020-04-15,2425.949951171875,2516.60009765625,2381.5,2487.550048828125,2225.19970703125,29485531
2020-04-16,2466.0,2526.14990234375,2421.10009765625,2436.10009765625,2179.17578125,5388243
2020-04-17,2498.800048828125,2498.800048828125,2354.050048828125,2385.0,2133.465087890625,4540936
2020-04-20,2420.0,2420.0,2321.0,2336.550048828125,2090.124755859375,2985268
2020-04-21,2283.0,2378.0,2282.0,2317.39990234375,2072.994384765625,3227335
2020-04-22,2317.949951171875,2399.949951171875,2275.64990234375,2386.14990234375,2134.49365234375,2837815
2020-04-23,2389.0,2413.0,2308.050048828125,2317.5,2073.083984375,4095570
2020-04-24,2311.0,2338.0,2280.0,2283.10009765625,2042.3123779296875,2169013
2020-04-27,2305.0,2329.39990234375,2283.25,2320.449951171875,2075.722900390625,2013715
2020-04-28,2338.64990234375,2338.64990234375,2267.0,2289.949951171875,2048.439697265625,2164023
2020-04-29,2290.0,2291.699951171875,2221.0,2231.75,1996.37744140625,3642151
2020-04-30,2272.0,2272.0,2160.0,2195.0,1963.5037841796875,8448047
2020-05-04,2130.0,2160.0,2066.0,2082.64990234375,1863.0025634765625,8474573
2020-05-05,2101.199951171875,2121.0,2033.0999755859375,2041.5,1826.1925048828125,4304136
2020-05-06,2049.949951171875,2073.0,2000.0,2010.199951171875,1798.1934814453125,5127656
2020-05-07,1950.0999755859375,2007.0,1902.0,1992.050048828125,1781.9581298828125,185669922
2020-05-08,2074.949951171875,2098.0,2036.0,2089.449951171875,1869.0855712890625,16100226
2020-05-11,2083.0,2116.550048828125,2035.949951171875,2048.0,1832.0068359375,11158755
2020-05-12,2020.0,2027.8499755859375,1985.0,2011.550048828125,1799.401123046875,14881008
2020-05-13,2075.0,2075.0,1975.4000244140625,1995.75,1785.2674560546875,8432979
2020-05-14,1988.0,2026.550048828125,1980.6500244140625,2006.050048828125,1794.481201171875,8510002
2020-05-15,2015.0,2037.6500244140625,2006.0,2032.0999755859375,1817.783935546875,5491136
2020-05-18,2041.5,2047.8499755859375,1988.5999755859375,2005.25,1793.7657470703125,7675561
2020-05-19,2018.0,2024.800048828125,1968.0999755859375,1975.550048828125,1767.1981201171875,5963193
2020-05-20,1975.550048828125,2010.0,1975.0,1990.8499755859375,1780.88427734375,3926496
2020-05-21,1999.0,2003.4000244140625,1955.199951171875,1970.9000244140625,1763.038330078125,4261625
2020-05-22,1975.0,1995.050048828125,1958.0,1987.9000244140625,1778.245361328125,5339946
2020-05-26,2004.949951171875,2020.0,1975.0,1977.800048828125,1769.210693359375,4628932
2020-05-27,1990.0,2005.0999755859375,1961.0,1998.0999755859375,1787.3697509765625,4261645
2020-05-28,2000.0,2015.0,1990.0,2009.949951171875,1797.9698486328125,5500796
2020-05-29,2009.0,2068.0,2000.0,2057.35009765625,1840.371337890625,8778345
2020-06-01,2075.0,2143.0,2071.199951171875,2108.550048828125,1886.171142578125,6592547
2020-06-02,2122.0,2125.0,2090.0,2107.39990234375,1885.142578125,3268728
2020-06-03,2115.0,2149.0,2085.0,2120.5,1896.8609619140625,4895117
2020-06-04,2115.0,2132.39990234375,2105.25,2120.60009765625,1896.9503173828125,3264730
2020-06-05,2124.0,2128.0,2085.0,2087.60009765625,1867.4306640625,2981853
2020-06-08,2107.0,2124.5,2078.10009765625,2111.699951171875,1888.989013671875,4298456
2020-06-09,2100.0,2144.800048828125,2095.050048828125,2106.5,1884.33740234375,3127904
2020-06-10,2115.89990234375,2130.0,2096.0,2119.60009765625,1896.0552978515625,2421659
2020-06-11,2115.0,2138.199951171875,2095.64990234375,2106.89990234375,1884.6949462890625,2566927
2020-06-12,2065.25,2119.0,2065.0,2107.25,1885.008056640625,2338438
2020-06-15,2114.85009765625,2131.699951171875,2056.800048828125,2084.300048828125,1864.4788818359375,2830788
2020-06-16,2109.800048828125,2120.0,2057.0,2076.35009765625,1857.366943359375,2806772
2020-06-17,2076.0,2099.0,2062.300048828125,2078.25,1859.0667724609375,2293301
2020-06-18,2070.25,2084.85009765625,2054.050048828125,2065.35009765625,1847.52734375,2326907
2020-06-19,2079.0,2100.0,2057.0,2092.75,1884.813720703125,4673528
2020-06-22,2110.0,2118.89990234375,2087.0,2100.800048828125,1892.0638427734375,2487234
2020-06-23,2115.0,2172.0,2101.60009765625,2155.949951171875,1941.7342529296875,4308814
2020-06-24,2172.0,2176.89990234375,2125.0,2130.300048828125,1918.6326904296875,3023015
2020-06-25,2114.300048828125,2189.89990234375,2112.0,2173.14990234375,1957.2249755859375,8208033
2020-06-26,2179.949951171875,2179.949951171875,2138.10009765625,2154.199951171875,1940.1580810546875,3176048
2020-06-29,2151.35009765625,2195.89990234375,2140.0,2182.949951171875,1966.0511474609375,3295039
2020-06-30,2193.800048828125,2199.949951171875,2170.0,2180.0,1963.39453125,2373109
2020-07-01,2183.0,2191.800048828125,2160.10009765625,2170.39990234375,1954.748291015625,1532931
2020-07-02,2167.75,2177.64990234375,2145.0,2151.75,1937.951171875,2588838
2020-07-03,2165.5,2188.0,2156.35009765625,2173.699951171875,1957.7205810546875,1946252
2020-07-06,2180.0,2180.0,2153.0,2161.60009765625,1946.8231201171875,2375516
2020-07-07,2175.5,2175.5,2151.64990234375,2154.14990234375,1940.113037109375,2014667
2020-07-08,2153.60009765625,2194.0,2125.0,2186.050048828125,1968.84326171875,3349938
2020-07-09,2183.0,2219.949951171875,2171.050048828125,2175.85009765625,1959.656982421875,3039571
2020-07-10,2170.0,2232.0,2167.449951171875,2223.800048828125,2002.8424072265625,3179516
2020-07-13,2239.0,2275.0,2235.0,2265.25,2040.1741943359375,4556662
2020-07-14,2264.800048828125,2269.949951171875,2226.60009765625,2234.75,2012.7039794921875,2403256
2020-07-15,2237.25,2291.0,2235.050048828125,2275.14990234375,2049.09033203125,2474512
2020-07-16,2275.25,2291.300048828125,2238.0,2287.85009765625,2060.52880859375,2495150
2020-07-17,2285.0,2340.0,2281.0,2334.550048828125,2102.5888671875,3088712
2020-07-20,2334.550048828125,2343.300048828125,2300.60009765625,2330.949951171875,2099.34619140625,2816219
2020-07-21,2348.0,2350.0,2308.0,2318.0,2087.682861328125,3037810
2020-07-22,2330.0,2330.0,2241.25,2248.5,2025.0885009765625,6950011
2020-07-23,2260.0,2267.14990234375,2205.550048828125,2211.35009765625,1991.629638671875,3936886
2020-07-24,2200.0,2220.0,2168.050048828125,2209.300048828125,1989.7830810546875,4203314
2020-07-27,2217.75,2235.949951171875,2184.75,2221.5,2000.77099609375,2209409
2020-07-28,2230.949951171875,2244.89990234375,2211.050048828125,2242.550048828125,2019.7293701171875,1567837
2020-07-29,2235.0,2262.199951171875,2215.0,2231.300048828125,2009.5975341796875,2404978
2020-07-30,2231.300048828125,2238.050048828125,2190.10009765625,2195.60009765625,1985.899658203125,2044966
2020-07-31,2197.5,2221.949951171875,2178.0,2209.89990234375,1998.833984375,1715659
2020-08-03,2209.800048828125,2223.050048828125,2188.550048828125,2204.5,1993.9495849609375,1683773
2020-08-04,2209.89990234375,2218.89990234375,2175.10009765625,2197.800048828125,1987.8896484375,1981720
2020-08-05,2202.0,2209.89990234375,2181.050048828125,2194.550048828125,1984.9498291015625,1715477
2020-08-06,2200.0,2229.0,2192.050048828125,2220.449951171875,2008.37646484375,1824483
2020-08-07,2223.0,2234.800048828125,2205.0,2210.550048828125,1999.421875,1777905
2020-08-10,2218.0,2226.75,2198.800048828125,2206.75,1995.9849853515625,1476289
2020-08-11,2209.050048828125,2233.0,2206.0,2210.64990234375,1999.5120849609375,1665204
2020-08-12,2200.050048828125,2209.050048828125,2190.0,2195.10009765625,1985.4476318359375,1170430
2020-08-13,2200.0,2217.0,2190.949951171875,2198.64990234375,1988.658447265625,1453227
2020-08-14,2204.0,2216.0,2165.050048828125,2173.89990234375,1966.272216796875,1341664
2020-08-17,2181.0,2203.64990234375,2168.39990234375,2196.050048828125,1986.3065185546875,1559579
2020-08-18,2204.0,2216.800048828125,2189.0,2214.35009765625,2002.8585205078125,1339001
2020-08-19,2206.0,2221.5,2190.0,2193.60009765625,1984.091064453125,1585107
2020-08-20,2186.0,2197.800048828125,2176.14990234375,2185.699951171875,1976.945068359375,1768939
2020-08-21,2199.0,2208.699951171875,2187.449951171875,2202.050048828125,1991.7340087890625,1374411
2020-08-24,2206.0,2211.64990234375,2191.199951171875,2194.39990234375,1984.814453125,1665474
2020-08-25,2194.39990234375,2197.89990234375,2175.0,2179.10009765625,1970.975830078125,1774886
2020-08-26,2182.10009765625,2186.0,2160.0,2182.800048828125,1974.3221435546875,2148146
2020-08-27,2182.10009765625,2188.0,2165.0,2171.25,1963.8751220703125,2172203
2020-08-28,2179.0,2182.39990234375,2145.0,2151.949951171875,1946.4185791015625,1939520
2020-08-31,2152.0,2167.5,2100.64990234375,2117.35009765625,1915.12353515625,3534275
2020-09-01,2149.949951171875,2174.89990234375,2111.75,2161.64990234375,1955.1923828125,1738003
2020-09-02,2171.0,2185.0,2136.550048828125,2141.64990234375,1937.102294921875,1667810
2020-09-03,2153.0,2154.449951171875,2128.050048828125,2139.14990234375,1934.841064453125,1590711
2020-09-04,2115.0,2140.89990234375,2114.0,2124.64990234375,1921.7259521484375,1590491
2020-09-07,2126.0,2174.0,2103.75,2162.60009765625,1956.051513671875,2362992
2020-09-08,2154.0,2171.35009765625,2131.14990234375,2142.25,1937.64501953125,1804209
2020-09-09,2122.0,2144.199951171875,2110.0,2132.25,1928.600341796875,2009898
2020-09-10,2142.0,2143.60009765625,2118.199951171875,2133.89990234375,1930.0926513671875,2137794
2020-09-11,2125.0,2169.0,2124.5,2159.25,1953.0216064453125,1934110
2020-09-14,2167.0,2169.699951171875,2115.0,2123.5,1920.6859130859375,2096908
2020-09-15,2136.89990234375,2137.0,2109.0,2124.449951171875,1921.5450439453125,1224058
2020-09-16,2125.0,2158.949951171875,2112.699951171875,2143.5,1938.7760009765625,2087841
2020-09-17,2135.0,2145.050048828125,2122.25,2128.199951171875,1924.9368896484375,1741644
2020-09-18,2120.0,2127.550048828125,2090.0,2098.699951171875,1898.2542724609375,4475166
2020-09-21,2098.699951171875,2099.0,2022.0999755859375,2037.800048828125,1843.1710205078125,3483963
2020-09-22,2040.550048828125,2054.75,2000.050048828125,2026.800048828125,1833.2216796875,2345687
2020-09-23,2035.0,2060.0,2025.8499755859375,2052.550048828125,1856.512451171875,2410295
2020-09-24,2044.0,2081.0,2035.050048828125,2060.89990234375,1864.064697265625,3798089
2020-09-25,2082.0,2111.0,2070.85009765625,2079.050048828125,1880.4813232421875,2528873
2020-09-28,2083.0,2092.35009765625,2060.0,2063.300048828125,1866.2354736328125,1523704
2020-09-29,2065.0,2069.25,2024.75,2033.199951171875,1839.0103759765625,2298844
2020-09-30,2038.949951171875,2097.0,2034.0,2068.25,1870.712890625,2417367
2020-10-01,2090.0,2108.89990234375,2070.0,2095.0,1894.90771484375,2131531
2020-10-05,2100.0,2123.300048828125,2082.199951171875,2111.050048828125,1909.4248046875,1646110
2020-10-06,2119.0,2140.0,2108.050048828125,2115.89990234375,1913.8118896484375,1679499
2020-10-07,2123.0,2150.0,2113.0,2139.35009765625,1935.022216796875,2428544
2020-10-08,2147.0,2165.0,2146.25,2160.800048828125,1954.4232177734375,1617365
2020-10-09,2150.0,2166.949951171875,2121.10009765625,2139.64990234375,1935.2935791015625,2001026
2020-10-12,2145.199951171875,2147.60009765625,2123.300048828125,2138.39990234375,1934.16259765625,1741166
2020-10-13,2137.949951171875,2153.25,2128.0,2138.199951171875,1933.981689453125,1679160
2020-10-14,2132.60009765625,2165.0,2131.0,2158.14990234375,1952.0264892578125,2123033
2020-10-15,2160.0,2179.699951171875,2141.050048828125,2152.550048828125,1946.9613037109375,2344437
2020-10-16,2171.89990234375,2171.89990234375,2144.050048828125,2150.550048828125,1945.152587890625,1640399
2020-10-19,2153.550048828125,2185.0,2152.10009765625,2177.800048828125,1969.799560546875,1605969
2020-10-20,2182.10009765625,2208.5,2132.550048828125,2173.10009765625,1965.5484619140625,5855290
2020-10-21,2190.0,2196.75,2136.0,2163.14990234375,1956.5484619140625,3954242
2020-10-22,2160.0,2187.25,2153.199951171875,2179.35009765625,1971.20166015625,2632958
2020-10-23,2188.89990234375,2188.89990234375,2140.0,2143.85009765625,1939.0926513671875,2805684
2020-10-26,2150.0,2172.0,2142.300048828125,2166.75,1959.8052978515625,1646050
2020-10-27,2157.0,2189.0,2152.449951171875,2176.699951171875,1968.8050537109375,2334808
2020-10-28,2183.949951171875,2183.949951171875,2144.10009765625,2164.35009765625,1970.30712890625,1555483
2020-10-29,2142.0,2160.0,2116.0,2122.10009765625,1931.844970703125,1934367
2020-10-30,2118.199951171875,2120.0,2068.0,2071.300048828125,1885.5992431640625,2414313
2020-11-02,2072.0,2087.64990234375,2056.0,2072.0,1886.236328125,1486077
2020-11-03,2091.800048828125,2091.800048828125,2043.0,2055.699951171875,1871.3978271484375,2227402
2020-11-04,2050.0,2085.0,2049.949951171875,2060.050048828125,1875.3580322265625,1479878
2020-11-05,2087.0,2112.0,2061.300048828125,2102.35009765625,1913.8653564453125,2083827
2020-11-06,2105.0,2123.949951171875,2086.0,2094.14990234375,1906.400390625,2127821
2020-11-09,2120.0,2137.64990234375,2108.050048828125,2132.550048828125,1941.3577880859375,2194404
2020-11-10,2140.0,2144.199951171875,2092.5,2136.60009765625,1945.045166015625,2471703
2020-11-11,2136.60009765625,2138.60009765625,2104.60009765625,2131.14990234375,1940.0833740234375,2759942
2020-11-12,2129.0,2204.0,2123.25,2192.10009765625,1995.5689697265625,3010512
2020-11-13,2205.0,2218.39990234375,2178.25,2185.35009765625,1989.4244384765625,2799165
2020-11-14,2197.0,2197.0,2182.0,2187.699951171875,1991.5634765625,258276
2020-11-17,2220.35009765625,2220.35009765625,2172.0,2177.60009765625,1982.3690185546875,2733542
2020-11-18,2170.0,2170.0,2125.89990234375,2132.10009765625,1940.9483642578125,3315051
2020-11-19,2125.800048828125,2147.39990234375,2114.5,2130.75,1939.719482421875,2704650
2020-11-20,2135.0,2142.0,2100.5,2120.25,1930.16064453125,2827038
2020-11-23,2140.0,2140.0,2095.0,2129.39990234375,1938.490234375,3244576
2020-11-24,2132.0,2161.0,2122.39990234375,2157.35009765625,1963.9344482421875,1989749
2020-11-25,2162.0,2171.0,2128.0,2135.85009765625,1944.3623046875,1786536
2020-11-26,2140.0,2162.0,2122.550048828125,2154.199951171875,1961.06689453125,1630887
2020-11-27,2167.0,2167.5,2126.0,2138.199951171875,1946.5010986328125,5687861
2020-12-01,2159.0,2159.0,2129.60009765625,2133.050048828125,1941.813232421875,2226742
2020-12-02,2145.0,2149.89990234375,2122.10009765625,2139.300048828125,1947.5028076171875,1634682
2020-12-03,2153.0,2156.39990234375,2120.10009765625,2127.75,1936.9879150390625,3469163
2020-12-04,2141.0,2195.39990234375,2133.60009765625,2184.199951171875,1988.3770751953125,3712143
2020-12-07,2189.25,2259.60009765625,2187.0,2256.14990234375,2053.876708984375,4147649
2020-12-08,2259.5,2278.199951171875,2240.14990234375,2260.0,2057.381591796875,2768211
2020-12-09,2260.0,2296.0,2243.25,2292.199951171875,2086.6943359375,2123890
2020-12-10,2290.0,2357.89990234375,2275.050048828125,2350.449951171875,2139.722412109375,3041370
2020-12-11,2366.25,2385.0,2333.0,2374.75,2161.843994140625,2611218
2020-12-14,2380.949951171875,2391.39990234375,2356.14990234375,2370.75,2158.2021484375,1575632
2020-12-15,2361.0,2363.949951171875,2307.300048828125,2320.050048828125,2112.047607421875,2207176
2020-12-16,2317.10009765625,2354.89990234375,2303.0,2343.949951171875,2133.804931640625,1748634
2020-12-17,2342.0,2342.0,2310.0,2315.300048828125,2107.723388671875,1912868
2020-12-18,2322.0,2343.89990234375,2312.0,2333.449951171875,2124.24609375,2229891
2020-12-21,2343.0,2350.0,2265.10009765625,2305.949951171875,2099.212158203125,2003069
2020-12-22,2310.0,2333.300048828125,2281.0,2311.0,2103.80908203125,1764488
2020-12-23,2320.0,2377.300048828125,2303.25,2370.35009765625,2157.838134765625,1559556
2020-12-24,2382.5,2410.0,2360.050048828125,2402.25,2186.87841796875,2489444
2020-12-28,2405.0,2417.39990234375,2376.050048828125,2388.89990234375,2174.724609375,1532477
2020-12-29,2395.0,2403.0,2354.199951171875,2384.300048828125,2170.53759765625,1749013
2020-12-30,2390.0,2414.64990234375,2376.0,2406.60009765625,2190.83837890625,1924886
2020-12-31,2396.0,2417.0,2387.0,2395.39990234375,2180.642333984375,1709836
2021-01-01,2395.39990234375,2404.0,2382.0,2387.550048828125,2173.49609375,830096
2021-01-04,2405.0,2430.0,2400.699951171875,2426.5,2208.954345703125,1614486
2021-01-05,2405.0,2456.949951171875,2405.0,2450.550048828125,2230.847900390625,2356303
2021-01-06,2445.800048828125,2450.0,2401.60009765625,2417.300048828125,2200.57861328125,1641627
2021-01-07,2432.0,2432.699951171875,2365.0,2368.85009765625,2156.472900390625,2403881
2021-01-08,2390.0,2400.0,2360.800048828125,2391.199951171875,2176.81884765625,2797948
2021-01-11,2425.0,2441.949951171875,2402.10009765625,2429.10009765625,2211.321044921875,2787672
2021-01-12,2429.800048828125,2433.10009765625,2372.0,2375.89990234375,2162.89013671875,2036708
2021-01-13,2381.89990234375,2398.0,2364.60009765625,2372.35009765625,2159.65869140625,1702740
2021-01-14,2366.0,2406.0,2351.14990234375,2398.550048828125,2183.510009765625,2120413
2021-01-15,2392.5,2407.0,2342.800048828125,2351.14990234375,2140.359375,2042957
2021-01-18,2374.5,2374.5,2320.64990234375,2332.60009765625,2123.472900390625,1733797
2021-01-19,2342.0,2382.10009765625,2323.25,2363.14990234375,2151.283447265625,1495269
2021-01-20,2357.0,2373.949951171875,2346.300048828125,2355.949951171875,2144.729248046875,1380562
2021-01-21,2376.0,2399.89990234375,2350.0,2367.64990234375,2155.379638671875,1521133
2021-01-22,2359.0,2422.0,2357.0,2409.35009765625,2193.341552734375,2548089
2021-01-25,2420.0,2432.35009765625,2385.0,2399.60009765625,2184.4658203125,2124424
2021-01-27,2425.0,2425.0,2335.0,2391.300048828125,2176.909912109375,2460297
2021-01-28,2367.89990234375,2411.550048828125,2290.0,2300.39990234375,2094.159423828125,3867335
2021-01-29,2315.10009765625,2322.300048828125,2251.0,2263.89990234375,2060.931640625,4472694
2021-02-01,2276.64990234375,2285.0,2226.199951171875,2248.60009765625,2047.003662109375,2717591
2021-02-02,2271.050048828125,2275.0,2205.0,2230.449951171875,2030.4808349609375,4215607
2021-02-03,2231.5,2257.0,2217.60009765625,2232.85009765625,2032.6658935546875,2353429
2021-02-04,2239.0,2259.0,2226.199951171875,2245.60009765625,2044.272705078125,2908003
2021-02-05,2245.60009765625,2285.0,2241.0,2269.550048828125,2066.0751953125,4036942
2021-02-08,2288.0,2288.699951171875,2230.300048828125,2236.64990234375,2036.1248779296875,2780672
2021-02-09,2247.0,2254.699951171875,2210.5,2216.25,2017.5535888671875,3131481
2021-02-10,2220.0,2241.0,2212.75,2235.5,2035.077880859375,2055520
2021-02-11,2242.0,2268.0,2234.050048828125,2263.0,2060.112548828125,1824480
2021-02-12,2268.0,2272.25,2232.0,2241.550048828125,2040.5858154296875,1222094
2021-02-15,2251.0,2261.75,2213.0,2215.199951171875,2016.59765625,2449407
2021-02-16,2227.0,2229.050048828125,2190.050048828125,2196.10009765625,1999.2108154296875,2396356
2021-02-17,2196.0,2201.550048828125,2160.0,2163.89990234375,1969.8974609375,2447956
2021-02-18,2164.0,2168.550048828125,2143.199951171875,2146.85009765625,1954.37548828125,3205806
2021-02-19,2152.89990234375,2194.0,2150.0,2181.10009765625,1985.5550537109375,3364030
2021-02-22,2205.0,2205.0,2161.60009765625,2167.60009765625,1973.265869140625,2678023
2021-02-23,2185.0,2192.35009765625,2170.199951171875,2179.25,1983.87109375,2062144
2021-02-24,2188.5,2188.5,2155.550048828125,2178.85009765625,1983.5067138671875,924143
2021-02-25,2177.0,2185.0,2160.0,2163.300048828125,1969.351318359375,2099460
2021-02-26,2158.0,2182.39990234375,2120.0,2132.050048828125,1940.902587890625,3413194
2021-03-01,2135.199951171875,2154.0,2128.0,2143.39990234375,1951.2347412109375,1229276
2021-03-02,2162.0,2183.89990234375,2140.550048828125,2177.949951171875,1982.687744140625,2095135
2021-03-03,2205.0,2205.0,2173.5,2193.5,1996.8433837890625,2031893
2021-03-04,2185.0,2203.5,2174.0,2196.89990234375,1999.9385986328125,2290915
2021-03-05,2184.60009765625,2209.949951171875,2175.25,2201.10009765625,2003.761962890625,2129837
2021-03-08,2210.0,2216.10009765625,2169.0,2174.550048828125,1979.5926513671875,1440724
2021-03-09,2176.0,2205.0,2162.050048828125,2198.5,2001.3951416015625,1711842
2021-03-10,2210.5,2236.89990234375,2193.199951171875,2227.85009765625,2028.1141357421875,2696085
2021-03-12,2236.0,2239.89990234375,2200.0,2204.75,2007.0849609375,2038930
2021-03-15,2206.10009765625,2217.449951171875,2183.300048828125,2210.85009765625,2012.6380615234375,1632022
2021-03-16,2221.35009765625,2247.5,2214.300048828125,2244.050048828125,2042.8614501953125,2633605
2021-03-17,2254.0,2262.0,2219.25,2226.300048828125,2026.702880859375,3703365
2021-03-18,2238.0,2249.89990234375,2205.0,2215.199951171875,2016.59765625,2597091
2021-03-19,2204.10009765625,2325.25,2191.5,2312.050048828125,2104.764892578125,5382214
2021-03-22,2310.10009765625,2356.5,2302.0,2353.199951171875,2142.2255859375,2471516
2021-03-23,2363.0,2372.949951171875,2333.39990234375,2337.300048828125,2127.75146484375,1970612
2021-03-24,2337.300048828125,2350.89990234375,2315.550048828125,2318.60009765625,2110.727783203125,1762743
2021-03-25,2318.60009765625,2322.0,2231.050048828125,2237.050048828125,2036.4893798828125,2495833
2021-03-26,2255.0,2325.0,2248.800048828125,2317.89990234375,2110.090576171875,1929236
2021-03-30,2325.0,2406.0,2325.0,2398.75,2183.69140625,3327203
2021-03-31,2386.0,2438.60009765625,2381.64990234375,2431.5,2213.505859375,2709756
2021-04-01,2446.800048828125,2446.800048828125,2392.050048828125,2399.10009765625,2184.010986328125,1532653
2021-04-05,2400.0,2417.199951171875,2346.5,2373.199951171875,2160.432373046875,2545447
2021-04-06,2382.300048828125,2411.0,2377.35009765625,2408.300048828125,2192.385986328125,3683538
2021-04-07,2417.0,2435.0,2387.35009765625,2405.25,2189.609130859375,1713970
2021-04-08,2406.0,2439.0,2395.60009765625,2409.89990234375,2193.842041015625,1814515
2021-04-09,2424.0,2483.0,2424.0,2476.0,2254.016357421875,2604858
2021-04-12,2441.5,2488.25,2437.60009765625,2462.0,2241.271728515625,2261945
2021-04-13,2470.0,2505.89990234375,2448.800048828125,2454.39990234375,2234.352783203125,1811781
2021-04-15,2497.0,2497.0,2421.10009765625,2460.64990234375,2240.04248046875,3352379
2021-04-16,2469.89990234375,2478.949951171875,2440.0,2458.89990234375,2238.448974609375,1225517
2021-04-19,2440.0,2459.699951171875,2414.050048828125,2436.64990234375,2218.194091796875,1746316
2021-04-20,2456.0,2456.0,2383.800048828125,2397.449951171875,2182.508544921875,1589508
2021-04-22,2390.0,2390.0,2332.0,2349.39990234375,2138.766357421875,1721265
2021-04-23,2340.0,2350.0,2300.0,2307.75,2100.850341796875,1949756
2021-04-26,2324.0,2369.800048828125,2311.0,2360.64990234375,2149.007568359375,1946867
2021-04-27,2363.0,2386.449951171875,2352.949951171875,2379.85009765625,2166.486328125,1668456
2021-04-28,2380.0,2445.0,2366.300048828125,2406.550048828125,2190.792724609375,1951215
2021-04-29,2433.0,2448.949951171875,2384.14990234375,2407.60009765625,2191.748779296875,3151150
2021-04-30,2410.0,2442.89990234375,2330.25,2353.75,2142.726318359375,4010778
2021-05-03,2343.0,2415.0,2340.0,2408.0,2192.112548828125,1692239
2021-05-04,2409.199951171875,2418.199951171875,2372.199951171875,2407.64990234375,2191.793701171875,1453111
2021-05-05,2434.0,2434.0,2368.64990234375,2394.64990234375,2179.95947265625,1256857
2021-05-06,2400.0,2416.550048828125,2377.050048828125,2390.0,2175.726318359375,1377740
2021-05-07,2408.800048828125,2424.0,2397.14990234375,2411.199951171875,2195.026123046875,1169518
2021-05-10,2423.0,2446.949951171875,2416.0,2432.89990234375,2214.780517578125,988495
2021-05-11,2425.0,2426.0,2394.25,2402.10009765625,2186.74169921875,1019077
2021-05-12,2389.0,2389.0,2325.050048828125,2328.949951171875,2120.14990234375,2053932
2021-05-14,2328.89990234375,2382.39990234375,2326.0,2376.85009765625,2163.755126953125,1388970
2021-05-17,2385.0,2395.0,2366.5,2376.25,2163.209228515625,811243
2021-05-18,2402.10009765625,2408.35009765625,2366.949951171875,2374.25,2161.38818359375,1153722
2021-05-19,2360.0,2380.0,2344.0,2359.75,2148.1884765625,1323590
2021-05-20,2360.0,2362.0,2340.0,2344.14990234375,2133.987060546875,856235
2021-05-21,2340.0,2366.14990234375,2340.0,2362.25,2150.464599609375,771492
2021-05-24,2355.0,2359.949951171875,2325.25,2336.550048828125,2127.068359375,1194864
2021-05-25,2355.0,2369.800048828125,2338.0,2344.050048828125,2133.89599609375,1098457
2021-05-26,2355.75,2370.199951171875,2345.25,2354.0,2142.9541015625,811095
2021-05-27,2353.0,2353.0,2322.89990234375,2326.39990234375,2117.827880859375,3755182
2021-05-28,2333.35009765625,2350.0,2319.35009765625,2321.699951171875,2113.5498046875,1215325
2021-05-31,2325.0,2345.0,2320.14990234375,2340.050048828125,2130.2548828125,1178704
2021-06-01,2347.0,2363.0,2330.60009765625,2358.300048828125,2146.868896484375,1141451
2021-06-02,2356.0,2373.64990234375,2350.0,2358.800048828125,2147.323486328125,1113091
2021-06-03,2369.0,2371.050048828125,2345.0,2363.25,2151.37451171875,868532
2021-06-04,2370.0,2370.0,2333.949951171875,2342.050048828125,2132.075439453125,1283795
2021-06-07,2354.0,2354.0,2331.0,2339.300048828125,2129.57177734375,1128300
2021-06-08,2339.300048828125,2362.0,2335.14990234375,2359.0,2147.505615234375,1106664
2021-06-09,2362.0,2371.949951171875,2345.60009765625,2356.0,2144.774658203125,1072858
2021-06-10,2364.0,2399.949951171875,2355.25,2378.800048828125,2165.530517578125,1944339
2021-06-11,2381.0,2388.550048828125,2360.0,2366.5,2154.333251953125,1128097
2021-06-14,2358.39990234375,2375.10009765625,2336.60009765625,2364.60009765625,2168.17919921875,1761632
2021-06-15,2360.0,2395.0,2360.0,2391.949951171875,2193.257080078125,1215463
2021-06-16,2385.0,2418.85009765625,2383.64990234375,2407.89990234375,2207.88232421875,2153668
2021-06-17,2398.0,2425.89990234375,2386.39990234375,2417.699951171875,2216.868408203125,1555777
2021-06-18,2420.0,2496.699951171875,2405.0,2482.89990234375,2276.65185546875,3937751
2021-06-21,2473.949951171875,2529.0,2467.0,2514.35009765625,2305.489990234375,2506277
2021-06-22,2518.10009765625,2533.949951171875,2481.64990234375,2490.25,2283.3916015625,1945883
2021-06-23,2495.0,2514.0,2458.199951171875,2480.5,2274.451416015625,1035668
2021-06-24,2490.0,2504.800048828125,2474.10009765625,2490.14990234375,2283.2998046875,759681
2021-06-25,2488.0,2489.949951171875,2445.0,2448.64990234375,2245.2470703125,1112942
2021-06-28,2450.10009765625,2465.0,2437.300048828125,2460.199951171875,2255.837890625,694906
2021-06-29,2455.0,2497.5,2445.0,2492.550048828125,2285.50048828125,1354397
2021-06-30,2492.550048828125,2505.0,2463.0,2471.300048828125,2266.015869140625,1447245
2021-07-01,2484.0,2484.0,2463.0,2478.0,2272.159423828125,735043
2021-07-02,2478.0,2492.699951171875,2452.0,2487.300048828125,2280.686767578125,860231
2021-07-05,2499.0,2513.39990234375,2485.050048828125,2499.050048828125,2291.46044921875,761700
2021-07-06,2490.0,2497.949951171875,2469.0,2472.5,2267.115966796875,461782
2021-07-07,2458.0,2490.800048828125,2445.85009765625,2481.64990234375,2275.505859375,623145
2021-07-08,2462.199951171875,2469.75,2438.449951171875,2447.550048828125,2244.23876953125,1114426
2021-07-09,2440.0,2464.5,2438.449951171875,2451.449951171875,2247.814697265625,538094
2021-07-12,2453.0,2459.89990234375,2430.0,2444.14990234375,2241.120849609375,543898
2021-07-13,2455.0,2455.550048828125,2430.0,2436.699951171875,2234.289306640625,994396
2021-07-14,2439.800048828125,2441.35009765625,2409.0,2414.85009765625,2214.25537109375,1377829
2021-07-15,2425.0,2425.0,2401.0,2412.35009765625,2211.962646484375,693792
2021-07-16,2420.0,2430.0,2406.0,2417.39990234375,2216.592529296875,545405
2021-07-19,2400.050048828125,2417.0,2398.5,2408.64990234375,2208.569580078125,463873
2021-07-20,2403.0,2460.0,2403.0,2434.89990234375,2232.63916015625,1061476
2021-07-22,2450.0,2508.0,2375.5,2378.14990234375,2180.603515625,3546044
2021-07-23,2382.0,2391.75,2354.699951171875,2358.10009765625,2162.218994140625,1517589
2021-07-26,2357.25,2360.0,2338.0,2348.699951171875,2153.599853515625,1311535
2021-07-27,2348.699951171875,2359.449951171875,2332.0,2342.39990234375,2147.8232421875,1656945
2021-07-28,2350.0,2368.449951171875,2343.10009765625,2361.39990234375,2165.244873046875,912373
2021-07-29,2361.39990234375,2371.39990234375,2330.0,2334.75,2140.808349609375,1012663
2021-07-30,2340.0,2356.550048828125,2318.0,2333.300048828125,2139.47900390625,1708251
2021-08-02,2342.0,2353.39990234375,2324.60009765625,2332.800048828125,2139.020263671875,1229936
2021-08-03,2330.0,2393.0,2326.10009765625,2386.85009765625,2188.581298828125,1733476
2021-08-04,2386.85009765625,2394.75,2367.550048828125,2377.10009765625,2179.640625,1588974
2021-08-05,2391.0,2391.0,2354.0,2357.699951171875,2161.852294921875,921757
2021-08-06,2357.699951171875,2380.75,2357.5,2371.5,2174.505859375,1432661
2021-08-09,2379.449951171875,2395.0,2374.85009765625,2384.5,2186.42626953125,921476
2021-08-10,2394.0,2394.0,2359.10009765625,2381.800048828125,2183.9501953125,1061370
2021-08-11,2390.0,2395.0,2362.199951171875,2390.449951171875,2191.881591796875,1300594
2021-08-12,2395.0,2413.5,2377.449951171875,2392.300048828125,2193.577880859375,1226064
2021-08-13,2401.0,2409.64990234375,2388.0,2404.5,2204.7646484375,1033159
2021-08-16,2404.0,2436.85009765625,2392.64990234375,2426.39990234375,2224.845458984375,1146309
2021-08-17,2433.0,2487.449951171875,2431.050048828125,2483.800048828125,2277.477294921875,1921902
2021-08-18,2485.0,2500.0,2454.0,2486.050048828125,2279.540771484375,1545643
2021-08-20,2490.0,2630.0,2476.0,2619.39990234375,2401.813232421875,5779927
2021-08-23,2625.0,2672.85009765625,2594.5,2634.14990234375,2415.338134765625,2163220
2021-08-24,2634.0,2658.0,2610.0,2633.0,2414.2841796875,1482854
2021-08-25,2632.0,2666.449951171875,2620.64990234375,2645.0,2425.286865234375,1746570
2021-08-26,2631.0,2697.800048828125,2631.0,2666.39990234375,2444.9091796875,2117291
2021-08-27,2669.0,2690.0,2651.10009765625,2677.949951171875,2455.499267578125,1176229
2021-08-30,2691.60009765625,2705.75,2671.60009765625,2687.699951171875,2464.440185546875,1168190
2021-08-31,2687.89990234375,2737.449951171875,2675.64990234375,2724.10009765625,2497.816650390625,2535891
2021-09-01,2745.0,2775.0,2715.0,2732.89990234375,2505.88525390625,1775792
2021-09-02,2748.0,2810.0,2730.14990234375,2801.050048828125,2568.374267578125,1946183
2021-09-03,2802.199951171875,2808.75,2756.0,2766.699951171875,2536.877685546875,1561823
2021-09-06,2790.0,2825.0,2775.300048828125,2780.60009765625,2549.62255859375,1444978
2021-09-07,2788.60009765625,2808.699951171875,2770.0,2777.699951171875,2546.96337890625,1219915
2021-09-08,2788.89990234375,2810.0,2765.10009765625,2800.89990234375,2568.236572265625,946711
2021-09-09,2782.0,2823.64990234375,2782.0,2810.64990234375,2577.176513671875,879454
2021-09-13,2797.5,2822.449951171875,2775.0,2786.35009765625,2554.895263671875,1341412
2021-09-14,2802.0,2804.0,2751.050048828125,2762.550048828125,2533.072265625,1755061
2021-09-15,2774.0,2785.0,2749.050048828125,2775.449951171875,2544.90087890625,1362350
2021-09-16,2752.0,2797.300048828125,2752.0,2768.25,2538.299072265625,1259196
2021-09-17,2770.10009765625,2783.0,2699.0,2722.25,2496.119873046875,3095032
2021-09-20,2720.0,2809.0,2710.050048828125,2800.35009765625,2567.732666015625,2671330
2021-09-21,2810.0,2859.300048828125,2796.64990234375,2812.449951171875,2578.8271484375,2277437
2021-09-22,2827.89990234375,2839.89990234375,2774.0,2784.5,2553.198974609375,1580594
2021-09-23,2799.0,2817.699951171875,2772.85009765625,2782.300048828125,2551.181640625,1054473
2021-09-24,2770.10009765625,2780.0,2731.39990234375,2746.64990234375,2518.493408203125,1635284
2021-09-27,2765.0,2765.0,2704.5,2709.5,2484.428955078125,1465932
2021-09-28,2725.0,2754.449951171875,2709.89990234375,2723.85009765625,2497.5869140625,1078052
2021-09-29,2714.949951171875,2744.449951171875,2677.0,2685.300048828125,2462.2392578125,1503894
2021-09-30,2685.300048828125,2705.300048828125,2681.949951171875,2701.800048828125,2477.36865234375,1620199
2021-10-01,2706.0,2712.0,2680.10009765625,2704.050048828125,2479.43212890625,956111
2021-10-04,2700.0,2724.0,2679.699951171875,2686.199951171875,2463.064208984375,1025005
2021-10-05,2686.199951171875,2714.949951171875,2686.0,2708.64990234375,2483.64990234375,562784
2021-10-06,2694.050048828125,2734.0,2676.0,2686.050048828125,2462.927001953125,862471
2021-10-07,2698.0,2704.25,2666.0,2669.39990234375,2447.659912109375,1082816
2021-10-08,2670.5,2678.550048828125,2625.39990234375,2640.050048828125,2420.748291015625,1579941
2021-10-11,2642.199951171875,2665.5,2635.5,2645.10009765625,2425.37890625,1086252
2021-10-12,2625.0,2688.050048828125,2625.0,2676.14990234375,2453.849609375,1174337
2021-10-13,2688.10009765625,2693.60009765625,2642.60009765625,2646.75,2426.891357421875,1660007
2021-10-14,2646.75,2676.75,2620.0,2649.550048828125,2429.458984375,2158809
2021-10-18,2672.800048828125,2678.89990234375,2643.050048828125,2654.0,2433.5390625,1758177
2021-10-19,2669.89990234375,2732.0,2520.5,2546.800048828125,2335.244140625,5431133
2021-10-20,2569.0,2584.0,2470.0,2478.64990234375,2272.755126953125,4864654
2021-10-21,2503.39990234375,2505.0,2428.0,2445.75,2242.587890625,3254632
2021-10-22,2459.0,2498.25,2430.0,2454.10009765625,2250.24462890625,1845622
2021-10-25,2454.10009765625,2463.550048828125,2410.0,2455.85009765625,2251.84912109375,1560381
2021-10-26,2468.89990234375,2468.89990234375,2417.050048828125,2436.85009765625,2248.158935546875,1595060
2021-10-27,2455.0,2455.199951171875,2391.14990234375,2396.60009765625,2211.02587890625,3083879
2021-10-28,2400.0,2416.0,2368.0,2389.64990234375,2204.61328125,2015791
2021-10-29,2400.0,2402.0,2373.0,2393.14990234375,2207.84228515625,2453400
2021-11-01,2393.0,2410.89990234375,2368.25,2407.10009765625,2220.71240234375,1941114
2021-11-02,2415.0,2428.0,2402.0,2418.89990234375,2231.598388671875,1350154
2021-11-03,2434.0,2434.0,2386.199951171875,2411.35009765625,2224.63330078125,1591607
2021-11-04,2429.0,2430.0,2420.0,2422.85009765625,2235.2431640625,245719
2021-11-08,2449.0,2449.0,2400.10009765625,2431.89990234375,2243.591796875,2555533
2021-11-09,2439.800048828125,2446.199951171875,2416.449951171875,2431.14990234375,2242.899658203125,1696949
2021-11-10,2411.050048828125,2420.0,2396.0,2400.14990234375,2214.30078125,1794509
2021-11-11,2402.699951171875,2406.949951171875,2366.199951171875,2376.199951171875,2192.205078125,1282647
2021-11-12,2388.0,2413.60009765625,2376.199951171875,2404.949951171875,2218.728759765625,1651974
2021-11-15,2404.10009765625,2430.0,2404.10009765625,2424.75,2236.995849609375,1007999
2021-11-16,2434.64990234375,2434.64990234375,2400.10009765625,2406.64990234375,2220.29736328125,1245209
2021-11-17,2404.0,2410.050048828125,2387.199951171875,2391.14990234375,2205.99755859375,956809
2021-11-18,2390.0,2406.35009765625,2370.0,2399.39990234375,2213.60888671875,1236943
2021-11-22,2409.39990234375,2409.89990234375,2377.14990234375,2388.550048828125,2203.598876953125,1629290
2021-11-23,2387.800048828125,2400.0,2336.5,2394.199951171875,2208.811279296875,1932539
2021-11-24,2406.0,2406.0,2367.0,2374.75,2190.86767578125,999070
2021-11-25,2387.0,2387.0,2341.0,2349.050048828125,2167.157470703125,1363272
2021-11-26,2344.0,2365.0,2325.199951171875,2335.10009765625,2154.287841796875,2450902
2021-11-29,2334.39990234375,2342.25,2284.699951171875,2329.39990234375,2149.029296875,1724612
2021-11-30,2322.0,2361.0,2302.0,2317.550048828125,2138.096435546875,3931035
2021-12-01,2340.0,2356.75,2323.25,2344.85009765625,2163.282958984375,1263139
2021-12-02,2357.0,2388.0,2345.0,2383.300048828125,2198.755615234375,1673117
2021-12-03,2383.300048828125,2389.89990234375,2337.89990234375,2343.64990234375,2162.17578125,1890178
2021-12-06,2344.0,2363.949951171875,2301.0,2306.5,2127.90234375,1079171
2021-12-07,2327.89990234375,2341.64990234375,2312.0,2321.60009765625,2141.832763671875,895313
2021-12-08,2318.25,2344.449951171875,2318.25,2340.60009765625,2159.361572265625,839769
2021-12-09,2341.0,2348.60009765625,2321.550048828125,2339.75,2158.57763671875,716666
2021-12-10,2347.0,2347.0,2320.0,2332.800048828125,2152.166015625,724539
2021-12-13,2352.0,2352.0,2301.0,2304.35009765625,2125.91845703125,1804894
2021-12-14,2305.0,2324.949951171875,2304.0,2318.300048828125,2138.78857421875,1219031
2021-12-15,2316.0,2324.800048828125,2300.5,2320.949951171875,2141.233154296875,755122
2021-12-16,2320.949951171875,2325.300048828125,2303.949951171875,2309.5,2130.669921875,926493
2021-12-17,2303.0,2308.949951171875,2226.0,2230.25,2057.556396484375,2439222
2021-12-20,2226.0,2274.35009765625,2201.14990234375,2269.10009765625,2093.398681640625,2175705
2021-12-21,2290.0,2302.699951171875,2252.75,2272.85009765625,2096.857666015625,1591415
2021-12-22,2300.0,2317.39990234375,2269.0,2277.64990234375,2101.285888671875,1661605
2021-12-23,2298.949951171875,2305.0,2274.60009765625,2300.64990234375,2122.505126953125,1423081
2021-12-24,2310.0,2313.0,2283.300048828125,2296.949951171875,2119.09130859375,895503
2021-12-27,2296.949951171875,2308.10009765625,2278.25,2301.39990234375,2123.197021484375,584302
2021-12-28,2310.0,2318.39990234375,2297.75,2309.10009765625,2130.30078125,783710
2021-12-29,2314.89990234375,2321.85009765625,2299.050048828125,2306.85009765625,2128.22509765625,1410236
2021-12-30,2308.0,2330.0,2296.64990234375,2325.60009765625,2145.523193359375,963711
2021-12-31,2340.0,2370.35009765625,2330.0,2360.14990234375,2177.39794921875,1123597
2022-01-03,2378.0,2378.0,2353.0,2361.300048828125,2178.458984375,879278
2022-01-04,2368.949951171875,2408.10009765625,2355.35009765625,2401.25,2215.315673828125,1484275
2022-01-05,2403.800048828125,2420.0,2392.0,2415.800048828125,2228.739013671875,1202512
2022-01-06,2398.0,2412.0,2367.699951171875,2391.39990234375,2206.22802734375,1198901
2022-01-07,2388.0,2421.89990234375,2388.0,2416.14990234375,2229.061279296875,1026186
2022-01-10,2425.0,2425.0,2402.0,2407.050048828125,2220.66650390625,919447
2022-01-11,2417.14990234375,2418.300048828125,2392.0,2403.64990234375,2217.529541015625,1321335
2022-01-12,2407.199951171875,2416.0,2398.5,2413.14990234375,2226.293701171875,1487554
2022-01-13,2418.0,2421.89990234375,2403.25,2414.199951171875,2227.262939453125,1586299
2022-01-14,2420.0,2421.0,2360.800048828125,2363.699951171875,2180.6728515625,1596037
2022-01-17,2364.0,2394.199951171875,2345.0,2389.550048828125,2204.521240234375,912205
2022-01-18,2408.699951171875,2408.699951171875,2357.39990234375,2369.5,2186.023681640625,1667579
2022-01-19,2364.0,2368.60009765625,2305.050048828125,2309.89990234375,2131.038818359375,2145255
2022-01-20,2325.0,2325.550048828125,2243.0,2261.800048828125,2086.663330078125,2829711
2022-01-21,2264.800048828125,2334.35009765625,2250.0,2325.39990234375,2145.3388671875,4596050
2022-01-24,2338.89990234375,2344.949951171875,2266.699951171875,2284.60009765625,2107.697998046875,2231103
2022-01-25,2283.5,2333.699951171875,2240.89990234375,2327.25,2147.045166015625,1843543
2022-01-27,2310.0,2325.60009765625,2275.0,2295.35009765625,2117.61572265625,2620474
2022-01-28,2294.60009765625,2318.699951171875,2278.050048828125,2283.550048828125,2106.729248046875,1967721
2022-01-31,2290.0,2311.85009765625,2271.0,2273.75,2097.6884765625,1639875
2022-02-01,2303.300048828125,2320.0,2278.39990234375,2305.64990234375,2127.1181640625,1270508
2022-02-02,2324.10009765625,2333.0,2296.550048828125,2327.89990234375,2147.64501953125,1246111
2022-02-03,2329.0,2331.949951171875,2290.0,2298.14990234375,2120.19873046875,1448039
2022-02-04,2306.0,2312.75,2283.0,2306.60009765625,2127.994873046875,1014561
2022-02-07,2295.25,2316.699951171875,2237.0,2257.60009765625,2082.7890625,1207402
2022-02-08,2268.0,2268.0,2246.550048828125,2264.35009765625,2089.015625,1190660
2022-02-09,2267.550048828125,2280.35009765625,2255.60009765625,2277.64990234375,2101.285888671875,1049611
2022-02-10,2280.0,2285.0,2255.85009765625,2283.14990234375,2106.35986328125,1195100
2022-02-11,2279.0,2279.0,2249.0,2258.0,2083.15771484375,2100036
2022-02-14,2220.0,2236.25,2207.0,2228.550048828125,2055.988037109375,1661501
2022-02-15,2247.949951171875,2304.14990234375,2222.550048828125,2290.10009765625,2112.772216796875,1533070
2022-02-16,2290.10009765625,2303.75,2275.0,2286.5,2109.451416015625,995668
2022-02-17,2282.0,2313.0,2276.0,2307.550048828125,2128.870849609375,869374
2022-02-18,2294.0,2327.800048828125,2294.0,2312.550048828125,2133.48388671875,890713
2022-02-21,2298.0,2304.050048828125,2284.75,2294.800048828125,2117.1083984375,737919
2022-02-22,2280.0,2280.0,2250.10009765625,2269.949951171875,2094.18212890625,902667
2022-02-23,2270.0,2273.949951171875,2252.25,2260.39990234375,2085.37158203125,1324411
2022-02-24,2200.0,2242.0,2160.300048828125,2171.39990234375,2003.2630615234375,2997629
2022-02-25,2195.0,2196.0,2162.14990234375,2170.699951171875,2002.6173095703125,2193728
2022-02-28,2164.0,2179.89990234375,2120.0,2172.10009765625,2003.9090576171875,2334036
2022-03-02,2128.949951171875,2154.800048828125,2123.050048828125,2149.10009765625,1982.6900634765625,2034688
2022-03-03,2157.89990234375,2167.949951171875,2086.60009765625,2091.0,1929.0889892578125,2372998
2022-03-04,2075.0,2077.949951171875,1975.25,2019.5,1863.1251220703125,6320118
2022-03-07,1979.5,1980.1500244140625,1927.0,1943.949951171875,1793.4254150390625,2976453
2022-03-08,1924.550048828125,1958.0,1901.550048828125,1949.0,1798.0843505859375,3211938
2022-03-09,1964.0,2007.050048828125,1951.0,1997.9000244140625,1843.1978759765625,2879079
2022-03-10,2051.89990234375,2114.0,2049.0,2101.949951171875,1939.19091796875,4879791
2022-03-11,2100.0,2110.199951171875,2070.0,2094.39990234375,1932.2255859375,2481643
2022-03-14,2095.0,2095.0,2046.0999755859375,2059.300048828125,1899.8436279296875,1730325
2022-03-15,2045.0,2080.800048828125,2025.0,2038.199951171875,1880.377197265625,2391023
2022-03-16,2060.0,2080.0,2032.050048828125,2072.14990234375,1911.6982421875,2808685
2022-03-17,2098.10009765625,2116.699951171875,2082.35009765625,2102.050048828125,1939.2833251953125,2995889
2022-03-21,2106.5,2110.89990234375,2046.0,2051.199951171875,1892.3707275390625,1674982
2022-03-22,2053.75,2053.75,1969.0,1993.5,1839.138427734375,5356303
2022-03-23,2012.0,2016.550048828125,1975.25,1978.550048828125,1825.3463134765625,3212162
2022-03-24,1970.0,1991.3499755859375,1951.3499755859375,1965.9000244140625,1813.6756591796875,3054664
2022-03-25,1974.9000244140625,1977.0,1945.0,1953.0,1801.7745361328125,2233647
2022-03-28,1959.949951171875,1980.800048828125,1931.300048828125,1975.0999755859375,1822.1632080078125,1794533
2022-03-29,1980.0,1994.8499755859375,1974.050048828125,1987.050048828125,1833.18798828125,1249125
2022-03-30,2000.0,2019.0,1995.050048828125,2015.9000244140625,1859.80419921875,1476829
2022-03-31,2019.4000244140625,2054.0,2018.0,2048.64990234375,1890.01806640625,2540524
2022-04-01,2054.89990234375,2085.85009765625,2038.4000244140625,2078.14990234375,1917.2337646484375,1714996
2022-04-04,2078.0,2132.449951171875,2070.199951171875,2128.449951171875,1963.6387939453125,1693019
2022-04-05,2144.5,2158.0,2127.0,2139.800048828125,1974.1102294921875,1277652
2022-04-06,2135.0,2164.39990234375,2121.300048828125,2142.050048828125,1976.185791015625,1736115
2022-04-07,2139.949951171875,2175.0,2135.10009765625,2164.800048828125,1997.17431640625,1824732
2022-04-08,2177.699951171875,2193.5,2163.5,2183.050048828125,2014.01123046875,1693462
2022-04-11,2188.0,2194.10009765625,2138.89990234375,2163.050048828125,1995.5601806640625,1380107
2022-04-12,2140.89990234375,2165.0,2125.0,2132.25,1967.1448974609375,1370233
2022-04-13,2137.699951171875,2165.0,2130.699951171875,2152.14990234375,1985.5035400390625,1071601
2022-04-18,2148.0,2182.89990234375,2135.050048828125,2177.64990234375,2009.0291748046875,1828131
2022-04-19,2185.699951171875,2206.85009765625,2101.050048828125,2113.050048828125,1949.4317626953125,1775996
2022-04-20,2114.39990234375,2168.64990234375,2092.699951171875,2164.949951171875,1997.3123779296875,1511804
2022-04-21,2185.0,2203.75,2168.0,2197.949951171875,2027.7574462890625,2244813
2022-04-22,2182.0,2189.0,2120.0,2126.949951171875,1962.255126953125,3520828
2022-04-25,2100.0,2162.0,2047.0,2100.75,1938.083740234375,2437310
2022-04-26,2142.199951171875,2157.949951171875,2121.0,2148.35009765625,1981.998291015625,1447088
2022-04-27,2147.800048828125,2152.39990234375,2103.5,2145.10009765625,1978.9998779296875,2214481
2022-04-28,2230.0,2250.0,2165.0,2241.85009765625,2068.2587890625,5865359
2022-04-29,2244.39990234375,2290.0,2222.550048828125,2234.85009765625,2061.800537109375,2678692
2022-05-02,2220.0,2252.0,2205.89990234375,2230.5,2057.787109375,1543544
2022-05-04,2241.949951171875,2250.85009765625,2148.64990234375,2171.550048828125,2003.4017333984375,1608395
2022-05-05,2178.0,2201.949951171875,2153.60009765625,2166.60009765625,1998.8350830078125,1101451
2022-05-06,2125.0,2170.0,2106.199951171875,2149.199951171875,1982.7823486328125,1585602
2022-05-09,2121.5,2139.39990234375,2110.14990234375,2116.64990234375,1952.7525634765625,1341414
2022-05-10,2134.0,2197.89990234375,2119.0,2180.39990234375,2011.5662841796875,2162232
2022-05-11,2185.0,2189.699951171875,2116.0,2163.5,1995.9749755859375,1858636
2022-05-12,2164.85009765625,2164.85009765625,2109.199951171875,2138.800048828125,1973.1876220703125,1531515
2022-05-13,2170.0,2218.0,2154.14990234375,2194.10009765625,2024.205810546875,2057239
2022-05-16,2200.0,2221.949951171875,2172.300048828125,2217.25,2045.56298828125,1396818
2022-05-17,2237.89990234375,2277.0,2221.300048828125,2245.0,2071.16455078125,2055096
2022-05-18,2236.10009765625,2302.0,2236.10009765625,2291.39990234375,2113.971435546875,2137455
2022-05-19,2245.60009765625,2283.800048828125,2245.449951171875,2264.550048828125,2089.200439453125,1734602
2022-05-20,2290.0,2348.0,2282.699951171875,2325.949951171875,2145.845947265625,2599505
2022-05-23,2309.0,2388.0,2306.35009765625,2379.800048828125,2195.526611328125,2363306
2022-05-24,2380.0,2380.0,2302.050048828125,2309.64990234375,2130.807861328125,3078655
2022-05-25,2329.949951171875,2329.949951171875,2286.5,2298.699951171875,2120.706298828125,1884260
2022-05-26,2290.14990234375,2296.0,2258.0,2280.199951171875,2103.638671875,2299127
2022-05-27,2297.0,2334.89990234375,2280.5,2330.60009765625,2150.13623046875,1011303
2022-05-30,2342.199951171875,2365.0,2331.0,2348.949951171875,2167.06494140625,939562
2022-05-31,2360.0,2367.89990234375,2303.89990234375,2353.25,2171.0322265625,3123979
2022-06-01,2370.0,2413.800048828125,2302.0,2308.449951171875,2129.70068359375,2197599
2022-06-02,2295.0,2306.949951171875,2257.14990234375,2284.800048828125,2107.882568359375,1460335
2022-06-03,2284.0,2324.949951171875,2265.14990234375,2291.949951171875,2114.47900390625,1845303
2022-06-06,2272.199951171875,2301.949951171875,2247.60009765625,2280.5,2103.915283203125,2131405
2022-06-07,2250.0,2259.85009765625,2207.050048828125,2211.60009765625,2040.3504638671875,2034730
2022-06-08,2215.0,2218.949951171875,2186.0,2197.050048828125,2026.92724609375,1506843
2022-06-09,2197.0,2208.35009765625,2170.75,2197.699951171875,2027.5269775390625,1497867
2022-06-10,2163.0,2208.85009765625,2162.800048828125,2199.89990234375,2029.55615234375,1641981
2022-06-13,2168.0,2217.0,2156.0,2196.89990234375,2026.7884521484375,1519441
2022-06-14,2190.85009765625,2213.949951171875,2160.0,2171.0,2002.8941650390625,1592475
2022-06-15,2158.699951171875,2158.89990234375,2131.0,2146.550048828125,1997.82177734375,1432377
2022-06-16,2145.0,2164.0,2135.050048828125,2146.699951171875,1997.9615478515625,1353485
2022-06-17,2160.0,2160.39990234375,2100.0,2110.449951171875,1964.223388671875,3252189
2022-06-20,2111.0,2202.89990234375,2108.14990234375,2195.89990234375,2043.7525634765625,2022000
2022-06-21,2195.0,2232.0,2172.14990234375,2205.0,2052.22216796875,1606187
2022-06-22,2189.199951171875,2224.89990234375,2186.050048828125,2202.85009765625,2050.220947265625,1741378
2022-06-23,2208.0,2257.35009765625,2192.10009765625,2252.60009765625,2096.524169921875,1585753
2022-06-24,2265.0,2318.800048828125,2260.050048828125,2303.89990234375,2144.269775390625,1930048
2022-06-27,2315.85009765625,2331.85009765625,2298.050048828125,2320.64990234375,2159.85888671875,1450391
2022-06-28,2320.64990234375,2324.0,2277.85009765625,2317.64990234375,2157.06689453125,1404108
2022-06-29,2296.199951171875,2299.89990234375,2225.0,2233.449951171875,2078.700927734375,1682914
2022-06-30,2224.89990234375,2249.0,2213.39990234375,2230.60009765625,2076.048095703125,2387212
2022-07-01,2226.0,2293.0,2203.60009765625,2282.35009765625,2124.212890625,1235612
2022-07-04,2276.0,2378.300048828125,2276.0,2375.199951171875,2210.62939453125,2410245
2022-07-05,2384.5,2412.0,2371.60009765625,2401.5,2235.107421875,2463079
2022-07-06,2400.0,2509.10009765625,2400.0,2498.39990234375,2325.29296875,4770394
2022-07-07,2505.0,2531.0,2465.5,2472.949951171875,2301.606689453125,3333262
2022-07-08,2476.449951171875,2503.800048828125,2452.800048828125,2496.85009765625,2323.850830078125,1346970
2022-07-11,2487.0,2525.0,2480.0,2490.60009765625,2318.03369140625,1587197
2022-07-12,2475.0,2490.60009765625,2444.449951171875,2449.550048828125,2279.827880859375,1116476
2022-07-13,2464.0,2519.35009765625,2461.39990234375,2497.75,2324.6884765625,2528792
2022-07-14,2502.75,2522.89990234375,2468.199951171875,2497.800048828125,2324.734619140625,1663307
2022-07-15,2530.0,2573.89990234375,2502.050048828125,2568.5,2390.5361328125,2996964
2022-07-18,2581.0,2605.0,2533.050048828125,2553.5,2376.57568359375,1566888
2022-07-19,2549.949951171875,2575.0,2522.75,2567.949951171875,2390.024169921875,1473121
2022-07-20,2575.0,2618.0,2535.60009765625,2604.5,2424.042236328125,4012897
2022-07-21,2617.0,2629.89990234375,2591.699951171875,2607.449951171875,2426.787841796875,1990695
2022-07-22,2617.0,2643.199951171875,2611.050048828125,2640.60009765625,2457.640869140625,1905780
2022-07-25,2645.5,2654.0,2612.0,2623.60009765625,2441.81884765625,1253821
2022-07-26,2625.0,2625.0,2538.10009765625,2547.10009765625,2370.619140625,1685576
2022-07-27,2535.35009765625,2590.5,2525.0,2581.949951171875,2403.05419921875,1404133
2022-07-28,2625.0,2625.0,2585.0,2620.10009765625,2438.56103515625,1442054
2022-07-29,2640.0,2645.0,2596.0,2637.39990234375,2454.662109375,1463059
2022-08-01,2637.5,2638.0,2580.0,2593.0,2413.338623046875,1559918
2022-08-02,2600.0,2639.10009765625,2599.0,2635.25,2452.661376953125,1359934
2022-08-03,2615.25,2664.0,2597.89990234375,2626.35009765625,2444.3779296875,1767904
2022-08-04,2634.0,2643.449951171875,2615.0,2627.949951171875,2445.86669921875,1189384
2022-08-05,2638.0,2657.64990234375,2627.550048828125,2645.39990234375,2462.108154296875,1176666
2022-08-08,2645.39990234375,2658.0,2626.050048828125,2650.35009765625,2466.715087890625,1024511
2022-08-10,2650.35009765625,2676.699951171875,2631.199951171875,2642.800048828125,2459.688232421875,1098949
2022-08-11,2656.050048828125,2667.75,2606.60009765625,2613.699951171875,2432.604248046875,810674
2022-08-12,2624.89990234375,2626.10009765625,2585.10009765625,2594.949951171875,2415.153564453125,1473527
2022-08-16,2607.949951171875,2648.35009765625,2590.550048828125,2644.5,2461.2705078125,1584117
2022-08-17,2651.0,2694.0,2644.5,2684.64990234375,2498.638916015625,1711381
2022-08-18,2685.0,2715.0,2664.64990234375,2682.050048828125,2496.218994140625,1465489
2022-08-19,2689.0,2698.949951171875,2626.5,2634.550048828125,2452.009765625,1324508
2022-08-22,2648.0,2666.800048828125,2620.10009765625,2626.699951171875,2444.70361328125,1410895
2022-08-23,2602.050048828125,2629.699951171875,2585.25,2592.75,2413.105712890625,1305045
2022-08-24,2576.0,2610.0,2561.300048828125,2588.25,2408.918212890625,1242489
2022-08-25,2601.199951171875,2628.39990234375,2565.449951171875,2574.199951171875,2395.841552734375,1106593
2022-08-26,2599.89990234375,2614.699951171875,2562.0,2571.550048828125,2393.374755859375,1048791
2022-08-29,2550.0,2607.89990234375,2550.0,2575.800048828125,2397.330322265625,1450034
2022-08-30,2588.699951171875,2667.0,2585.60009765625,2659.85009765625,2475.55712890625,2227943
2022-09-01,2650.0,2655.0,2594.0,2606.0,2425.438232421875,1702269
2022-09-02,2615.0,2623.0,2585.0,2603.60009765625,2423.20458984375,937600
2022-09-05,2597.0,2622.39990234375,2586.10009765625,2600.60009765625,2420.412353515625,1274074
2022-09-06,2591.199951171875,2620.0,2563.0,2573.10009765625,2394.8173828125,1250776
2022-09-07,2571.800048828125,2596.89990234375,2560.800048828125,2564.60009765625,2386.906494140625,1344964
2022-09-08,2580.0,2596.0,2563.0,2577.14990234375,2398.5869140625,1004533
2022-09-09,2598.0,2647.0,2583.449951171875,2588.699951171875,2409.336669921875,1785443
2022-09-12,2591.0,2605.0,2574.0,2580.39990234375,2401.61181640625,1595709
2022-09-13,2598.0,2609.0,2579.0,2586.60009765625,2407.382080078125,1342130
2022-09-14,2550.0,2606.0,2546.699951171875,2571.39990234375,2393.23486328125,1610054
2022-09-15,2580.0,2598.800048828125,2551.0,2560.39990234375,2382.997314453125,1199906
2022-09-16,2555.0,2563.85009765625,2518.64990234375,2528.14990234375,2352.981689453125,2516820
2022-09-19,2531.0,2588.0,2508.050048828125,2579.25,2400.54150390625,1166725
2022-09-20,2598.60009765625,2621.5,2579.60009765625,2583.550048828125,2404.54345703125,1253333
2022-09-21,2582.0,2646.75,2580.0,2623.60009765625,2441.81884765625,1960049
2022-09-22,2623.10009765625,2701.25,2620.050048828125,2692.75,2506.17724609375,2620240
2022-09-23,2697.89990234375,2723.75,2674.0,2682.050048828125,2496.218994140625,1789791
2022-09-26,2668.5,2729.0,2643.050048828125,2660.550048828125,2476.2080078125,2678551
2022-09-27,2676.0,2713.75,2653.39990234375,2679.25,2493.61279296875,1898501
2022-09-28,2669.949951171875,2708.75,2652.050048828125,2702.10009765625,2514.8798828125,1526197
2022-09-29,2711.10009765625,2727.0,2691.10009765625,2700.550048828125,2513.43701171875,2019666
2022-09-30,2707.0,2714.89990234375,2667.89990234375,2696.449951171875,2509.620849609375,1340054
2022-10-03,2723.0,2734.0,2617.550048828125,2622.5,2440.794677734375,1683197
2022-10-04,2650.0,2676.5,2634.14990234375,2667.949951171875,2483.09521484375,1327939
2022-10-06,2681.300048828125,2692.300048828125,2605.050048828125,2614.0,2432.883544921875,1752351
2022-10-07,2611.89990234375,2613.0,2575.0,2599.699951171875,2419.574462890625,1025923
2022-10-10,2570.0,2610.699951171875,2542.0,2605.60009765625,2425.06591796875,1043728
2022-10-11,2610.0,2610.550048828125,2545.0,2550.64990234375,2373.9228515625,1129783
2022-10-12,2563.449951171875,2604.60009765625,2554.199951171875,2591.35009765625,2411.80322265625,882873
2022-10-13,2583.0,2607.14990234375,2562.89990234375,2566.39990234375,2388.581787109375,753331
2022-10-14,2590.0,2624.89990234375,2570.199951171875,2575.800048828125,2397.330322265625,1001536
2022-10-17,2573.60009765625,2609.949951171875,2568.0,2590.550048828125,2411.058349609375,778918
2022-10-18,2620.0,2642.0,2597.0,2602.25,2421.947998046875,1123374
2022-10-19,2615.300048828125,2617.5,2578.39990234375,2583.0,2404.031494140625,1241979
2022-10-20,2568.14990234375,2610.0,2568.14990234375,2600.89990234375,2420.691650390625,1428125
2022-10-21,2606.0,2666.75,2606.0,2653.89990234375,2470.01904296875,2458302
2022-10-24,2610.10009765625,2640.0,2550.0,2573.10009765625,2394.8173828125,719908
2022-10-25,2586.0,2586.0,2500.0,2505.39990234375,2331.80859375,2923789
2022-10-27,2494.0,2530.0,2488.0,2519.0,2344.46630859375,1846329
2022-10-28,2526.10009765625,2550.89990234375,2512.0,2524.25,2349.352294921875,1164951
2022-10-31,2545.0,2572.0,2542.050048828125,2550.699951171875,2373.9697265625,1324443
2022-11-01,2569.0,2575.85009765625,2547.60009765625,2551.800048828125,2390.92822265625,1280132
2022-11-02,2564.0,2564.0,2501.39990234375,2518.300048828125,2359.540283203125,1338284
2022-11-03,2515.699951171875,2549.0,2508.300048828125,2546.35009765625,2385.822021484375,730444
2022-11-04,2544.949951171875,2546.0,2515.25,2520.35009765625,2361.46142578125,889055
2022-11-07,2531.10009765625,2552.0,2517.0,2532.800048828125,2373.12646484375,1283685
2022-11-09,2510.0,2544.89990234375,2492.64990234375,2508.800048828125,2350.63916015625,1436444
2022-11-10,2504.0,2538.0,2501.050048828125,2513.60009765625,2355.13671875,1459152
2022-11-11,2545.0,2546.800048828125,2495.0,2503.050048828125,2345.251953125,1162847
2022-11-14,2506.800048828125,2513.75,2455.14990234375,2457.800048828125,2302.854736328125,2137131
2022-11-15,2457.800048828125,2469.0,2444.14990234375,2457.5,2302.5732421875,1558333
2022-11-16,2463.550048828125,2483.0,2428.10009765625,2477.85009765625,2321.640625,1330395
2022-11-17,2479.949951171875,2498.0,2454.25,2460.0,2304.915771484375,960476
2022-11-18,2470.0,2488.550048828125,2448.85009765625,2483.699951171875,2327.121826171875,1075675
2022-11-21,2483.699951171875,2512.0,2470.050048828125,2501.39990234375,2343.70556640625,1354881
2022-11-22,2505.89990234375,2524.0,2497.0,2515.699951171875,2357.104248046875,921265
2022-11-23,2521.0,2525.0,2502.0,2507.35009765625,2349.281005859375,734152
2022-11-24,2517.0,2560.0,2511.14990234375,2549.14990234375,2388.4453125,999929
2022-11-25,2555.0,2555.39990234375,2518.199951171875,2537.449951171875,2377.483154296875,783480
2022-11-28,2527.0,2542.5,2521.800048828125,2525.199951171875,2366.005126953125,830905
2022-11-29,2527.199951171875,2639.949951171875,2527.199951171875,2634.199951171875,2468.1337890625,2542932
2022-11-30,2634.0,2698.0,2623.0,2684.35009765625,2515.122314453125,3698270
2022-12-01,2680.0,2683.0,2646.85009765625,2662.85009765625,2494.977294921875,1675569
2022-12-02,2660.0,2660.0,2607.14990234375,2615.10009765625,2450.23779296875,2101890
2022-12-05,2600.0,2625.0,2585.14990234375,2619.85009765625,2454.68798828125,1640511
2022-12-06,2606.800048828125,2659.949951171875,2603.85009765625,2654.550048828125,2487.200927734375,1484562
2022-12-07,2660.050048828125,2719.800048828125,2656.25,2707.35009765625,2536.672607421875,2368561
2022-12-08,2695.050048828125,2711.050048828125,2685.75,2705.449951171875,2534.891845703125,1314703
2022-12-09,2724.699951171875,2741.60009765625,2711.25,2722.25,2550.632568359375,1883397
2022-12-12,2702.199951171875,2724.0,2688.64990234375,2717.25,2545.947998046875,1163204
2022-12-13,2717.0,2720.0,2697.800048828125,2710.300048828125,2539.436279296875,1265839
2022-12-14,2720.0,2720.0,2671.35009765625,2684.64990234375,2515.403076171875,886858
2022-12-15,2668.35009765625,2683.25,2648.449951171875,2663.25,2495.352294921875,990722
2022-12-16,2668.0,2687.699951171875,2653.300048828125,2671.300048828125,2502.89501953125,1793864
2022-12-19,2671.300048828125,2720.0,2671.300048828125,2718.10009765625,2546.74462890625,1546941
2022-12-20,2706.0,2706.050048828125,2653.25,2674.550048828125,2505.940185546875,827567
2022-12-21,2687.949951171875,2695.14990234375,2650.10009765625,2666.199951171875,2498.116455078125,779092
2022-12-22,2676.5,2688.5,2642.0,2645.35009765625,2478.580810546875,852567
2022-12-23,2632.0,2649.550048828125,2608.050048828125,2621.10009765625,2455.859375,1189702
2022-12-26,2620.949951171875,2637.85009765625,2606.75,2617.449951171875,2452.43994140625,605144
2022-12-27,2625.0,2634.89990234375,2575.25,2593.25,2429.76513671875,870960
2022-12-28,2593.0,2603.10009765625,2578.10009765625,2583.60009765625,2420.723876953125,822651
2022-12-29,2580.25,2583.300048828125,2539.39990234375,2568.050048828125,2406.15380859375,1345863
2022-12-30,2579.949951171875,2586.449951171875,2555.199951171875,2561.050048828125,2399.595458984375,696432
2023-01-02,2573.89990234375,2580.050048828125,2538.050048828125,2558.39990234375,2397.1123046875,681703
2023-01-03,2550.050048828125,2562.0,2535.0,2542.050048828125,2381.79345703125,821843
2023-01-04,2550.5,2558.39990234375,2527.050048828125,2536.10009765625,2376.21826171875,1672649
2023-01-05,2537.550048828125,2591.949951171875,2537.5,2583.699951171875,2420.817138671875,2008493
2023-01-06,2580.0,2611.89990234375,2574.89990234375,2576.449951171875,2414.024169921875,991782
2023-01-09,2589.35009765625,2629.449951171875,2570.0,2624.050048828125,2458.623779296875,1267078
2023-01-10,2624.050048828125,2653.35009765625,2615.10009765625,2643.85009765625,2477.17529296875,1413088
2023-01-11,2644.0,2647.85009765625,2588.10009765625,2593.25,2429.76513671875,1471687
2023-01-12,2586.10009765625,2602.60009765625,2572.75,2590.050048828125,2426.767578125,1703829
2023-01-13,2590.199951171875,2639.25,2566.64990234375,2624.0,2458.57666015625,1348015
2023-01-16,2627.949951171875,2627.949951171875,2584.0,2597.10009765625,2433.37255859375,930068
2023-01-17,2605.449951171875,2675.0,2601.800048828125,2667.550048828125,2499.38134765625,1892865
2023-01-18,2668.0,2693.5,2660.0,2686.199951171875,2516.85546875,2038075
2023-01-19,2670.10009765625,2679.300048828125,2611.89990234375,2649.75,2482.703369140625,1649842
2023-01-20,2550.0,2605.0,2536.050048828125,2548.75,2388.07080078125,4569549
2023-01-23,2560.0,2604.0,2552.0,2596.39990234375,2432.716552734375,1388360
2023-01-24,2604.0,2610.0,2580.800048828125,2600.5,2436.558349609375,1462462
2023-01-25,2600.5,2642.0,2594.0,2622.35009765625,2457.031005859375,1591810
2023-01-27,2635.5,2646.550048828125,2578.199951171875,2612.14990234375,2447.47412109375,1581382
2023-01-30,2610.0,2610.0,2530.199951171875,2568.14990234375,2406.247802734375,2744039
2023-01-31,2568.0,2590.199951171875,2541.199951171875,2576.75,2414.3056640625,2366794
2023-02-01,2600.199951171875,2603.0,2546.85009765625,2574.25,2411.963134765625,2014615
2023-02-02,2569.5,2639.75,2563.0,2634.85009765625,2468.74267578125,1980667
2023-02-03,2640.0,2657.449951171875,2631.14990234375,2648.75,2481.7666015625,1638238
2023-02-06,2631.0,2645.0,2599.75,2637.60009765625,2471.319580078125,1697446
2023-02-07,2645.0,2645.550048828125,2595.300048828125,2601.199951171875,2437.2138671875,1495745
2023-02-08,2592.699951171875,2607.5,2578.35009765625,2582.800048828125,2419.974365234375,1061956
2023-02-09,2587.0,2599.89990234375,2566.0,2586.699951171875,2423.628173828125,1102484
2023-02-10,2585.0,2586.64990234375,2555.35009765625,2577.5,2415.00830078125,1523011
2023-02-13,2560.0,2590.75,2550.0,2581.0,2418.287353515625,1146525
2023-02-14,2585.0,2602.0,2570.199951171875,2579.60009765625,2416.97607421875,1944364
2023-02-15,2550.0,2571.800048828125,2537.0,2548.449951171875,2387.78955078125,2009134
2023-02-16,2560.0,2561.89990234375,2522.85009765625,2527.10009765625,2367.785888671875,1982857
2023-02-17,2525.0,2546.25,2506.89990234375,2515.5,2356.9169921875,1395341
2023-02-20,2518.0,2543.0,2508.199951171875,2511.449951171875,2353.122314453125,632091
2023-02-21,2528.0,2543.949951171875,2512.300048828125,2516.14990234375,2357.526123046875,862797
2023-02-22,2516.14990234375,2523.550048828125,2482.75,2494.050048828125,2336.8193359375,885515
2023-02-23,2492.0,2515.89990234375,2480.10009765625,2490.64990234375,2333.633544921875,757215
2023-02-24,2492.199951171875,2511.25,2471.949951171875,2484.199951171875,2327.590087890625,732783
2023-02-27,2487.0,2487.0,2456.0,2468.14990234375,2312.552001953125,853991
2023-02-28,2469.75,2474.35009765625,2435.64990234375,2460.64990234375,2305.524169921875,1780454
2023-03-01,2458.0,2470.0,2448.0,2466.25,2310.771728515625,967339
2023-03-02,2466.25,2470.0,2444.0,2455.35009765625,2300.55908203125,827174
2023-03-03,2466.0,2489.89990234375,2455.64990234375,2471.0,2315.22216796875,1176008
2023-03-06,2481.949951171875,2498.85009765625,2475.60009765625,2484.85009765625,2328.19921875,1214503
2023-03-08,2487.0,2501.39990234375,2467.199951171875,2485.10009765625,2328.43359375,1448340
2023-03-09,2484.85009765625,2491.949951171875,2456.89990234375,2461.39990234375,2306.2275390625,1038910
2023-03-10,2450.0,2470.5,2445.10009765625,2465.449951171875,2310.022216796875,772024
2023-03-13,2466.0,2488.5,2445.0,2455.10009765625,2300.324462890625,1314549
2023-03-14,2462.0,2472.0,2439.75,2442.449951171875,2288.47216796875,1250763
2023-03-15,2451.89990234375,2459.5,2393.0,2406.10009765625,2254.413818359375,1738040
2023-03-16,2424.949951171875,2469.300048828125,2407.75,2459.35009765625,2304.306884765625,1628035
2023-03-17,2471.64990234375,2483.199951171875,2439.800048828125,2447.39990234375,2293.10986328125,2127178
2023-03-20,2447.39990234375,2516.64990234375,2425.0,2511.199951171875,2352.887939453125,1561128
2023-03-21,2515.0,2523.25,2458.75,2462.60009765625,2307.35205078125,1595161
2023-03-22,2472.60009765625,2481.39990234375,2454.39990234375,2476.35009765625,2320.23486328125,1063244
2023-03-23,2475.0,2500.050048828125,2466.0,2485.10009765625,2328.43359375,1578627
2023-03-24,2472.199951171875,2497.89990234375,2470.0,2480.800048828125,2324.404296875,1449326
2023-03-27,2485.0,2505.0,2464.0,2499.0,2341.45703125,1387736
2023-03-28,2509.800048828125,2513.5,2471.89990234375,2482.800048828125,2326.278564453125,1412387
2023-03-29,2485.0,2539.800048828125,2480.050048828125,2530.85009765625,2371.29931640625,2613254
2023-03-31,2558.800048828125,2568.449951171875,2516.550048828125,2560.35009765625,2398.939453125,2146167
2023-04-03,2570.0,2570.0,2515.050048828125,2536.10009765625,2376.21826171875,918048
2023-04-05,2512.5,2588.550048828125,2502.0,2582.75,2419.92724609375,1489612
2023-04-06,2575.0,2585.0,2553.0,2565.25,2403.530517578125,797414
2023-04-10,2565.25,2568.949951171875,2525.0,2532.14990234375,2372.517333984375,853322
2023-04-11,2540.0,2555.0,2533.0,2547.75,2387.1337890625,913184
2023-04-12,2556.0,2556.0,2518.64990234375,2528.949951171875,2369.51904296875,1109809
2023-04-13,2525.0,2562.35009765625,2525.0,2536.199951171875,2376.31201171875,1261711
2023-04-17,2573.0,2579.0,2541.39990234375,2551.85009765625,2390.975341796875,1566977
2023-04-18,2560.0,2560.0,2530.0,2541.050048828125,2380.856201171875,1474786
2023-04-19,2548.0,2548.0,2510.25,2531.60009765625,2372.002197265625,1320243
2023-04-20,2517.800048828125,2532.39990234375,2480.0,2492.60009765625,2335.460693359375,1401364
2023-04-21,2492.0,2509.5,2485.64990234375,2497.949951171875,2340.472900390625,1206288
2023-04-24,2502.0,2504.89990234375,2475.10009765625,2499.75,2342.159912109375,1735797
2023-04-25,2490.85009765625,2499.75,2478.050048828125,2490.449951171875,2333.446044921875,1701098
2023-04-26,2490.0,2518.0,2482.199951171875,2510.800048828125,2352.513427734375,1245903
2023-04-27,2513.949951171875,2522.0,2457.0,2468.949951171875,2313.301513671875,2743893
2023-04-28,2436.050048828125,2467.800048828125,2419.0,2457.300048828125,2302.3857421875,3761927
2023-05-02,2471.800048828125,2478.0,2450.0,2451.699951171875,2297.138916015625,1760370
2023-05-03,2456.949951171875,2490.0,2452.64990234375,2486.0,2329.276611328125,1258140
2023-05-04,2486.949951171875,2509.35009765625,2480.14990234375,2506.75,2348.71826171875,1150227
2023-05-05,2500.0,2520.0,2494.699951171875,2500.75,2343.0966796875,1354871
2023-05-08,2505.75,2526.85009765625,2497.14990234375,2516.300048828125,2357.66650390625,972810
2023-05-09,2525.0,2525.0,2500.050048828125,2515.800048828125,2357.1982421875,1651327
2023-05-10,2521.0,2535.0,2505.85009765625,2522.699951171875,2363.662841796875,2025658
2023-05-11,2536.949951171875,2599.0,2523.60009765625,2592.39990234375,2428.96875,1749356
2023-05-12,2594.0,2640.0,2586.39990234375,2623.39990234375,2458.014404296875,2170011
2023-05-15,2637.949951171875,2670.75,2623.050048828125,2662.25,2494.415283203125,1561055
2023-05-16,2670.0,2678.39990234375,2650.60009765625,2675.89990234375,2507.205078125,1477905
2023-05-17,2672.0,2674.0,2647.050048828125,2661.75,2493.94677734375,839404
2023-05-18,2665.5,2669.199951171875,2621.85009765625,2627.550048828125,2461.903076171875,1434067
2023-05-19,2628.64990234375,2649.0,2600.64990234375,2641.449951171875,2474.926513671875,1174757
2023-05-22,2635.0,2655.449951171875,2623.050048828125,2638.10009765625,2471.787841796875,768232
2023-05-23,2632.0,2649.800048828125,2625.0,2628.300048828125,2462.60595703125,703864
2023-05-24,2620.0,2638.0,2608.0,2614.949951171875,2450.097412109375,628872
2023-05-25,2610.0,2626.14990234375,2580.550048828125,2597.25,2433.513427734375,1072231
2023-05-26,2603.75,2656.699951171875,2603.10009765625,2652.35009765625,2485.1396484375,947073
2023-05-29,2670.0,2679.550048828125,2645.050048828125,2650.300048828125,2483.218505859375,698267
2023-05-30,2655.5,2665.0,2650.85009765625,2656.550048828125,2489.07470703125,948051
2023-05-31,2656.550048828125,2680.0,2638.0,2667.550048828125,2499.38134765625,3388305
2023-06-01,2667.0,2731.25,2654.5,2697.89990234375,2527.818115234375,1541080
2023-06-02,2710.0,2738.199951171875,2691.64990234375,2716.699951171875,2545.4326171875,1509260
2023-06-05,2716.449951171875,2722.0,2684.14990234375,2695.800048828125,2525.850341796875,1000190
2023-06-06,2700.0,2707.89990234375,2670.14990234375,2691.14990234375,2521.49365234375,655372
2023-06-07,2690.0,2727.0,2679.35009765625,2716.199951171875,2544.964111328125,1428490
2023-06-08,2707.0,2721.550048828125,2674.89990234375,2679.89990234375,2510.95263671875,923536
2023-06-09,2688.949951171875,2688.949951171875,2620.10009765625,2636.199951171875,2470.007568359375,1413808
2023-06-12,2645.0,2657.0,2633.0,2643.449951171875,2476.80078125,775484
2023-06-13,2629.60009765625,2697.0,2627.5,2675.89990234375,2507.205078125,1787924
2023-06-14,2671.0,2702.10009765625,2652.0,2698.75,2528.614013671875,1536248
2023-06-15,2713.949951171875,2717.5,2678.14990234375,2689.699951171875,2520.134765625,1830192
2023-06-16,2689.699951171875,2724.0,2683.199951171875,2715.64990234375,2544.44873046875,1748145
2023-06-19,2702.0,2711.39990234375,2675.0,2683.25,2534.625,1068263
2023-06-20,2670.0,2680.39990234375,2648.10009765625,2676.10009765625,2527.87109375,1129279
2023-06-21,2685.949951171875,2706.85009765625,2668.449951171875,2676.60009765625,2528.343505859375,1201840
2023-06-22,2668.64990234375,2678.0,2648.699951171875,2654.35009765625,2507.325927734375,830052
2023-06-23,2651.300048828125,2660.550048828125,2627.449951171875,2641.60009765625,2495.281982421875,991214
2023-06-26,2642.14990234375,2674.199951171875,2642.14990234375,2652.10009765625,2505.200439453125,758700
2023-06-27,2652.10009765625,2661.60009765625,2636.0,2651.35009765625,2504.491943359375,687747
2023-06-28,2652.949951171875,2687.60009765625,2642.0,2661.25,2513.843505859375,1397573
2023-06-30,2665.949951171875,2685.89990234375,2651.35009765625,2678.14990234375,2529.807373046875,1160181
2023-07-03,2687.0,2705.85009765625,2659.449951171875,2701.050048828125,2551.43896484375,980665
2023-07-04,2701.050048828125,2706.699951171875,2675.0,2700.0,2550.447021484375,721907
2023-07-05,2699.949951171875,2759.39990234375,2696.10009765625,2755.85009765625,2603.203857421875,1717547
2023-07-06,2759.89990234375,2765.0,2735.64990234375,2757.10009765625,2604.38427734375,1265020
2023-07-07,2753.10009765625,2769.64990234375,2691.0,2698.10009765625,2548.652587890625,1178930
2023-07-10,2709.89990234375,2711.35009765625,2651.0,2656.550048828125,2509.40380859375,1518183
2023-07-11,2657.10009765625,2716.75,2646.0,2684.5,2535.805908203125,2476367
2023-07-12,2704.949951171875,2704.949951171875,2642.5,2673.64990234375,2525.556396484375,2395826
2023-07-13,2684.949951171875,2687.449951171875,2651.199951171875,2654.699951171875,2507.65625,1495067
2023-07-14,2655.0,2686.5,2651.050048828125,2676.89990234375,2528.626708984375,1419016
2023-07-17,2670.0,2703.199951171875,2670.0,2681.699951171875,2533.160888671875,912701
2023-07-18,2685.550048828125,2701.10009765625,2677.300048828125,2682.800048828125,2534.199951171875,1215904
2023-07-19,2682.75,2696.89990234375,2660.89990234375,2671.60009765625,2523.620361328125,1166542
2023-07-20,2669.050048828125,2716.300048828125,2658.199951171875,2703.25,2553.51708984375,1430764
2023-07-21,2650.0,2676.35009765625,2592.0,2604.0,2459.7646484375,5198952
2023-07-24,2604.0,2605.949951171875,2575.0,2580.25,2437.330078125,1777469
2023-07-25,2580.199951171875,2586.60009765625,2562.300048828125,2568.14990234375,2425.900390625,1653775
2023-07-26,2579.5,2598.800048828125,2572.300048828125,2583.300048828125,2440.211181640625,1300033
2023-07-27,2561.0,2583.0,2553.0,2569.85009765625,2427.50634765625,2276136
2023-07-28,2570.0,2593.75,2565.199951171875,2584.60009765625,2441.439453125,966450
2023-07-31,2575.050048828125,2582.89990234375,2554.0,2560.800048828125,2418.957275390625,2003252
2023-08-01,2570.0,2573.800048828125,2545.0,2551.10009765625,2409.794677734375,1758897
2023-08-02,2538.0,2573.449951171875,2536.0,2568.949951171875,2426.65625,2082908
2023-08-03,2557.949951171875,2561.050048828125,2537.199951171875,2551.300048828125,2409.9833984375,1475310
2023-08-04,2551.300048828125,2558.949951171875,2535.050048828125,2546.0,2404.97705078125,1359318
2023-08-07,2540.0,2574.0,2538.75,2569.199951171875,2426.89208984375,803823
2023-08-08,2569.199951171875,2585.199951171875,2555.550048828125,2565.85009765625,2423.7275390625,1002061
2023-08-09,2565.85009765625,2568.949951171875,2541.0,2552.199951171875,2410.833984375,1212549
2023-08-10,2549.050048828125,2551.39990234375,2527.60009765625,2536.699951171875,2396.192626953125,1313334
2023-08-11,2535.0,2536.64990234375,2499.0,2501.800048828125,2363.2255859375,1472199
2023-08-14,2501.800048828125,2540.0,2488.10009765625,2533.10009765625,2392.7919921875,1060479
2023-08-16,2534.0,2555.050048828125,2524.39990234375,2552.60009765625,2411.2119140625,1155882
2023-08-17,2552.60009765625,2560.64990234375,2533.0,2543.25,2402.379638671875,1532873
2023-08-18,2532.10009765625,2567.75,2532.10009765625,2554.75,2413.242431640625,1970819
2023-08-21,2554.75,2574.89990234375,2539.050048828125,2562.75,2420.79931640625,977004
2023-08-22,2573.60009765625,2575.0,2553.0,2565.800048828125,2423.6806640625,960025
2023-08-23,2575.0,2583.5,2562.5,2574.050048828125,2431.4736328125,1136112
2023-08-24,2585.0,2591.75,2566.949951171875,2581.25,2438.27490234375,1143934
2023-08-25,2567.0,2580.699951171875,2551.5,2563.550048828125,2421.55517578125,802955
2023-08-28,2565.0,2568.0,2539.0,2555.699951171875,2414.139892578125,619841
2023-08-29,2558.89990234375,2558.89990234375,2522.10009765625,2526.14990234375,2386.226806640625,958564
2023-08-30,2526.14990234375,2536.0,2520.0,2531.949951171875,2391.70556640625,1227377
2023-08-31,2532.050048828125,2539.800048828125,2491.10009765625,2505.050048828125,2366.2958984375,3235414
2023-09-01,2505.050048828125,2514.5,2500.0,2504.800048828125,2366.0595703125,813413
2023-09-04,2514.0,2514.0,2492.0,2501.39990234375,2362.847412109375,1143301
2023-09-05,2510.0,2523.449951171875,2502.10009765625,2507.050048828125,2368.184814453125,844088
2023-09-06,2513.449951171875,2526.10009765625,2507.449951171875,2523.5,2383.723388671875,1094146
2023-09-07,2510.0,2521.85009765625,2500.0,2507.449951171875,2368.5625,1894798
2023-09-08,2504.0,2521.050048828125,2501.550048828125,2513.800048828125,2374.56103515625,1018234
2023-09-11,2513.800048828125,2538.89990234375,2509.050048828125,2536.25,2395.767578125,1121083
2023-09-12,2549.0,2549.0,2488.0,2498.85009765625,2360.43896484375,3946716
2023-09-13,2494.0,2509.0,2492.0,2506.550048828125,2367.71240234375,1231305
2023-09-14,2511.0,2514.0,2493.10009765625,2500.800048828125,2362.281005859375,2081195
2023-09-15,2474.800048828125,2490.0,2466.0,2469.699951171875,2332.903564453125,3750697
2023-09-18,2471.35009765625,2492.949951171875,2462.0,2488.64990234375,2350.8037109375,1499641
2023-09-20,2449.64990234375,2480.0,2445.0,2466.85009765625,2330.21142578125,1795159
2023-09-21,2466.0,2483.0,2442.89990234375,2473.35009765625,2336.3515625,2223720
2023-09-22,2468.0,2490.0,2458.0,2482.449951171875,2344.947021484375,1176741
2023-09-25,2482.449951171875,2499.699951171875,2460.0,2475.85009765625,2338.712646484375,1122778
2023-09-26,2474.0,2489.0,2461.25,2478.949951171875,2341.64111328125,1263548
2023-09-27,2476.0,2504.800048828125,2469.0,2501.75,2363.177978515625,1086791
2023-09-28,2500.0,2501.0,2453.199951171875,2460.35009765625,2324.0712890625,1612346
2023-09-29,2465.550048828125,2472.800048828125,2450.5,2465.60009765625,2329.03076171875,1249567
2023-10-03,2490.0,2499.0,2461.800048828125,2468.89990234375,2332.14794921875,1585626
2023-10-04,2467.050048828125,2511.050048828125,2465.14990234375,2507.85009765625,2368.940185546875,1587335
2023-10-05,2518.0,2524.800048828125,2495.35009765625,2519.550048828125,2379.992431640625,1909928
2023-10-06,2519.949951171875,2520.0,2494.0,2499.39990234375,2360.95849609375,1083342
2023-10-09,2485.0,2516.5,2481.0,2511.300048828125,2372.198974609375,1468771
2023-10-10,2512.199951171875,2520.85009765625,2503.35009765625,2516.199951171875,2376.828125,1092373
2023-10-11,2518.35009765625,2563.949951171875,2516.25,2556.39990234375,2414.801025390625,1697398
2023-10-12,2555.0,2567.550048828125,2539.199951171875,2557.0,2415.36767578125,1625010
2023-10-13,2553.050048828125,2576.699951171875,2542.699951171875,2569.449951171875,2427.12841796875,1531977
2023-10-16,2560.0,2582.0,2552.60009765625,2558.300048828125,2416.595947265625,954899
2023-10-17,2558.300048828125,2570.0,2546.449951171875,2556.14990234375,2414.56494140625,1253538
2023-10-18,2570.050048828125,2571.25,2539.550048828125,2548.25,2407.1025390625,1084689
2023-10-19,2525.0,2554.39990234375,2525.0,2548.10009765625,2406.9609375,1272343
2023-10-20,2520.0,2543.550048828125,2485.050048828125,2495.14990234375,2356.94384765625,3608160
2023-10-23,2494.0,2509.949951171875,2480.35009765625,2483.5,2345.939208984375,922707
2023-10-25,2475.050048828125,2490.0,2465.0,2477.300048828125,2340.082763671875,1435836
2023-10-26,2461.0,2490.0,2455.64990234375,2476.39990234375,2339.23193359375,2650560
2023-10-27,2467.300048828125,2495.0,2463.85009765625,2482.050048828125,2344.5693359375,1784812
2023-10-30,2471.0,2492.0,2462.39990234375,2478.89990234375,2341.593994140625,875135
2023-10-31,2470.199951171875,2492.0,2467.800048828125,2484.0,2346.411376953125,920414
2023-11-01,2485.0,2493.949951171875,2466.800048828125,2472.25,2335.3125,1267131
2023-11-02,2475.0,2496.0,2463.300048828125,2486.800048828125,2366.284912109375,1595123
2023-11-03,2497.0,2512.5,2485.800048828125,2509.25,2387.64697265625,1125583
2023-11-06,2515.0,2517.75,2491.10009765625,2497.39990234375,2376.370849609375,1338677
2023-11-07,2496.0,2505.199951171875,2485.25,2496.449951171875,2375.466796875,1473411
2023-11-08,2498.0,2525.0,2497.699951171875,2519.35009765625,2397.257568359375,745022
2023-11-09,2520.050048828125,2522.0,2473.050048828125,2476.699951171875,2356.67431640625,1823094
2023-11-10,2477.0,2488.60009765625,2465.35009765625,2486.550048828125,2366.046630859375,771062
2023-11-13,2477.199951171875,2487.199951171875,2471.0,2478.14990234375,2358.0537109375,760809
2023-11-15,2501.89990234375,2503.050048828125,2476.0,2486.39990234375,2365.904052734375,1457029
2023-11-16,2480.199951171875,2505.800048828125,2475.35009765625,2491.199951171875,2370.4716796875,1420578
2023-11-17,2465.0,2533.5,2465.0,2528.800048828125,2406.249267578125,1756043
2023-11-20,2534.449951171875,2534.5,2500.0,2506.449951171875,2384.982421875,944231
2023-11-21,2505.0,2517.0,2498.0,2505.25,2383.840576171875,1088806
2023-11-22,2507.75,2524.25,2504.0,2521.89990234375,2399.68359375,816610
2023-11-23,2506.199951171875,2527.75,2506.199951171875,2519.89990234375,2397.78076171875,1023670
2023-11-24,2515.10009765625,2519.800048828125,2507.449951171875,2515.199951171875,2393.308349609375,735137
2023-11-28,2531.75,2531.75,2500.0,2510.550048828125,2388.884033203125,1880641
2023-11-29,2512.0,2528.64990234375,2508.10009765625,2525.050048828125,2402.68115234375,1265214
2023-11-30,2516.14990234375,2554.5,2516.14990234375,2545.550048828125,2422.187744140625,3095684
2023-12-01,2547.5,2581.949951171875,2542.0,2563.64990234375,2439.410400390625,1345599
2023-12-04,2577.0,2608.39990234375,2575.0,2602.300048828125,2476.187255859375,2188039
2023-12-05,2637.0,2637.0,2556.300048828125,2563.25,2439.030029296875,3108717
2023-12-06,2570.0,2583.699951171875,2563.0,2567.64990234375,2443.216796875,1573754
2023-12-07,2551.10009765625,2559.800048828125,2498.60009765625,2518.25,2396.2109375,3925967
2023-12-08,2519.0,2533.949951171875,2508.300048828125,2522.300048828125,2400.064208984375,1605805
2023-12-11,2522.300048828125,2529.949951171875,2499.0,2503.64990234375,2382.318115234375,2012243
2023-12-12,2500.0,2518.0,2497.0,2502.75,2381.4619140625,1677929
2023-12-13,2507.85009765625,2516.699951171875,2498.050048828125,2511.89990234375,2390.16845703125,1513205
2023-12-14,2521.35009765625,2524.800048828125,2501.199951171875,2516.35009765625,2394.40283203125,2166569
2023-12-15,2520.0,2532.0,2507.0,2522.89990234375,2400.63525390625,2543337
2023-12-18,2520.14990234375,2544.5,2515.0,2535.5,2412.624755859375,1969036
2023-12-19,2535.050048828125,2566.949951171875,2535.0,2560.699951171875,2436.603271484375,1656220
2023-12-20,2572.949951171875,2572.949951171875,2547.0,2557.5,2433.558837890625,1468642
2023-12-21,2542.25,2580.0,2536.0,2553.199951171875,2429.466796875,1945695
2023-12-22,2559.199951171875,2579.75,2546.800048828125,2575.60009765625,2450.78173828125,1174984
2023-12-26,2575.60009765625,2591.64990234375,2567.050048828125,2584.75,2459.488037109375,893776
2023-12-27,2586.0,2612.0,2580.89990234375,2608.300048828125,2481.896728515625,1073278
2023-12-28,2613.85009765625,2640.0,2606.85009765625,2633.800048828125,2506.1611328125,1635216
2023-12-29,2633.800048828125,2667.10009765625,2621.25,2663.949951171875,2534.849853515625,1305681
2024-01-01,2663.85009765625,2669.39990234375,2638.0,2654.75,2526.095947265625,526353
2024-01-02,2648.0,2653.949951171875,2607.0,2613.800048828125,2487.13037109375,1310629
2024-01-03,2599.0,2628.60009765625,2595.550048828125,2606.550048828125,2480.2314453125,1008270
2024-01-04,2606.550048828125,2623.0,2588.050048828125,2592.550048828125,2466.909912109375,1376844
2024-01-05,2595.0,2629.89990234375,2595.0,2620.050048828125,2493.0771484375,1150738
2024-01-08,2624.949951171875,2626.0,2566.5,2578.25,2453.30322265625,1189828
2024-01-09,2582.550048828125,2589.0,2571.550048828125,2579.75,2454.730224609375,1017205
2024-01-10,2580.0,2594.300048828125,2565.0,2577.39990234375,2452.494140625,881278
2024-01-11,2580.0,2589.0,2531.85009765625,2536.199951171875,2413.291015625,2399600
2024-01-12,2533.5,2555.0,2511.85009765625,2544.0,2420.712890625,2979841
2024-01-15,2546.0,2578.75,2531.0,2573.199951171875,2448.497802734375,1391204
2024-01-16,2573.199951171875,2584.60009765625,2556.35009765625,2569.10009765625,2444.5966796875,1599406
2024-01-17,2549.0,2571.35009765625,2539.75,2562.89990234375,2438.69677734375,3047652
2024-01-18,2570.0,2570.0,2537.550048828125,2548.0,2424.51904296875,1273095
2024-01-19,2565.0,2573.949951171875,2532.0,2565.39990234375,2441.07568359375,1323064
2024-01-23,2451.0,2480.5,2365.449951171875,2375.550048828125,2260.42626953125,4369332
2024-01-24,2388.0,2445.89990234375,2367.14990234375,2441.64990234375,2323.32275390625,1551469
2024-01-25,2454.800048828125,2468.0,2420.199951171875,2428.300048828125,2310.61962890625,2364765
2024-01-29,2410.0,2449.0,2410.0,2444.39990234375,2325.939697265625,1587091
2024-01-30,2454.0,2494.550048828125,2447.300048828125,2458.64990234375,2339.499267578125,1793711
2024-01-31,2450.0,2485.89990234375,2441.75,2481.550048828125,2361.28955078125,1445004
2024-02-01,2475.10009765625,2511.550048828125,2468.35009765625,2473.60009765625,2353.724853515625,1727534
2024-02-02,2477.0,2486.89990234375,2442.0,2452.60009765625,2333.742431640625,1956115
2024-02-05,2464.0,2464.75,2412.75,2419.5,2302.24609375,1315445
2024-02-06,2424.949951171875,2441.35009765625,2418.050048828125,2426.35009765625,2308.76416015625,1557511
2024-02-07,2439.89990234375,2439.89990234375,2411.550048828125,2425.449951171875,2307.907958984375,1149076
2024-02-08,2441.800048828125,2441.800048828125,2399.0,2417.050048828125,2299.914794921875,1758661
2024-02-09,2417.050048828125,2428.449951171875,2406.10009765625,2424.14990234375,2306.6708984375,886474
2024-02-12,2424.10009765625,2429.85009765625,2382.0,2385.64990234375,2270.036376953125,1292460
2024-02-13,2390.0,2400.949951171875,2380.10009765625,2394.0,2277.982177734375,957865
2024-02-14,2385.0,2394.0,2370.0,2387.949951171875,2272.225341796875,1397975
2024-02-15,2368.35009765625,2384.699951171875,2346.75,2350.85009765625,2236.923095703125,2553695
2024-02-16,2369.949951171875,2382.0,2357.60009765625,2375.25,2260.140869140625,2363302
2024-02-19,2389.5,2394.949951171875,2373.800048828125,2387.14990234375,2271.4638671875,576683
2024-02-20,2370.10009765625,2408.449951171875,2368.199951171875,2404.10009765625,2287.5927734375,1032995
2024-02-21,2404.10009765625,2422.800048828125,2394.10009765625,2407.10009765625,2290.447265625,1127778
2024-02-22,2420.300048828125,2420.300048828125,2365.75,2388.10009765625,2272.3681640625,2258516
2024-02-23,2388.550048828125,2405.5,2383.949951171875,2394.10009765625,2278.077392578125,1210775
2024-02-26,2391.10009765625,2406.550048828125,2380.0,2404.25,2287.7353515625,831596
2024-02-27,2404.050048828125,2408.949951171875,2389.14990234375,2405.300048828125,2288.734619140625,1120424
2024-02-28,2411.10009765625,2425.0,2401.0,2421.550048828125,2304.19677734375,629152
2024-02-29,2425.0,2428.800048828125,2397.25,2412.300048828125,2295.395263671875,2848084
2024-03-01,2416.949951171875,2438.800048828125,2404.0,2409.699951171875,2292.921142578125,2326244
2024-03-04,2416.199951171875,2427.89990234375,2404.39990234375,2422.0,2304.625244140625,1501261
2024-03-05,2405.0,2420.0,2391.10009765625,2399.85009765625,2283.548583984375,1587199
2024-03-06,2404.0,2408.85009765625,2375.300048828125,2400.800048828125,2284.45263671875,1354111
2024-03-07,2404.949951171875,2426.0,2403.0,2419.550048828125,2302.2939453125,1820704
2024-03-11,2409.0,2413.0,2383.550048828125,2389.85009765625,2274.033203125,2040761
2024-03-12,2380.0,2385.0,2360.800048828125,2378.14990234375,2262.900146484375,1012157
2024-03-13,2375.0,2375.0,2303.85009765625,2312.60009765625,2200.526611328125,2322669
2024-03-14,2304.85009765625,2341.699951171875,2301.85009765625,2334.60009765625,2221.460693359375,2292515
2024-03-15,2330.050048828125,2336.949951171875,2315.89990234375,2327.699951171875,2214.895263671875,2751403
2024-03-18,2320.800048828125,2325.0,2297.0,2299.949951171875,2188.489990234375,2487402
2024-03-19,2283.25,2303.89990234375,2246.85009765625,2266.949951171875,2157.089111328125,4220638
2024-03-20,2250.0,2265.449951171875,2240.0,2241.949951171875,2133.301025390625,2995013
2024-03-21,2234.0,2259.14990234375,2234.0,2242.35009765625,2133.681640625,3504486
2024-03-22,2239.050048828125,2266.0,2232.050048828125,2256.550048828125,2147.193115234375,3507809
2024-03-26,2232.10009765625,2259.14990234375,2232.0,2240.0,2131.4453125,3027027
2024-03-27,2250.0,2263.0,2236.0,2239.699951171875,2131.159912109375,2168861
2024-03-28,2245.0,2287.89990234375,2240.10009765625,2264.35009765625,2154.614990234375,3186360
2024-04-01,2270.0,2295.0,2262.0,2285.89990234375,2175.12060546875,1427873
2024-04-02,2298.0,2298.0,2277.050048828125,2286.699951171875,2175.8818359375,1221495
2024-04-03,2281.85009765625,2281.85009765625,2261.050048828125,2265.199951171875,2155.424072265625,1175309
2024-04-04,2270.0,2282.0,2249.25,2264.949951171875,2155.185791015625,1890255
2024-04-05,2264.949951171875,2280.5,2258.10009765625,2266.949951171875,2157.089111328125,1153449
2024-04-08,2277.0,2288.949951171875,2267.199951171875,2268.949951171875,2158.992431640625,1127294
2024-04-09,2271.0,2274.60009765625,2255.75,2264.14990234375,2154.424560546875,1189343
2024-04-10,2276.89990234375,2276.89990234375,2257.699951171875,2260.89990234375,2151.332275390625,2308993
2024-04-12,2260.89990234375,2264.85009765625,2228.60009765625,2232.300048828125,2124.11865234375,3388551
2024-04-15,2227.699951171875,2227.75,2190.0,2194.050048828125,2087.721923828125,4909564
2024-04-16,2183.0,2231.25,2172.050048828125,2220.800048828125,2113.17578125,2821129
2024-04-18,2215.050048828125,2237.699951171875,2209.050048828125,2214.800048828125,2107.466552734375,3392171
2024-04-19,2220.0,2243.75,2196.0,2231.60009765625,2123.452392578125,2337694
2024-04-22,2250.0,2253.550048828125,2229.050048828125,2241.5,2132.87255859375,1804108
2024-04-23,2253.0,2273.5,2248.699951171875,2262.75,2153.0927734375,1991778
2024-04-24,2266.050048828125,2268.35009765625,2245.64990234375,2260.25,2150.714111328125,1404398
2024-04-25,2238.050048828125,2239.85009765625,2215.10009765625,2230.85009765625,2122.73876953125,4951866
2024-04-26,2245.0,2255.0,2218.60009765625,2222.64990234375,2114.935791015625,2307512
2024-04-29,2234.0,2234.0,2220.0,2226.10009765625,2118.21875,1395292
2024-04-30,2232.050048828125,2240.25,2225.0,2230.449951171875,2122.35791015625,2119102
2024-05-02,2205.050048828125,2243.199951171875,2205.050048828125,2226.300048828125,2118.409423828125,2140383
2024-05-03,2232.0,2235.64990234375,2204.0,2217.050048828125,2109.607177734375,2595307
2024-05-06,2225.0,2261.5,2212.0,2256.199951171875,2146.85986328125,1619256
2024-05-07,2266.0,2389.60009765625,2259.0,2379.39990234375,2264.089599609375,8277810
2024-05-08,2366.39990234375,2372.25,2325.0,2341.050048828125,2227.59814453125,1813439
2024-05-09,2340.60009765625,2362.10009765625,2319.449951171875,2325.64990234375,2212.9443359375,1558987
2024-05-10,2321.0,2371.0,2321.0,2362.550048828125,2248.056396484375,2610266
2024-05-13,2374.0,2381.64990234375,2347.89990234375,2360.64990234375,2246.248046875,1170617
2024-05-14,2360.60009765625,2372.300048828125,2346.75,2349.60009765625,2235.73388671875,689430
2024-05-15,2349.550048828125,2355.800048828125,2317.64990234375,2323.300048828125,2210.708251953125,812282
2024-05-16,2337.0,2348.10009765625,2301.35009765625,2343.14990234375,2229.596435546875,1880021
2024-05-17,2351.89990234375,2351.89990234375,2315.10009765625,2320.35009765625,2207.901611328125,1264582
2024-05-21,2307.0,2324.800048828125,2301.75,2310.699951171875,2198.718994140625,1663959
2024-05-22,2311.0,2374.0,2310.699951171875,2366.89990234375,2252.1953125,1914851
2024-05-23,2366.89990234375,2386.800048828125,2355.0,2382.5,2267.03955078125,1614718
2024-05-24,2378.5,2383.25,2364.699951171875,2369.050048828125,2254.2412109375,974100
2024-05-27,2369.050048828125,2399.949951171875,2362.5,2384.5,2268.942138671875,1116934
2024-05-28,2390.0,2409.0,2378.550048828125,2395.949951171875,2279.837646484375,1631747
2024-05-29,2381.199951171875,2395.0,2369.39990234375,2373.39990234375,2258.380615234375,1592495
2024-05-30,2368.0,2372.449951171875,2334.050048828125,2351.39990234375,2237.4462890625,1837380
2024-05-31,2353.0,2377.449951171875,2317.60009765625,2329.050048828125,2216.1796875,5529186
2024-06-03,2381.0,2387.449951171875,2344.300048828125,2355.89990234375,2241.728271484375,1207445
2024-06-04,2374.0,2510.050048828125,2342.10009765625,2496.300048828125,2375.324462890625,7826048
2024-06-05,2533.550048828125,2723.949951171875,2525.0,2602.75,2476.61572265625,11061076
2024-06-06,2600.0,2600.0,2518.0,2549.60009765625,2426.04150390625,4102547
2024-06-07,2555.300048828125,2596.5,2525.0,2577.800048828125,2452.875,3974253
2024-06-10,2579.0,2593.64990234375,2546.0,2565.35009765625,2441.0283203125,1449122
2024-06-11,2566.0,2576.699951171875,2551.300048828125,2556.35009765625,2432.464599609375,1402423
2024-06-12,2568.0,2568.0,2517.0,2528.699951171875,2406.154296875,1754677
2024-06-13,2487.949951171875,2505.800048828125,2446.449951171875,2487.39990234375,2366.855712890625,3123098
2024-06-14,2473.0,2510.39990234375,2470.39990234375,2479.75,2382.56494140625,1729552
2024-06-18,2479.89990234375,2498.0,2473.14990234375,2486.25,2388.810302734375,1820933
2024-06-19,2495.0,2495.0,2451.5,2457.0,2360.70654296875,986976
2024-06-20,2457.0,2490.0,2446.64990234375,2482.199951171875,2384.9189453125,2163310
2024-06-21,2475.0,2478.0,2426.550048828125,2441.300048828125,2345.621826171875,3646215
2024-06-24,2435.0,2467.85009765625,2427.050048828125,2442.199951171875,2346.48681640625,1945519
2024-06-25,2439.35009765625,2446.699951171875,2427.89990234375,2432.199951171875,2336.878662109375,833789
2024-06-26,2437.0,2467.0,2432.39990234375,2445.60009765625,2349.75341796875,1738656
2024-06-27,2449.949951171875,2483.199951171875,2436.0,2462.14990234375,2365.654541015625,3402726
2024-06-28,2463.0,2490.5,2462.85009765625,2473.050048828125,2376.12744140625,2129791
2024-07-01,2461.050048828125,2523.0,2450.10009765625,2505.10009765625,2406.92138671875,3312865
2024-07-02,2515.0,2515.0,2479.35009765625,2485.14990234375,2387.753173828125,1305210
2024-07-03,2486.64990234375,2519.85009765625,2474.300048828125,2510.35009765625,2411.9658203125,1406405
2024-07-04,2515.050048828125,2536.85009765625,2492.89990234375,2495.949951171875,2398.1298828125,1977010
2024-07-05,2495.949951171875,2554.0,2495.949951171875,2547.0,2447.179443359375,1754286
2024-07-08,2560.0,2595.0,2536.25,2587.14990234375,2485.755615234375,2818809
2024-07-09,2587.14990234375,2614.0,2568.0,2590.14990234375,2488.637939453125,1479529
2024-07-10,2581.0,2626.0,2573.0,2610.449951171875,2508.142578125,1764036
2024-07-11,2617.0,2617.050048828125,2590.050048828125,2608.85009765625,2506.605224609375,1432671
2024-07-12,2601.0,2639.5,2601.0,2622.25,2519.47998046875,1912642
2024-07-15,2628.0,2629.25,2613.64990234375,2620.300048828125,2517.6064453125,920101
2024-07-16,2625.949951171875,2725.0,2624.550048828125,2688.449951171875,2583.085693359375,3298003
2024-07-18,2700.0,2751.199951171875,2655.0,2738.39990234375,2631.077880859375,5569762
2024-07-19,2739.0,2743.0,2715.949951171875,2727.0,2620.124755859375,1668862
2024-07-22,2705.699951171875,2749.949951171875,2705.64990234375,2735.300048828125,2628.099365234375,1911629
2024-07-23,2746.0,2811.300048828125,2732.0,2766.35009765625,2657.932861328125,3906259
2024-07-24,2748.0,2757.449951171875,2675.10009765625,2717.050048828125,2610.564697265625,3611927
2024-07-25,2717.050048828125,2724.85009765625,2670.0,2707.199951171875,2601.100830078125,2166670
2024-07-26,2724.0,2727.0,2687.25,2711.050048828125,2604.800048828125,2135309
2024-07-29,2711.199951171875,2720.0,2692.800048828125,2711.60009765625,2605.328369140625,957011
2024-07-30,2715.60009765625,2754.35009765625,2685.39990234375,2691.39990234375,2585.919677734375,1560399
2024-07-31,2705.0,2709.64990234375,2675.050048828125,2705.64990234375,2599.611572265625,1751085
2024-08-01,2714.0,2724.949951171875,2695.199951171875,2715.550048828125,2609.12353515625,1886392
2024-08-02,2712.0,2759.5,2681.14990234375,2692.550048828125,2587.025146484375,1738872
2024-08-05,2675.949951171875,2742.0,2666.199951171875,2715.89990234375,2609.459716796875,3118731
2024-08-06,2720.10009765625,2771.75,2708.64990234375,2750.050048828125,2642.271484375,2296031
2024-08-07,2781.699951171875,2781.85009765625,2735.5,2744.050048828125,2636.506591796875,1713875
2024-08-08,2754.0,2759.25,2720.39990234375,2733.199951171875,2626.081787109375,1464161
2024-08-09,2756.0,2758.0,2718.60009765625,2747.199951171875,2639.532958984375,1284031
2024-08-12,2738.0,2763.39990234375,2722.39990234375,2748.699951171875,2640.974365234375,1297178
2024-08-13,2742.0,2757.64990234375,2730.10009765625,2741.39990234375,2633.96044921875,1051237
2024-08-14,2741.0,2742.550048828125,2706.60009765625,2722.050048828125,2615.368896484375,946995
2024-08-16,2737.89990234375,2753.60009765625,2710.699951171875,2748.25,2640.5419921875,1727926
2024-08-19,2750.050048828125,2759.75,2737.050048828125,2742.550048828125,2635.0654296875,1130327
2024-08-20,2742.550048828125,2756.25,2735.050048828125,2751.050048828125,2643.232421875,1097889
2024-08-21,2749.5,2795.10009765625,2742.949951171875,2791.199951171875,2681.80859375,1417729
2024-08-22,2802.949951171875,2810.0,2782.10009765625,2792.800048828125,2683.34619140625,1552947
2024-08-23,2799.199951171875,2821.0,2771.35009765625,2815.60009765625,2705.252685546875,2111401
2024-08-26,2815.60009765625,2834.949951171875,2803.60009765625,2821.14990234375,2710.5849609375,1152244
2024-08-27,2809.0,2824.10009765625,2759.550048828125,2766.89990234375,2658.4609375,1357212
2024-08-28,2760.0,2781.75,2745.75,2764.35009765625,2656.01123046875,1723549
2024-08-29,2769.949951171875,2810.0,2745.0,2785.25,2676.092041015625,2129934
2024-08-30,2795.699951171875,2816.300048828125,2760.10009765625,2778.0,2669.1259765625,4029712
2024-09-02,2794.0,2808.89990234375,2779.0,2789.050048828125,2679.7431640625,957950
2024-09-03,2780.0,2827.949951171875,2775.0,2794.300048828125,2684.787109375,2022116
2024-09-04,2780.0,2843.85009765625,2771.64990234375,2841.25,2729.897216796875,1640986
2024-09-05,2840.050048828125,2855.0,2823.64990234375,2838.449951171875,2727.206787109375,1945173
2024-09-06,2828.10009765625,2866.449951171875,2828.10009765625,2838.949951171875,2727.687255859375,1672730
2024-09-09,2853.10009765625,2938.199951171875,2843.199951171875,2921.800048828125,2807.290283203125,3342754
2024-09-10,2934.0,2937.60009765625,2887.5,2898.60009765625,2784.99951171875,1536584
2024-09-11,2911.60009765625,2950.0,2898.10009765625,2904.14990234375,2790.33203125,1913665
2024-09-12,2911.0,2963.39990234375,2894.199951171875,2956.39990234375,2840.534423828125,2454564
2024-09-13,2956.39990234375,2956.39990234375,2918.5,2932.949951171875,2818.003173828125,1902001
2024-09-16,2910.0,2910.0,2807.39990234375,2867.10009765625,2754.734375,1489057
2024-09-17,2867.10009765625,2913.89990234375,2860.10009765625,2873.5,2760.88330078125,1098661
2024-09-18,2874.0,2893.550048828125,2861.699951171875,2875.85009765625,2763.141357421875,464796
2024-09-19,2876.25,2934.300048828125,2873.35009765625,2911.75,2797.63427734375,1713010
2024-09-20,2924.800048828125,2989.35009765625,2895.39990234375,2977.60009765625,2860.903564453125,3641632
2024-09-23,2980.0,3035.0,2969.949951171875,3028.550048828125,2909.856689453125,1300470
2024-09-24,3020.0,3020.0,2946.10009765625,2950.550048828125,2834.91357421875,1929308
2024-09-25,2950.550048828125,2960.35009765625,2905.10009765625,2948.949951171875,2833.376220703125,1055354
2024-09-26,2951.10009765625,2992.85009765625,2941.199951171875,2986.10009765625,2869.070556640625,1902889
2024-09-27,2986.10009765625,3030.0,2952.75,2966.25,2849.99853515625,2977081
2024-09-30,2964.199951171875,2997.89990234375,2942.60009765625,2958.300048828125,2842.360107421875,1627702
2024-10-01,2962.699951171875,2962.699951171875,2891.39990234375,2923.75,2809.1640625,1184642
2024-10-03,2908.75,2923.10009765625,2861.10009765625,2893.35009765625,2779.95556640625,1233447
2024-10-04,2891.0,2914.0,2817.050048828125,2848.75,2737.103271484375,2456486
2024-10-07,2845.0,2866.449951171875,2825.050048828125,2833.39990234375,2722.35498046875,1280975
2024-10-08,2844.0,2886.0,2798.699951171875,2818.800048828125,2708.3271484375,1761488
2024-10-09,2823.39990234375,2825.85009765625,2760.699951171875,2768.949951171875,2660.430908203125,1476282
2024-10-10,2770.0,2787.39990234375,2733.199951171875,2754.699951171875,2646.7392578125,2065078
2024-10-11,2764.800048828125,2790.0,2737.050048828125,2783.199951171875,2674.122314453125,679307
2024-10-14,2791.60009765625,2804.699951171875,2765.0,2789.10009765625,2679.791259765625,874010
2024-10-15,2793.10009765625,2799.300048828125,2765.25,2781.449951171875,2672.440673828125,1082666
2024-10-16,2789.14990234375,2797.550048828125,2755.60009765625,2781.25,2672.2490234375,1170797
2024-10-17,2779.449951171875,2782.0,2723.449951171875,2738.64990234375,2631.318115234375,1368242
2024-10-18,2738.64990234375,2740.0,2693.449951171875,2717.10009765625,2610.613037109375,1137277
2024-10-21,2715.0,2738.0,2680.449951171875,2693.550048828125,2587.98583984375,792345
2024-10-22,2685.10009765625,2710.0,2673.75,2681.699951171875,2576.600341796875,1272253
2024-10-23,2621.0,2693.050048828125,2621.0,2659.300048828125,2555.078125,1431962
2024-10-24,2647.0,2647.0,2452.60009765625,2505.10009765625,2406.92138671875,9216267
2024-10-25,2502.300048828125,2540.0,2500.10009765625,2528.050048828125,2428.971923828125,2761166
2024-10-28,2544.0,2589.60009765625,2520.10009765625,2575.800048828125,2474.8505859375,852829
2024-10-29,2585.699951171875,2585.699951171875,2536.0,2547.64990234375,2447.8037109375,1695654
2024-10-30,2557.0,2563.300048828125,2533.39990234375,2554.949951171875,2454.81787109375,1200637
2024-10-31,2554.949951171875,2563.5,2524.10009765625,2528.25,2429.1640625,1901355
2024-11-01,2543.949951171875,2545.949951171875,2511.35009765625,2537.5,2438.0517578125,118532
2024-11-04,2547.0,2547.0,2503.5,2524.800048828125,2425.849365234375,1097260
2024-11-05,2520.0,2530.25,2507.0,2521.35009765625,2422.534423828125,702046
2024-11-06,2515.199951171875,2522.10009765625,2495.0,2500.699951171875,2430.650634765625,1219166
2024-11-07,2500.699951171875,2509.89990234375,2466.10009765625,2475.5,2406.156494140625,1322446
2024-11-08,2483.949951171875,2515.25,2467.300048828125,2507.699951171875,2437.45458984375,1700877
2024-11-11,2509.0,2514.89990234375,2475.050048828125,2491.050048828125,2421.27099609375,1175577
2024-11-12,2495.0,2496.949951171875,2456.0,2461.5,2392.548828125,1624222
2024-11-13,2462.10009765625,2472.800048828125,2450.39990234375,2464.949951171875,2395.902099609375,1262017
2024-11-14,2460.39990234375,2464.699951171875,2383.699951171875,2389.199951171875,2322.27392578125,2443393
2024-11-18,2401.14990234375,2425.0,2375.75,2422.89990234375,2355.030029296875,1374215
2024-11-19,2431.89990234375,2440.199951171875,2405.10009765625,2410.35009765625,2342.83154296875,1133370
2024-11-21,2424.75,2424.75,2376.10009765625,2382.800048828125,2316.053466796875,1291829
2024-11-22,2390.949951171875,2452.10009765625,2377.85009765625,2445.25,2376.75390625,1696471
2024-11-25,2470.0,2505.699951171875,2457.60009765625,2471.449951171875,2402.219970703125,4368045
2024-11-26,2486.25,2494.949951171875,2460.39990234375,2479.199951171875,2409.7529296875,982442
2024-11-27,2475.14990234375,2492.949951171875,2458.0,2486.89990234375,2417.237060546875,948232
2024-11-28,2486.0,2539.14990234375,2453.199951171875,2462.199951171875,2393.22900390625,2540530
2024-11-29,2455.10009765625,2507.5,2455.10009765625,2496.14990234375,2426.22802734375,1795164
2024-12-02,2485.0,2490.5,2460.550048828125,2479.14990234375,2409.704345703125,1006993
2024-12-03,2480.0,2491.449951171875,2466.0,2482.85009765625,2413.30078125,1641588
2024-12-04,2481.10009765625,2493.0,2456.550048828125,2464.5,2395.46484375,1321495
2024-12-05,2465.60009765625,2515.0,2450.050048828125,2494.60009765625,2424.7216796875,2071795
2024-12-06,2495.0,2495.800048828125,2475.0,2483.800048828125,2414.224365234375,1308086
2024-12-09,2465.0,2476.949951171875,2383.300048828125,2400.75,2333.50048828125,3385021
2024-12-10,2408.699951171875,2413.0,2388.300048828125,2397.35009765625,2330.196044921875,2063838
2024-12-11,2405.0,2409.35009765625,2385.0,2401.35009765625,2334.083740234375,1718225
2024-12-12,2385.050048828125,2399.949951171875,2338.0,2344.949951171875,2279.263427734375,3231056
2024-12-13,2344.949951171875,2394.550048828125,2333.449951171875,2390.10009765625,2323.14892578125,2260902
2024-12-16,2390.300048828125,2393.0,2363.0,2366.14990234375,2299.86962890625,1247552
2024-12-17,2353.35009765625,2380.0,2353.35009765625,2363.25,2297.051025390625,2131569
2024-12-18,2350.050048828125,2383.0,2350.050048828125,2359.199951171875,2293.114501953125,988403
2024-12-19,2347.0,2386.949951171875,2336.0,2359.85009765625,2293.74609375,1655915
2024-12-20,2352.10009765625,2373.5,2324.64990234375,2333.89990234375,2268.52294921875,2069691
2024-12-23,2337.0,2351.75,2315.25,2338.89990234375,2273.383056640625,1066199
2024-12-24,2331.10009765625,2356.949951171875,2331.10009765625,2335.550048828125,2270.126708984375,683646
2024-12-26,2332.25,2341.85009765625,2324.699951171875,2332.75,2267.4052734375,1033769
2024-12-27,2343.0,2345.64990234375,2328.25,2341.25,2275.667236328125,556816
2024-12-30,2341.5,2359.14990234375,2325.0,2343.5,2277.854248046875,924180
2024-12-31,2340.0,2352.64990234375,2323.25,2326.85009765625,2261.6708984375,1878762
2025-01-01,2325.0,2337.14990234375,2320.25,2322.10009765625,2257.0537109375,559893
2025-01-02,2330.0,2379.64990234375,2315.5,2370.0,2303.611572265625,1650744
2025-01-03,2381.85009765625,2414.60009765625,2364.800048828125,2406.25,2338.84619140625,1274239
2025-01-06,2418.0,2418.949951171875,2361.64990234375,2376.199951171875,2309.637939453125,900419
2025-01-07,2377.14990234375,2402.25,2375.25,2390.800048828125,2323.829345703125,922768
2025-01-08,2391.0,2409.0,2368.0,2401.0,2333.743408203125,953351
2025-01-09,2405.050048828125,2473.64990234375,2386.39990234375,2435.39990234375,2367.179931640625,2425267
2025-01-10,2435.39990234375,2456.0,2413.800048828125,2442.050048828125,2373.6435546875,1651911
2025-01-13,2417.050048828125,2460.5,2409.050048828125,2451.0,2382.343017578125,2595013
2025-01-14,2465.0,2468.0,2364.10009765625,2367.949951171875,2301.619140625,2052741
2025-01-15,2373.89990234375,2384.89990234375,2350.10009765625,2373.0,2306.528076171875,1215150
2025-01-16,2376.949951171875,2380.0,2326.050048828125,2345.0,2279.312255859375,2762596
2025-01-17,2350.0,2379.300048828125,2343.0,2354.0,2288.059814453125,1333005
2025-01-20,2356.449951171875,2368.0,2335.64990234375,2345.199951171875,2279.506591796875,1382273
2025-01-21,2353.5,2377.300048828125,2332.449951171875,2340.5,2274.938232421875,1842885
2025-01-22,2342.550048828125,2362.0,2332.199951171875,2342.949951171875,2277.319580078125,2658047
2025-01-23,2315.0,2341.300048828125,2253.85009765625,2321.699951171875,2256.66455078125,3408925
2025-01-24,2332.85009765625,2380.800048828125,2323.0,2368.10009765625,2301.764892578125,1688664
2025-01-27,2365.0,2409.699951171875,2361.14990234375,2392.85009765625,2325.82177734375,2477358
2025-01-28,2401.0,2407.0,2379.449951171875,2388.85009765625,2321.933837890625,1892156
2025-01-29,2385.14990234375,2396.0,2364.0,2383.949951171875,2317.1708984375,699576
2025-01-30,2384.0,2425.0,2384.0,2408.75,2341.2763671875,1419960
2025-01-31,2401.5,2479.0,2401.5,2468.800048828125,2399.644287109375,2116148
2025-02-01,2475.0,2602.0,2435.14990234375,2506.050048828125,2435.850830078125,2970999
2025-02-03,2505.0,2520.0,2416.5,2441.949951171875,2373.54638671875,2528480
2025-02-04,2450.0,2450.0,2402.85009765625,2438.050048828125,2369.755859375,1992474
2025-02-05,2453.0,2453.0,2387.0,2391.050048828125,2324.072265625,1357416
2025-02-06,2400.0,2408.949951171875,2360.300048828125,2372.699951171875,2306.236083984375,1132113
2025-02-07,2380.0,2381.949951171875,2336.10009765625,2363.85009765625,2297.63427734375,855602
2025-02-10,2370.89990234375,2398.0,2352.050048828125,2361.449951171875,2295.301513671875,1326354
2025-02-11,2371.0,2377.949951171875,2296.550048828125,2315.25,2250.3955078125,1389260
2025-02-12,2325.699951171875,2339.89990234375,2305.10009765625,2332.5,2267.162353515625,1341909
2025-02-13,2330.10009765625,2345.60009765625,2313.35009765625,2321.5,2256.470458984375,1334967
2025-02-14,2322.0,2366.0,2313.39990234375,2318.35009765625,2253.40869140625,1135380
2025-02-17,2318.35009765625,2336.0,2300.0,2329.39990234375,2264.149169921875,1409168
2025-02-18,2329.39990234375,2338.550048828125,2288.0,2296.0,2231.684814453125,1035705
2025-02-19,2298.75,2305.699951171875,2248.0,2250.39990234375,2187.3623046875,1521343
2025-02-20,2250.39990234375,2254.449951171875,2226.5,2248.050048828125,2185.078125,2206196
2025-02-21,2248.050048828125,2253.550048828125,2226.39990234375,2241.64990234375,2178.85693359375,1781509
2025-02-24,2230.0,2251.0,2218.800048828125,2241.449951171875,2178.66259765625,1627949
2025-02-25,2243.0,2269.60009765625,2237.949951171875,2259.300048828125,2196.0126953125,1988040
2025-02-27,2269.64990234375,2269.64990234375,2233.10009765625,2244.949951171875,2182.064697265625,1699658
2025-02-28,2245.050048828125,2249.60009765625,2185.85009765625,2190.25,2128.896728515625,3683249
2025-03-03,2199.0,2199.0,2158.5,2176.85009765625,2115.87255859375,1306470
2025-03-04,2179.949951171875,2180.0,2136.0,2157.35009765625,2096.918701171875,1800330
2025-03-05,2152.0,2191.89990234375,2150.0,2170.449951171875,2109.6513671875,1145673
2025-03-06,2175.0,2229.800048828125,2163.75,2218.949951171875,2156.79296875,1856868
2025-03-07,2226.699951171875,2226.699951171875,2189.199951171875,2204.550048828125,2142.79638671875,1738356
2025-03-10,2208.0,2267.14990234375,2194.64990234375,2247.75,2184.7861328125,1242387
2025-03-11,2240.0,2262.449951171875,2211.25,2216.949951171875,2154.848876953125,1325891
2025-03-12,2217.35009765625,2229.949951171875,2185.0,2192.89990234375,2131.47265625,1526212
2025-03-13,2185.0,2209.949951171875,2164.449951171875,2174.800048828125,2113.8798828125,1845629
2025-03-17,2161.0,2195.449951171875,2156.5,2171.25,2110.42919921875,1111886
2025-03-18,2171.25,2171.25,2171.25,2171.25,2110.42919921875,0
2025-03-19,2207.0,2212.85009765625,2193.449951171875,2200.050048828125,2138.422607421875,1341405
2025-03-20,2203.89990234375,2248.89990234375,2188.449951171875,2242.39990234375,2179.586181640625,1426689
2025-03-21,2245.0,2255.199951171875,2225.800048828125,2246.199951171875,2183.27978515625,2152415
2025-03-24,2250.25,2266.0,2241.0,2256.199951171875,2192.99951171875,1454404
2025-03-25,2250.75,2292.0,2243.35009765625,2271.300048828125,2207.6767578125,2229340
2025-03-26,2272.0,2279.89990234375,2237.800048828125,2245.949951171875,2183.03662109375,1416907
2025-03-27,2244.199951171875,2260.89990234375,2200.0,2244.64990234375,2181.773193359375,3752627
2025-03-28,2247.0,2296.0,2240.300048828125,2258.85009765625,2195.5751953125,2280152
2025-04-01,2259.0,2284.64990234375,2220.0,2233.85009765625,2171.27587890625,2495962
2025-04-02,2243.699951171875,2243.699951171875,2190.050048828125,2237.89990234375,2175.212158203125,1351493
2025-04-03,2225.449951171875,2252.89990234375,2220.60009765625,2244.550048828125,2181.676025390625,1310088
2025-04-04,2230.0,2267.050048828125,2222.0,2244.550048828125,2181.676025390625,1120226
2025-04-07,2150.0,2261.60009765625,2150.0,2249.39990234375,2186.389892578125,3435185
2025-04-08,2268.300048828125,2306.199951171875,2252.35009765625,2289.25,2225.12353515625,2774874
2025-04-09,2293.949951171875,2354.14990234375,2289.5,2350.0,2284.172119140625,2989089
2025-04-11,2394.60009765625,2394.85009765625,2344.35009765625,2366.14990234375,2299.86962890625,3836083
2025-04-15,2400.0,2400.0,2345.199951171875,2361.5,2295.35009765625,3042779
2025-04-16,2351.0,2376.0,2351.0,2366.60009765625,2300.30712890625,1131979
2025-04-17,2357.10009765625,2379.89990234375,2343.10009765625,2375.0,2308.4716796875,1962402
2025-04-21,2368.10009765625,2372.39990234375,2348.800048828125,2351.0,2285.14404296875,1478430
2025-04-22,2370.0,2406.0,2355.10009765625,2398.699951171875,2331.5078125,2352346
2025-04-23,2410.0,2438.0,2393.39990234375,2423.800048828125,2355.90478515625,2226066
2025-04-24,2423.800048828125,2487.39990234375,2317.10009765625,2325.300048828125,2260.164306640625,7065430
2025-04-25,2331.89990234375,2341.89990234375,2294.39990234375,2332.199951171875,2266.87060546875,2859858
2025-04-28,2345.0,2349.0,2315.0,2318.60009765625,2253.651611328125,1555660
2025-04-29,2328.0,2332.5,2312.60009765625,2321.699951171875,2256.66455078125,1896387
2025-04-30,2320.0,2352.5,2316.0,2342.10009765625,2276.493408203125,2083807
2025-05-02,2334.10009765625,2345.0,2310.0,2318.60009765625,2253.651611328125,1424284
2025-05-05,2324.10009765625,2354.89990234375,2319.10009765625,2348.60009765625,2282.8115234375,2074103
2025-05-06,2340.199951171875,2390.10009765625,2340.199951171875,2381.800048828125,2315.081298828125,1888125
2025-05-07,2369.0,2386.89990234375,2355.300048828125,2370.800048828125,2304.389404296875,1610400
2025-05-08,2361.699951171875,2371.89990234375,2341.0,2354.89990234375,2288.934814453125,2323073
2025-05-09,2330.0,2342.699951171875,2302.300048828125,2332.89990234375,2267.551025390625,1805685
2025-05-12,2360.0,2387.0,2346.10009765625,2382.5,2315.76171875,1274873
2025-05-13,2375.60009765625,2398.0,2352.800048828125,2360.0,2293.89208984375,1929665
2025-05-14,2370.0,2370.0,2338.5,2350.5,2284.658203125,1568111
2025-05-15,2351.60009765625,2369.89990234375,2340.0,2355.199951171875,2289.226318359375,3236681
2025-05-16,2360.0,2387.0,2349.0,2381.39990234375,2314.692626953125,1473000
2025-05-19,2375.0,2405.0,2375.0,2382.699951171875,2315.9560546875,936655
2025-05-20,2394.60009765625,2394.60009765625,2338.5,2341.10009765625,2275.521484375,1617408
2025-05-21,2346.0,2375.699951171875,2345.0,2363.89990234375,2297.682373046875,1570754
2025-05-22,2355.0,2363.10009765625,2313.10009765625,2330.699951171875,2265.412841796875,2423653
2025-05-23,2336.89990234375,2364.5,2329.60009765625,2359.199951171875,2293.114501953125,844118
2025-05-26,2368.0,2397.300048828125,2364.10009765625,2394.10009765625,2327.03662109375,892618
2025-05-27,2394.10009765625,2409.5,2360.300048828125,2380.199951171875,2313.526123046875,1865258
2025-05-28,2388.0,2388.0,2352.0,2362.0,2295.835693359375,897517
2025-05-29,2369.0,2376.0,2355.5,2366.699951171875,2300.404296875,1111275
2025-05-30,2360.0,2374.89990234375,2343.5,2348.300048828125,2282.51953125,3288892
2025-06-02,2347.89990234375,2384.0,2343.60009765625,2371.60009765625,2305.167236328125,1178205
2025-06-03,2365.10009765625,2379.5,2342.60009765625,2352.300048828125,2286.40771484375,1643913
2025-06-04,2359.5,2367.60009765625,2342.10009765625,2364.5,2298.265869140625,3287896
2025-06-05,2364.5,2380.0,2348.89990234375,2376.39990234375,2309.83251953125,1787978
2025-06-06,2373.300048828125,2396.5,2370.10009765625,2389.800048828125,2322.857177734375,997488
2025-06-09,2394.0,2399.0,2378.300048828125,2393.199951171875,2326.162109375,1293622
2025-06-10,2393.39990234375,2400.199951171875,2378.39990234375,2395.199951171875,2328.10595703125,1778782
2025-06-11,2395.199951171875,2402.89990234375,2371.300048828125,2376.39990234375,2309.83251953125,1977707
2025-06-12,2386.89990234375,2388.0,2324.10009765625,2332.699951171875,2267.356689453125,3339584
2025-06-13,2305.0,2324.89990234375,2302.0,2319.0,2254.04052734375,1740682
2025-06-16,2320.0,2336.60009765625,2313.10009765625,2327.39990234375,2262.204833984375,1105297
2025-06-17,2320.0,2333.10009765625,2313.10009765625,2328.60009765625,2263.37158203125,1119284
2025-06-18,2327.699951171875,2331.39990234375,2285.5,2297.300048828125,2232.9482421875,2056563
2025-06-19,2300.10009765625,2307.800048828125,2290.300048828125,2294.199951171875,2229.93505859375,1214549
2025-06-20,2295.0,2313.0,2292.39990234375,2306.199951171875,2241.598876953125,2685864
2025-06-23,2283.39990234375,2286.0,2258.699951171875,2275.10009765625,2234.62548828125,842856
2025-06-24,2295.0,2301.0,2260.300048828125,2263.10009765625,2222.839111328125,2440747
2025-06-25,2279.0,2290.5,2271.39990234375,2278.699951171875,2238.1611328125,1047270
2025-06-26,2288.89990234375,2291.0,2271.60009765625,2280.800048828125,2240.223876953125,1874722
2025-06-27,2280.800048828125,2310.5,2279.300048828125,2306.89990234375,2265.859375,1050745
2025-06-30,2309.89990234375,2317.0,2288.0,2294.60009765625,2253.778564453125,1403754
2025-07-01,2300.0,2302.60009765625,2286.60009765625,2295.5,2254.662353515625,759914
2025-07-02,2295.0,2309.0,2287.60009765625,2307.10009765625,2266.05615234375,1128034
2025-07-03,2310.0,2326.89990234375,2304.0,2313.39990234375,2272.243896484375,1060039
2025-07-04,2318.0,2341.39990234375,2310.300048828125,2339.300048828125,2297.68310546875,1242346
2025-07-07,2341.0,2415.699951171875,2341.0,2410.39990234375,2367.518310546875,2701583
2025-07-08,2405.39990234375,2418.5,2386.0,2392.699951171875,2350.133056640625,1471046
2025-07-09,2399.0,2439.699951171875,2397.10009765625,2423.39990234375,2380.286865234375,1741690
2025-07-10,2423.39990234375,2434.0,2397.60009765625,2408.39990234375,2365.553955078125,1053695
2025-07-11,2500.0,2530.0,2461.0,2519.60009765625,2474.775634765625,7242235
2025-07-14,2500.0,2532.5,2490.0,2516.60009765625,2471.8291015625,2427712
2025-07-15,2520.699951171875,2529.89990234375,2510.0,2526.89990234375,2481.94580078125,1700294
2025-07-16,2526.300048828125,2532.89990234375,2507.5,2517.60009765625,2472.811279296875,1284379
2025-07-17,2513.0,2525.39990234375,2506.199951171875,2509.800048828125,2465.14990234375,807474
2025-07-18,2514.89990234375,2514.89990234375,2481.5,2489.60009765625,2445.309326171875,771112
2025-07-21,2490.89990234375,2493.60009765625,2455.39990234375,2464.89990234375,2421.048828125,1169960
2025-07-22,2470.0,2485.0,2452.60009765625,2479.699951171875,2435.58544921875,861632
2025-07-23,2481.0,2487.0,2442.0,2450.39990234375,2406.806640625,1320795
2025-07-24,2455.89990234375,2466.0,2421.0,2437.800048828125,2394.430908203125,693984
2025-07-25,2426.10009765625,2428.60009765625,2405.39990234375,2415.39990234375,2372.42919921875,769388
2025-07-28,2415.39990234375,2448.300048828125,2412.300048828125,2441.60009765625,2398.163330078125,987995
2025-07-29,2444.800048828125,2457.5,2429.699951171875,2453.60009765625,2409.949951171875,732282
2025-07-30,2442.0,2452.89990234375,2398.5,2437.39990234375,2394.037841796875,1224146
2025-07-31,2420.10009765625,2549.0,2420.10009765625,2521.199951171875,2476.34716796875,5505507
2025-08-01,2550.0,2727.5,2536.89990234375,2553.699951171875,2508.26904296875,4259653
2025-08-04,2547.0,2583.199951171875,2535.10009765625,2543.699951171875,2498.44677734375,1293028
2025-08-05,2537.5,2553.0,2517.300048828125,2534.699951171875,2489.60693359375,756361
2025-08-06,2538.699951171875,2563.10009765625,2526.60009765625,2535.60009765625,2490.490966796875,885487
2025-08-07,2535.699951171875,2544.0,2495.0,2517.5,2472.712890625,847151
2025-08-08,2516.0,2529.89990234375,2486.60009765625,2498.60009765625,2454.1494140625,839794
2025-08-11,2490.10009765625,2524.5,2478.5,2518.39990234375,2473.5966796875,992436
2025-08-12,2518.0,2536.60009765625,2480.10009765625,2483.800048828125,2439.612548828125,1406211
2025-08-13,2485.0,2501.5,2473.39990234375,2495.10009765625,2450.711669921875,969803
2025-08-14,2498.89990234375,2509.0,2473.199951171875,2480.60009765625,2436.469482421875,1104362
2025-08-18,2539.0,2597.0,2521.300048828125,2568.10009765625,2522.4130859375,3089136
2025-08-19,2572.199951171875,2615.0,2558.39990234375,2604.800048828125,2558.4599609375,1400717
2025-08-20,2599.0,2680.0,2588.5,2669.800048828125,2622.3037109375,3156954
2025-08-21,2667.10009765625,2667.10009765625,2627.300048828125,2648.0,2600.891357421875,2235686
2025-08-22,2647.0,2658.5,2619.0,2629.89990234375,2583.11328125,1223445
2025-08-25,2643.0,2643.0,2615.199951171875,2631.60009765625,2584.783203125,667598
2025-08-26,2624.60009765625,2705.0,2624.60009765625,2692.60009765625,2644.697998046875,4348648
2025-08-28,2748.0,2748.0,2646.800048828125,2654.39990234375,2607.177490234375,3198743
2025-08-29,2664.800048828125,2723.0,2641.39990234375,2659.800048828125,2612.4814453125,1972773
2025-09-01,2659.800048828125,2673.300048828125,2639.300048828125,2649.5,2602.36474609375,1096729
2025-09-02,2649.0,2692.39990234375,2645.10009765625,2677.0,2629.37548828125,1525106
2025-09-03,2681.0,2686.89990234375,2658.300048828125,2664.699951171875,2617.294189453125,1010692
2025-09-04,2750.0,2750.0,2655.5,2666.60009765625,2619.16064453125,2494678
2025-09-05,2667.60009765625,2672.89990234375,2623.800048828125,2633.39990234375,2586.55078125,944879
2025-09-08,2630.0,2644.60009765625,2618.800048828125,2623.89990234375,2577.219970703125,903410
2025-09-09,2637.0,2646.199951171875,2611.300048828125,2642.0,2594.998046875,1610956
2025-09-10,2642.0,2652.89990234375,2619.0,2643.5,2596.471435546875,1031486
2025-09-11,2643.800048828125,2657.699951171875,2614.0,2622.0,2575.35400390625,1212707
2025-09-12,2625.0,2628.89990234375,2569.0,2580.5,2534.592041015625,1368380
2025-09-15,2580.5,2593.39990234375,2568.39990234375,2581.0,2535.083251953125,752745
2025-09-16,2588.199951171875,2590.0,2572.60009765625,2580.89990234375,2534.985107421875,1040928
2025-09-17,2587.0,2591.10009765625,2566.5,2569.699951171875,2523.984130859375,970247
2025-09-18,2570.89990234375,2609.89990234375,2570.89990234375,2586.800048828125,2540.780029296875,1550153
2025-09-19,2600.0,2604.699951171875,2554.800048828125,2559.60009765625,2514.06396484375,2214708
2025-09-22,2569.0,2587.199951171875,2560.199951171875,2572.199951171875,2526.43994140625,1174161
2025-09-23,2568.89990234375,2575.300048828125,2518.199951171875,2522.199951171875,2477.329345703125,1430474
2025-09-24,2522.199951171875,2576.0,2510.0,2549.5,2504.143798828125,1882881
2025-09-25,2546.0,2567.5,2531.800048828125,2538.300048828125,2493.14306640625,1624258
2025-09-26,2535.0,2545.39990234375,2499.39990234375,2511.800048828125,2467.1142578125,885612
2025-09-29,2495.0,2517.39990234375,2443.0,2497.89990234375,2453.46142578125,2403556
2025-09-30,2497.89990234375,2526.300048828125,2491.60009765625,2514.39990234375,2469.66796875,1678088
2025-10-01,2515.39990234375,2550.0,2497.89990234375,2536.199951171875,2491.080322265625,1483899
2025-10-03,2536.199951171875,2548.60009765625,2508.300048828125,2544.89990234375,2499.62548828125,1242611
2025-10-06,2535.199951171875,2549.60009765625,2520.199951171875,2541.800048828125,2496.580810546875,818923
2025-10-07,2540.0,2559.39990234375,2508.300048828125,2517.199951171875,2472.418212890625,1291750
2025-10-08,2511.0,2525.0,2486.10009765625,2500.10009765625,2455.62255859375,1225128
2025-10-09,2501.0,2523.0,2498.300048828125,2517.60009765625,2472.811279296875,1259173
2025-10-10,2510.0,2534.89990234375,2506.5,2528.89990234375,2483.91015625,1018875
2025-10-13,2519.199951171875,2531.60009765625,2485.39990234375,2492.800048828125,2448.452392578125,1114750
2025-10-14,2493.0,2509.199951171875,2482.300048828125,2502.300048828125,2457.783447265625,1461017
2025-10-15,2502.60009765625,2531.800048828125,2502.60009765625,2519.0,2474.186279296875,881070
2025-10-16,2517.800048828125,2568.5,2507.10009765625,2561.5,2515.93017578125,1446646
2025-10-17,2565.5,2615.0,2560.0,2603.699951171875,2557.37939453125,2050690
2025-10-20,2609.0,2624.699951171875,2585.60009765625,2594.39990234375,2548.24462890625,1011485
2025-10-21,2594.0,2606.699951171875,2585.10009765625,2591.699951171875,2545.593017578125,82020
2025-10-23,2601.0,2667.199951171875,2596.10009765625,2601.60009765625,2555.31689453125,3386744
2025-10-24,2584.0,2584.0,2474.5,2516.39990234375,2471.63232421875,3110800
2025-10-27,2516.39990234375,2525.0,2506.0,2511.800048828125,2467.1142578125,2127832
2025-10-28,2519.0,2526.0,2481.89990234375,2497.10009765625,2452.676025390625,2294976
2025-10-29,2512.60009765625,2513.60009765625,2484.0,2488.10009765625,2443.8359375,1870143
2025-10-30,2491.0,2497.0,2454.89990234375,2469.60009765625,2425.6650390625,1195631
2025-10-31,2469.0,2479.5,2452.89990234375,2465.5,2421.637939453125,1401937
2025-11-03,2456.10009765625,2474.89990234375,2440.300048828125,2460.0,2416.23583984375,1049185
2025-11-04,2460.0,2463.300048828125,2441.300048828125,2445.699951171875,2402.190185546875,1251588
2025-11-06,2463.89990234375,2463.89990234375,2432.60009765625,2436.0,2392.662841796875,1329256
2025-11-07,2417.0,2425.0,2400.60009765625,2414.0,2389.693115234375,817896
2025-11-10,2405.0,2429.300048828125,2404.0,2408.800048828125,2384.54541015625,780558
2025-11-11,2422.199951171875,2433.699951171875,2403.10009765625,2427.5,2403.05712890625,1422399
2025-11-12,2430.60009765625,2434.800048828125,2416.199951171875,2424.5,2400.08740234375,1680827
2025-11-13,2429.0,2431.0,2405.0,2407.60009765625,2383.357666015625,1256059
2025-11-14,2405.10009765625,2430.199951171875,2392.0,2427.699951171875,2403.255126953125,975973
2025-11-17,2431.39990234375,2438.39990234375,2416.0,2425.0,2400.582275390625,920038
2025-11-18,2415.800048828125,2422.89990234375,2401.89990234375,2404.0,2379.793701171875,1229034
2025-11-19,2412.0,2450.699951171875,2411.0,2441.60009765625,2417.015380859375,1465143
2025-11-20,2445.10009765625,2459.0,2425.0,2428.39990234375,2403.947998046875,1396929
2025-11-21,2436.199951171875,2443.199951171875,2413.0,2433.699951171875,2409.19482421875,1840712
2025-11-24,2441.89990234375,2444.89990234375,2413.0,2424.199951171875,2399.790283203125,4092327
2025-11-25,2422.0,2424.199951171875,2406.0,2414.10009765625,2389.792236328125,1240672
2025-11-26,2412.0,2427.699951171875,2409.0,2425.199951171875,2400.7802734375,1242683
2025-11-27,2426.10009765625,2459.699951171875,2425.0,2451.699951171875,2427.013427734375,1872248
2025-11-28,2450.0,2470.0,2447.199951171875,2466.60009765625,2441.763671875,973225
2025-12-01,2466.60009765625,2488.0,2458.800048828125,2464.5,2439.6845703125,1924828
2025-12-02,2471.0,2484.39990234375,2460.0,2477.800048828125,2452.850830078125,2179406
2025-12-03,2478.199951171875,2484.89990234375,2403.10009765625,2448.0,2423.350830078125,3535932
2025-12-04,2440.0,2483.0,2423.199951171875,2462.199951171875,2437.40771484375,2587753
2025-12-05,2422.0,2422.0,2286.699951171875,2338.60009765625,2315.052490234375,4008271
2025-12-08,2350.10009765625,2355.10009765625,2302.0,2314.0,2290.699951171875,1898154
2025-12-09,2318.0,2330.39990234375,2298.10009765625,2306.5,2283.275634765625,1471488
2025-12-10,2306.5,2316.89990234375,2295.0,2301.699951171875,2278.52392578125,2857290
2025-12-11,2296.300048828125,2313.0,2292.0,2305.60009765625,2282.384765625,1108032
2025-12-12,2306.89990234375,2309.0,2244.699951171875,2260.60009765625,2237.837890625,3203114
2025-12-15,2260.60009765625,2299.0,2252.0,2293.5,2270.406494140625,1274115
2025-12-16,2293.39990234375,2302.699951171875,2276.0,2281.10009765625,2258.13134765625,1256042
2025-12-17,2281.199951171875,2286.199951171875,2268.300048828125,2275.60009765625,2252.686767578125,808100
2025-12-18,2270.0,2278.300048828125,2255.300048828125,2265.5,2242.6884765625,1057295
2025-12-19,2263.699951171875,2284.800048828125,2263.699951171875,2280.0,2257.04248046875,1237214
2025-12-22,2280.0,2295.0,2280.0,2289.5,2266.44677734375,790773
2025-12-23,2289.300048828125,2310.0,2280.699951171875,2302.60009765625,2279.414794921875,1128801
2025-12-24,2302.60009765625,2305.0,2278.10009765625,2282.199951171875,2259.22021484375,519380
2025-12-26,2282.300048828125,2290.0,2275.0,2285.39990234375,2262.387939453125,533626
2025-12-29,2288.89990234375,2298.699951171875,2280.0,2293.300048828125,2270.20849609375,1086695
2025-12-30,2293.300048828125,2298.0,2283.0,2290.199951171875,2267.1396484375,1556717
2025-12-31,2290.0,2325.5,2286.800048828125,2315.89990234375,2292.580810546875,1324220
2026-01-01,2322.0,2326.0,2300.0,2323.0,2299.609375,758866
2026-01-02,2326.0,2357.699951171875,2322.0,2348.0,2324.357666015625,973413
2026-01-05,2341.5,2394.0,2336.39990234375,2384.10009765625,2360.09423828125,1344113
2026-01-06,2398.800048828125,2428.10009765625,2367.800048828125,2424.699951171875,2400.285400390625,1584720
2026-01-07,2416.0,2421.89990234375,2382.0,2399.39990234375,2375.239990234375,892690
2026-01-08,2389.0,2418.10009765625,2368.10009765625,2386.699951171875,2362.66796875,1163828
2026-01-09,2382.0,2386.0,2361.0,2372.60009765625,2348.7099609375,1189464
2026-01-12,2362.0,2413.89990234375,2361.0,2406.199951171875,2381.9716796875,1057665
2026-01-13,2415.10009765625,2422.199951171875,2365.0,2389.5,2365.439697265625,1519683
2026-01-14,2398.89990234375,2398.89990234375,2341.0,2353.5,2329.80224609375,1027639
2026-01-15,2353.5,2353.5,2353.5,2353.5,2329.80224609375,0
2026-01-16,2370.0,2372.89990234375,2348.89990234375,2360.39990234375,2336.6328125,1367606
2026-01-19,2353.0,2425.39990234375,2353.0,2413.89990234375,2389.593994140625,1505238
2026-01-20,2423.0,2439.0,2368.5,2379.10009765625,2355.14453125,1460806
2026-01-21,2379.10009765625,2400.5,2360.0,2368.0,2344.15625,1020245
2026-01-22,2368.89990234375,2402.0,2365.699951171875,2390.60009765625,2366.52880859375,1745964
2026-01-23,2400.0,2434.300048828125,2376.800048828125,2409.5,2385.238525390625,1378097
2026-01-27,2412.0,2421.60009765625,2380.5,2400.89990234375,2376.724853515625,2060117
2026-01-28,2403.10009765625,2420.199951171875,2340.60009765625,2378.39990234375,2354.451416015625,1797593
2026-01-29,2370.5,2374.699951171875,2312.0,2352.60009765625,2328.911376953125,1478536
2026-01-30,2341.0,2385.0,2340.0,2373.0,2349.10595703125,2090462
2026-02-02,2356.10009765625,2360.0,2303.0,2357.300048828125,2333.56396484375,1375089
2026-02-03,2390.0,2399.89990234375,2343.300048828125,2368.60009765625,2344.750244140625,1553270
2026-02-04,2360.60009765625,2393.5,2356.800048828125,2371.0,2347.1259765625,1232755
2026-02-05,2362.5,2423.0,2351.60009765625,2354.39990234375,2330.693115234375,1962066
2026-02-06,2354.39990234375,2429.0,2337.5,2424.199951171875,2399.790283203125,1421995
2026-02-09,2425.0,2439.0,2402.0,2435.0,2410.481689453125,958484
2026-02-10,2435.0,2458.10009765625,2430.10009765625,2453.60009765625,2428.89453125,792532
2026-02-11,2460.0,2470.60009765625,2447.0,2462.89990234375,2438.1005859375,1137856
2026-02-12,2475.0,2479.60009765625,2350.10009765625,2409.699951171875,2385.436279296875,4656164
2026-02-13,2400.0,2400.0,2300.300048828125,2305.199951171875,2281.988525390625,2791519
2026-02-16,2308.10009765625,2327.0,2288.10009765625,2319.0,2295.649658203125,2036833
2026-02-17,2309.300048828125,2326.0,2303.39990234375,2312.300048828125,2289.01708984375,1233244
2026-02-18,2312.60009765625,2328.89990234375,2306.0,2323.5,2300.1044921875,830787
2026-02-19,2336.0,2337.39990234375,2275.60009765625,2279.300048828125,2256.349365234375,940180
2026-02-20,2285.0,2331.199951171875,2278.300048828125,2314.5,2291.195068359375,1716316
2026-02-23,2325.0,2350.0,2320.800048828125,2345.39990234375,2321.78369140625,1300035
2026-02-24,2331.10009765625,2372.0,2330.300048828125,2358.60009765625,2334.85107421875,1544803
2026-02-25,2368.89990234375,2380.0,2349.0,2374.89990234375,2350.98681640625,1158620
2026-02-26,2378.0,2387.300048828125,2355.199951171875,2383.300048828125,2359.30224609375,1470677
2026-02-27,2369.300048828125,2378.89990234375,2330.60009765625,2338.10009765625,2314.557373046875,3053227
2026-03-02,2303.0,2354.0,2290.199951171875,2320.60009765625,2297.233642578125,2273224
2026-03-04,2292.89990234375,2311.60009765625,2252.10009765625,2261.300048828125,2238.53076171875,2648737
2026-03-05,2275.5,2277.800048828125,2228.39990234375,2255.0,2232.294189453125,1751288
2026-03-06,2245.10009765625,2250.0,2219.5,2225.699951171875,2203.2890625,1674258
2026-03-09,2199.0,2200.0,2170.39990234375,2194.60009765625,2172.50244140625,1512817
2026-03-10,2224.0,2224.0,2175.0,2190.199951171875,2168.146484375,1084986
2026-03-11,2190.199951171875,2195.0,2156.0,2161.39990234375,2139.636474609375,1313256
2026-03-12,2165.10009765625,2165.10009765625,2109.300048828125,2136.89990234375,2115.383056640625,1791973
2026-03-13,2136.0,2191.89990234375,2120.300048828125,2160.0,2138.250732421875,2298875
2026-03-16,2169.60009765625,2186.699951171875,2154.0,2175.699951171875,2153.79248046875,1981511
2026-03-17,2172.800048828125,2184.800048828125,2145.5,2158.199951171875,2136.46875,1705956
2026-03-18,2165.0,2175.0,2129.699951171875,2135.300048828125,2113.79931640625,2441148
2026-03-19,2112.0,2133.60009765625,2070.10009765625,2077.300048828125,2056.383544921875,2098905
2026-03-20,2099.699951171875,2099.800048828125,2069.0,2082.699951171875,2061.72900390625,2429744
2026-03-23,2062.300048828125,2097.0,2033.300048828125,2052.199951171875,2031.5361328125,2599535
2026-03-24,2070.0,2115.0,2066.0,2085.0,2064.005859375,1702418
2026-03-25,2098.0,2154.699951171875,2086.0,2134.800048828125,2113.304443359375,2069217
2026-03-27,2123.300048828125,2127.0,2069.5,2074.39990234375,2053.512451171875,2789151
2026-03-30,2064.0,2082.39990234375,2046.199951171875,2055.199951171875,2034.505859375,2482193
2026-04-01,2119.89990234375,2119.89990234375,2052.0,2064.699951171875,2043.91015625,2028470
2026-04-02,2055.0,2069.89990234375,2022.5,2065.300048828125,2044.5042724609375,1431905
2026-04-06,2065.300048828125,2092.800048828125,2041.9000244140625,2084.800048828125,2063.807861328125,1661298
2026-04-07,2064.699951171875,2119.5,2050.800048828125,2110.60009765625,2089.34814453125,2709707
2026-04-08,2130.0,2192.800048828125,2130.0,2145.60009765625,2123.995849609375,3794437
2026-04-09,2145.5,2162.89990234375,2115.0,2133.199951171875,2111.720458984375,2506245
2026-04-10,2133.199951171875,2170.0,2121.39990234375,2155.300048828125,2133.59814453125,2144484
2026-04-13,2131.0,2140.699951171875,2113.5,2127.199951171875,2105.781005859375,1994541
2026-04-15,2140.89990234375,2168.0,2140.89990234375,2157.60009765625,2135.875,1552971
2026-04-16,2158.0,2163.699951171875,2129.10009765625,2139.10009765625,2117.561279296875,1845734
2026-04-17,2142.0,2245.0,2133.0,2240.800048828125,2218.237060546875,4882697
2026-04-20,2240.800048828125,2253.39990234375,2223.199951171875,2231.5,2209.03076171875,1460822
2026-04-21,2238.699951171875,2335.699951171875,2227.199951171875,2310.699951171875,2287.43310546875,3217281
2026-04-22,2310.39990234375,2408.0,2310.39990234375,2368.800048828125,2344.9482421875,5558325
2026-04-23,2336.0,2400.0,2336.0,2366.39990234375,2342.572265625,2063531
2026-04-24,2388.60009765625,2388.60009765625,2299.0,2327.300048828125,2303.8662109375,1676706
2026-04-27,2334.89990234375,2362.800048828125,2325.0,2328.300048828125,2304.856201171875,1099681
2026-04-28,2321.0,2334.39990234375,2281.10009765625,2289.5,2266.44677734375,1629120
2026-04-29,2305.0,2349.699951171875,2291.0,2314.39990234375,2291.095947265625,1778765
2026-04-30,2312.0,2368.800048828125,2211.60009765625,2250.89990234375,2228.2353515625,4434979
2026-05-01,2250.89990234375,2250.89990234375,2250.89990234375,2250.89990234375,2228.2353515625,0
2026-05-04,2268.800048828125,2365.800048828125,2268.800048828125,2309.300048828125,2286.04736328125,2554255
2026-05-05,2301.5,2335.39990234375,2288.10009765625,2327.39990234375,2303.965087890625,1741424
2026-05-06,2330.0,2339.39990234375,2288.300048828125,2317.10009765625,2293.768798828125,1196175
2026-05-07,2310.0,2327.89990234375,2268.10009765625,2272.199951171875,2249.32080078125,1859012
2026-05-08,2272.199951171875,2297.300048828125,2256.0,2287.699951171875,2264.664794921875,1104526
2026-05-11,2277.10009765625,2317.10009765625,2259.199951171875,2307.199951171875,2283.968505859375,1903862
2026-05-12,2285.300048828125,2307.0,2256.0,2262.0,2239.2236328125,983506
2026-05-13,2265.0,2295.800048828125,2250.0,2267.300048828125,2244.47021484375,1308559
2026-05-14,2268.0,2285.89990234375,2245.0,2248.699951171875,2226.057373046875,1380764
2026-05-15,2248.699951171875,2298.89990234375,2246.199951171875,2272.199951171875,2249.32080078125,1038522
2026-05-18,2263.10009765625,2265.0,2224.699951171875,2254.199951171875,2231.502197265625,1118204
2026-05-19,2242.0,2282.0,2229.5,2232.89990234375,2210.41650390625,1145022
2026-05-20,2224.89990234375,2226.89990234375,2201.0,2209.300048828125,2187.05419921875,1071994
2026-05-21,2224.0,2229.0,2176.0,2179.0,2157.059326171875,1581812
2026-05-22,2180.0,2224.5,2175.39990234375,2203.60009765625,2181.411865234375,1382889
2026-05-25,2215.0,2238.10009765625,2192.89990234375,2196.5,2174.383056640625,780722
2026-05-26,2199.60009765625,2220.0,2190.0,2209.39990234375,2187.153076171875,2302703
2026-05-27,2205.10009765625,2214.60009765625,2187.0,2198.39990234375,2176.263916015625,616538
2026-05-28,2198.39990234375,2198.39990234375,2198.39990234375,2198.39990234375,2176.263916015625,0
2026-05-29,2133.5,2207.800048828125,2118.10009765625,2153.5,2131.816162109375,17701621
2026-06-01,2158.5,2167.5,2080.300048828125,2084.300048828125,2063.31298828125,1470488
2026-06-02,2079.0,2097.0,2065.699951171875,2093.699951171875,2072.6181640625,2148903
2026-06-03,2092.0,2099.60009765625,2072.199951171875,2090.60009765625,2069.549560546875,1544973
2026-06-04,2089.0,2110.89990234375,2073.5,2079.39990234375,2058.462158203125,2142735
2026-06-05,2086.699951171875,2127.5,2077.199951171875,2121.5,2100.138427734375,1822999
2026-06-08,2105.300048828125,2125.0,2091.5,2110.10009765625,2088.853271484375,1601497
2026-06-09,2119.699951171875,2138.60009765625,2110.10009765625,2132.800048828125,2111.32470703125,1460636
2026-06-10,2134.89990234375,2204.89990234375,2133.5,2169.5,2147.655029296875,2325534
2026-06-11,2164.0,2165.0,2135.300048828125,2139.800048828125,2118.254150390625,1178896
2026-06-12,2151.199951171875,2179.39990234375,2145.0,2168.800048828125,2146.962158203125,1156153
2026-06-15,2200.0,2211.0,2150.0,2156.10009765625,2134.39013671875,1439449
2026-06-16,2161.0,2209.0,2160.10009765625,2199.89990234375,2177.748779296875,1337309
2026-06-17,2201.10009765625,2224.60009765625,2183.0,2197.60009765625,2175.47216796875,1511401
2026-06-18,2208.699951171875,2221.60009765625,2196.800048828125,2218.5,2196.16162109375,1120482
2026-06-19,2209.60009765625,2210.60009765625,2179.89990234375,2194.60009765625,2172.50244140625,1508994
2026-06-22,2203.699951171875,2208.199951171875,2182.5,2184.89990234375,2162.89990234375,765860
2026-06-23,2160.10009765625,2179.699951171875,2156.0,2160.10009765625,2160.10009765625,710082
2026-06-24,2160.0,2166.0,2140.0,2157.800048828125,2157.800048828125,942271
2026-06-25,2161.0,2200.89990234375,2161.0,2174.199951171875,2174.199951171875,1898262
2026-06-26,2174.199951171875,2174.199951171875,2174.199951171875,2174.199951171875,2174.199951171875,0
2026-06-29,2172.0,2189.89990234375,2143.0,2151.300048828125,2151.300048828125,1423514
2026-06-30,2151.0,2151.300048828125,2114.199951171875,2118.199951171875,2118.199951171875,2364422
2026-07-01,2133.5,2190.0,2120.199951171875,2182.0,2182.0,2497576
2026-07-02,2186.0,2216.0,2179.199951171875,2210.60009765625,2210.60009765625,2585362
2026-07-03,2224.89990234375,2239.300048828125,2190.0,2201.199951171875,2201.199951171875,1536616
2026-07-06,2202.10009765625,2221.39990234375,2190.300048828125,2202.0,2202.0,2131061
2026-07-07,2200.0,2219.39990234375,2193.699951171875,2208.800048828125,2208.800048828125,2552492
2026-07-08,2199.0,2199.0,2130.0,2135.800048828125,2135.800048828125,1326689
2026-07-09,2139.0,2166.800048828125,2137.10009765625,2144.5,2144.5,2201039
2026-07-10,2151.5,2178.0,2145.0,2150.60009765625,2150.60009765625,1665179
2026-07-13,2143.0,2143.0,2120.0,2130.60009765625,2130.60009765625,1833988
2026-07-14,2125.0,2145.0,2116.10009765625,2120.199951171875,2120.199951171875,2681897
2026-07-15,2121.0,2128.5,2091.0,2102.60009765625,2102.60009765625,2029614
2026-07-16,2104.89990234375,2123.0,2096.0,2098.39990234375,2098.39990234375,2143092
2026-07-17,2100.0,2154.5,2092.10009765625,2143.800048828125,2143.800048828125,1059832
2026-07-20,2153.800048828125,2153.800048828125,2128.39990234375,2139.699951171875,2139.699951171875,689849
2026-07-21,2139.699951171875,2147.699951171875,2127.5,2142.5,2142.5,1032417
2026-07-22,2139.699951171875,2159.89990234375,2130.0,2154.60009765625,2154.60009765625,819175
2026-07-23,2150.0,2166.0,2139.89990234375,2161.800048828125,2161.800048828125,833281
2026-07-24,2148.0,2163.0,2139.0,2145.0,2145.0,1603494
2026-07-27,2155.0,2181.300048828125,2152.39990234375,2174.60009765625,2174.60009765625,698681
2026-07-28,2174.60009765625,2213.0,2016.0,2022.699951171875,2022.699951171875,9947304
2026-07-29,2050.5,2123.0,2047.0,2117.800048828125,2117.800048828125,5183374
2026-07-30,2120.0,2132.60009765625,2088.0,2107.89990234375,2107.89990234375,2602039
2026-07-31,2119.60009765625,2119.60009765625,2091.10009765625,2101.300048828125,2101.300048828125,1759019
2026-08-03,2107.0,2138.0,2105.300048828125,2138.0,2138.0,740649
2026-08-04,2119.10009765625,2119.10009765625,2070.199951171875,2096.5,2096.5,1657094
2026-08-05,2085.300048828125,2097.800048828125,2074.199951171875,2085.300048828125,2085.300048828125,1150148
2026-08-06,2081.0,2094.0,2075.199951171875,2079.5,2079.5,1160270
2026-08-07,2083.10009765625,2099.39990234375,2077.199951171875,2096.0,2096.0,1054665
2026-08-10,2096.0,2097.0,2076.0,2087.199951171875,2087.199951171875,1118008
2026-08-11,2086.0,2086.5,2063.800048828125,2064.89990234375,2064.89990234375,956661
2026-08-12,2065.0,2072.10009765625,2050.10009765625,2063.0,2063.0,995523
2026-08-13,2063.0,2092.0,2052.89990234375,2092.0,2092.0,1186057
2026-08-14,2089.0,2090.89990234375,2066.39990234375,2077.0,2077.0,1148419
2026-08-17,2070.89990234375,2076.0,2055.0,2055.0,2055.0,1024288
2026-08-18,2055.0,2060.0,2034.9000244140625,2035.0,2035.0,1234596
2026-08-19,2035.0,2041.699951171875,2008.300048828125,2020.699951171875,2020.699951171875,1449442
2026-08-20,2022.9000244140625,2043.5999755859375,2018.199951171875,2028.0,2028.0,1401471
2026-08-21,2028.0,2034.699951171875,2012.0,2015.0,2015.0,857550
2026-08-24,2019.9000244140625,2030.0,2006.199951171875,2030.0,2030.0,891171
2026-08-25,2024.0,2029.199951171875,2012.0,2024.199951171875,2024.199951171875,1019583
2026-08-26,2030.300048828125,2051.89990234375,2021.0,2021.0,2021.0,765343
2026-08-27,2020.0,2028.0,2004.300048828125,2009.0,2009.0,989046
2026-08-28,2018.0,2018.0,1997.5,2010.4000244140625,2010.4000244140625,933212
2026-08-31,2001.0999755859375,2008.5999755859375,1967.4000244140625,1967.4000244140625,1967.4000244140625,1800025
2026-09-01,1987.0,2003.0,1980.0,1994.800048828125,1994.800048828125,922778
2026-09-02,1983.0,1983.800048828125,1962.300048828125,1975.0,1975.0,1497019
2026-09-03,1978.9000244140625,1978.9000244140625,1959.9000244140625,1962.0,1962.0,1638341
2026-09-04,1967.0,1984.199951171875,1950.4000244140625,1973.4000244140625,1973.4000244140625,2247162
2026-09-07,1972.0,1974.199951171875,1958.0,1960.0,1960.0,713057
2026-09-08,1967.0,1990.800048828125,1956.699951171875,1980.0,1980.0,1256067
2026-09-09,1973.0,1979.5999755859375,1936.0,1945.0,1945.0,1455307
2026-09-10,1940.0,1950.0,1936.0,1942.300048828125,1942.300048828125,1232506
2026-09-11,1930.5,1946.5999755859375,1926.199951171875,1927.0,1927.0,1100313
2026-09-14,1927.0,1927.0,1927.0,1927.0,1927.0,0
2026-09-15,1944.0,1969.4000244140625,1933.800048828125,1938.0999755859375,1938.0999755859375,1715702
2026-09-16,1944.0999755859375,1977.0,1943.5,1962.0,1962.0,1013304
2026-09-17,1962.0,1968.9000244140625,1942.199951171875,1942.199951171875,1942.199951171875,1171388
2026-09-18,1950.0,1959.5999755859375,1932.0,1932.0,1932.0,1994635
2026-09-21,1940.0,1966.5999755859375,1939.0,1947.0,1947.0,864547
2026-09-22,1952.0,1956.800048828125,1933.800048828125,1933.800048828125,1933.800048828125,1023040
2026-09-23,1938.0,1954.0,1936.0,1950.0,1950.0,870342
2026-09-24,1940.0,1953.0,1925.5,1933.5,1933.5,1257687
2026-09-25,1933.5,1942.9000244140625,1915.0,1942.9000244140625,1942.9000244140625,732074
2026-09-28,1932.0999755859375,1933.199951171875,1893.199951171875,1896.0,1896.0,1852879
2026-09-29,1896.0,1898.9000244140625,1863.800048828125,1863.800048828125,1863.800048828125,2057852
2026-09-30,1871.4000244140625,1889.5999755859375,1865.199951171875,1879.0999755859375,1879.0999755859375,1430335
