date,open,high,low,close,adj_close,volume
2015-01-01,319.25,320.0,315.0,315.8974914550781,275.4013977050781,60500
2015-01-02,312.802490234375,318.32501220703125,312.802490234375,316.57501220703125,275.99212646484375,136860
2015-01-05,318.5,318.5,314.5,316.7449951171875,276.1402587890625,213800
2015-01-06,314.79998779296875,315.6524963378906,311.0,312.3399963378906,272.2999572753906,263180
2015-01-07,313.25,315.447509765625,312.37750244140625,313.6474914550781,273.43988037109375,713460
2015-01-08,313.75,317.25,313.75,315.0224914550781,274.63848876953125,150480
2015-01-09,318.5,323.99749755859375,313.67498779296875,319.3175048828125,278.38311767578125,409840
2015-01-12,321.0,326.0,319.2749938964844,323.13751220703125,281.71331787109375,951140
2015-01-13,323.5,337.04998779296875,323.5,335.7325134277344,292.6937561035156,1102160
2015-01-14,336.75,346.5,334.24749755859375,339.0924987792969,295.623046875,748060
2015-01-15,343.4599914550781,347.0,338.052490234375,340.4549865722656,296.81085205078125,1195060
2015-01-16,338.1000061035156,350.25,337.00250244140625,349.260009765625,304.4870910644531,997040
2015-01-19,350.25,355.0,349.2275085449219,353.697509765625,308.3558349609375,708280
2015-01-20,353.6499938964844,355.5,350.0,353.7250061035156,308.37969970703125,568620
2015-01-21,354.38751220703125,356.0,351.9049987792969,354.0,308.619384765625,622080
2015-01-22,353.75,358.5,352.6000061035156,354.8525085449219,309.3627014160156,1082980
2015-01-23,357.3999938964844,364.5,357.3999938964844,362.9175109863281,316.3937683105469,917320
2015-01-27,362.9150085449219,371.5,362.7974853515625,367.50250244140625,320.3910217285156,907000
2015-01-28,367.25,371.04998779296875,360.75250244140625,365.2025146484375,318.3858947753906,475240
2015-01-29,365.0,368.2449951171875,357.3999938964844,360.7225036621094,314.48016357421875,440800
2015-01-30,361.0,361.0,355.0,355.6524963378906,310.0600891113281,607740
2015-02-02,355.69000244140625,358.0775146484375,348.8175048828125,352.9825134277344,307.732421875,494320
2015-02-03,355.54998779296875,359.5,347.5,353.92498779296875,308.5541076660156,378180
2015-02-04,353.8999938964844,356.9574890136719,347.79998779296875,348.88751220703125,304.162353515625,131760
2015-02-05,352.5,352.5,340.5,344.9574890136719,300.7362060546875,340860
2015-02-06,345.0,348.5,342.5,344.2275085449219,300.0997314453125,177620
2015-02-09,344.5,346.5,338.00250244140625,341.7699890136719,297.9572448730469,311020
2015-02-10,345.0,350.8999938964844,338.3500061035156,339.7074890136719,296.1590881347656,318040
2015-02-11,344.95001220703125,350.0,340.25,344.052490234375,299.9471740722656,274160
2015-02-12,344.25,348.5,339.0150146484375,341.2300109863281,297.4864501953125,257740
2015-02-13,341.9949951171875,354.8900146484375,341.5,351.6824951171875,306.5990905761719,573700
2015-02-16,361.29998779296875,363.6000061035156,355.114990234375,357.36749267578125,311.5552673339844,477900
2015-02-18,357.5,361.25,353.00250244140625,358.4649963378906,312.5121154785156,643780
2015-02-19,358.75,358.75,350.68499755859375,352.0849914550781,306.9499206542969,230180
2015-02-20,352.54998779296875,361.885009765625,351.25,358.8349914550781,312.83465576171875,2695220
2015-02-23,360.260009765625,360.260009765625,348.125,349.9725036621094,305.10821533203125,584180
2015-02-24,350.0950012207031,353.99249267578125,346.5,350.48748779296875,305.5572204589844,1165940
2015-02-25,351.2099914550781,353.75,350.5,352.625,307.4207458496094,858920
2015-02-26,354.9849853515625,354.9849853515625,347.5,350.9700012207031,305.9778137207031,514040
2015-02-27,352.2325134277344,352.94500732421875,349.9750061035156,351.0450134277344,306.0432434082031,1312840
2015-03-02,352.4949951171875,352.4949951171875,347.49749755859375,349.50250244140625,304.6985168457031,521600
2015-03-03,352.0,358.0249938964844,346.614990234375,354.8125,309.3278503417969,524860
2015-03-04,358.20001220703125,365.95001220703125,355.6474914550781,364.98748779296875,318.1985168457031,905620
2015-03-05,365.0,368.322509765625,362.31500244140625,364.7974853515625,318.0328063964844,607680
2015-03-09,364.8500061035156,371.25,361.75,369.2149963378906,321.8839416503906,431520
2015-03-10,369.3450012207031,375.25,367.4725036621094,369.8575134277344,322.4441223144531,365160
2015-03-11,369.4800109863281,372.2875061035156,362.6499938964844,364.0350036621094,317.36798095703125,386900
2015-03-12,365.0050048828125,368.9949951171875,365.0050048828125,366.44500732421875,319.4690246582031,274020
2015-03-13,367.7674865722656,367.885009765625,362.7025146484375,364.95001220703125,318.16571044921875,430300
2015-03-16,367.3949890136719,367.3949890136719,362.75,363.8399963378906,317.1979675292969,254460
2015-03-17,365.0,370.0,365.0,369.4624938964844,322.0998229980469,541880
2015-03-18,370.5,371.0,368.29998779296875,370.4200134277344,322.9345397949219,992220
2015-03-19,371.0,371.0,366.04998779296875,368.36749267578125,321.1450500488281,540260
2015-03-20,370.0,370.0,361.25,363.2049865722656,316.6444396972656,548920
2015-03-23,364.20001220703125,364.2200012207031,354.5,356.69500732421875,310.9688720703125,472500
2015-03-24,359.25,359.5,349.5,351.0824890136719,306.07598876953125,535500
2015-03-25,348.6000061035156,354.74749755859375,348.6000061035156,352.0899963378906,306.95428466796875,542640
2015-03-26,351.0,351.5450134277344,338.25,342.260009765625,298.3844909667969,847220
2015-03-27,344.8999938964844,345.8475036621094,338.54998779296875,340.75250244140625,297.07025146484375,524860
2015-03-30,342.0,349.95001220703125,342.0,347.20001220703125,302.691162109375,903860
2015-03-31,347.5,356.6000061035156,341.3800048828125,347.36749267578125,302.83721923828125,1284000
2015-04-01,352.54998779296875,352.99749755859375,343.5,346.1575012207031,301.7823486328125,274980
2015-04-06,349.44500732421875,357.5,346.32000732421875,356.0675048828125,310.4219055175781,498260
2015-04-07,356.07000732421875,358.74749755859375,353.2074890136719,357.87249755859375,311.99560546875,354360
2015-04-08,357.29998779296875,358.4075012207031,350.5,352.30999755859375,307.1461181640625,253900
2015-04-09,353.0,355.6000061035156,353.0,355.04998779296875,309.5347595214844,609340
2015-04-10,356.1000061035156,356.9849853515625,353.25,354.92498779296875,309.4259033203125,899140
2015-04-13,355.99749755859375,355.99749755859375,353.30999755859375,354.927490234375,309.427978515625,590040
2015-04-15,355.04998779296875,355.4674987792969,351.25,353.4200134277344,308.1138610839844,468540
2015-04-16,353.4200134277344,354.75,349.5,351.3399963378906,306.3004455566406,528120
2015-04-17,351.2124938964844,352.6499938964844,349.5,350.0425109863281,305.1692810058594,286920
2015-04-20,350.04998779296875,350.5,345.0,347.6600036621094,303.09222412109375,305160
2015-04-21,349.989990234375,349.989990234375,343.25,344.3924865722656,300.24365234375,222660
2015-04-22,344.3500061035156,347.0,341.2650146484375,343.6025085449219,299.554931640625,347480
2015-04-23,346.70001220703125,346.70001220703125,343.29998779296875,345.43499755859375,301.1524658203125,716540
2015-04-24,347.5,347.5,339.0050048828125,342.48748779296875,298.5827941894531,212780
2015-04-27,342.45001220703125,343.3999938964844,338.0450134277344,342.4049987792969,298.5108947753906,684780
2015-04-28,342.0,342.4949951171875,339.7724914550781,341.8424987792969,298.0204162597656,506520
2015-04-29,343.99749755859375,343.99749755859375,326.25,328.2724914550781,286.19000244140625,833100
2015-04-30,328.260009765625,335.49749755859375,326.2950134277344,328.6300048828125,286.5018005371094,858380
2015-05-04,333.0,340.5,331.1700134277344,340.072509765625,296.4773864746094,338820
2015-05-05,340.45001220703125,341.75,338.6000061035156,340.3699951171875,296.7367248535156,291640
2015-05-06,340.4700012207031,341.0,337.8125,340.13751220703125,296.5340881347656,348660
2015-05-07,342.5,342.5,336.25,338.37750244140625,294.9996643066406,570180
2015-05-08,338.04998779296875,343.49749755859375,338.04998779296875,339.81500244140625,296.2528991699219,449040
2015-05-11,342.8450012207031,343.5,338.1600036621094,340.31500244140625,296.68878173828125,787160
2015-05-12,340.6099853515625,342.25,334.0,335.2225036621094,292.2491149902344,761380
2015-05-13,335.2650146484375,340.5325012207031,332.5,335.07501220703125,292.1206359863281,690220
2015-05-14,335.25,345.9849853515625,335.25,342.7250061035156,298.7898254394531,404840
2015-05-15,343.75,352.5,343.00750732421875,351.56500244140625,306.4966125488281,462760
2015-05-18,355.0050048828125,367.45001220703125,347.04998779296875,353.86749267578125,308.5039367675781,753320
2015-05-19,355.0,357.8974914550781,345.125,351.43499755859375,307.53485107421875,522280
2015-05-20,353.43499755859375,355.81500244140625,342.75,348.0799865722656,304.5988464355469,605100
2015-05-21,343.7449951171875,349.95001220703125,341.5,347.44500732421875,304.0432434082031,618140
2015-05-22,347.5,355.9750061035156,346.4024963378906,349.7950134277344,306.0997619628906,847920
2015-05-25,346.29998779296875,350.69500732421875,345.25,346.8299865722656,303.50506591796875,258300
2015-05-26,348.0,349.6499938964844,326.7550048828125,340.2674865722656,297.7622985839844,1256800
2015-05-27,340.2674865722656,356.75,338.79998779296875,353.125,309.0136413574219,1234000
2015-05-28,354.5,360.5,347.7749938964844,352.88250732421875,308.80145263671875,684300
2015-05-29,349.6000061035156,352.88250732421875,328.239990234375,337.5775146484375,295.4084777832031,2166760
2015-06-01,335.0,336.6499938964844,326.5474853515625,333.510009765625,291.84893798828125,1366460
2015-06-02,338.6000061035156,349.9949951171875,337.75750732421875,340.1625061035156,297.6704406738281,1503080
2015-06-03,325.0,326.6499938964844,299.0,309.3475036621094,270.7048034667969,7808880
2015-06-04,294.0,302.5,290.0274963378906,300.2225036621094,262.71966552734375,8609540
2015-06-05,291.5,306.25,285.54998779296875,300.5799865722656,263.0323791503906,15123780
2015-06-08,292.5,292.5,275.04998779296875,278.45001220703125,243.66685485839844,6897380
2015-06-09,279.5174865722656,306.0,276.25,298.2174987792969,260.965087890625,11377620
2015-06-10,302.4949951171875,312.0,301.0625,303.0174865722656,265.1654357910156,4943000
2015-06-11,307.94500732421875,315.29998779296875,298.7875061035156,308.2349853515625,269.731201171875,6056040
2015-06-12,309.2250061035156,309.2250061035156,296.2674865722656,304.3599853515625,266.3403015136719,2093980
2015-06-15,302.3999938964844,302.5,294.6199951171875,297.75250244140625,260.5581970214844,1461340
2015-06-16,294.95001220703125,294.95001220703125,287.75,289.2325134277344,253.10243225097656,1749640
2015-06-17,287.25,295.0,282.54998779296875,291.94500732421875,255.4761505126953,2810340
2015-06-18,293.20001220703125,306.3999938964844,292.5,304.0824890136719,266.0975036621094,2379380
2015-06-19,300.5,316.25,300.5,314.04998779296875,274.81988525390625,2916820
2015-06-22,313.79998779296875,320.5574951171875,310.75,314.8299865722656,275.5023498535156,1578880
2015-06-23,314.5,314.5,305.0050048828125,306.3924865722656,268.11883544921875,1087660
2015-06-24,307.5,308.1575012207031,299.05499267578125,300.2049865722656,262.7042541503906,1100560
2015-06-25,300.25,302.45001220703125,290.51251220703125,291.822509765625,255.368896484375,2730260
2015-06-26,296.1000061035156,298.5,293.5,297.9075012207031,260.69378662109375,1517260
2015-06-29,291.2749938964844,304.375,291.2749938964844,303.552490234375,265.6335754394531,1641920
2015-06-30,301.1000061035156,319.6000061035156,301.1000061035156,317.6099853515625,277.9352111816406,5053860
2015-07-01,320.0,324.70001220703125,305.79998779296875,307.2225036621094,268.84521484375,3379980
2015-07-02,312.99749755859375,318.75,310.75,312.0799865722656,273.09588623046875,2226580
2015-07-03,315.74749755859375,317.24749755859375,307.54998779296875,308.260009765625,269.7532043457031,1795300
2015-07-06,309.99749755859375,309.99749755859375,303.75,306.0150146484375,267.78851318359375,772420
2015-07-07,309.5,309.5,303.0,304.24249267578125,266.2375183105469,1270540
2015-07-08,303.0,303.010009765625,298.0050048828125,299.7950134277344,262.3456115722656,2180020
2015-07-09,303.75,304.95001220703125,300.04998779296875,301.49749755859375,263.835205078125,1416380
2015-07-10,303.0,303.5,296.302490234375,298.1700134277344,260.9235534667969,1841440
2015-07-13,301.0,301.0,294.75,297.7749938964844,260.5779113769531,1314900
2015-07-14,299.4949951171875,299.70001220703125,296.76251220703125,297.6549987792969,260.47283935546875,814760
2015-07-15,296.0,299.7799987792969,296.0,298.3949890136719,261.120361328125,2028020
2015-07-16,299.49749755859375,302.2749938964844,298.75250244140625,301.2749938964844,263.6406555175781,710740
2015-07-17,301.0,306.25,300.99749755859375,303.92999267578125,265.9640808105469,1057040
2015-07-20,305.24749755859375,306.5899963378906,302.885009765625,303.552490234375,265.6335754394531,399060
2015-07-21,304.99749755859375,305.3924865722656,302.5,303.42498779296875,265.5220642089844,452920
2015-07-22,302.3999938964844,302.3999938964844,298.70001220703125,299.5299987792969,262.1135559082031,524660
2015-07-23,300.0,303.4949951171875,299.9700012207031,303.0199890136719,265.1676330566406,626740
2015-07-24,302.6000061035156,306.2225036621094,300.0,301.69500732421875,264.0081787109375,610640
2015-07-27,305.0,315.3424987792969,301.6499938964844,313.07000732421875,273.9622497558594,2264780
2015-07-28,313.25,315.0,308.45001220703125,309.62249755859375,270.9454040527344,1077740
2015-07-29,310.0,312.7300109863281,304.1199951171875,307.63250732421875,269.2040100097656,1462520
2015-07-30,301.6025085449219,319.5,299.0224914550781,316.55999755859375,277.0162353515625,3539580
2015-07-31,310.5,319.5,310.5,317.8699951171875,278.1626281738281,2239100
2015-08-03,319.25,325.0,311.00250244140625,316.3125,276.7998352050781,2175840
2015-08-04,317.4949951171875,319.17999267578125,316.010009765625,317.5325012207031,277.8672790527344,2115420
2015-08-05,340.0,349.8999938964844,329.510009765625,341.9175109863281,299.2062683105469,7291100
2015-08-06,326.68499755859375,329.79998779296875,322.5,324.30499267578125,283.7937927246094,3465900
2015-08-07,327.3999938964844,328.0,326.2774963378906,327.42999267578125,286.52838134765625,1386780
2015-08-10,327.5,328.364990234375,317.3525085449219,319.4200134277344,279.51904296875,1240620
2015-08-11,323.0174865722656,323.197509765625,315.0,315.86749267578125,276.4103088378906,1024740
2015-08-12,311.25,317.5,300.3525085449219,311.7149963378906,272.7765197753906,2288740
2015-08-13,315.0,326.6499938964844,311.70001220703125,315.86248779296875,276.4059143066406,10121700
2015-08-14,319.8999938964844,319.8999938964844,312.55499267578125,313.44000244140625,274.28607177734375,1277080
2015-08-17,313.44000244140625,313.99749755859375,306.5,306.7699890136719,268.4491882324219,908340
2015-08-18,310.04998779296875,310.3500061035156,307.0,308.2349853515625,269.731201171875,1267800
2015-08-19,310.0,310.0,304.0625,304.93499755859375,266.8434143066406,1183320
2015-08-20,306.24749755859375,309.0,304.2875061035156,307.5450134277344,269.12738037109375,1310820
2015-08-21,303.75,309.75,303.0,304.5375061035156,266.4956359863281,738980
2015-08-24,303.8999938964844,310.4375,299.75,301.79998779296875,264.10003662109375,1571680
2015-08-25,304.74749755859375,311.0400085449219,301.45001220703125,308.1700134277344,269.67431640625,1011360
2015-08-26,308.49749755859375,309.99249267578125,302.5,303.2099914550781,265.33392333984375,1139660
2015-08-27,308.25,308.75,301.5,302.8500061035156,265.01898193359375,719600
2015-08-28,305.0,307.0,302.0,305.2325134277344,267.10382080078125,863400
2015-08-31,304.99749755859375,305.24749755859375,297.5,298.2699890136719,261.0110168457031,1388160
2015-09-01,296.75,301.4224853515625,295.5,300.17999267578125,262.6824035644531,697040
2015-09-02,302.04998779296875,303.3599853515625,295.177490234375,296.5,259.4620666503906,811500
2015-09-03,301.4750061035156,303.7349853515625,292.5,301.7724914550781,264.0759582519531,1035980
2015-09-04,302.5,303.24749755859375,298.0199890136719,299.7799987792969,262.3324279785156,390760
2015-09-07,300.1499938964844,301.5,298.0,300.0675048828125,262.5839538574219,620080
2015-09-08,299.04998779296875,300.2049865722656,294.0,295.1099853515625,258.2458190917969,745780
2015-09-09,296.99749755859375,299.75,296.552490234375,299.3299865722656,261.9386291503906,524680
2015-09-10,300.0,300.74749755859375,298.49749755859375,300.2550048828125,262.7480773925781,458920
2015-09-11,300.04998779296875,303.0,298.05999755859375,300.0625,262.57965087890625,283840
2015-09-14,301.0,303.45001220703125,300.0,302.82501220703125,264.9969787597656,369140
2015-09-15,301.99749755859375,304.5,300.0,301.1000061035156,263.487548828125,427300
2015-09-16,304.3500061035156,306.8999938964844,300.1925048828125,304.8175048828125,266.74066162109375,1040500
2015-09-18,304.8175048828125,313.0,304.8175048828125,311.8349914550781,272.88153076171875,1297880
2015-09-21,312.75,312.75,308.5,308.8399963378906,270.2607116699219,198280
2015-09-22,311.0,315.0,306.25,307.4224853515625,269.0201721191406,506640
2015-09-23,308.94500732421875,317.5174865722656,303.0,310.989990234375,272.1420593261719,628980
2015-09-24,314.3999938964844,314.3999938964844,307.61749267578125,310.6025085449219,271.802978515625,536920
2015-09-28,312.25,313.8999938964844,307.6499938964844,310.9649963378906,272.1202087402344,556260
2015-09-29,309.3999938964844,312.5,305.54998779296875,308.9800109863281,270.3832092285156,483740
2015-09-30,312.5,319.8999938964844,310.6700134277344,318.38250732421875,278.61114501953125,1097420
2015-10-01,318.20001220703125,321.70001220703125,316.1575012207031,321.125,281.0110168457031,606180
2015-10-05,322.5,324.1000061035156,321.29998779296875,323.92999267578125,283.4656066894531,588660
2015-10-06,324.0,325.95001220703125,321.25,324.76251220703125,284.1942138671875,464720
2015-10-07,324.5,324.5,315.7349853515625,316.87750244140625,277.29412841796875,738680
2015-10-08,319.6000061035156,320.95001220703125,317.0174865722656,318.37249755859375,278.6024169921875,179440
2015-10-09,318.3500061035156,322.45001220703125,317.62750244140625,320.8275146484375,280.7506103515625,297500
2015-10-12,320.8500061035156,321.50250244140625,311.5,312.80499267578125,273.7303161621094,481200
2015-10-13,313.3500061035156,315.8800048828125,305.25750732421875,307.5975036621094,269.17333984375,925300
2015-10-14,309.95001220703125,312.3999938964844,305.54998779296875,310.5325012207031,271.7417297363281,312380
2015-10-15,309.75,312.947509765625,307.5249938964844,310.32501220703125,271.5601501464844,482180
2015-10-16,312.5,333.49749755859375,308.5,327.75,286.8085021972656,6347460
2015-10-19,329.8999938964844,330.7200012207031,322.61248779296875,324.6499938964844,284.095703125,1438240
2015-10-20,329.9200134277344,332.42498779296875,325.5249938964844,326.82501220703125,285.9990234375,1463060
2015-10-21,327.25,331.45001220703125,322.0050048828125,323.1650085449219,282.79620361328125,1199100
2015-10-23,327.5,327.5,315.55999755859375,316.4324951171875,276.9046936035156,781340
2015-10-26,317.8999938964844,321.0,314.0,315.81500244140625,276.3642883300781,668320
2015-10-27,319.95001220703125,320.5,317.25,317.7250061035156,278.0357971191406,666520
2015-10-28,318.5,319.00250244140625,315.0,316.8699951171875,277.2876281738281,596880
2015-10-29,316.875,318.5,312.5975036621094,314.5249938964844,275.2354736328125,955500
2015-10-30,311.5,313.1000061035156,307.5,308.69500732421875,270.1338195800781,1020400
2015-11-02,308.0,315.95001220703125,307.5,313.802490234375,274.603271484375,593800
2015-11-03,314.95001220703125,316.0,310.25750732421875,310.88751220703125,272.0524597167969,570000
2015-11-04,312.5,323.70001220703125,310.98748779296875,312.5574951171875,273.51385498046875,3147420
2015-11-05,313.0,314.95001220703125,307.5,308.2825012207031,269.7727966308594,766180
2015-11-06,309.95001220703125,311.74749755859375,307.54998779296875,308.447509765625,269.9170837402344,321000
2015-11-09,306.25,309.99749755859375,304.95001220703125,305.57000732421875,267.399169921875,1033660
2015-11-10,309.5,309.5,302.5,303.614990234375,265.6883544921875,656560
2015-11-13,307.739990234375,309.29998779296875,300.70001220703125,301.7099914550781,264.02130126953125,2315820
2015-11-16,302.5,303.5,298.125,299.322509765625,261.9320068359375,2203940
2015-11-17,300.25,306.8924865722656,297.54998779296875,304.2300109863281,266.2265625,1351420
2015-11-18,305.25,306.7449951171875,303.3999938964844,304.114990234375,266.1258544921875,556000
2015-11-19,305.45001220703125,316.1499938964844,304.25250244140625,314.00750732421875,274.7826232910156,1222960
2015-11-20,313.3999938964844,313.95001220703125,309.0,309.8125,271.11163330078125,398680
2015-11-23,309.95001220703125,311.29998779296875,305.5,307.0799865722656,268.7204895019531,564060
2015-11-24,308.125,308.125,302.5,302.8175048828125,264.99041748046875,660460
2015-11-26,303.69500732421875,307.0,300.29998779296875,301.177490234375,263.5553283691406,1443780
2015-11-27,301.04998779296875,302.1625061035156,295.2774963378906,297.45001220703125,260.2934265136719,2274160
2015-11-30,295.0,298.2074890136719,292.5,293.00250244140625,256.4014892578125,2847620
2015-12-01,292.94500732421875,297.5,292.94500732421875,293.9574890136719,257.2372131347656,1000000
2015-12-02,294.260009765625,296.0,291.7449951171875,293.4049987792969,256.7537841796875,1196540
2015-12-03,293.0,293.0,291.0,291.7950134277344,255.34487915039062,1324400
2015-12-04,291.79998779296875,295.3500061035156,290.25750732421875,292.8525085449219,256.27020263671875,824360
2015-12-07,294.8999938964844,295.5,290.989990234375,294.67999267578125,257.86944580078125,351900
2015-12-08,294.6499938964844,294.9849853515625,291.0,291.2674865722656,254.88330078125,1008160
2015-12-09,291.3550109863281,292.45001220703125,287.62750244140625,287.9849853515625,252.0107879638672,2401160
2015-12-10,288.0,291.0,287.5,288.5325012207031,252.4899139404297,571580
2015-12-11,288.5325012207031,296.5,288.25,295.4125061035156,259.22918701171875,1069040
2015-12-14,295.4949951171875,295.4949951171875,289.12249755859375,293.98748779296875,257.9787902832031,554860
2015-12-15,295.3500061035156,295.5,290.6524963378906,291.92999267578125,256.1732177734375,690380
2015-12-16,294.45001220703125,295.75,291.04998779296875,291.4200134277344,255.7257843017578,628300
2015-12-17,291.6000061035156,295.99749755859375,291.0400085449219,294.1675109863281,258.13671875,558220
2015-12-18,294.8500061035156,294.8500061035156,281.5,283.6499938964844,248.90745544433594,1229140
2015-12-21,285.75,286.6000061035156,283.260009765625,283.7174987792969,248.96665954589844,560320
2015-12-22,285.2449951171875,287.45001220703125,284.0,286.5,251.4082794189453,382600
2015-12-23,288.25,289.70001220703125,286.5,288.8999938964844,253.51438903808594,245060
2015-12-24,288.75,289.8999938964844,286.25,288.7950134277344,253.4221954345703,280860
2015-12-28,288.79998779296875,292.5325012207031,287.5,290.2325134277344,254.68365478515625,445720
2015-12-29,291.45001220703125,292.75,289.75250244140625,291.9599914550781,256.1994934082031,283200
2015-12-30,292.5,293.0,289.5050048828125,291.99249267578125,256.2281799316406,385100
2015-12-31,293.13250732421875,293.50250244140625,290.17498779296875,291.3999938964844,255.70816040039062,384200
2016-01-01,291.00250244140625,292.5,288.75,289.25750732421875,253.82809448242188,241700
2016-01-04,290.70001220703125,291.3500061035156,282.6000061035156,283.489990234375,248.76702880859375,708520
2016-01-05,286.95001220703125,286.95001220703125,282.5,283.1199951171875,248.44232177734375,542240
2016-01-06,283.30499267578125,286.4775085449219,282.75,285.9750061035156,250.94764709472656,1107440
2016-01-07,286.49749755859375,286.49749755859375,281.07000732421875,281.947509765625,247.4134521484375,444400
2016-01-08,284.5,284.54998779296875,280.75,281.62750244140625,247.13265991210938,889300
2016-01-11,281.25,281.25,271.7774963378906,273.4624938964844,239.9677276611328,1001200
2016-01-12,275.75,275.75,270.4075012207031,271.99249267578125,238.67776489257812,1129300
2016-01-13,273.25,276.5,270.0199890136719,275.0574951171875,241.36734008789062,1237480
2016-01-14,273.0,281.510009765625,271.6000061035156,280.8074951171875,246.4130096435547,696600
2016-01-15,280.0,281.5,278.6025085449219,279.885009765625,245.60354614257812,540340
2016-01-18,279.885009765625,280.0,270.0,271.79998779296875,238.50885009765625,428280
2016-01-19,272.24749755859375,274.70001220703125,269.5,271.44000244140625,238.19296264648438,426940
2016-01-20,270.8900146484375,276.25,268.75,274.2799987792969,240.68515014648438,293700
2016-01-21,273.0,274.6000061035156,270.2300109863281,271.49249267578125,238.2389678955078,1582880
2016-01-22,274.5,275.6199951171875,271.5824890136719,272.3800048828125,239.0177764892578,497680
2016-01-25,273.0,275.6000061035156,272.3999938964844,273.0675048828125,239.6211700439453,528340
2016-01-27,274.7275085449219,274.7275085449219,272.55499267578125,274.385009765625,240.7772674560547,1190880
2016-01-28,274.0,274.5,272.5,273.447509765625,239.95462036132812,805740
2016-01-29,274.447509765625,275.0,273.45001220703125,274.3999938964844,240.79042053222656,1002360
2016-02-01,278.75,278.75,271.0425109863281,272.447509765625,239.07711791992188,386360
2016-02-02,274.0,275.19500732421875,271.0,272.86749267578125,239.44570922851562,833640
2016-02-03,272.86749267578125,272.86749267578125,270.0,270.4175109863281,237.29566955566406,638780
2016-02-04,271.25,274.6474914550781,271.25,274.2650146484375,240.67196655273438,388780
2016-02-05,273.5,277.5,269.25,271.07501220703125,237.87265014648438,617660
2016-02-08,273.49749755859375,274.5,270.0975036621094,270.6499938964844,237.4996795654297,429480
2016-02-09,272.20001220703125,272.99249267578125,269.5625,270.9624938964844,237.7739715576172,499880
2016-02-10,271.95001220703125,272.45001220703125,263.9700012207031,264.8800048828125,232.4364776611328,936840
2016-02-11,266.197509765625,266.197509765625,259.5,260.8525085449219,228.9022674560547,1166260
2016-02-12,261.5,263.4324951171875,250.05250549316406,252.80250549316406,221.83827209472656,748780
2016-02-15,252.89999389648438,257.45001220703125,250.99749755859375,252.8874969482422,221.91282653808594,1325440
2016-02-16,255.75,255.75,251.5,252.49000549316406,221.5640869140625,996220
2016-02-17,254.5,255.0,251.6999969482422,253.63499450683594,222.56881713867188,1445600
2016-02-18,254.75,260.25,253.0,259.1424865722656,227.4016876220703,532660
2016-02-19,260.3475036621094,262.0,258.7550048828125,260.4849853515625,228.57974243164062,258780
2016-02-22,260.3999938964844,264.8999938964844,258.1075134277344,263.9674987792969,231.63571166992188,1705860
2016-02-23,265.49749755859375,265.49749755859375,259.0,259.61248779296875,227.81411743164062,427740
2016-02-24,259.25,260.2449951171875,256.75,259.9700012207031,228.12786865234375,236860
2016-02-25,259.9700012207031,260.0,254.54750061035156,257.1449890136719,225.6488800048828,627760
2016-02-26,259.5,259.5,255.0500030517578,255.55999755859375,224.25802612304688,720220
2016-02-29,257.2449951171875,257.2449951171875,249.0500030517578,250.39999389648438,219.7300262451172,1058840
2016-03-01,252.5,255.8625030517578,250.02749633789062,252.6125030517578,221.6715087890625,830600
2016-03-02,254.0,255.25,252.25,253.91000366210938,222.81011962890625,582760
2016-03-03,255.5,262.1499938964844,254.0,260.88751220703125,228.93301391601562,662200
2016-03-04,260.8999938964844,266.25250244140625,258.29998779296875,264.26251220703125,231.89462280273438,525820
2016-03-08,265.0,271.45001220703125,263.80499267578125,266.0400085449219,233.45433044433594,1070940
2016-03-09,263.7650146484375,265.37249755859375,259.1000061035156,260.489990234375,228.58412170410156,942460
2016-03-10,261.1499938964844,262.0824890136719,255.3175048828125,258.8900146484375,227.1801300048828,1274220
2016-03-11,259.49749755859375,262.4949951171875,255.0,258.1575012207031,226.53738403320312,706240
2016-03-14,258.6499938964844,258.6499938964844,254.5,255.15499877929688,223.9026336669922,1224260
2016-03-15,255.8699951171875,255.8699951171875,252.0399932861328,252.6875,221.73731994628906,1988260
2016-03-16,252.7449951171875,252.99749755859375,250.25,250.58749389648438,219.8946075439453,1837000
2016-03-17,252.0,255.73500061035156,251.50250244140625,254.84249877929688,223.62835693359375,699580
2016-03-18,254.86500549316406,263.0,252.14999389648438,259.3125,227.5509033203125,1033920
2016-03-21,260.0,262.5,260.0,261.5775146484375,229.53843688964844,1056680
2016-03-22,262.5,267.45001220703125,257.75,263.0174865722656,230.8020782470703,923840
2016-03-23,265.55499267578125,267.0,260.5,262.6575012207031,230.48617553710938,2155840
2016-03-28,264.95001220703125,268.75,264.12750244140625,267.67498779296875,234.8890380859375,1393220
2016-03-29,267.0,269.5,265.5,266.7950134277344,234.1168975830078,312800
2016-03-30,267.739990234375,275.0824890136719,267.739990234375,273.989990234375,240.43064880371094,956320
2016-03-31,272.25250244140625,292.45001220703125,270.0,287.86749267578125,252.6083221435547,1443420
2016-04-01,284.5,287.45001220703125,277.9024963378906,281.9100036621094,247.38052368164062,747860
2016-04-04,281.5,286.24749755859375,280.3500061035156,284.177490234375,249.3702850341797,433880
2016-04-05,281.6000061035156,288.8500061035156,281.6000061035156,286.947509765625,251.80099487304688,624620
2016-04-06,286.8999938964844,287.4525146484375,285.20001220703125,286.2074890136719,251.1516876220703,613920
2016-04-07,289.9725036621094,297.50250244140625,287.3999938964844,294.427490234375,258.3648376464844,789320
2016-04-08,296.24749755859375,300.29998779296875,292.54998779296875,298.7825012207031,262.1864318847656,442660
2016-04-11,299.0,300.447509765625,292.7699890136719,293.5375061035156,257.5838623046875,503600
2016-04-12,304.95001220703125,309.25250244140625,302.5274963378906,307.3900146484375,269.73968505859375,1256020
2016-04-13,307.8500061035156,308.75,301.05499267578125,305.82501220703125,268.3663024902344,657960
2016-04-18,306.0,312.3374938964844,302.8500061035156,306.7300109863281,269.1604919433594,948980
2016-04-20,309.0,309.79998779296875,300.1000061035156,301.79998779296875,264.8343811035156,873300
2016-04-21,301.79998779296875,302.5,297.3500061035156,298.3424987792969,261.8003234863281,1516880
2016-04-22,298.0,301.9800109863281,298.0,298.48748779296875,261.9276123046875,311320
2016-04-25,298.5,301.25750732421875,292.5,294.0824890136719,258.0621032714844,1201780
2016-04-26,294.7300109863281,294.9949951171875,290.25,291.5325012207031,255.82444763183594,1414640
2016-04-27,291.5325012207031,298.25250244140625,290.1300048828125,294.2925109863281,258.24639892578125,366180
2016-04-28,293.8999938964844,297.7449951171875,287.75,295.4024963378906,259.2204284667969,797020
2016-04-29,296.5,296.5,285.1524963378906,286.2724914550781,251.2086944580078,689380
2016-05-02,286.99749755859375,290.0,285.61749267578125,287.7124938964844,252.47230529785156,406100
2016-05-03,288.49749755859375,289.70001220703125,278.75,279.5799865722656,245.3358917236328,685260
2016-05-04,279.6050109863281,282.4700012207031,275.614990234375,277.11248779296875,243.17068481445312,476940
2016-05-05,277.54998779296875,278.49749755859375,275.0050048828125,277.0425109863281,243.10926818847656,496380
2016-05-06,277.25,282.0,276.55999755859375,280.5450134277344,246.18275451660156,1037020
2016-05-09,280.5450134277344,284.20001220703125,274.1025085449219,275.4775085449219,241.73587036132812,713080
2016-05-10,276.0675048828125,278.0299987792969,275.2925109863281,276.0199890136719,242.2120361328125,1198900
2016-05-11,276.0,280.802490234375,274.80999755859375,280.0824890136719,245.77687072753906,356060
2016-05-12,281.20001220703125,286.54998779296875,280.6524963378906,285.5150146484375,250.54397583007812,517820
2016-05-13,284.75250244140625,308.0,284.54998779296875,306.0824890136719,268.59228515625,3927540
2016-05-16,305.0,317.3999938964844,300.20001220703125,314.2225036621094,275.7352600097656,1592200
2016-05-17,314.0,314.25,307.6000061035156,310.9800109863281,272.889892578125,1489960
2016-05-18,308.0199890136719,311.7449951171875,306.13250732421875,310.00750732421875,273.37713623046875,396760
2016-05-19,309.5050048828125,310.0,303.0,304.6000061035156,268.6085510253906,341020
2016-05-20,304.95001220703125,308.50250244140625,294.2974853515625,300.2850036621094,264.803466796875,810560
2016-05-23,300.1499938964844,302.44000244140625,296.6499938964844,298.3275146484375,263.0773010253906,351080
2016-05-24,299.8924865722656,304.24249267578125,297.7049865722656,300.19500732421875,264.7241516113281,1181020
2016-05-25,300.49749755859375,308.4549865722656,300.302490234375,307.2925109863281,270.9830017089844,579180
2016-05-26,290.0,309.8500061035156,290.0,307.1000061035156,270.81317138671875,665060
2016-05-27,306.75,312.0,306.00250244140625,308.697509765625,272.2218933105469,644220
2016-05-30,309.0,317.95001220703125,308.70001220703125,315.3974914550781,278.1302795410156,685160
2016-05-31,314.0,317.74249267578125,300.1000061035156,304.86749267578125,268.84454345703125,1517200
2016-06-01,305.79998779296875,322.45001220703125,305.4525146484375,319.5400085449219,281.7832946777344,1275820
2016-06-02,317.44500732421875,319.5050048828125,312.79998779296875,315.1025085449219,277.8700866699219,1455480
2016-06-03,318.75,318.75,313.25,315.260009765625,278.009033203125,706740
2016-06-06,313.7650146484375,335.25,307.8074951171875,323.9700012207031,285.6897888183594,1519780
2016-06-07,326.0,334.95001220703125,318.7049865722656,322.51251220703125,284.40460205078125,1283140
2016-06-08,323.69500732421875,327.0824890136719,319.05499267578125,324.0450134277344,285.7560119628906,528240
2016-06-09,323.79998779296875,327.25,320.0,321.552490234375,283.55804443359375,324480
2016-06-10,322.6650085449219,330.0,321.6499938964844,327.2074890136719,288.5447692871094,548620
2016-06-13,323.75,329.45001220703125,322.7174987792969,326.8999938964844,288.273681640625,570600
2016-06-14,326.25,329.95001220703125,326.25,329.4525146484375,290.5245056152344,356920
2016-06-15,328.5,329.5950012207031,322.8074951171875,324.6050109863281,286.2499084472656,626900
2016-06-16,324.6000061035156,327.75,323.5,324.5375061035156,286.1902770996094,661660
2016-06-17,325.0,327.5,321.9024963378906,323.2099914550781,285.01971435546875,443940
2016-06-20,322.20001220703125,329.95001220703125,322.1549987792969,327.4075012207031,288.72119140625,588400
2016-06-21,328.1000061035156,329.9725036621094,324.114990234375,326.8699951171875,288.2471008300781,364320
2016-06-22,327.0,327.75,322.5,324.4775085449219,286.1374816894531,400040
2016-06-23,325.6499938964844,326.6499938964844,320.04998779296875,321.5874938964844,283.5888366699219,523420
2016-06-24,315.3125,326.3299865722656,310.0,324.82501220703125,286.4438171386719,422180
2016-06-27,320.0,326.7250061035156,320.0,322.3900146484375,284.29656982421875,342340
2016-06-28,322.45001220703125,325.2974853515625,322.45001220703125,324.69000244140625,286.3247985839844,836400
2016-06-29,324.20001220703125,325.0,321.11749267578125,322.2275085449219,284.1533203125,248480
2016-06-30,322.2200012207031,327.25,322.2200012207031,324.61749267578125,286.2608337402344,2508280
2016-07-01,325.7449951171875,327.0,322.8074951171875,325.4849853515625,287.0259094238281,442380
2016-07-04,324.95001220703125,328.0,324.82501220703125,326.3999938964844,287.8327331542969,300540
2016-07-05,325.1000061035156,327.4849853515625,325.1000061035156,326.6449890136719,288.048828125,407180
2016-07-07,325.5,327.5,324.0,325.56500244140625,287.09637451171875,239980
2016-07-08,325.5,326.98748779296875,319.5,320.6075134277344,282.72467041015625,757500
2016-07-11,322.4750061035156,325.302490234375,320.8399963378906,324.3599853515625,286.03375244140625,876800
2016-07-12,324.3500061035156,324.8999938964844,321.04998779296875,321.36248779296875,283.3904724121094,657280
2016-07-13,322.74749755859375,329.6400146484375,322.70001220703125,329.05999755859375,290.17840576171875,1661720
2016-07-14,328.75250244140625,329.5,326.5,328.3500061035156,289.5522766113281,475280
2016-07-15,328.75,333.3299865722656,328.0474853515625,331.6474914550781,292.4601745605469,897500
2016-07-18,331.6499938964844,333.2449951171875,328.0,330.9324951171875,291.8296203613281,788340
2016-07-19,330.5574951171875,334.50250244140625,328.54998779296875,332.135009765625,292.8900451660156,912220
2016-07-20,331.25,334.75,331.25,333.7149963378906,294.28338623046875,742300
2016-07-21,333.70001220703125,344.9849853515625,333.70001220703125,343.385009765625,302.81072998046875,675900
2016-07-22,343.8525085449219,356.70001220703125,343.8525085449219,353.9175109863281,312.0987854003906,1426900
2016-07-25,353.5,358.49749755859375,349.54998779296875,356.32501220703125,314.2218322753906,619000
2016-07-26,355.9949951171875,360.4949951171875,353.25,358.2074890136719,315.8818664550781,493980
2016-07-27,357.04998779296875,358.010009765625,352.2025146484375,353.8175048828125,312.0106201171875,542400
2016-07-28,354.99749755859375,365.0,354.11248779296875,361.864990234375,319.1072082519531,1175420
2016-07-29,363.20001220703125,368.45001220703125,350.5574951171875,359.4175109863281,316.94891357421875,1161800
2016-08-01,358.6000061035156,360.75750732421875,343.7925109863281,347.5975036621094,306.5254821777344,1521700
2016-08-02,347.75,352.9949951171875,340.5,341.67498779296875,301.3028564453125,671880
2016-08-03,341.3999938964844,348.95001220703125,337.1000061035156,338.8324890136719,298.7962646484375,412200
2016-08-04,339.5,344.5150146484375,337.5,340.260009765625,300.05499267578125,330980
2016-08-05,342.0,344.6000061035156,341.0,341.9024963378906,302.0360412597656,433780
2016-08-08,344.54998779296875,345.25,339.0,342.7449951171875,302.78033447265625,544220
2016-08-09,343.29998779296875,345.75,340.0,344.614990234375,304.4322814941406,357120
2016-08-10,344.70001220703125,347.54998779296875,340.5,342.2349853515625,302.3298034667969,375040
2016-08-11,342.5,343.75,339.5,342.4525146484375,302.52197265625,338520
2016-08-12,344.1000061035156,348.75,341.5,344.739990234375,304.5426940917969,517600
2016-08-16,344.5,344.5,335.6099853515625,337.4624938964844,298.1137390136719,544800
2016-08-17,339.44500732421875,340.5,333.5,334.7225036621094,295.69329833984375,573340
2016-08-18,337.25,338.4800109863281,333.0,334.8500061035156,295.805908203125,276060
2016-08-19,335.0,337.989990234375,335.0,336.36749267578125,297.1463928222656,142900
2016-08-22,336.25,340.3999938964844,335.57000732421875,339.2674865722656,299.7083435058594,629140
2016-08-23,341.5,342.42999267578125,339.5,340.5450134277344,300.83685302734375,575460
2016-08-24,340.75,343.1499938964844,337.25250244140625,340.9100036621094,301.15924072265625,645800
2016-08-25,340.95001220703125,342.5,340.44500732421875,341.49249267578125,301.6738586425781,528900
2016-08-26,342.3999938964844,343.01251220703125,340.4849853515625,341.5625,301.7357177734375,399400
2016-08-29,342.45001220703125,342.45001220703125,336.072509765625,337.57000732421875,298.208740234375,842140
2016-08-30,337.5,338.8125,332.75,334.37750244140625,295.3884582519531,408820
2016-08-31,334.3999938964844,336.25,323.5,326.2774963378906,288.23297119140625,1245320
2016-09-01,326.25,331.25,323.0150146484375,324.4324951171875,286.6031494140625,521160
2016-09-02,326.3999938964844,326.3999938964844,321.25,321.9825134277344,284.438720703125,287580
2016-09-06,323.8999938964844,329.5,322.3475036621094,328.25750732421875,289.98211669921875,615900
2016-09-07,329.04998779296875,330.0,321.8500061035156,323.0899963378906,285.4171142578125,1067060
2016-09-08,322.5,324.8999938964844,320.6499938964844,321.5899963378906,284.0920715332031,314400
2016-09-09,321.75,326.95001220703125,320.0,325.3949890136719,287.4533386230469,516400
2016-09-12,324.75,324.75,320.0,321.55999755859375,284.0655212402344,342700
2016-09-14,322.3900146484375,325.04998779296875,310.0,317.2225036621094,280.2337951660156,1052840
2016-09-15,314.5,317.9375,312.2950134277344,315.07000732421875,278.3323059082031,1672020
2016-09-16,316.5,323.3974914550781,315.3999938964844,320.3500061035156,282.9966125488281,877440
2016-09-19,320.3500061035156,322.5,315.04998779296875,316.87249755859375,279.9246520996094,1058260
2016-09-20,317.45001220703125,318.80499267578125,316.17498779296875,316.99749755859375,280.0350036621094,430520
2016-09-21,318.5,318.5,313.5,315.6524963378906,278.8468933105469,628940
2016-09-22,317.6650085449219,325.8999938964844,315.6499938964844,322.5150146484375,284.9091796875,684260
2016-09-23,325.25,326.8500061035156,320.125,324.7300109863281,286.86590576171875,1068960
2016-09-26,325.45001220703125,326.25,320.04998779296875,325.2124938964844,287.2921142578125,491040
2016-09-27,324.95001220703125,325.5,320.6050109863281,324.4125061035156,286.5854187011719,472420
2016-09-28,324.54998779296875,325.3125,321.2275085449219,322.62750244140625,285.00848388671875,380440
2016-09-29,323.5,326.25,311.2699890136719,317.6600036621094,280.62030029296875,691660
2016-09-30,317.6600036621094,325.0,315.7950134277344,321.6424865722656,284.1383361816406,1297960
2016-10-03,321.6449890136719,332.5,321.6449890136719,331.0950012207031,292.4887390136719,615360
2016-10-04,332.5,335.0,329.7049865722656,334.0474853515625,295.0968933105469,484380
2016-10-05,334.25,340.0,330.7049865722656,338.7774963378906,299.27545166015625,342160
2016-10-06,338.75,340.7449951171875,333.4024963378906,336.177490234375,296.97857666015625,263820
2016-10-07,337.29998779296875,337.29998779296875,332.7699890136719,336.3924865722656,297.16851806640625,128280
2016-10-10,335.1000061035156,339.25,330.1499938964844,331.6300048828125,292.9613037109375,153640
2016-10-13,331.5,332.45001220703125,326.25,327.1449890136719,288.999267578125,481120
2016-10-14,327.1449890136719,346.25,326.6025085449219,343.86248779296875,303.7674865722656,815860
2016-10-17,341.57000732421875,342.25,334.9825134277344,337.9049987792969,298.50469970703125,263280
2016-10-18,339.9375,345.0,332.54998779296875,343.69500732421875,303.61956787109375,504360
2016-10-19,340.0299987792969,342.95001220703125,338.0,339.62750244140625,300.02630615234375,480260
2016-10-20,340.2250061035156,346.0,336.94500732421875,342.1400146484375,302.24591064453125,956020
2016-10-21,341.5,344.75,339.0450134277344,343.4549865722656,303.40753173828125,234060
2016-10-24,342.3999938964844,345.0,340.6075134277344,342.6675109863281,302.7119140625,184700
2016-10-25,341.25,343.2900085449219,338.8500061035156,339.697509765625,300.088134765625,1555040
2016-10-26,337.95001220703125,341.99749755859375,337.0,341.2699890136719,301.4773254394531,833560
2016-10-27,341.9949951171875,349.8599853515625,338.0,346.8475036621094,306.4045104980469,338800
2016-10-28,346.8500061035156,350.0,342.5425109863281,349.2875061035156,308.55999755859375,491900
2016-11-01,346.25,348.0375061035156,335.31500244140625,339.7174987792969,300.1058044433594,664260
2016-11-02,339.5,339.5,333.50250244140625,337.9574890136719,298.55108642578125,361340
2016-11-03,337.00250244140625,339.75,333.29998779296875,335.88751220703125,296.7223205566406,337320
2016-11-04,335.8900146484375,338.79998779296875,330.8999938964844,332.7025146484375,293.9087829589844,354340
2016-11-07,333.0050048828125,337.5,317.75,322.9024963378906,285.25146484375,471160
2016-11-08,323.1000061035156,325.447509765625,320.5,322.5849914550781,284.9710388183594,257060
2016-11-09,306.95001220703125,322.9949951171875,282.802490234375,319.3949890136719,282.1529846191406,807420
2016-11-10,322.5,327.1650085449219,320.04998779296875,321.0050048828125,283.5752868652344,393880
2016-11-11,324.3999938964844,324.3999938964844,308.1499938964844,312.76251220703125,276.2938232421875,885140
2016-11-15,313.0,314.7449951171875,295.5775146484375,297.88250732421875,263.14886474609375,2123260
2016-11-16,299.95001220703125,304.00250244140625,297.5,298.2799987792969,263.4999694824219,3487720
2016-11-17,301.45001220703125,301.45001220703125,296.6499938964844,297.8999938964844,263.1643371582031,1224200
2016-11-18,298.0,299.0,292.54998779296875,294.0849914550781,259.7940673828125,1223680
2016-11-21,294.75,297.3500061035156,291.5,293.4024963378906,259.19122314453125,577560
2016-11-22,294.9800109863281,297.0249938964844,292.5,294.697509765625,260.3352966308594,1229640
2016-11-23,294.70001220703125,300.0,293.5,295.7925109863281,261.3025817871094,2687520
2016-11-24,293.375,312.6025085449219,293.375,306.1724853515625,270.4721984863281,541740
2016-11-25,306.1724853515625,310.0,305.6099853515625,307.9624938964844,272.0534973144531,1269500
2016-11-28,307.9125061035156,315.5,306.20001220703125,314.44500732421875,277.78009033203125,290800
2016-11-29,315.0,325.989990234375,311.3125,314.45001220703125,277.78466796875,1588580
2016-11-30,314.5,320.0,312.6000061035156,314.4849853515625,277.8154602050781,877460
2016-12-01,312.1499938964844,316.2974853515625,310.6300048828125,314.2025146484375,277.56585693359375,786900
2016-12-02,313.6000061035156,313.6000061035156,310.5675048828125,311.5474853515625,275.220458984375,1260320
2016-12-05,313.75,318.2699890136719,306.25,311.45001220703125,275.13433837890625,422960
2016-12-06,312.2250061035156,314.989990234375,309.5375061035156,313.2950134277344,276.7643127441406,472500
2016-12-07,313.94000244140625,316.79998779296875,312.25,314.0975036621094,277.4731140136719,321820
2016-12-08,314.25,318.75,314.05499267578125,316.5350036621094,279.6263732910156,385040
2016-12-09,316.5,319.635009765625,313.25,317.61749267578125,281.29364013671875,312380
2016-12-12,315.31500244140625,316.6424865722656,313.20001220703125,315.68499755859375,279.5821533203125,162240
2016-12-13,316.54998779296875,316.9949951171875,315.0,316.4775085449219,280.2840270996094,583800
2016-12-14,316.6700134277344,317.79998779296875,309.5,311.75750732421875,276.10382080078125,401840
2016-12-15,310.0,313.5474853515625,306.7025146484375,308.8374938964844,273.5177917480469,473060
2016-12-16,311.1650085449219,311.3475036621094,295.6025085449219,305.760009765625,270.7922058105469,995180
2016-12-19,306.95001220703125,306.95001220703125,298.75,301.5375061035156,267.0526123046875,564960
2016-12-20,302.5,303.70001220703125,295.0,295.8974914550781,262.0576477050781,394320
2016-12-21,295.79998779296875,297.4775085449219,291.0,292.322509765625,258.8914794921875,1062800
2016-12-22,292.45001220703125,292.45001220703125,287.5,288.3924865722656,255.41094970703125,937820
2016-12-23,288.0,296.75250244140625,287.29998779296875,290.17999267578125,256.9939880371094,1066260
2016-12-26,290.5,292.79998779296875,287.5,291.8999938964844,258.51727294921875,164060
2016-12-27,291.75,295.697509765625,289.95001220703125,293.87750244140625,260.2687072753906,503100
2016-12-28,293.49749755859375,296.55499267578125,292.0150146484375,294.88250732421875,261.15875244140625,730220
2016-12-29,293.25,301.49749755859375,293.25,298.7149963378906,264.55291748046875,726740
2016-12-30,297.99749755859375,302.4200134277344,295.1025085449219,301.4175109863281,266.94635009765625,333160
2017-01-02,301.5,304.052490234375,296.99749755859375,298.7200012207031,264.55743408203125,327520
2017-01-03,298.7550048828125,303.49749755859375,298.7550048828125,301.3699951171875,266.904296875,279920
2017-01-04,302.0,302.49249267578125,292.54998779296875,294.50750732421875,260.82666015625,883680
2017-01-05,296.9949951171875,298.25,291.50250244140625,296.0899963378906,262.2281188964844,999660
2017-01-06,295.8074951171875,297.95001220703125,294.5,296.49249267578125,262.58465576171875,218580
2017-01-09,298.0,299.0,294.54998779296875,295.5425109863281,261.74322509765625,104620
2017-01-10,297.0,297.25,292.8074951171875,295.2875061035156,261.5173645019531,268440
2017-01-11,295.6050109863281,297.0,293.8500061035156,295.739990234375,261.91815185546875,522720
2017-01-12,295.0,296.75,291.6499938964844,292.75,259.2701416015625,1000620
2017-01-13,293.8500061035156,295.75,292.95001220703125,294.9649963378906,261.2318115234375,412580
2017-01-16,295.50250244140625,295.75,293.5450134277344,294.1724853515625,260.5298767089844,100180
2017-01-17,294.1474914550781,295.7250061035156,292.552490234375,294.7900085449219,261.076904296875,206080
2017-01-18,294.25750732421875,297.5,293.6000061035156,295.9125061035156,262.07098388671875,883100
2017-01-19,295.9125061035156,296.95001220703125,294.29998779296875,295.572509765625,261.7698059082031,630120
2017-01-20,295.25,295.5050048828125,293.54998779296875,294.989990234375,261.25390625,4585220
2017-01-23,292.7025146484375,297.00250244140625,292.7025146484375,296.2025146484375,262.3277893066406,397240
2017-01-24,295.760009765625,299.95001220703125,294.0824890136719,297.88751220703125,263.820068359375,370280
2017-01-25,298.99749755859375,299.6499938964844,296.0,298.2974853515625,264.1831359863281,1521500
2017-01-27,298.75,300.25,292.54998779296875,295.7099914550781,261.8916320800781,718140
2017-01-30,298.30999755859375,298.75,294.0,294.9750061035156,261.24072265625,839700
2017-01-31,294.1000061035156,296.0,291.3999938964844,292.5924987792969,259.130615234375,4553860
2017-02-01,294.8999938964844,296.75,291.73748779296875,295.62249755859375,261.8140563964844,370180
2017-02-02,296.70001220703125,301.5,294.25,299.7149963378906,265.4385681152344,572820
2017-02-03,299.989990234375,307.25,298.54998779296875,304.42498779296875,269.60980224609375,513780
2017-02-06,304.25,317.29998779296875,304.25,315.2749938964844,279.21905517578125,602260
2017-02-07,315.0,317.5,303.75,306.4125061035156,271.3701171875,705680
2017-02-08,309.74749755859375,310.5,307.0,309.6549987792969,274.2417907714844,687160
2017-02-09,306.8999938964844,311.0,306.8999938964844,309.8349914550781,274.4011535644531,1090260
2017-02-10,309.75,310.0,304.5299987792969,308.9100036621094,273.58197021484375,713560
2017-02-13,308.00250244140625,310.5,308.00250244140625,310.00750732421875,274.553955078125,1312000
2017-02-14,310.00250244140625,310.25,305.75250244140625,309.6549987792969,274.2417907714844,327860
2017-02-15,309.6549987792969,313.7674865722656,307.05499267578125,308.4674987792969,273.1900939941406,404360
2017-02-16,304.8999938964844,312.5,298.11749267578125,310.3900146484375,274.89276123046875,1329920
2017-02-17,310.04998779296875,313.3500061035156,306.25,312.0249938964844,276.3407897949219,629700
2017-02-20,307.75,314.5,307.75,314.2049865722656,278.2713928222656,778240
2017-02-21,313.95001220703125,322.5,311.05999755859375,318.82501220703125,282.363037109375,918260
2017-02-22,320.0,321.5,316.67498779296875,319.8900146484375,283.3063049316406,307640
2017-02-23,318.75250244140625,320.75,315.3299865722656,319.0924987792969,282.5999755859375,300680
2017-02-27,319.94500732421875,321.0,315.5,316.9849853515625,280.7334899902344,285640
2017-02-28,317.1700134277344,319.73748779296875,311.5,312.7124938964844,276.9495544433594,651900
2017-03-01,311.75750732421875,316.20001220703125,311.6499938964844,312.5199890136719,276.77911376953125,190440
2017-03-02,313.0,315.0,307.3999938964844,309.8800048828125,274.4410400390625,510000
2017-03-03,309.50750732421875,311.75,308.2149963378906,309.4775085449219,274.0845642089844,631160
2017-03-06,308.2550048828125,315.0,308.2550048828125,313.635009765625,277.7666931152344,199600
2017-03-07,313.7550048828125,319.2074890136719,309.5,315.9525146484375,279.81903076171875,1713360
2017-03-08,315.3074951171875,318.6050109863281,313.1424865722656,317.32000732421875,281.0301818847656,251720
2017-03-09,318.25,318.25,309.0,310.5400085449219,275.0255432128906,494640
2017-03-10,313.4949951171875,313.4949951171875,305.5,306.5874938964844,271.5250244140625,399760
2017-03-14,312.3999938964844,312.3999938964844,304.55999755859375,305.9700012207031,270.97821044921875,570700
2017-03-15,307.5,308.0474853515625,304.45001220703125,305.24749755859375,270.3383483886719,933540
2017-03-16,307.25,308.0,305.0,307.5199890136719,272.3509521484375,886500
2017-03-17,307.75250244140625,312.45001220703125,307.25,311.1050109863281,275.5259094238281,1026000
2017-03-20,312.45001220703125,315.0,310.5,314.8399963378906,278.8338317871094,652220
2017-03-21,315.0,317.2974853515625,312.75,316.760009765625,280.53411865234375,671260
2017-03-22,315.04998779296875,317.8299865722656,312.7449951171875,317.0799865722656,280.8175964355469,615420
2017-03-23,315.79998779296875,317.625,314.05999755859375,316.9100036621094,280.6669921875,1014060
2017-03-24,316.3450012207031,319.0,313.9725036621094,317.62750244140625,281.3025207519531,455440
2017-03-27,319.1499938964844,324.95001220703125,315.54998779296875,323.1675109863281,286.2090148925781,379140
2017-03-28,323.1675109863281,327.0,320.1199951171875,325.07501220703125,287.8983154296875,396420
2017-03-29,325.5,326.25,321.0,324.6600036621094,287.53082275390625,1284320
2017-03-30,324.6600036621094,331.9674987792969,323.24749755859375,330.260009765625,292.4903564453125,1274600
2017-03-31,330.0,336.0,327.875,334.0325012207031,295.8313293457031,836860
2017-04-03,330.6025085449219,333.29998779296875,328.0174865722656,328.927490234375,291.31024169921875,230200
2017-04-05,327.54998779296875,332.5,327.54998779296875,331.4024963378906,293.5020751953125,456900
2017-04-06,330.0,332.5,329.79998779296875,330.8399963378906,293.00396728515625,497420
2017-04-07,330.29998779296875,332.20001220703125,329.70001220703125,330.9849853515625,293.1323547363281,489800
2017-04-10,331.20001220703125,332.70001220703125,326.8599853515625,331.42498779296875,293.5220031738281,485360
2017-04-11,331.42498779296875,331.427490234375,326.88250732421875,327.9624938964844,290.45550537109375,319300
2017-04-12,328.697509765625,330.0,320.75,325.93499755859375,288.6599426269531,543320
2017-04-13,328.0,328.0,320.1549987792969,321.9125061035156,285.0974426269531,458460
2017-04-17,324.45001220703125,324.45001220703125,315.0,315.6025085449219,279.50909423828125,368420
2017-04-18,316.29998779296875,318.54998779296875,315.61248779296875,316.8900146484375,280.6493225097656,734660
2017-04-19,315.75,317.20001220703125,314.0,314.927490234375,278.9112854003906,285160
2017-04-20,318.5050048828125,319.447509765625,315.0,316.98748779296875,280.7356872558594,294180
2017-04-21,317.5,318.54998779296875,315.1499938964844,317.68499755859375,281.35345458984375,239840
2017-04-24,317.68499755859375,317.7875061035156,313.38751220703125,314.3900146484375,278.43524169921875,455840
2017-04-25,315.0,318.20001220703125,314.5,316.1549987792969,279.99835205078125,877520
2017-04-26,315.5,322.20001220703125,315.5,321.2149963378906,284.479736328125,390920
2017-04-27,322.45001220703125,336.5,321.38751220703125,335.1075134277344,296.7834777832031,1318120
2017-04-28,335.0,339.2950134277344,333.510009765625,334.88751220703125,296.588623046875,1058700
2017-05-02,336.19500732421875,337.3424987792969,334.1524963378906,335.75250244140625,297.35467529296875,756060
2017-05-03,336.25,336.75,334.5,335.7774963378906,297.3768005371094,478000
2017-05-04,334.5,337.75,334.5,336.7749938964844,298.26019287109375,360580
2017-05-05,336.75,337.4949951171875,333.4024963378906,336.322509765625,297.8594970703125,468520
2017-05-08,335.1000061035156,337.3999938964844,331.6050109863281,335.4574890136719,297.0933837890625,346440
2017-05-09,335.4574890136719,336.2449951171875,333.9200134277344,335.239990234375,296.9007568359375,215020
2017-05-10,335.5824890136719,350.0,335.00250244140625,346.0174865722656,306.44573974609375,2007800
2017-05-11,348.8999938964844,349.2250061035156,341.55999755859375,342.8275146484375,303.62060546875,470660
2017-05-12,342.8525085449219,344.947509765625,339.0299987792969,341.07000732421875,302.0640563964844,1739640
2017-05-15,336.04998779296875,337.5474853515625,329.1000061035156,330.489990234375,292.69403076171875,1518800
2017-05-16,330.79998779296875,331.5975036621094,322.5,323.9599914550781,286.91082763671875,980300
2017-05-17,325.0,328.75,324.947509765625,327.8800048828125,290.3825378417969,525160
2017-05-18,325.50250244140625,329.20001220703125,325.20001220703125,326.4725036621094,289.1360168457031,1166020
2017-05-19,327.95001220703125,330.42999267578125,323.1474914550781,326.7025146484375,291.0334777832031,580900
2017-05-22,325.54998779296875,332.2449951171875,325.54998779296875,329.7925109863281,293.78607177734375,468120
2017-05-23,329.7925109863281,334.3699951171875,325.3324890136719,329.2250061035156,293.280517578125,969800
2017-05-24,329.55999755859375,329.55999755859375,324.5,326.3525085449219,290.7216796875,1119340
2017-05-25,327.75,329.0,323.5,324.9224853515625,289.4477844238281,999600
2017-05-26,327.45001220703125,336.9599914550781,326.31500244140625,332.427490234375,296.13336181640625,1824800
2017-05-29,330.54998779296875,333.552490234375,329.1025085449219,330.86749267578125,294.74365234375,1155900
2017-05-30,330.0849914550781,332.7225036621094,328.5050048828125,330.0400085449219,294.00653076171875,211280
2017-05-31,330.37750244140625,334.5150146484375,330.37750244140625,332.2550048828125,295.9797058105469,1622280
2017-06-01,332.1000061035156,332.3074951171875,327.29998779296875,330.2925109863281,294.23150634765625,406300
2017-06-02,330.79998779296875,334.552490234375,330.49749755859375,332.42999267578125,296.1356201171875,599820
2017-06-05,333.95001220703125,339.8999938964844,331.760009765625,335.7099914550781,299.0574035644531,694820
2017-06-06,336.0,337.5,330.4849853515625,333.8599853515625,297.4095153808594,369200
2017-06-07,333.5,336.0,331.7774963378906,333.489990234375,297.079833984375,653820
2017-06-08,333.45001220703125,335.2449951171875,330.54998779296875,332.5924987792969,296.2803955078125,647580
2017-06-09,332.6000061035156,335.5,331.4849853515625,333.375,296.97747802734375,491160
2017-06-12,333.9949951171875,335.4125061035156,331.4700012207031,333.00750732421875,296.6500549316406,622420
2017-06-13,333.25,335.45001220703125,332.0,334.5050048828125,297.9840393066406,296360
2017-06-14,334.5,335.4599914550781,332.5174865722656,334.2174987792969,297.7279357910156,827260
2017-06-15,334.8949890136719,335.24749755859375,333.3125,334.36749267578125,297.86151123046875,807420
2017-06-16,334.69500732421875,341.0,333.8125,337.98748779296875,301.0863342285156,714600
2017-06-19,339.04998779296875,342.5,334.24749755859375,336.9175109863281,300.1331787109375,617280
2017-06-20,335.5,337.25,334.0299987792969,334.947509765625,298.378173828125,401620
2017-06-21,333.5,339.01251220703125,331.0299987792969,337.9725036621094,301.0730285644531,691980
2017-06-22,337.95001220703125,341.8500061035156,336.26251220703125,338.9775085449219,301.96820068359375,605760
2017-06-23,337.6000061035156,339.0,330.552490234375,331.9825134277344,295.7369689941406,613400
2017-06-27,332.54998779296875,333.1499938964844,326.5,329.99749755859375,293.96868896484375,656440
2017-06-28,331.5050048828125,333.0,330.3575134277344,332.42999267578125,296.1356201171875,336620
2017-06-29,332.75,339.0,332.552490234375,337.43499755859375,300.5940856933594,657380
2017-06-30,335.25250244140625,338.95001220703125,333.302490234375,336.8399963378906,300.0640869140625,1169680
2017-07-03,337.32501220703125,341.5,333.74749755859375,336.9200134277344,300.1353759765625,1480960
2017-07-04,339.75,343.25,337.2925109863281,342.3349914550781,304.9592590332031,1031500
2017-07-05,341.54998779296875,349.45001220703125,341.54998779296875,345.4175109863281,307.7051086425781,953220
2017-07-06,345.6000061035156,349.0,344.9200134277344,345.8999938964844,308.13494873046875,496240
2017-07-07,345.8999938964844,347.8999938964844,342.8999938964844,343.50250244140625,305.9991760253906,449400
2017-07-10,340.6025085449219,344.95001220703125,338.8999938964844,340.2749938964844,303.1240539550781,174660
2017-07-11,343.5,343.5,335.79998779296875,338.9224853515625,301.919189453125,694300
2017-07-12,342.20001220703125,342.20001220703125,338.00250244140625,341.1050109863281,303.8634338378906,588240
2017-07-13,343.8999938964844,344.5,338.3525085449219,339.2900085449219,302.2466735839844,1203740
2017-07-14,341.25,341.9849853515625,339.5249938964844,340.5474853515625,303.3668212890625,1007600
2017-07-17,342.2349853515625,344.95001220703125,339.0924987792969,343.9100036621094,306.3622131347656,351040
2017-07-18,342.75,347.45001220703125,341.04998779296875,342.625,305.2175598144531,823980
2017-07-19,344.8999938964844,347.2449951171875,343.1099853515625,346.9049987792969,309.0302734375,594860
2017-07-20,347.9800109863281,347.9800109863281,343.0,343.4700012207031,305.97027587890625,148760
2017-07-21,344.8999938964844,346.25,339.75,340.3525085449219,303.19317626953125,714960
2017-07-24,342.45001220703125,343.0,340.5,341.7925109863281,304.47589111328125,598420
2017-07-25,343.0,343.0,339.7650146484375,340.9775085449219,303.74993896484375,710200
2017-07-26,341.25,344.99749755859375,337.5,339.2825012207031,302.23992919921875,726480
2017-07-27,339.9750061035156,343.3500061035156,336.62249755859375,339.9825134277344,302.86358642578125,1306980
2017-07-28,340.1050109863281,340.25,336.7650146484375,339.0350036621094,302.0194396972656,532940
2017-07-31,339.25,339.94500732421875,336.50250244140625,338.3575134277344,301.4159851074219,822740
2017-08-01,336.6000061035156,339.5,333.7925109863281,335.1499938964844,298.55859375,1226240
2017-08-02,337.0,337.2699890136719,334.75,335.5799865722656,299.6121520996094,549260
2017-08-03,334.80499267578125,337.4425048828125,334.00250244140625,336.56500244140625,300.4915466308594,1417180
2017-08-04,334.1700134277344,337.3974914550781,330.36749267578125,335.11248779296875,299.1947326660156,361360
2017-08-07,335.00250244140625,337.70001220703125,334.25,337.0050048828125,300.8843688964844,443080
2017-08-08,336.5,337.5050048828125,332.3599853515625,334.0775146484375,298.2706298828125,551000
2017-08-09,333.0050048828125,337.2200012207031,333.0,336.49749755859375,300.4312438964844,740460
2017-08-10,335.0,337.5,327.75,332.1300048828125,296.531982421875,1809520
2017-08-11,328.1000061035156,329.25,326.6000061035156,327.2149963378906,292.1437072753906,558640
2017-08-14,327.6000061035156,337.6000061035156,327.6000061035156,332.62249755859375,296.9716491699219,450460
2017-08-16,330.1000061035156,336.99249267578125,330.1000061035156,334.0150146484375,298.2149353027344,372720
2017-08-17,334.5,336.37249755859375,332.0,332.6400146484375,296.9872741699219,376060
2017-08-18,331.0,336.7225036621094,331.0,332.6700134277344,297.01397705078125,1237680
2017-08-21,332.0,333.5249938964844,328.9024963378906,330.9624938964844,295.4895935058594,736100
2017-08-22,331.30499267578125,336.75,329.29998779296875,330.2174987792969,294.8244323730469,929440
2017-08-23,335.20001220703125,335.20001220703125,329.79998779296875,330.302490234375,294.9002685546875,400640
2017-08-24,331.4324951171875,332.5,330.052490234375,330.1300048828125,294.746337890625,565000
2017-08-28,333.6000061035156,353.70001220703125,332.5,352.42999267578125,314.65618896484375,4220020
2017-08-29,351.6000061035156,353.25,344.38751220703125,347.80999755859375,310.5313720703125,1576560
2017-08-30,351.5,352.95001220703125,343.50750732421875,351.6724853515625,313.9798889160156,1705480
2017-08-31,352.5,357.0,347.5474853515625,356.0625,317.8992919921875,1868940
2017-09-01,355.0,355.74749755859375,350.1499938964844,350.7650146484375,313.1696472167969,641800
2017-09-04,353.70001220703125,353.70001220703125,342.55499267578125,343.239990234375,306.4510803222656,1040700
2017-09-05,344.0,352.25,344.0,351.38751220703125,313.7254333496094,1907140
2017-09-06,348.45001220703125,349.822509765625,345.7250061035156,348.677490234375,311.30584716796875,1046380
2017-09-07,349.99749755859375,358.45001220703125,346.6025085449219,356.62750244140625,318.40380859375,1639880
2017-09-08,359.38250732421875,361.25,356.54998779296875,360.07000732421875,321.4772644042969,1313060
2017-09-11,359.3999938964844,365.95001220703125,359.3999938964844,364.760009765625,325.6646423339844,1021840
2017-09-12,366.5,370.45001220703125,361.5299987792969,369.4375,329.84075927734375,1271300
2017-09-13,369.010009765625,370.5,360.5,361.9649963378906,323.1691589355469,1057140
2017-09-14,367.3500061035156,367.3500061035156,360.3599853515625,361.7049865722656,322.9370422363281,1102820
2017-09-15,361.00250244140625,368.45001220703125,360.80499267578125,367.4525146484375,328.0685119628906,1083900
2017-09-18,365.5,367.3450012207031,364.072509765625,364.42498779296875,325.3655090332031,282640
2017-09-19,365.0,366.25,362.0,362.739990234375,323.86114501953125,334240
2017-09-20,362.5,362.5,358.1600036621094,360.1675109863281,321.56439208984375,647580
2017-09-21,360.1000061035156,360.5899963378906,355.2200012207031,357.30999755859375,319.0130920410156,2272880
2017-09-22,357.5,360.19500732421875,355.3525085449219,358.4775085449219,320.0554504394531,341320
2017-09-25,356.5,360.0,352.5474853515625,357.32000732421875,319.0220642089844,629600
2017-09-26,355.6499938964844,358.635009765625,351.54998779296875,352.7349853515625,314.928466796875,449400
2017-09-27,353.9375,356.74749755859375,350.4100036621094,355.1025085449219,317.0421447753906,982240
2017-09-28,355.50250244140625,362.1099853515625,353.57000732421875,356.8800048828125,318.6291198730469,1105860
2017-09-29,356.00250244140625,362.7650146484375,356.0,360.82501220703125,322.15142822265625,977220
2017-10-03,365.0,369.74749755859375,362.99749755859375,365.4775085449219,326.3052673339844,997120
2017-10-04,362.1000061035156,367.74249267578125,361.2025146484375,366.5299987792969,327.24493408203125,478140
2017-10-05,365.5,367.24749755859375,362.5,363.0425109863281,324.13116455078125,168800
2017-10-06,365.04998779296875,369.0,362.552490234375,367.6400146484375,328.2358703613281,632400
2017-10-09,367.7449951171875,368.95001220703125,364.1499938964844,364.75750732421875,325.662353515625,248000
2017-10-10,367.3500061035156,367.3500061035156,363.57501220703125,364.4125061035156,325.3543395996094,337580
2017-10-11,364.75,365.947509765625,362.7225036621094,364.44000244140625,325.3788757324219,691400
2017-10-12,365.0,374.1499938964844,364.45001220703125,369.0450134277344,329.4903564453125,1478900
2017-10-13,369.0,370.0,365.9674987792969,367.2699890136719,327.90557861328125,3612660
2017-10-16,365.25,369.95001220703125,363.25250244140625,364.1424865722656,325.11328125,406180
2017-10-17,364.9949951171875,369.3999938964844,361.802490234375,368.697509765625,329.1801452636719,356180
2017-10-18,368.6499938964844,368.6499938964844,361.0675048828125,362.2875061035156,323.4571228027344,313560
2017-10-19,364.25,364.99749755859375,359.1400146484375,360.80999755859375,322.1379699707031,76200
2017-10-23,362.5,366.24749755859375,360.1000061035156,360.80999755859375,322.1379699707031,1214120
2017-10-24,363.8500061035156,363.8500061035156,360.00250244140625,361.927490234375,323.1356201171875,152320
2017-10-25,363.0,363.0,355.86248779296875,357.6700134277344,319.3345642089844,518680
2017-10-26,358.95001220703125,359.9324951171875,355.50250244140625,357.2449951171875,318.95501708984375,3204520
2017-10-27,358.67498779296875,360.5,356.4024963378906,358.5325012207031,320.1045227050781,351720
2017-10-30,359.0,361.947509765625,359.0,360.9825134277344,322.29205322265625,404080
2017-10-31,361.95001220703125,365.0,359.55499267578125,361.95001220703125,323.15582275390625,579700
2017-11-01,363.20001220703125,369.1449890136719,360.1650085449219,365.885009765625,326.6690368652344,977780
2017-11-02,366.49749755859375,367.5,363.0425109863281,364.3924865722656,325.3365173339844,396220
2017-11-03,365.0,371.79998779296875,358.0,370.6724853515625,330.9434814453125,1903060
2017-11-06,370.6724853515625,387.0,364.3949890136719,379.7225036621094,339.0234680175781,2166040
2017-11-07,380.0,388.697509765625,380.0,384.7749938964844,343.5343933105469,1666780
2017-11-08,381.04998779296875,394.8500061035156,381.04998779296875,391.4375,349.48272705078125,1794720
2017-11-09,391.447509765625,394.92999267578125,388.6499938964844,389.9649963378906,348.1681213378906,2728840
2017-11-10,391.0,393.1449890136719,382.00750732421875,389.26251220703125,347.5409240722656,1277720
2017-11-13,397.2974853515625,398.7074890136719,382.4024963378906,385.99249267578125,344.6214294433594,1114240
2017-11-14,386.0050048828125,389.19500732421875,380.50250244140625,382.0325012207031,341.08575439453125,494060
2017-11-15,383.0,388.75,377.1524963378906,386.05499267578125,344.6772155761719,2060140
2017-11-16,386.82501220703125,391.19000244140625,381.2724914550781,382.1575012207031,341.1973876953125,605560
2017-11-17,383.5299987792969,389.49749755859375,383.0,384.5174865722656,343.3045349121094,303580
2017-11-20,384.5174865722656,391.3500061035156,383.79998779296875,386.23748779296875,344.840087890625,751640
2017-11-21,385.50250244140625,388.6499938964844,385.50250244140625,387.2174987792969,345.715087890625,408460
2017-11-22,387.3500061035156,387.3500061035156,379.25750732421875,380.32000732421875,339.5568542480469,1112200
2017-11-23,382.6499938964844,382.6499938964844,379.5,380.23748779296875,339.4832458496094,562600
2017-11-24,381.5474853515625,381.61248779296875,373.75,375.11248779296875,334.9075012207031,1101900
2017-11-27,375.05999755859375,377.19000244140625,371.75,374.7124938964844,334.55035400390625,508360
2017-11-28,376.49749755859375,377.5,373.135009765625,374.8900146484375,334.7088928222656,939980
2017-11-29,371.04998779296875,378.45001220703125,371.0,375.5224914550781,335.27349853515625,1378440
2017-11-30,374.0,385.0,373.5824890136719,383.17498779296875,342.1058349609375,1947080
2017-12-01,382.99749755859375,387.6499938964844,381.50250244140625,384.822509765625,343.5767517089844,820120
2017-12-04,386.4949951171875,386.95001220703125,381.6724853515625,385.2674865722656,343.9740905761719,674760
2017-12-05,385.2449951171875,387.2300109863281,382.1875,384.55499267578125,343.3379821777344,699400
2017-12-06,384.5,387.5,383.9549865722656,385.4324951171875,344.12139892578125,1534960
2017-12-07,386.25,393.5050048828125,385.072509765625,390.8500061035156,348.95819091796875,1396860
2017-12-08,390.0,399.447509765625,389.75250244140625,396.052490234375,353.6031494140625,1628380
2017-12-11,394.99749755859375,397.0,392.1000061035156,393.63250732421875,352.91278076171875,812720
2017-12-12,394.20001220703125,397.5,392.4024963378906,396.63751220703125,355.6069030761719,806720
2017-12-13,396.00250244140625,398.1424865722656,392.54998779296875,396.7900085449219,355.74371337890625,511740
2017-12-14,401.75,401.9525146484375,390.7749938964844,393.8424987792969,353.10107421875,608260
2017-12-15,395.0,395.0,391.70001220703125,392.43499755859375,351.8392028808594,1238320
2017-12-18,392.5,397.45001220703125,384.74749755859375,396.45001220703125,355.4388122558594,398020
2017-12-19,397.45001220703125,397.45001220703125,393.75,394.86248779296875,354.0155334472656,557980
2017-12-20,395.75,399.95001220703125,394.9549865722656,397.26251220703125,356.1672668457031,818160
2017-12-21,397.5350036621094,398.55499267578125,394.5,394.9725036621094,354.11419677734375,401980
2017-12-22,394.9725036621094,396.4375,392.0,394.1650085449219,353.3902893066406,448740
2017-12-26,394.2225036621094,395.3999938964844,390.4425048828125,391.42498779296875,350.9337158203125,319280
2017-12-27,393.20001220703125,393.20001220703125,385.6099853515625,387.0274963378906,346.9910888671875,283800
2017-12-28,390.0,391.25,383.75,386.6499938964844,346.6526794433594,366340
2017-12-29,385.7825012207031,395.45001220703125,385.7825012207031,393.5450134277344,352.83441162109375,610540
2018-01-01,395.0,395.0799865722656,391.42999267578125,393.1600036621094,352.4892272949219,132120
2018-01-02,392.75,396.1524963378906,392.1499938964844,393.177490234375,352.5049133300781,1312260
2018-01-03,395.0,396.75,392.50750732421875,393.0050048828125,352.3501892089844,558960
2018-01-04,393.25,395.1099853515625,391.95001220703125,393.4624938964844,352.7603759765625,558040
2018-01-05,392.31500244140625,394.20001220703125,392.04998779296875,392.8374938964844,352.2001037597656,199400
2018-01-08,391.5,398.427490234375,391.5,397.0574951171875,355.9835510253906,718380
2018-01-09,397.0574951171875,398.4425048828125,384.3999938964844,388.9624938964844,348.7258605957031,1168880
2018-01-10,392.5,393.3299865722656,388.9649963378906,392.3324890136719,351.7472839355469,440920
2018-01-11,392.739990234375,395.5,390.4175109863281,393.7149963378906,352.9867858886719,941200
2018-01-12,393.8999938964844,395.00250244140625,387.25250244140625,389.4624938964844,349.1741638183594,646820
2018-01-15,390.75,393.0,387.25,387.8974914550781,347.7710876464844,528080
2018-01-16,388.0,391.24749755859375,386.1000061035156,388.7300109863281,348.5174255371094,559140
2018-01-17,389.9849853515625,390.75,383.8299865722656,388.0950012207031,347.9481506347656,1404800
2018-01-18,391.5,391.5,384.3299865722656,386.80999755859375,346.79608154296875,600020
2018-01-19,390.0,390.0,383.3500061035156,384.0325012207031,344.3058166503906,380740
2018-01-22,383.37750244140625,385.75,382.00750732421875,383.3500061035156,343.6939697265625,621240
2018-01-23,384.95001220703125,384.95001220703125,379.25,379.9849853515625,340.67706298828125,734760
2018-01-24,381.5,381.697509765625,377.42498779296875,379.6449890136719,340.37225341796875,317260
2018-01-25,377.6499938964844,381.2799987792969,371.6499938964844,374.5375061035156,335.7930603027344,748760
2018-01-29,376.5,379.3475036621094,373.0,376.5425109863281,337.5907287597656,931460
2018-01-30,376.0,376.0625,370.25250244140625,372.7950134277344,334.23089599609375,577440
2018-01-31,374.197509765625,375.70001220703125,370.80999755859375,373.4574890136719,334.82476806640625,496780
2018-02-01,374.95001220703125,376.8475036621094,364.0,365.5425109863281,327.72857666015625,2127900
2018-02-02,365.0,370.75,356.25,356.7724914550781,319.8658142089844,1288260
2018-02-05,356.5,359.95001220703125,349.88250732421875,356.7349853515625,319.8322448730469,1111500
2018-02-06,350.0,351.7550048828125,349.25,350.81500244140625,314.52459716796875,1364380
2018-02-07,354.8974914550781,355.79998779296875,348.7900085449219,350.3500061035156,314.1076965332031,801720
2018-02-08,350.70001220703125,354.70001220703125,344.36248779296875,349.29998779296875,313.1662902832031,1365780
2018-02-09,348.6499938964844,351.6600036621094,346.1099853515625,348.4825134277344,312.4334411621094,1490640
2018-02-12,349.8999938964844,359.95001220703125,349.7025146484375,357.0950012207031,320.1549377441406,2097700
2018-02-14,360.0,369.2099914550781,358.1000061035156,363.24749755859375,325.6709899902344,2348980
2018-02-15,375.0,382.25,371.3525085449219,379.1600036621094,339.9374694824219,7088720
2018-02-16,382.5,386.0,378.75,379.6424865722656,340.37005615234375,1539820
2018-02-19,381.5,381.5,374.50250244140625,375.3349914550781,336.5080871582031,1014920
2018-02-20,376.0,380.2974853515625,376.0,378.63250732421875,339.4644775390625,997300
2018-02-21,378.95001220703125,380.92999267578125,378.5249938964844,379.87750244140625,340.5806884765625,1467340
2018-02-22,379.95001220703125,382.94500732421875,373.9624938964844,377.1650085449219,338.1487731933594,1888420
2018-02-23,378.6499938964844,380.947509765625,376.30499267578125,379.1400146484375,339.9195556640625,1329280
2018-02-26,380.75,382.5,378.1075134277344,381.26251220703125,341.8224182128906,1317880
2018-02-27,382.20001220703125,389.70001220703125,381.0,387.99749755859375,347.8607482910156,1397660
2018-02-28,387.95001220703125,393.70001220703125,385.947509765625,388.0824890136719,347.9369201660156,1511520
2018-03-01,388.8500061035156,393.79998779296875,388.8500061035156,392.4700012207031,351.8705749511719,1221720
2018-03-05,394.0,394.0,384.760009765625,385.70001220703125,345.8008728027344,1272860
2018-03-06,388.1700134277344,389.0,382.5,384.4425048828125,344.6734924316406,1246120
2018-03-07,385.4949951171875,389.8999938964844,382.5174865722656,385.2225036621094,345.372802734375,1227760
2018-03-08,389.3999938964844,389.3999938964844,385.0,385.50250244140625,345.623779296875,999880
2018-03-09,388.375,388.375,382.1000061035156,382.86749267578125,343.26141357421875,2086200
2018-03-12,384.739990234375,385.45001220703125,378.29998779296875,380.95001220703125,341.5422058105469,578860
2018-03-13,380.95001220703125,389.20001220703125,380.7850036621094,385.01251220703125,345.1845397949219,1317180
2018-03-14,385.04998779296875,385.7974853515625,380.8374938964844,382.38751220703125,342.8310852050781,1292400
2018-03-15,386.45001220703125,386.95001220703125,380.260009765625,385.99249267578125,346.0632019042969,1309780
2018-03-16,387.5,387.8974914550781,383.5050048828125,384.7674865722656,344.96484375,3532020
2018-03-19,386.12750244140625,386.24749755859375,381.375,383.1650085449219,343.5281066894531,1338360
2018-03-20,384.9949951171875,393.75,383.18499755859375,392.072509765625,351.51416015625,2709740
2018-03-21,394.45001220703125,398.25,389.75250244140625,392.6625061035156,352.04315185546875,1518520
2018-03-22,392.3999938964844,395.79998779296875,390.86749267578125,392.0375061035156,351.4827575683594,1202000
2018-03-23,390.0,391.8324890136719,387.9800109863281,389.69000244140625,349.378173828125,1945480
2018-03-26,391.3500061035156,395.947509765625,388.0,391.4525146484375,350.9582824707031,1249220
2018-03-27,394.99749755859375,407.70001220703125,393.04998779296875,405.635009765625,363.67364501953125,2500000
2018-03-28,407.75,412.5,406.04998779296875,410.177490234375,367.74627685546875,2481520
2018-04-02,409.99249267578125,417.0,408.49749755859375,415.447509765625,372.4710998535156,1220480
2018-04-03,414.9949951171875,418.9949951171875,413.99749755859375,417.197509765625,374.0401916503906,1212240
2018-04-04,416.1000061035156,419.95001220703125,415.6000061035156,417.552490234375,374.3583679199219,1338300
2018-04-05,419.4324951171875,420.3999938964844,418.052490234375,419.2124938964844,375.84661865234375,732960
2018-04-06,419.2124938964844,420.0274963378906,415.75,417.3475036621094,374.17462158203125,770880
2018-04-09,417.5,419.8999938964844,416.5050048828125,419.11248779296875,375.7569274902344,1080820
2018-04-10,419.98748779296875,427.8399963378906,419.0,424.9549865722656,380.99505615234375,1194120
2018-04-11,424.9800109863281,425.3349914550781,418.9100036621094,423.8175048828125,379.9753112792969,734220
2018-04-12,422.29998779296875,434.25,419.1499938964844,431.8475036621094,387.1745910644531,1676300
2018-04-13,432.50250244140625,437.0,430.3525085449219,434.375,389.44061279296875,1013600
2018-04-16,435.2250061035156,439.0,432.5,437.4700012207031,392.2154846191406,1753140
2018-04-17,439.2250061035156,452.45001220703125,438.79998779296875,450.67999267578125,404.05908203125,2355160
2018-04-18,449.05499267578125,455.947509765625,447.510009765625,448.76251220703125,402.33990478515625,949880
2018-04-19,448.7925109863281,459.8999938964844,448.20001220703125,457.2774963378906,409.9740295410156,1345360
2018-04-20,458.75,462.5,456.25,458.1000061035156,410.71142578125,863900
2018-04-23,458.05499267578125,459.1075134277344,444.00250244140625,445.2674865722656,399.20635986328125,1351560
2018-04-24,445.9949951171875,451.0425109863281,440.4075012207031,441.1025085449219,395.4722595214844,1020440
2018-04-25,441.0,445.4150085449219,433.00250244140625,436.7275085449219,391.5497741699219,1685200
2018-04-26,439.99249267578125,459.5,438.5050048828125,452.1474914550781,405.3746643066406,2649960
2018-04-27,450.760009765625,456.489990234375,450.29998779296875,453.0849914550781,406.2152404785156,778620
2018-04-30,455.0,472.3999938964844,453.197509765625,469.8275146484375,421.2257080078125,1337520
2018-05-02,470.25,474.8500061035156,459.2349853515625,460.0625,412.4709777832031,1258620
2018-05-03,463.6000061035156,464.4949951171875,452.7550048828125,454.9324951171875,407.87158203125,924020
2018-05-04,457.010009765625,457.8974914550781,454.2349853515625,455.57000732421875,408.44317626953125,675900
2018-05-07,455.7025146484375,458.70001220703125,450.7550048828125,454.635009765625,407.6048278808594,1141000
2018-05-08,458.75,458.75,454.1050109863281,455.885009765625,408.72552490234375,1834060
2018-05-09,453.510009765625,458.45001220703125,453.510009765625,456.0375061035156,408.8622741699219,491980
2018-05-10,456.95001220703125,460.75250244140625,446.7325134277344,449.0775146484375,402.62225341796875,885480
2018-05-11,462.0,480.9849853515625,457.5,476.1499938964844,426.89422607421875,4173860
2018-05-14,476.1499938964844,481.12249755859375,475.1000061035156,478.57000732421875,429.06390380859375,991520
2018-05-15,480.0,482.0,473.75,478.260009765625,428.785888671875,1762740
2018-05-16,477.24749755859375,482.4949951171875,473.0224914550781,481.3999938964844,433.550048828125,1014180
2018-05-17,482.25,494.49749755859375,477.3999938964844,485.2925109863281,437.0557861328125,1659140
2018-05-18,484.5,490.45001220703125,481.75750732421875,484.17498779296875,436.0492858886719,1713180
2018-05-21,484.5,487.5,473.302490234375,474.3175048828125,427.1716613769531,829940
2018-05-22,475.25,482.5,471.8800048828125,481.7124938964844,433.83160400390625,1078220
2018-05-23,482.1824951171875,485.9849853515625,480.510009765625,482.06500244140625,434.14898681640625,739240
2018-05-24,482.4949951171875,485.5975036621094,481.45001220703125,483.2674865722656,435.2320251464844,588020
2018-05-25,482.8949890136719,489.95001220703125,481.7025146484375,486.739990234375,438.3592834472656,614460
2018-05-28,485.75,488.75,481.802490234375,482.9525146484375,434.9483337402344,737420
2018-05-29,480.1000061035156,482.45001220703125,474.0,475.614990234375,428.3401184082031,878280
2018-05-30,478.8999938964844,480.25,475.0,476.50250244140625,429.1394348144531,1181980
2018-05-31,477.9949951171875,489.95001220703125,477.5,482.70001220703125,434.7209167480469,2992480
2018-06-01,483.45001220703125,499.95001220703125,482.18499755859375,494.927490234375,445.7330017089844,2973480
2018-06-04,500.0,500.0,488.6650085449219,490.8500061035156,442.0608215332031,740920
2018-06-05,490.9624938964844,492.0,474.5,476.7825012207031,429.3915710449219,1241480
2018-06-06,479.95001220703125,489.8500061035156,478.0174865722656,488.0174865722656,439.5097961425781,770440
2018-06-07,490.99749755859375,491.9949951171875,486.510009765625,489.37249755859375,440.73016357421875,904960
2018-06-08,489.99749755859375,498.24749755859375,488.00250244140625,494.4425048828125,445.2962341308594,1164220
2018-06-11,494.3974914550781,503.0224914550781,494.0,495.8374938964844,446.5526428222656,868620
2018-06-12,496.95001220703125,497.32501220703125,491.0,491.7124938964844,442.8375549316406,542380
2018-06-13,494.5,494.5,489.5,491.8525085449219,442.9636535644531,590620
2018-06-14,491.802490234375,492.99749755859375,487.0,487.8374938964844,439.3476867675781,585080
2018-06-15,488.0,488.7449951171875,483.75,487.125,438.7060546875,1533620
2018-06-18,485.0,489.5299987792969,478.6400146484375,480.927490234375,433.1245422363281,935440
2018-06-19,499.94000244140625,499.94000244140625,475.00750732421875,480.9175109863281,433.1156311035156,1347840
2018-06-20,483.25,487.4949951171875,482.0050048828125,486.25250244140625,437.9202575683594,1185720
2018-06-21,487.50250244140625,495.697509765625,485.62750244140625,492.5199890136719,443.5648498535156,875440
2018-06-22,492.0,495.6474914550781,488.0,493.552490234375,444.49462890625,720080
2018-06-25,492.5050048828125,499.8999938964844,492.07000732421875,494.7449951171875,445.56866455078125,1040160
2018-06-26,496.489990234375,509.0,493.12750244140625,504.2250061035156,454.10638427734375,2726400
2018-06-27,505.45001220703125,509.8999938964844,497.6400146484375,499.9674987792969,450.2720642089844,1648480
2018-06-28,501.3999938964844,504.75,486.2275085449219,488.625,440.0569763183594,1458600
2018-06-29,494.8999938964844,494.8999938964844,488.8500061035156,490.5050048828125,441.7501525878906,1267380
2018-07-02,494.5,494.5,486.5150146484375,488.25750732421875,439.72601318359375,718100
2018-07-03,491.197509765625,491.94500732421875,486.38250732421875,489.2325134277344,440.6040954589844,1114720
2018-07-04,490.29998779296875,494.5,488.6000061035156,493.135009765625,444.11865234375,507700
2018-07-05,496.2325134277344,499.49749755859375,494.50250244140625,497.8525085449219,448.3672180175781,338200
2018-07-06,497.48748779296875,502.98748779296875,496.2225036621094,497.1524963378906,447.7368469238281,730860
2018-07-09,499.95001220703125,499.95001220703125,494.4024963378906,494.9725036621094,445.7735595703125,293960
2018-07-10,495.25,502.99749755859375,495.25,500.26251220703125,450.53778076171875,786280
2018-07-11,501.04998779296875,514.3375244140625,497.70001220703125,509.5325012207031,458.8863220214844,1107740
2018-07-12,512.4000244140625,512.5250244140625,500.06500244140625,501.4525146484375,451.6094970703125,711380
2018-07-13,505.0,511.0050048828125,503.74749755859375,507.1000061035156,456.695556640625,741820
2018-07-16,509.9949951171875,511.8575134277344,507.5,510.0350036621094,459.3388977050781,538660
2018-07-17,510.1000061035156,527.4500122070312,509.5,525.5875244140625,473.3455505371094,1718380
2018-07-18,526.5,527.5050048828125,514.1074829101562,519.677490234375,468.02288818359375,1480640
2018-07-19,520.7525024414062,522.4749755859375,511.1050109863281,514.4650268554688,463.3284912109375,844520
2018-07-20,514.7575073242188,520.9974975585938,510.0,517.4099731445312,465.98077392578125,865560
2018-07-23,520.1500244140625,522.3499755859375,516.2525024414062,519.6699829101562,468.01617431640625,394420
2018-07-24,520.0999755859375,523.10498046875,512.6099853515625,514.5275268554688,463.3848876953125,641580
2018-07-25,515.4874877929688,517.5700073242188,510.0,511.67999267578125,460.82025146484375,460200
2018-07-26,510.1524963378906,518.0,510.1524963378906,516.1950073242188,464.88653564453125,576680
2018-07-27,519.0,520.6199951171875,508.42498779296875,514.20751953125,463.0967102050781,666400
2018-07-30,514.9974975585938,515.0,504.2349853515625,506.1199951171875,455.8130187988281,702300
2018-07-31,508.9949951171875,529.0,505.5625,526.52001953125,474.1852722167969,1402280
2018-08-01,530.0,547.5399780273438,527.552490234375,541.842529296875,487.9848327636719,1396120
2018-08-02,542.5,543.0,530.1699829101562,537.9749755859375,484.50164794921875,690300
2018-08-03,540.5,541.5999755859375,510.5,516.22998046875,464.91802978515625,3313400
2018-08-06,525.0,532.9650268554688,520.0050048828125,526.7324829101562,474.3765869140625,1176040
2018-08-07,530.2000122070312,532.5,525.0,526.8900146484375,474.5184631347656,745720
2018-08-08,529.030029296875,541.5499877929688,528.8574829101562,538.3175048828125,484.8100280761719,1392760
2018-08-09,538.3499755859375,548.5,538.3499755859375,544.1224975585938,490.03802490234375,1632920
2018-08-10,545.0,547.8499755859375,532.5,534.302490234375,482.0802001953125,1147660
2018-08-13,533.0,546.75,530.7575073242188,542.5625,489.53289794921875,1059980
2018-08-14,542.5999755859375,547.5499877929688,539.0050048828125,542.8474731445312,489.7900695800781,747120
2018-08-16,542.5,547.75,540.1500244140625,542.8624877929688,489.8036804199219,983420
2018-08-17,544.3499755859375,546.0,539.25,543.6500244140625,490.51409912109375,1178060
2018-08-20,546.0,547.4000244140625,540.5650024414062,542.052490234375,489.0727844238281,826420
2018-08-21,542.9500122070312,549.5,541.5,544.3200073242188,491.1186828613281,1249700
2018-08-23,547.4000244140625,579.25,547.3699951171875,577.2025146484375,520.7872314453125,3880800
2018-08-24,574.2999877929688,577.0875244140625,565.1649780273438,568.135009765625,512.60595703125,989180
2018-08-27,570.5,576.6400146484375,563.6500244140625,566.66748046875,511.2818603515625,959940
2018-08-28,569.9924926757812,571.4450073242188,565.4224853515625,566.3049926757812,510.954833984375,561940
2018-08-29,567.9000244140625,576.0999755859375,563.45751953125,564.9650268554688,509.74578857421875,1247000
2018-08-30,565.0999755859375,570.0875244140625,562.885009765625,564.3200073242188,509.1637878417969,1664260
2018-08-31,564.3499755859375,585.25,564.3499755859375,579.1124877929688,522.5104370117188,3719360
2018-09-03,583.9974975585938,583.9974975585938,562.5599975585938,563.89501953125,508.78033447265625,1189240
2018-09-04,566.5,567.2750244140625,538.9724731445312,542.0599975585938,489.0795593261719,1631380
2018-09-05,541.947509765625,541.947509765625,508.75,519.302490234375,468.54632568359375,2596040
2018-09-06,522.9000244140625,528.0,512.3499755859375,516.7775268554688,466.2681579589844,1810980
2018-09-07,518.5,532.5,515.2775268554688,522.3275146484375,471.2756042480469,2253780
2018-09-10,522.5,525.75,513.7575073242188,516.5150146484375,466.0312194824219,745480
2018-09-11,515.0,519.25,500.04998779296875,502.385009765625,453.2823486328125,1205240
2018-09-12,504.0,522.6900024414062,501.1499938964844,517.7000122070312,467.10040283203125,2019240
2018-09-14,522.875,528.5999755859375,515.1400146484375,516.7725219726562,466.2635498046875,1868000
2018-09-17,517.4000244140625,536.135009765625,505.75,508.75250244140625,459.02740478515625,611640
2018-09-18,512.3499755859375,521.5,509.5775146484375,512.177490234375,462.11767578125,753980
2018-09-19,518.2000122070312,525.0499877929688,505.20001220703125,507.25,457.67181396484375,760120
2018-09-21,510.45001220703125,512.9450073242188,459.99749755859375,487.4800109863281,439.8341064453125,3053400
2018-09-24,493.8999938964844,494.92999267578125,480.75,483.125,435.9048156738281,637900
2018-09-25,481.25250244140625,492.2049865722656,469.5,484.86749267578125,437.4769287109375,1759900
2018-09-26,489.9949951171875,491.6499938964844,477.4750061035156,486.4674987792969,438.9205322265625,1157740
2018-09-27,489.79998779296875,491.75,474.42498779296875,478.9324951171875,432.1220703125,1671200
2018-09-28,486.0,490.6499938964844,477.9674987792969,484.9825134277344,437.58074951171875,2319080
2018-10-01,486.197509765625,487.5224914550781,473.32501220703125,480.4825134277344,433.5206298828125,1066560
2018-10-03,480.0,480.0,466.0050048828125,467.19000244140625,421.5272521972656,1730680
2018-10-04,459.0,472.4800109863281,455.69000244140625,467.3974914550781,421.7144775390625,1656020
2018-10-05,467.0,475.0,457.2650146484375,470.94500732421875,424.9152526855469,2064640
2018-10-08,470.947509765625,473.9574890136719,460.822509765625,469.0375061035156,423.1941833496094,1513740
2018-10-09,469.0375061035156,480.51251220703125,462.8525085449219,474.5975036621094,428.21075439453125,1623460
2018-10-10,474.00250244140625,482.5,470.38751220703125,475.51251220703125,429.03631591796875,1083420
2018-10-11,465.0,472.49749755859375,452.3525085449219,469.2200012207031,423.3588562011719,1827420
2018-10-12,473.0,488.9700012207031,471.5450134277344,484.99249267578125,437.5897216796875,2136900
2018-10-15,486.5,486.5,477.95001220703125,482.7950134277344,435.6070861816406,700740
2018-10-16,482.99749755859375,488.1824951171875,481.80999755859375,486.875,439.2882385253906,987500
2018-10-17,490.0,493.0,484.2200012207031,486.2674865722656,438.74005126953125,911620
2018-10-19,483.80999755859375,484.75750732421875,474.0,480.4525146484375,433.4934997558594,1381800
2018-10-22,485.5,487.88751220703125,481.0,482.04998779296875,434.9348449707031,2291160
2018-10-23,465.07501220703125,477.5,465.0,467.62249755859375,421.91748046875,1848380
2018-10-24,472.00250244140625,481.17498779296875,471.79998779296875,476.7099914550781,430.11676025390625,1985760
2018-10-25,475.0,488.49749755859375,471.2250061035156,476.9125061035156,430.2995910644531,2476440
2018-10-26,479.42498779296875,485.5,473.37750244140625,478.4725036621094,431.7069396972656,1433260
2018-10-29,487.95001220703125,493.0400085449219,480.0,484.1575012207031,436.83636474609375,4789260
2018-10-30,484.3999938964844,488.24749755859375,480.625,485.9224853515625,438.4288635253906,1254120
2018-10-31,490.0,509.9150085449219,486.25,507.3924865722656,457.80035400390625,3249680
2018-11-01,511.95001220703125,515.780029296875,495.17498779296875,498.4750061035156,449.75457763671875,1548260
2018-11-02,503.4949951171875,517.4500122070312,499.50250244140625,511.4825134277344,461.49066162109375,1830920
2018-11-05,511.7250061035156,520.0,508.1524963378906,516.6325073242188,466.1372375488281,1203260
2018-11-06,516.7525024414062,521.10498046875,504.06500244140625,508.01251220703125,458.35986328125,796580
2018-11-07,512.5,512.5025024414062,507.51251220703125,511.0199890136719,461.0733337402344,69300
2018-11-09,514.2000122070312,518.75,507.6650085449219,511.29998779296875,461.3259582519531,1112000
2018-11-12,512.4924926757812,517.5,504.3924865722656,506.2275085449219,456.7492370605469,729500
2018-11-13,506.75,511.9049987792969,503.9825134277344,507.2049865722656,457.6312255859375,415960
2018-11-14,507.79998779296875,522.0025024414062,507.79998779296875,519.717529296875,468.9208068847656,1789840
2018-11-15,519.719970703125,525.85498046875,515.7550048828125,523.1900024414062,472.0539245605469,1868080
2018-11-16,525.0,536.75,523.782470703125,534.3624877929688,482.13433837890625,2289800
2018-11-19,539.2999877929688,539.9450073242188,506.927490234375,517.1325073242188,466.58837890625,2867820
2018-11-20,519.2000122070312,525.4400024414062,508.6000061035156,512.7324829101562,462.618408203125,1043460
2018-11-21,515.0,517.4500122070312,509.0574951171875,511.9150085449219,461.8808898925781,831240
2018-11-22,515.344970703125,522.4349975585938,511.0050048828125,515.1624755859375,464.81097412109375,1019280
2018-11-26,516.25,524.5,516.25,522.6624755859375,471.577880859375,920280
2018-11-27,522.5,528.155029296875,518.5,525.9199829101562,474.5169372558594,764320
2018-11-28,529.0,536.9500122070312,527.1724853515625,534.9349975585938,482.65087890625,1779360
2018-11-29,538.8499755859375,538.8499755859375,519.3499755859375,530.322509765625,478.48931884765625,3562520
2018-11-30,535.0,544.52001953125,529.7324829101562,538.2424926757812,485.6351013183594,1423500
2018-12-03,540.9600219726562,543.447509765625,532.25,537.282470703125,484.7689208984375,1311220
2018-12-04,536.260009765625,539.155029296875,527.7999877929688,529.4500122070312,477.7020568847656,1032640
2018-12-05,527.5,529.4500122070312,522.0,524.4224853515625,473.1658630371094,1715960
2018-12-06,522.4099731445312,522.4099731445312,511.6000061035156,515.467529296875,465.086181640625,871240
2018-12-07,516.5,526.9974975585938,516.5,520.22998046875,469.3831481933594,1156040
2018-12-10,515.0,521.9450073242188,513.7525024414062,519.9450073242188,469.1260070800781,1895560
2018-12-11,517.8499755859375,539.9500122070312,516.114990234375,531.7274780273438,479.7568054199219,1095320
2018-12-12,531.760009765625,544.75,529.197509765625,542.2374877929688,491.55072021484375,1813140
2018-12-13,547.5,559.91748046875,544.5,549.8275146484375,498.4312438964844,1522740
2018-12-14,551.7000122070312,558.7424926757812,545.9199829101562,549.2949829101562,497.9486389160156,1254560
2018-12-17,550.25,565.6475219726562,550.2474975585938,558.530029296875,506.3203430175781,1971000
2018-12-18,558.6500244140625,565.0,551.1799926757812,554.7000122070312,502.8484191894531,1340380
2018-12-19,559.9949951171875,561.5,555.6024780273438,558.7150268554688,506.4880676269531,2726120
2018-12-20,557.5025024414062,571.25,557.5025024414062,561.6275024414062,509.1282958984375,1158500
2018-12-21,563.2349853515625,566.1875,547.9249877929688,550.52001953125,499.0591125488281,1325820
2018-12-24,552.7999877929688,561.0999755859375,541.7775268554688,546.16748046875,495.11334228515625,683820
2018-12-26,548.25,549.3499755859375,537.25,538.5025024414062,488.1649475097656,743440
2018-12-27,542.4500122070312,548.4500122070312,540.0050048828125,547.1425170898438,495.997314453125,1046220
2018-12-28,549.7000122070312,569.83251953125,546.5549926757812,562.9299926757812,510.30908203125,1132720
2018-12-31,565.0,567.9000244140625,551.25,554.2424926757812,502.43359375,928600
2019-01-01,557.5,558.52001953125,549.4974975585938,550.7525024414062,499.2698974609375,634180
2019-01-02,549.0250244140625,558.0,545.3524780273438,551.77001953125,500.19219970703125,563340
2019-01-03,555.5499877929688,574.9500122070312,549.9949951171875,560.3574829101562,507.9770202636719,3385820
2019-01-04,556.9500122070312,559.9450073242188,532.7775268554688,542.5599975585938,491.84320068359375,4123260
2019-01-07,543.75,546.9824829101562,535.0,539.3049926757812,488.8923034667969,1719180
2019-01-08,540.0,562.0,534.5,550.27001953125,498.83251953125,2686820
2019-01-09,554.9924926757812,564.9199829101562,552.9199829101562,562.6124877929688,510.02117919921875,1969660
2019-01-10,566.0,572.3900146484375,556.97998046875,570.8300170898438,517.470703125,1538300
2019-01-11,570.0075073242188,572.9000244140625,557.5499877929688,563.6500244140625,510.9617004394531,1145060
2019-01-14,565.0,569.2849731445312,559.4974975585938,561.4324951171875,508.95147705078125,1036220
2019-01-15,564.7999877929688,567.0,560.0,564.1325073242188,511.3991394042969,989400
2019-01-16,563.052490234375,564.5875244140625,549.0,552.7949829101562,501.12139892578125,2733580
2019-01-17,560.0,561.6475219726562,556.0999755859375,558.2849731445312,506.09820556640625,1454740
2019-01-18,560.0,566.322509765625,559.0499877929688,562.4199829101562,509.84661865234375,1535240
2019-01-21,564.7999877929688,565.447509765625,557.5050048828125,562.7625122070312,510.15716552734375,382160
2019-01-22,564.5,567.5,560.0,561.8275146484375,509.3096008300781,799160
2019-01-23,562.75,567.4000244140625,562.0,565.7949829101562,512.90625,1024200
2019-01-24,565.7949829101562,573.0,565.302490234375,571.6699829101562,518.2319946289062,2092360
2019-01-25,573.0,575.8499755859375,565.0,568.280029296875,515.1591186523438,1198560
2019-01-28,568.280029296875,571.0,557.75,568.030029296875,514.9322509765625,2079260
2019-01-29,569.0,572.0,564.6950073242188,569.9550170898438,516.6773071289062,1412640
2019-01-30,571.0,571.9874877929688,564.0,569.83251953125,516.5662841796875,785800
2019-01-31,571.0,576.947509765625,568.6525268554688,574.8925170898438,521.1533203125,1907460
2019-02-01,574.9025268554688,581.0999755859375,571.5075073242188,577.8275146484375,523.8139038085938,1238120
2019-02-04,575.75,582.1074829101562,575.0,576.6875,522.7804565429688,688680
2019-02-05,576.7474975585938,582.7000122070312,575.5050048828125,580.3724975585938,526.12109375,734540
2019-02-06,582.7000122070312,582.7000122070312,573.4849853515625,580.8699951171875,526.5719604492188,557700
2019-02-07,580.75,587.4500122070312,577.0,585.7849731445312,531.027587890625,723360
2019-02-08,585.3975219726562,587.5499877929688,555.5499877929688,562.135009765625,509.5883483886719,2293940
2019-02-11,565.0,565.0,538.2725219726562,542.1749877929688,491.494140625,2456820
2019-02-12,541.75,542.5,530.7849731445312,539.1900024414062,488.78814697265625,1951520
2019-02-14,527.0499877929688,538.947509765625,515.5,531.4400024414062,481.7626037597656,2491260
2019-02-15,522.5,537.0075073242188,512.5499877929688,526.7725219726562,477.5313720703125,8296260
2019-02-18,527.4500122070312,528.9974975585938,508.8125,517.4724731445312,469.1007080078125,1744700
2019-02-19,517.5025024414062,536.4525146484375,517.5025024414062,525.77001953125,476.6226501464844,1772020
2019-02-20,526.5750122070312,531.9425048828125,519.9625244140625,526.0900268554688,476.9126892089844,1247580
2019-02-21,525.0,533.572509765625,522.5,531.0974731445312,481.4520568847656,1405600
2019-02-22,531.9949951171875,535.4500122070312,528.08251953125,534.2725219726562,484.3303527832031,1105660
2019-02-25,536.9500122070312,543.5,534.0,541.58251953125,490.95697021484375,841720
2019-02-26,539.9500122070312,542.75,533.3250122070312,540.219970703125,489.7218017578125,1449340
2019-02-27,540.219970703125,541.032470703125,532.5900268554688,535.6849975585938,485.61083984375,1714260
2019-02-28,537.5,538.1724853515625,527.7550048828125,531.9874877929688,482.25885009765625,2237500
2019-03-01,532.0,533.75,520.302490234375,522.5900268554688,473.7400207519531,2195640
2019-03-05,514.072509765625,528.33251953125,514.072509765625,525.2974853515625,476.19427490234375,1633160
2019-03-06,529.6500244140625,529.6500244140625,509.75,516.0374755859375,467.79986572265625,2908680
2019-03-07,517.0,517.6300048828125,508.2550048828125,510.1675109863281,462.4786376953125,1561040
2019-03-08,510.99749755859375,511.0,501.75,504.75750732421875,457.5743103027344,1969960
2019-03-11,504.9674987792969,516.4500122070312,501.5824890136719,514.6400146484375,466.5329895019531,2282720
2019-03-12,514.9450073242188,525.5974731445312,513.0025024414062,521.4450073242188,472.7018737792969,1660860
2019-03-13,526.4000244140625,537.7474975585938,525.02001953125,536.1649780273438,486.0458984375,2675200
2019-03-14,537.9000244140625,538.5,527.0,536.9650268554688,486.7711486816406,1116080
2019-03-15,535.0650024414062,538.1024780273438,511.50250244140625,514.4949951171875,466.4015808105469,3669040
2019-03-18,518.75,524.77001953125,513.5599975585938,522.8300170898438,473.9574279785156,1225240
2019-03-19,522.8300170898438,537.75,520.4924926757812,535.3499755859375,485.3071594238281,1656420
2019-03-20,536.4949951171875,537.4974975585938,523.1749877929688,526.5075073242188,477.2911376953125,1192600
2019-03-22,529.6500244140625,532.4500122070312,526.3624877929688,530.032470703125,480.4866943359375,1713120
2019-03-25,525.7525024414062,527.4949951171875,515.1500244140625,526.4149780273438,477.2073669433594,2195700
2019-03-26,528.260009765625,539.5125122070312,525.7974853515625,534.594970703125,484.62261962890625,3013700
2019-03-27,534.5474853515625,552.4500122070312,528.8375244140625,544.5999755859375,493.6923828125,2792100
2019-03-28,546.9450073242188,556.5,540.0499877929688,553.655029296875,501.9010925292969,1836560
2019-04-01,549.0,556.0499877929688,543.0549926757812,545.7575073242188,494.7417297363281,1628620
2019-04-02,548.9849853515625,548.9849853515625,535.0,539.3400268554688,488.924072265625,1192180
2019-04-03,547.3499755859375,553.3499755859375,539.0,550.1875,498.75762939453125,1493840
2019-04-04,552.9500122070312,552.9500122070312,542.5,548.092529296875,496.85845947265625,803540
2019-04-05,546.7525024414062,554.5499877929688,545.0,549.0374755859375,497.7152404785156,520260
2019-04-08,549.9500122070312,552.5,540.2249755859375,542.530029296875,491.81591796875,740980
2019-04-09,544.4500122070312,544.4500122070312,537.0,539.5025024414062,489.0713806152344,1514600
2019-04-10,539.625,542.5,536.5,540.5974731445312,490.06402587890625,961780
2019-04-11,539.75,544.9500122070312,534.5,538.2050170898438,487.8952331542969,1878040
2019-04-12,538.39501953125,550.0,538.2150268554688,548.6900024414062,497.3999938964844,994740
2019-04-15,550.0,554.4500122070312,544.552490234375,548.5050048828125,497.2323913574219,1694700
2019-04-16,550.0,560.947509765625,549.75,557.7899780273438,505.6493835449219,1787100
2019-04-18,559.3200073242188,561.9974975585938,546.25,547.7224731445312,496.52301025390625,1127980
2019-04-22,548.25,556.25,542.5775146484375,543.9949951171875,493.1440734863281,637660
2019-04-23,547.0,548.9500122070312,543.5999755859375,545.510009765625,494.5174255371094,502380
2019-04-24,545.375,551.4774780273438,535.25,541.6699829101562,491.0362548828125,1527160
2019-04-25,544.5,549.5,539.0,542.322509765625,491.62786865234375,1804980
2019-04-26,542.5499877929688,552.4600219726562,541.1024780273438,548.5625,497.2846374511719,1028240
2019-04-30,545.0,548.7474975585938,542.7349853515625,545.2650146484375,495.42425537109375,1484760
2019-05-02,545.25,545.25,520.1525268554688,529.4849853515625,481.0866394042969,884980
2019-05-03,532.5,532.5,519.0,524.2849731445312,476.36181640625,2308960
2019-05-06,520.0,524.85498046875,515.2525024414062,518.2000122070312,471.8681640625,1802720
2019-05-07,520.0750122070312,529.4974975585938,520.0499877929688,523.85498046875,477.01751708984375,1452620
2019-05-08,524.3875122070312,526.7999877929688,513.7849731445312,514.91748046875,468.87908935546875,927820
2019-05-09,514.75,520.4500122070312,510.0,518.1099853515625,471.7862243652344,931040
2019-05-10,518.594970703125,521.782470703125,508.552490234375,511.5574951171875,465.81951904296875,1225460
2019-05-13,513.0999755859375,521.6624755859375,511.61248779296875,515.0025024414062,468.9565124511719,960840
2019-05-14,515.5,518.219970703125,506.00250244140625,509.9324951171875,464.33984375,1085500
2019-05-15,520.0499877929688,525.4500122070312,510.54998779296875,513.427490234375,467.5223693847656,2543800
2019-05-16,516.635009765625,520.0499877929688,512.7525024414062,514.0275268554688,468.0687255859375,786440
2019-05-17,514.9974975585938,527.3099975585938,512.842529296875,523.282470703125,476.4962158203125,1314080
2019-05-20,534.0,541.5999755859375,528.0175170898438,538.407470703125,490.2688293457031,991100
2019-05-21,542.4974975585938,544.2349853515625,524.697509765625,530.4600219726562,483.0320129394531,943640
2019-05-22,532.5025024414062,539.2100219726562,530.0,535.0275268554688,487.1911926269531,629940
2019-05-23,542.4000244140625,549.4500122070312,534.0,539.8524780273438,491.5847473144531,1125140
2019-05-24,540.6500244140625,542.4949951171875,529.614990234375,533.0025024414062,485.3470764160156,989300
2019-05-27,537.5,554.1500244140625,535.0,551.8125,502.47540283203125,1688000
2019-05-28,552.0,558.25,547.5,555.260009765625,505.61474609375,2668900
2019-05-29,556.25,564.7974853515625,549.3724975585938,560.2999877929688,510.2038879394531,2573080
2019-05-30,558.7625122070312,567.25,558.5,566.0250244140625,515.4171752929688,1868420
2019-05-31,567.5,577.0,565.1724853515625,574.905029296875,523.503173828125,1403440
2019-06-03,574.9299926757812,585.0,574.9299926757812,584.322509765625,532.0786743164062,1286040
2019-06-04,580.0,584.9000244140625,571.4000244140625,577.6174926757812,525.97314453125,1922880
2019-06-06,577.6174926757812,584.2000122070312,576.5,580.1649780273438,528.2928466796875,1653160
2019-06-07,580.5,581.4000244140625,572.5499877929688,575.1925048828125,523.7650146484375,874520
2019-06-10,580.35498046875,586.4500122070312,568.7999877929688,584.9199829101562,532.6227416992188,966820
2019-06-11,587.75,590.885009765625,574.905029296875,581.1475219726562,529.1876220703125,1445720
2019-06-12,583.7000122070312,585.75,575.25,584.7750244140625,532.4906616210938,867480
2019-06-13,581.0,583.0775146484375,578.5025024414062,580.6875,528.7686767578125,1383120
2019-06-14,580.7750244140625,586.1824951171875,572.5499877929688,574.4500122070312,523.0888671875,811280
2019-06-17,577.9500122070312,581.4824829101562,571.282470703125,574.04248046875,522.7177734375,915720
2019-06-18,575.2525024414062,577.5974731445312,565.0,572.8800048828125,521.6592407226562,1110580
2019-06-19,573.9450073242188,582.5250244140625,572.5,580.5850219726562,528.6753540039062,1390200
2019-06-20,580.6525268554688,587.9500122070312,573.7100219726562,585.9025268554688,533.5175170898438,1307920
2019-06-21,585.5,589.5,576.95751953125,580.0449829101562,528.1836547851562,2239600
2019-06-24,580.0,588.0,577.5075073242188,585.5999755859375,533.241943359375,484440
2019-06-25,584.0025024414062,586.8624877929688,580.6724853515625,585.29248046875,532.9619750976562,754960
2019-06-26,585.2999877929688,597.5,584.0399780273438,590.125,537.3623657226562,2864260
2019-06-27,590.5150146484375,593.344970703125,584.2224731445312,590.1425170898438,537.3783569335938,1878540
2019-06-28,588.0999755859375,597.0,587.75,595.6300048828125,542.3751220703125,1141380
2019-07-01,599.2000122070312,601.1624755859375,591.1824951171875,593.4375,540.3787231445312,818020
2019-07-02,593.0,600.2474975585938,590.0499877929688,598.2424926757812,544.7540283203125,1332940
2019-07-03,598.2000122070312,599.927490234375,588.9974975585938,590.95751953125,538.1204833984375,1263040
2019-07-04,590.5,598.5,589.9974975585938,594.2224731445312,541.093505859375,474280
2019-07-05,596.4974975585938,600.0,592.0,597.844970703125,544.39208984375,707520
2019-07-08,596.4500122070312,596.4500122070312,587.5999755859375,590.072509765625,537.3145751953125,910140
2019-07-09,590.989990234375,591.2000122070312,581.5,584.3524780273438,532.10595703125,1236860
2019-07-10,585.75,589.75,576.5,577.5225219726562,525.88671875,884740
2019-07-11,581.2025146484375,581.2025146484375,573.5750122070312,575.3400268554688,523.8993530273438,929840
2019-07-12,575.3499755859375,585.9000244140625,575.3499755859375,583.6074829101562,531.4276733398438,552100
2019-07-15,584.4500122070312,584.4500122070312,573.280029296875,574.2224731445312,522.8817749023438,388640
2019-07-16,581.5999755859375,587.0974731445312,574.35498046875,585.4324951171875,533.0892944335938,848980
2019-07-17,585.2999877929688,587.489990234375,580.125,584.77001953125,532.4862060546875,498440
2019-07-18,586.3400268554688,587.1799926757812,577.125,579.8375244140625,527.9948120117188,947880
2019-07-19,582.4949951171875,586.25,575.614990234375,577.3524780273438,525.7318725585938,1733540
2019-07-22,575.4025268554688,578.1275024414062,563.25,565.2349853515625,514.6976318359375,949280
2019-07-23,565.25,584.6500244140625,565.25,573.5374755859375,522.2579345703125,1231260
2019-07-24,575.0,580.9874877929688,564.9375,573.9949951171875,522.674560546875,994800
2019-07-25,575.4500122070312,583.342529296875,572.0,574.75,523.3619384765625,1077700
2019-07-26,576.25,583.572509765625,573.5,581.1624755859375,529.201171875,610880
2019-07-29,580.0,584.5,573.9625244140625,581.0125122070312,529.0646362304688,921040
2019-07-30,583.6925048828125,584.5275268554688,575.0,576.8275146484375,525.2538452148438,689180
2019-07-31,575.0025024414062,587.0,570.0499877929688,583.7949829101562,531.598388671875,939420
2019-08-01,583.2000122070312,583.2000122070312,572.25,577.3499755859375,525.7294311523438,692460
2019-08-02,571.25,576.8074951171875,566.1224975585938,570.5750122070312,519.560302734375,1130960
2019-08-05,576.4000244140625,597.5,574.5,585.6400146484375,533.2783813476562,2459600
2019-08-06,585.5,599.9000244140625,585.052490234375,591.8775024414062,538.9580688476562,1719840
2019-08-07,589.5,595.4824829101562,586.6074829101562,588.8724975585938,536.2218627929688,939920
2019-08-08,590.0,596.5,588.75,592.0125122070312,539.0810546875,732280
2019-08-09,589.0,613.4249877929688,585.0,599.6649780273438,555.5745849609375,2330960
2019-08-13,598.1099853515625,609.6475219726562,591.0025024414062,594.6724853515625,550.9492797851562,1548260
2019-08-14,594.6724853515625,607.9500122070312,592.5050048828125,601.8275146484375,557.5782470703125,1167520
2019-08-16,604.9949951171875,605.39501953125,595.344970703125,600.219970703125,556.0889282226562,1137700
2019-08-19,604.5,612.9949951171875,602.0025024414062,603.3300170898438,558.9703369140625,897660
2019-08-20,605.7000122070312,607.79248046875,595.8350219726562,598.489990234375,554.4861450195312,1359040
2019-08-21,598.5,632.3250122070312,598.5,629.7050170898438,583.4060668945312,5460120
2019-08-22,632.0,639.9500122070312,620.2625122070312,623.5,577.6572265625,2017160
2019-08-23,624.9749755859375,627.3800048828125,612.5,621.9324951171875,576.2048950195312,1171420
2019-08-26,631.0875244140625,631.0875244140625,611.5,619.5675048828125,574.0138549804688,1558120
2019-08-27,617.7050170898438,627.5,617.7050170898438,623.6174926757812,577.7659912109375,1853980
2019-08-28,627.25,642.5,620.4974975585938,625.8699951171875,579.85302734375,2072940
2019-08-29,632.1500244140625,644.5,630.5,635.842529296875,589.09228515625,4878540
2019-08-30,636.25,647.4400024414062,628.3499755859375,643.760009765625,596.4276733398438,2480100
2019-09-03,641.5,644.9500122070312,629.8800048828125,634.5474853515625,587.8925170898438,1585360
2019-09-04,634.9874877929688,637.530029296875,619.3825073242188,624.0374755859375,578.1552124023438,1828700
2019-09-05,624.0025024414062,633.75,624.0025024414062,630.6074829101562,584.2421875,1058820
2019-09-06,632.5,635.6099853515625,625.25,630.697509765625,584.3255615234375,1156360
2019-09-09,631.4650268554688,645.0,628.2349853515625,641.8175048828125,594.6279296875,1366820
2019-09-11,641.947509765625,642.0974731445312,633.16748046875,637.947509765625,591.0426025390625,2113300
2019-09-12,638.822509765625,641.8099975585938,626.0150146484375,627.844970703125,581.6828002929688,1470060
2019-09-13,628.5,635.9500122070312,625.4749755859375,634.4650268554688,587.8161010742188,1130140
2019-09-16,625.594970703125,643.4974975585938,625.594970703125,642.0474853515625,594.8409423828125,970100
2019-09-17,638.0025024414062,639.5,635.302490234375,638.2125244140625,591.2879638671875,1409440
2019-09-18,642.2000122070312,644.4974975585938,632.5,643.4500122070312,596.140380859375,890360
2019-09-19,637.0025024414062,644.4000244140625,631.75,634.7449951171875,588.0755004882812,1554380
2019-09-20,637.25,681.4724731445312,626.5499877929688,674.969970703125,625.3429565429688,5681400
2019-09-23,685.0,705.8599853515625,680.092529296875,685.6599731445312,635.2468872070312,2772100
2019-09-24,686.0,690.0,665.5075073242188,671.5349731445312,622.160400390625,2326640
2019-09-25,671.2000122070312,678.6500244140625,665.2550048828125,672.9249877929688,623.4482421875,1664920
2019-09-26,677.25,707.2000122070312,676.2525024414062,696.72998046875,645.5029296875,17945060
2019-09-27,692.0,694.907470703125,680.0,687.0449829101562,636.5299682617188,2202380
2019-09-30,687.0050048828125,699.5999755859375,684.0,694.4824829101562,643.420654296875,1929980
2019-10-01,694.4500122070312,697.3474731445312,682.4949951171875,684.0775146484375,633.7807006835938,1670900
2019-10-03,684.0,687.47998046875,678.302490234375,685.4924926757812,635.0916748046875,817880
2019-10-04,689.5999755859375,689.5999755859375,666.7949829101562,672.0499877929688,622.6376342773438,1838180
2019-10-07,675.4099731445312,684.9000244140625,673.0,680.16748046875,630.158203125,855260
2019-10-09,682.25,695.5,675.5025024414062,692.9149780273438,641.9684448242188,1871540
2019-10-10,692.8499755859375,692.8499755859375,684.0,690.9924926757812,640.1873168945312,558100
2019-10-11,690.9924926757812,703.75,690.9924926757812,701.6199951171875,650.0333862304688,1221500
2019-10-14,706.75,710.75,697.5,708.4500122070312,656.3614501953125,1413440
2019-10-15,707.60498046875,710.25,701.7974853515625,704.3400268554688,652.5535888671875,1956160
2019-10-16,704.9949951171875,720.177490234375,704.0,717.5750122070312,664.8154907226562,1345580
2019-10-17,719.1500244140625,731.5175170898438,708.0,725.842529296875,672.4751586914062,2289860
2019-10-18,725.9550170898438,747.16748046875,720.1649780273438,741.7725219726562,687.2337646484375,2431300
2019-10-22,744.4000244140625,755.5474853515625,741.7999877929688,751.0,695.7828369140625,2760220
2019-10-23,754.5499877929688,756.29248046875,745.8125,749.1500244140625,694.06884765625,1179720
2019-10-24,750.9500122070312,752.4000244140625,731.29248046875,733.2999877929688,679.3842163085938,2296260
2019-10-25,738.9500122070312,745.0,723.0675048828125,740.16748046875,685.7466430664062,2629580
2019-10-27,746.75,747.4749755859375,738.9149780273438,740.6699829101562,686.21240234375,225560
2019-10-29,743.4000244140625,743.4000244140625,725.5,734.9874877929688,680.9476318359375,1980760
2019-10-30,744.3499755859375,749.9450073242188,737.5150146484375,748.3900146484375,693.36474609375,1161220
2019-10-31,748.5025024414062,757.344970703125,739.1925048828125,747.3499755859375,692.4011840820312,1605220
2019-11-01,747.3499755859375,753.47998046875,742.5150146484375,747.989990234375,692.994140625,987840
2019-11-04,749.4199829101562,754.5850219726562,740.0549926757812,740.66748046875,686.2100219726562,791620
2019-11-05,742.0,744.25,730.27001953125,732.510009765625,678.6522216796875,1665300
2019-11-06,733.75,741.0499877929688,729.4324951171875,732.4824829101562,678.626708984375,1573180
2019-11-07,735.5,739.5025024414062,727.5499877929688,735.5625,681.4803466796875,948760
2019-11-08,737.5,742.5,718.7000122070312,723.5650024414062,670.364990234375,1640580
2019-11-11,724.5,729.9949951171875,702.5549926757812,705.4224853515625,653.556396484375,2906820
2019-11-13,705.4224853515625,716.47998046875,703.5125122070312,711.6624755859375,659.3375244140625,1333020
2019-11-14,712.5,715.0474853515625,705.0,711.5675048828125,659.2496948242188,1209520
2019-11-15,713.092529296875,721.8499755859375,707.6525268554688,714.7775268554688,662.2237548828125,1516740
2019-11-18,717.4949951171875,717.4949951171875,702.9525146484375,704.2775268554688,652.49560546875,1299560
2019-11-19,705.5,710.594970703125,700.47998046875,705.85498046875,653.9569702148438,895740
2019-11-20,705.8499755859375,714.4500122070312,699.125,711.4324951171875,659.1246337890625,1588360
2019-11-21,712.0,714.0075073242188,706.0549926757812,708.9724731445312,656.845458984375,809680
2019-11-22,709.5,715.0474853515625,705.0999755859375,708.5750122070312,656.47705078125,862640
2019-11-25,712.407470703125,729.0,707.75,724.3400268554688,671.0829467773438,1491540
2019-11-26,719.9425048828125,730.0,711.2725219726562,726.219970703125,672.8247680664062,3984960
2019-11-27,728.0,735.0,711.342529296875,728.135009765625,674.598876953125,1438380
2019-11-28,731.7750244140625,735.0,728.7000122070312,732.9774780273438,679.0852661132812,913560
2019-11-29,734.9500122070312,734.9500122070312,720.5499877929688,722.697509765625,669.561279296875,937460
2019-12-02,722.697509765625,731.5650024414062,714.2949829101562,727.8825073242188,674.364990234375,1499080
2019-12-03,727.6649780273438,727.6649780273438,715.2899780273438,717.6749877929688,664.9080200195312,1097440
2019-12-04,716.5,718.75,710.0499877929688,715.3125,662.7193603515625,1117760
2019-12-05,719.782470703125,719.782470703125,711.0,714.4824829101562,661.9501953125,1586700
2019-12-06,715.0499877929688,716.217529296875,707.4500122070312,708.3150024414062,656.236083984375,1169740
2019-12-09,711.5,713.4500122070312,700.25,711.625,659.3027954101562,1954240
2019-12-10,711.2000122070312,712.1475219726562,701.5850219726562,704.5850219726562,655.3128662109375,1236000
2019-12-11,705.4500122070312,707.7999877929688,700.5,703.2999877929688,654.11767578125,966120
2019-12-12,703.85498046875,711.635009765625,703.85498046875,707.7474975585938,658.2540893554688,1336820
2019-12-13,709.5,719.4749755859375,700.5499877929688,715.0800170898438,665.073974609375,3121000
2019-12-16,713.0,721.530029296875,706.8499755859375,707.58251953125,658.1007690429688,1341440
2019-12-17,710.7449951171875,712.35498046875,704.0499877929688,707.45751953125,657.9844970703125,1628500
2019-12-18,710.0,714.0,702.77001953125,709.5549926757812,659.9351806640625,1874320
2019-12-19,709.5999755859375,714.9500122070312,705.0,714.27001953125,664.3206176757812,1373840
2019-12-20,713.0,748.9000244140625,711.1024780273438,742.9124755859375,690.9599609375,8460660
2019-12-23,739.2999877929688,749.66748046875,724.5,726.625,675.8115234375,2500620
2019-12-24,729.0,731.1624755859375,723.092529296875,729.2999877929688,678.2994995117188,793720
2019-12-26,730.0,735.75,728.0,729.9625244140625,678.9156494140625,918480
2019-12-27,732.4400024414062,734.4824829101562,728.7249755859375,733.20751953125,681.9336547851562,587700
2019-12-30,733.9949951171875,745.0,730.0050048828125,742.594970703125,690.6648559570312,1754400
2019-12-31,743.2000122070312,746.2150268554688,735.5,739.2675170898438,687.570068359375,1255300
2020-01-01,740.9500122070312,742.467529296875,735.6124877929688,738.9525146484375,687.2771606445312,477180
2020-01-02,742.4450073242188,742.6475219726562,734.3574829101562,736.467529296875,684.9658813476562,922320
2020-01-03,737.5,739.75,727.8049926757812,729.6799926757812,678.6529541015625,800000
2020-01-06,727.0999755859375,727.0999755859375,713.75,720.83251953125,670.4242553710938,1302720
2020-01-07,721.177490234375,727.3375244140625,713.04248046875,714.5374755859375,664.5693969726562,1444740
2020-01-08,709.5800170898438,722.5,706.0175170898438,719.5625,669.242919921875,789760
2020-01-09,724.75,733.75,722.5,732.1724853515625,680.9710693359375,1114160
2020-01-10,732.1724853515625,735.9450073242188,728.5125122070312,734.29248046875,682.94287109375,785480
2020-01-13,737.39501953125,737.39501953125,730.0499877929688,732.9124755859375,681.659423828125,539800
2020-01-14,732.89501953125,744.75,730.3499755859375,743.4299926757812,691.4414672851562,1007560
2020-01-15,741.4000244140625,747.5,735.9425048828125,743.010009765625,691.0509033203125,829360
2020-01-16,742.5499877929688,769.9000244140625,742.405029296875,767.7449951171875,714.0560913085938,4064160
2020-01-17,769.9500122070312,780.0,767.9324951171875,771.9724731445312,717.9879760742188,1927980
2020-01-20,761.5075073242188,773.969970703125,761.5075073242188,770.8624877929688,716.95556640625,1375400
2020-01-21,768.052490234375,775.0800170898438,760.0,764.0374755859375,710.6077880859375,1265160
2020-01-22,768.4500122070312,779.25,765.0499877929688,777.4349975585938,723.0684814453125,1112540
2020-01-23,775.0,781.25,772.75,777.4425048828125,723.075439453125,857220
2020-01-24,780.0,792.5,775.0075073242188,787.7750244140625,732.685302734375,1012640
2020-01-27,785.0,792.25,777.9974975585938,783.302490234375,728.5254516601562,627240
2020-01-28,783.2000122070312,785.5,768.3400268554688,770.83251953125,716.9276733398438,1062140
2020-01-29,779.25,794.9974975585938,772.0,793.3375244140625,737.8587646484375,1285020
2020-01-30,790.0999755859375,790.54248046875,773.5625,776.0399780273438,721.7708740234375,945040
2020-01-31,778.0,781.8624877929688,765.5150146484375,767.9724731445312,714.2676391601562,1192980
2020-02-03,779.4500122070312,825.0,776.5,815.0499877929688,758.052978515625,4075040
2020-02-04,820.0,825.39501953125,806.3524780273438,822.780029296875,765.242431640625,2328320
2020-02-05,823.7999877929688,824.094970703125,812.802490234375,819.2424926757812,761.9522094726562,1150220
2020-02-06,819.9500122070312,827.4724731445312,807.8900146484375,814.2474975585938,757.3065185546875,1481680
2020-02-07,817.0,819.25,809.72998046875,816.3900146484375,759.29931640625,828140
2020-02-10,815.0,818.655029296875,805.5999755859375,808.6099853515625,752.0633544921875,1225400
2020-02-11,812.0,815.0025024414062,797.5,799.8574829101562,743.9229125976562,1467000
2020-02-12,801.2999877929688,823.6300048828125,798.4224853515625,814.885009765625,757.8995361328125,2580220
2020-02-13,816.4000244140625,823.0750122070312,813.8674926757812,820.6099853515625,763.22412109375,3024560
2020-02-14,825.0,839.1199951171875,812.5,817.822509765625,760.631591796875,3314160
2020-02-17,820.6500244140625,830.75,818.6500244140625,829.4224853515625,771.4204711914062,2795760
2020-02-18,828.4949951171875,828.4949951171875,819.2525024414062,820.1925048828125,762.8358764648438,1800260
2020-02-19,826.9299926757812,841.5750122070312,823.7899780273438,839.2525024414062,780.56298828125,1900000
2020-02-20,837.0,837.0,826.27001953125,826.9749755859375,769.1441650390625,1314640
2020-02-24,824.9500122070312,828.8375244140625,815.8499755859375,816.8624877929688,759.7387084960938,1330320
2020-02-25,818.6500244140625,827.04248046875,815.467529296875,819.0250244140625,761.75,1818320
2020-02-26,827.25,827.25,807.5025024414062,812.0075073242188,755.2232055664062,2336780
2020-02-27,815.0,817.04248046875,802.875,813.1875,756.3206787109375,1803980
2020-02-28,802.0999755859375,806.4525146484375,784.0,788.9425048828125,733.7711181640625,2813460
2020-03-02,797.5,815.75,795.0499877929688,805.4974975585938,749.16845703125,2344640
2020-03-03,806.5125122070312,824.9500122070312,806.5125122070312,817.969970703125,760.7686767578125,1867440
2020-03-04,819.8499755859375,831.625,801.0,827.0750122070312,769.237060546875,2234220
2020-03-05,827.5,841.7575073242188,824.125,828.8150024414062,770.8554077148438,1701800
2020-03-06,817.905029296875,828.2775268554688,810.0050048828125,821.4650268554688,764.0193481445312,1724240
2020-03-09,812.4650268554688,817.5,785.0549926757812,801.5675048828125,745.5132446289062,2473680
2020-03-11,800.2575073242188,810.0,788.6400146484375,802.427490234375,746.3131713867188,2474640
2020-03-12,793.4724731445312,794.1375122070312,752.25,778.2775268554688,723.85205078125,4457320
2020-03-13,767.0499877929688,792.75,702.5,749.5900268554688,697.1705322265625,5232400
2020-03-16,740.0,746.552490234375,674.6325073242188,719.8599853515625,669.51953125,4424560
2020-03-17,725.0,738.8499755859375,712.5,727.0499877929688,676.2067260742188,3539600
2020-03-18,727.5,736.9000244140625,670.0,676.8400268554688,629.5081176757812,4258440
2020-03-19,650.0250244140625,672.4199829101562,628.8524780273438,656.0150146484375,610.1393432617188,4294200
2020-03-20,659.9000244140625,721.655029296875,657.5,707.2750244140625,657.8148193359375,4098500
2020-03-23,637.52001953125,699.989990234375,637.5025024414062,647.2324829101562,601.9710693359375,3918540
2020-03-24,694.4500122070312,694.4500122070312,610.0,673.91748046875,626.7899780273438,5173340
2020-03-25,640.0,726.0,640.0,722.2050170898438,671.70068359375,3974440
2020-03-26,734.9849853515625,755.0,702.5775146484375,745.9824829101562,693.8153686523438,4106880
2020-03-27,770.0,776.7000122070312,740.0,755.4299926757812,702.6021728515625,3504880
2020-03-30,749.5,794.5,734.385009765625,782.9324951171875,728.181396484375,4029400
2020-03-31,792.4500122070312,821.2474975585938,785.0625,815.030029296875,758.0344848632812,3678380
2020-04-01,815.0125122070312,822.7999877929688,775.0,782.7274780273438,727.99072265625,2550240
2020-04-03,796.9849853515625,796.9849853515625,750.25,755.2324829101562,702.4185180664062,3815520
2020-04-07,778.75,860.0,771.302490234375,851.9324951171875,792.3562622070312,4938020
2020-04-08,832.5,877.2025146484375,827.7725219726562,843.5625,784.571533203125,4968900
2020-04-09,871.8474731445312,877.2000122070312,828.75,841.9849853515625,783.1043090820312,4150160
2020-04-13,842.25,848.7000122070312,816.5075073242188,829.9974975585938,771.9551391601562,1658140
2020-04-15,832.85498046875,869.5499877929688,832.85498046875,866.2949829101562,805.7144165039062,3111580
2020-04-16,866.0,900.08251953125,852.6074829101562,894.7625122070312,832.191162109375,4514800
2020-04-17,918.4974975585938,918.4974975585938,861.1699829101562,866.2150268554688,805.6400146484375,3745420
2020-04-20,874.489990234375,874.489990234375,846.5,848.8200073242188,789.461181640625,2703940
2020-04-21,840.0,862.0,835.0,850.7675170898438,791.272705078125,2675080
2020-04-22,850.41748046875,885.0,840.8599853515625,882.1024780273438,820.4164428710938,4044820
2020-04-23,879.9974975585938,890.0,865.2999877929688,871.802490234375,810.8367309570312,3742000
2020-04-24,865.0,890.0,865.0,870.302490234375,809.4415283203125,2902320
2020-04-27,879.25,900.75,871.25,897.5399780273438,834.7743530273438,2439720
2020-04-28,898.8250122070312,901.1475219726562,875.0499877929688,878.4824829101562,817.0494995117188,2150860
2020-04-29,887.4000244140625,887.4000244140625,870.0,874.4849853515625,813.33154296875,2104840
2020-04-30,885.0,900.0,875.5999755859375,896.2324829101562,833.5581665039062,3167400
2020-05-04,871.0250244140625,886.407470703125,868.0025024414062,872.822509765625,811.7854614257812,2379480
2020-05-05,878.5499877929688,881.8474731445312,855.0,871.0750122070312,810.1600952148438,2613580
2020-05-06,871.0750122070312,880.85498046875,863.5,865.4650268554688,804.9425048828125,2710180
2020-05-07,860.0,864.0,841.2625122070312,857.1224975585938,797.1832275390625,4181520
2020-05-08,867.5,891.0,860.0750122070312,890.1475219726562,827.8988037109375,3584000
2020-05-11,888.5,896.0,874.5,878.10498046875,816.698486328125,3680620
2020-05-12,880.4500122070312,888.8499755859375,869.25,873.0974731445312,812.0411376953125,4778500
2020-05-13,887.5,887.5,820.0,825.6174926757812,767.8814697265625,11240660
2020-05-14,830.0,842.5,810.0499877929688,812.125,755.3324584960938,8204760
2020-05-15,825.0,827.5,810.0974731445312,822.1900024414062,764.693603515625,5431840
2020-05-18,822.0499877929688,828.75,808.1099853515625,812.0175170898438,755.2325439453125,3359200
2020-05-19,814.010009765625,820.7899780273438,805.4324951171875,807.5150146484375,751.0448608398438,2362880
2020-05-20,812.0499877929688,829.7474975585938,807.5499877929688,815.1699829101562,758.16455078125,3590780
2020-05-21,816.5,825.25,813.25,814.7725219726562,757.794921875,2421600
2020-05-22,814.7999877929688,819.8400268554688,807.5,810.7575073242188,754.0606079101562,2366000
2020-05-26,819.0,837.5,816.219970703125,832.7575073242188,774.5220947265625,3973840
2020-05-27,835.0,841.0,824.35498046875,835.8250122070312,777.3750610351562,3350660
2020-05-28,835.8250122070312,851.5,834.0,849.45751953125,790.0543212890625,3525760
2020-05-29,847.5,880.0,839.2274780273438,877.0399780273438,815.7079467773438,4889320
2020-06-01,877.0399780273438,887.4500122070312,855.5499877929688,859.1724853515625,799.0899658203125,3503720
2020-06-02,873.8499755859375,873.8499755859375,848.5999755859375,850.7224731445312,791.2308349609375,2644020
2020-06-03,858.75,876.0974731445312,857.5999755859375,870.3775024414062,809.5111694335938,2922020
2020-06-04,870.344970703125,877.3275146484375,857.4025268554688,859.8300170898438,799.7014770507812,1952620
2020-06-05,865.8499755859375,873.0,847.8275146484375,854.842529296875,795.0628662109375,3241920
2020-06-08,862.5,862.5,839.5,841.8099975585938,782.9415893554688,2941400
2020-06-09,832.5999755859375,849.25,826.0499877929688,827.6275024414062,769.7509155273438,3493700
2020-06-10,832.5,841.5999755859375,820.5,826.7349853515625,768.9208374023438,2468800
2020-06-11,827.5,842.5,826.7874755859375,830.4124755859375,775.2010498046875,3302620
2020-06-12,815.0,835.85498046875,815.0,824.8150024414062,769.9757080078125,2813560
2020-06-15,825.0,832.5,818.5,820.0150146484375,765.4947509765625,2793080
2020-06-16,829.9000244140625,829.9000244140625,813.5,817.10498046875,762.7783203125,3864740
2020-06-17,817.25,822.0,805.7575073242188,809.907470703125,756.0592651367188,2539180
2020-06-18,810.9249877929688,815.0,802.72998046875,808.947509765625,755.1631469726562,3168900
2020-06-19,814.5,815.282470703125,802.6099853515625,804.7424926757812,751.2378540039062,3377860
2020-06-22,814.5,814.5,803.25,807.0399780273438,753.3825073242188,2718300
2020-06-23,814.489990234375,836.0,810.5025024414062,827.4224853515625,772.409912109375,4894700
2020-06-24,833.0,843.0,825.95751953125,835.3975219726562,779.8546752929688,4021380
2020-06-25,829.5150146484375,842.5,828.25,839.3499755859375,783.544189453125,3393300
2020-06-26,842.5,846.5,831.5,833.875,778.4334106445312,2206820
2020-06-29,837.0,849.030029296875,827.0,836.2424926757812,780.6434326171875,3392920
2020-06-30,839.9500122070312,864.9000244140625,837.6950073242188,858.7224731445312,801.6288452148438,4020660
2020-07-01,860.25,860.25,836.0,839.9425048828125,784.0973510742188,4338000
2020-07-02,849.25,849.25,833.0549926757812,839.467529296875,783.6539916992188,2939400
2020-07-03,840.6900024414062,849.5,832.5,834.780029296875,779.2781372070312,3633160
2020-07-06,837.75,842.0999755859375,834.3474731445312,840.0999755859375,784.244384765625,1966740
2020-07-07,842.75,847.5,836.5025024414062,845.6199951171875,789.3973999023438,2827120
2020-07-08,846.7999877929688,857.5,836.8499755859375,840.1024780273438,784.2467651367188,4374420
2020-07-09,842.0,848.2974853515625,834.0499877929688,837.9550170898438,782.2420654296875,1837880
2020-07-10,837.9550170898438,843.7474975585938,831.4000244140625,841.655029296875,785.6961669921875,2672220
2020-07-13,844.25,854.9000244140625,843.7525024414062,847.842529296875,791.4722290039062,2280580
2020-07-14,847.4500122070312,855.7575073242188,842.5999755859375,844.7899780273438,788.6226196289062,1517060
2020-07-15,847.0,857.1500244140625,837.0,845.4375,789.2269897460938,2530380
2020-07-16,846.2999877929688,888.22998046875,838.0,874.782470703125,816.6209106445312,5930740
2020-07-17,874.7000122070312,881.0,858.25,861.4974975585938,804.2193603515625,2502760
2020-07-20,866.2000122070312,868.5,853.530029296875,862.3499755859375,805.0150146484375,3931480
2020-07-21,867.5,874.7474975585938,860.4025268554688,863.780029296875,806.3501586914062,4223720
2020-07-22,867.5,872.0,850.052490234375,857.592529296875,800.5740356445312,3129560
2020-07-23,856.0,864.947509765625,852.5,862.8200073242188,805.453857421875,2138820
2020-07-24,856.2550048828125,870.5,848.0,862.592529296875,805.2416381835938,4145600
2020-07-27,865.0,870.7474975585938,860.594970703125,867.5125122070312,809.8343505859375,2076560
2020-07-28,870.3499755859375,873.7324829101562,850.385009765625,854.77001953125,797.939208984375,3179340
2020-07-29,849.9974975585938,859.9500122070312,825.530029296875,829.8925170898438,774.7156372070312,9010100
2020-07-30,837.0,838.5974731445312,822.5549926757812,826.2000122070312,771.2686767578125,2569680
2020-07-31,826.2999877929688,833.7125244140625,821.6099853515625,826.1099853515625,771.1846923828125,2958800
2020-08-03,826.4000244140625,830.0,817.5,826.239990234375,771.305908203125,2316860
2020-08-04,831.7650146484375,832.427490234375,820.6925048828125,829.0,773.8823852539062,2200960
2020-08-05,831.5,832.197509765625,823.0,825.16748046875,770.3047485351562,1955300
2020-08-06,830.0,835.0,822.5,833.8574829101562,778.4168701171875,2117760
2020-08-07,833.4450073242188,844.9500122070312,827.7949829101562,839.4299926757812,783.6190185546875,1769000
2020-08-10,839.4974975585938,842.9974975585938,832.0,833.2874755859375,777.8848266601562,1282880
2020-08-11,836.25,839.282470703125,829.0499877929688,831.1400146484375,775.8801879882812,757460
2020-08-12,829.1024780273438,831.1024780273438,822.5,827.04248046875,772.0551147460938,1643260
2020-08-13,823.0999755859375,833.0974731445312,822.9199829101562,823.7100219726562,768.944091796875,1326060
2020-08-14,824.3499755859375,827.4500122070312,815.2525024414062,817.7349853515625,763.3663330078125,1188680
2020-08-17,822.5,826.2249755859375,815.6875,821.14501953125,766.5497436523438,1251680
2020-08-18,820.0,831.22998046875,815.5499877929688,827.72998046875,772.6968994140625,2088000
2020-08-19,825.0,827.6624755859375,815.7750244140625,817.2874755859375,762.94873046875,2500100
2020-08-20,815.0,817.0,809.2625122070312,810.5974731445312,756.7035522460938,1961700
2020-08-21,816.125,834.5,812.5,828.0974731445312,773.0399169921875,2882860
2020-08-24,829.0,835.39501953125,820.0499877929688,823.9400024414062,769.1589965820312,1481440
2020-08-25,822.7999877929688,823.8975219726562,813.25,814.4099731445312,760.262451171875,2177340
2020-08-26,814.5250244140625,817.41748046875,808.5,809.5025024414062,755.6812133789062,2330160
2020-08-27,811.75,812.0150146484375,804.25,805.6849975585938,752.1175537109375,2552900
2020-08-28,807.7999877929688,818.4000244140625,804.5,805.0625,751.5364379882812,2969780
2020-08-31,810.75,814.3499755859375,793.75,797.4774780273438,744.455810546875,4425860
2020-09-01,799.75,812.7474975585938,786.9949951171875,809.844970703125,756.0010375976562,3538940
2020-09-02,809.5499877929688,813.0,798.5,799.6275024414062,746.4627685546875,2123840
2020-09-03,802.5,821.97998046875,796.0625,819.6875,765.1890869140625,2677740
2020-09-04,807.75,821.1950073242188,807.5,811.6300048828125,757.6674194335938,1978640
2020-09-07,812.0499877929688,825.75,798.60498046875,820.1749877929688,765.6442260742188,2096160
2020-09-08,818.47998046875,818.47998046875,805.0,806.3250122070312,752.715087890625,2108280
2020-09-09,800.0,817.5,800.0,815.625,761.396728515625,2716000
2020-09-10,813.0625,822.5,810.0625,821.0349731445312,766.4468994140625,1544160
2020-09-11,820.0,820.0,810.2000122070312,816.2675170898438,761.9965209960938,1624560
2020-09-14,820.0,820.0,802.0025024414062,804.1649780273438,750.6986083984375,2058520
2020-09-15,804.5,808.2949829101562,800.5999755859375,802.0474853515625,748.7219848632812,1899680
2020-09-16,803.3250122070312,811.25,802.5,809.8900146484375,756.04296875,2485240
2020-09-17,812.0,814.9400024414062,804.5,806.0675048828125,752.4746704101562,2013620
2020-09-18,812.5,812.5,796.25,804.3524780273438,750.8735961914062,3947020
2020-09-21,801.25,802.4749755859375,757.7249755859375,771.5374755859375,720.2403564453125,5543300
2020-09-22,771.5,771.5,755.0,759.9625244140625,709.43505859375,2142400
2020-09-23,760.0025024414062,769.947509765625,756.5,768.302490234375,717.2205200195312,2628600
2020-09-24,767.4000244140625,771.9149780273438,758.75,762.9425048828125,712.2169799804688,2225500
2020-09-25,774.75,791.5,765.0499877929688,786.8400268554688,734.5254516601562,3565380
2020-09-28,791.0,793.5275268554688,781.0075073242188,785.989990234375,733.7319946289062,1088220
2020-09-29,790.0,792.552490234375,778.75,781.04248046875,729.1134033203125,963580
2020-09-30,781.4974975585938,801.4375,780.2525024414062,795.9324951171875,743.0135498046875,2070000
2020-10-01,795.9500122070312,802.5,789.8800048828125,800.0250244140625,746.8339233398438,1252760
2020-10-05,799.9000244140625,807.0,786.6174926757812,801.657470703125,748.3577880859375,1421620
2020-10-06,801.6500244140625,806.4000244140625,791.7025146484375,793.842529296875,741.0625,1505560
2020-10-07,797.8099975585938,806.2474975585938,792.7324829101562,805.719970703125,752.150146484375,1992940
2020-10-08,805.0,816.5,802.6024780273438,815.22998046875,761.0278930664062,1571520
2020-10-09,812.5,817.5,799.25,801.7050170898438,748.4022827148438,1484920
2020-10-12,805.0,807.47998046875,793.0,795.1099853515625,742.2457275390625,1163320
2020-10-13,794.0,798.9625244140625,782.5999755859375,783.6500244140625,731.5476684570312,1524700
2020-10-14,783.7000122070312,791.0,777.5,783.6525268554688,731.5498657226562,1331900
2020-10-15,785.0,789.4000244140625,778.0900268554688,780.1375122070312,728.2686767578125,1004880
2020-10-16,782.5,791.02001953125,768.75,771.5125122070312,720.21728515625,2647220
2020-10-19,777.5,808.9000244140625,771.2525024414062,804.657470703125,751.1583251953125,3655880
2020-10-20,795.0,820.5,792.5,812.6275024414062,758.5985717773438,4066880
2020-10-21,812.0,815.7224731445312,797.1024780273438,801.54248046875,748.25048828125,3001820
2020-10-22,799.5025024414062,804.0549926757812,788.4025268554688,795.4724731445312,742.584228515625,2271600
2020-10-23,796.5,803.2999877929688,790.3624877929688,793.2725219726562,740.530517578125,1471900
2020-10-26,810.0,818.75,802.6074829101562,812.967529296875,758.9158935546875,6920120
2020-10-27,824.0,865.0,819.7775268554688,861.4924926757812,804.214599609375,9871340
2020-10-28,857.5,864.75,846.7150268554688,855.95751953125,799.0476684570312,3265240
2020-10-29,839.0025024414062,860.7974853515625,835.592529296875,843.530029296875,793.7056274414062,2731220
2020-10-30,844.5499877929688,868.0,844.5,858.0800170898438,807.3961791992188,4786320
2020-11-02,860.0499877929688,868.0,847.0,855.7474975585938,805.2013549804688,1695280
2020-11-03,861.9500122070312,863.4974975585938,838.0,844.625,794.7357788085938,2094860
2020-11-04,850.0,860.0,841.25,849.85498046875,799.6568603515625,1958180
2020-11-05,855.0,869.9500122070312,851.0399780273438,861.0650024414062,810.2047119140625,2034940
2020-11-06,862.0,863.9924926757812,845.155029296875,850.33251953125,800.106201171875,2380060
2020-11-09,857.4000244140625,868.5,850.0999755859375,866.5999755859375,815.412841796875,2228640
2020-11-10,866.5999755859375,866.5999755859375,829.1425170898438,830.2374877929688,781.1980590820312,5793320
2020-11-11,833.5,841.4025268554688,823.75,834.8800048828125,785.56640625,4966220
2020-11-12,839.9500122070312,845.0,826.6799926757812,835.9299926757812,786.5543823242188,2956620
2020-11-13,836.25,844.5,832.5,841.282470703125,791.5907592773438,1485460
2020-11-14,844.9500122070312,844.9500122070312,837.5499877929688,841.907470703125,792.1787719726562,208940
2020-11-17,847.5,853.29248046875,842.6525268554688,849.1425170898438,798.986572265625,2390080
2020-11-18,847.5,848.469970703125,833.592529296875,843.6300048828125,793.7996826171875,2892660
2020-11-19,842.0,860.0,839.302490234375,846.70751953125,796.6952514648438,3604440
2020-11-20,852.5,875.0,845.7575073242188,873.02001953125,821.4537353515625,5080200
2020-11-23,873.0499877929688,892.4450073242188,873.02001953125,889.3200073242188,836.7908325195312,4052900
2020-11-24,887.5,898.5599975585938,880.0,883.8800048828125,831.6720581054688,4289940
2020-11-25,889.4500122070312,889.4500122070312,867.0,876.010009765625,824.2669677734375,2130160
2020-11-26,879.9500122070312,891.9500122070312,864.0,887.0974731445312,834.6995849609375,2907520
2020-11-27,892.5,903.4450073242188,847.4874877929688,894.447509765625,841.6155395507812,22134920
2020-12-01,903.3900146484375,903.39501953125,866.5775146484375,870.907470703125,819.4659423828125,4701720
2020-12-02,870.907470703125,872.489990234375,857.5,863.322509765625,812.3289794921875,3239040
2020-12-03,872.5,877.0025024414062,865.7999877929688,874.6074829101562,822.9473266601562,2545500
2020-12-04,877.5,893.875,876.0,891.4349975585938,838.7809448242188,2494000
2020-12-07,882.5499877929688,895.0,872.4924926757812,878.1275024414062,826.2593994140625,2520600
2020-12-08,883.7000122070312,886.469970703125,869.3125,875.9724731445312,824.2316284179688,2373980
2020-12-09,877.1799926757812,882.0850219726562,874.0574951171875,878.45751953125,826.5699462890625,1790060
2020-12-10,880.3499755859375,920.2000122070312,878.1099853515625,917.635009765625,863.4334716796875,6089220
2020-12-11,915.0,923.0,910.0,920.0549926757812,865.7103881835938,3258820
2020-12-14,917.7349853515625,933.9500122070312,915.0,929.5900268554688,874.6820678710938,2614260
2020-12-15,923.0150146484375,927.5,906.54248046875,909.4949951171875,855.7742309570312,2715100
2020-12-16,919.9000244140625,936.7474975585938,912.5075073242188,916.1724853515625,862.057373046875,4432140
2020-12-17,916.9000244140625,919.7575073242188,906.8400268554688,915.2675170898438,861.205810546875,1962080
2020-12-18,919.75,929.9500122070312,907.9000244140625,918.1375122070312,863.90625,4995800
2020-12-21,913.1375122070312,926.25,905.0499877929688,909.6300048828125,855.9013061523438,2844440
2020-12-22,910.0,933.25,900.0,927.677490234375,872.8826904296875,2655480
2020-12-23,927.7525024414062,940.5999755859375,925.7474975585938,936.635009765625,881.3111572265625,2056900
2020-12-24,930.6099853515625,941.5,918.6300048828125,928.3175048828125,873.4849243164062,2508740
2020-12-28,942.2000122070312,942.2000122070312,926.0,929.8674926757812,874.9432983398438,1307140
2020-12-29,931.0,935.0,908.77001953125,913.1325073242188,859.19677734375,3974280
2020-12-30,919.9749755859375,923.4000244140625,911.5,918.9625244140625,864.6824951171875,1873080
2020-12-31,913.9025268554688,922.5,912.875,919.5125122070312,865.2000122070312,1708840
2021-01-01,919.4849853515625,926.0,915.302490234375,922.5349731445312,868.0438232421875,1005720
2021-01-04,924.75,931.5,916.4874877929688,918.8975219726562,864.621337890625,1240700
2021-01-05,917.1749877929688,931.0,913.9025268554688,927.9124755859375,873.103759765625,1673460
2021-01-06,925.5025024414062,930.0,921.5,925.7625122070312,871.0808715820312,1154120
2021-01-07,929.9500122070312,930.75,902.5050048828125,906.364990234375,852.8290405273438,2412100
2021-01-08,911.364990234375,917.5,900.0,915.3125,861.248046875,3032700
2021-01-11,917.5,927.29248046875,909.405029296875,919.572509765625,865.2564086914062,2291100
2021-01-12,920.5,921.9974975585938,897.5,899.9550170898438,846.7976684570312,2831320
2021-01-13,901.9974975585938,913.75,898.25,900.9650268554688,847.7481079101562,2187740
2021-01-14,902.4500122070312,911.469970703125,902.4500122070312,906.6300048828125,853.0784301757812,1169760
2021-01-15,905.5025024414062,912.4500122070312,890.0,891.7000122070312,839.0303344726562,1928020
2021-01-18,892.4974975585938,903.7000122070312,877.8375244140625,881.5349731445312,829.465576171875,2413480
2021-01-19,886.5,891.0250244140625,883.5,887.7349853515625,835.2994995117188,1256980
2021-01-20,888.3499755859375,897.0,881.1525268554688,884.0650024414062,831.84619140625,1476620
2021-01-21,888.5,895.0,882.7675170898438,885.8150024414062,833.492919921875,1419540
2021-01-22,889.2000122070312,894.114990234375,877.5,879.47998046875,827.5320434570312,1965000
2021-01-25,882.5999755859375,885.0,861.4924926757812,870.7625122070312,819.3294067382812,2328720
2021-01-27,873.6475219726562,879.885009765625,867.0125122070312,876.905029296875,825.109130859375,1328040
2021-01-28,873.5,876.0,860.1500244140625,869.3825073242188,818.031005859375,1781100
2021-01-29,869.2525024414062,873.3925170898438,848.0650024414062,853.0,802.6161499023438,2257760
2021-02-01,860.0,863.7849731445312,850.0,854.385009765625,803.91943359375,1688120
2021-02-02,857.5025024414062,867.5,852.7249755859375,859.5150146484375,808.746337890625,2605960
2021-02-03,860.0025024414062,864.4500122070312,852.5499877929688,858.3200073242188,807.6219482421875,2246500
2021-02-04,859.9949951171875,861.3474731445312,852.6224975585938,853.7000122070312,803.2747802734375,1842000
2021-02-05,856.552490234375,858.3599853515625,850.1500244140625,855.7874755859375,805.239013671875,1961940
2021-02-08,859.0,864.2449951171875,855.0574951171875,860.9099731445312,810.0589599609375,2432140
2021-02-09,860.5499877929688,875.5,857.5,865.947509765625,814.7989501953125,2420240
2021-02-10,867.010009765625,871.8400268554688,854.3250122070312,858.8674926757812,808.1369018554688,2331520
2021-02-11,859.4949951171875,872.3724975585938,857.5,870.6124877929688,819.1882934570312,1307320
2021-02-12,870.5050048828125,875.9500122070312,862.0,864.7150268554688,813.6392211914062,1090560
2021-02-15,867.4500122070312,875.3375244140625,862.9025268554688,873.9924926757812,822.3687744140625,2202380
2021-02-16,877.75,882.2999877929688,856.9550170898438,860.8624877929688,810.01416015625,4595480
2021-02-17,845.0,845.0,817.5,837.0599975585938,787.61767578125,11986860
2021-02-18,837.7999877929688,845.0,815.0,818.2349853515625,769.9046630859375,5021320
2021-02-19,821.5,823.2349853515625,810.6475219726562,818.8200073242188,770.455078125,2605500
2021-02-22,820.552490234375,826.5,801.22998046875,804.8150024414062,757.2772827148438,4298300
2021-02-23,806.5499877929688,812.75,800.10498046875,808.4974975585938,760.7423706054688,2859960
2021-02-24,814.1500244140625,818.9000244140625,805.0,817.3074951171875,769.0318603515625,1686840
2021-02-25,815.2999877929688,818.6649780273438,805.0,805.6950073242188,758.1052856445312,3714260
2021-02-26,802.5250244140625,814.219970703125,800.1950073242188,805.0800170898438,757.5266723632812,4537460
2021-03-01,811.7999877929688,818.3800048828125,805.0,814.6224975585938,766.50537109375,1814360
2021-03-02,815.0999755859375,831.0,814.4874877929688,828.8074951171875,779.8527221679688,2461940
2021-03-03,835.25,836.0,827.33251953125,834.9625244140625,785.6441650390625,1857460
2021-03-04,832.8275146484375,835.3975219726562,822.25,833.0900268554688,783.8822021484375,2599620
2021-03-05,825.7999877929688,842.0,822.7999877929688,839.14501953125,789.57958984375,2054820
2021-03-08,836.2525024414062,845.0,830.3499755859375,842.6224975585938,792.8516845703125,1836840
2021-03-09,845.510009765625,847.4974975585938,833.0,845.5399780273438,795.5967407226562,1854340
2021-03-10,847.4849853515625,850.0,839.25,846.572509765625,796.5682983398438,1275760
2021-03-12,848.8499755859375,850.4924926757812,832.5,836.1224975585938,786.735595703125,1698280
2021-03-15,843.9924926757812,843.9924926757812,831.5,841.6525268554688,791.93896484375,1379660
2021-03-16,841.75,851.0,834.75,837.0974731445312,787.6530151367188,1689400
2021-03-17,839.5,839.5,817.0025024414062,822.7874755859375,774.1881713867188,3143460
2021-03-18,823.39501953125,831.2474975585938,809.0,810.0625,762.21484375,1927300
2021-03-19,810.0,829.75,803.5,822.54248046875,773.9575805664062,3988320
2021-03-22,822.5499877929688,833.75,817.5499877929688,829.4025268554688,780.4124755859375,2175720
2021-03-23,828.75,837.5,825.3200073242188,834.0675048828125,784.8018798828125,2007160
2021-03-24,830.0,838.489990234375,820.9625244140625,822.405029296875,773.828369140625,1511100
2021-03-25,821.25,829.2249755859375,805.7999877929688,808.5050048828125,760.7491455078125,2174080
2021-03-26,814.9500122070312,830.9224853515625,812.7000122070312,828.5875244140625,779.6456298828125,2531560
2021-03-30,830.5,862.677490234375,830.5,858.25,807.5560913085938,2978040
2021-03-31,864.9500122070312,864.9500122070312,847.5775146484375,858.260009765625,807.5654296875,2206620
2021-04-01,858.260009765625,859.427490234375,848.3800048828125,854.157470703125,803.705322265625,1663520
2021-04-05,857.5,857.5,836.1950073242188,844.0275268554688,794.1736450195312,1631140
2021-04-06,845.5,856.0,840.0,854.0850219726562,803.6371459960938,1283860
2021-04-07,855.0,893.2974853515625,851.25,870.4924926757812,819.0753784179688,3569300
2021-04-08,871.2525024414062,887.9500122070312,866.342529296875,884.4949951171875,832.2508544921875,2360120
2021-04-09,880.5549926757812,892.4500122070312,875.0,879.6199951171875,827.663818359375,1478880
2021-04-12,868.7575073242188,881.0,867.0549926757812,875.0850219726562,823.3966064453125,1150640
2021-04-13,879.3499755859375,879.9974975585938,852.0050048828125,858.4425048828125,807.737060546875,2210540
2021-04-15,866.25,870.0,838.75,843.782470703125,793.9430541992188,2366280
2021-04-16,848.4500122070312,866.75,843.1400146484375,862.60498046875,811.6537475585938,1883800
2021-04-19,860.052490234375,862.0,847.5,854.4974975585938,804.025146484375,1018760
2021-04-20,871.0,871.0,844.5025024414062,854.782470703125,804.2933959960938,2073740
2021-04-22,859.5,859.5,827.5625,839.5225219726562,789.9346923828125,4088620
2021-04-23,839.25,839.9650268554688,830.25,831.2849731445312,782.1837158203125,1372000
2021-04-26,839.9525146484375,844.75,833.1824951171875,843.530029296875,793.7056274414062,3047240
2021-04-27,844.9500122070312,846.5,837.5,838.9500122070312,789.39599609375,893020
2021-04-28,838.75,841.5549926757812,830.5499877929688,831.6900024414062,782.56494140625,1737520
2021-04-29,833.9500122070312,835.72998046875,824.0,825.1275024414062,780.6135864257812,1604140
2021-04-30,825.0,828.4600219726562,812.75,815.4625244140625,771.4700317382812,1955660
2021-05-03,818.0,828.7474975585938,813.6325073242188,825.3375244140625,780.8123779296875,1280960
2021-05-04,825.5125122070312,831.0,819.0,827.3300170898438,782.697265625,2115920
2021-05-05,828.052490234375,830.5,822.8724975585938,827.4625244140625,782.82275390625,706440
2021-05-06,826.2525024414062,838.489990234375,826.2525024414062,835.8800048828125,790.7860717773438,1406380
2021-05-07,839.427490234375,839.905029296875,833.25,838.0675048828125,792.8555908203125,753320
2021-05-10,841.5,842.5,833.5,839.364990234375,794.0830688476562,953160
2021-05-11,837.4500122070312,847.4500122070312,835.5175170898438,843.5050048828125,797.999755859375,1201260
2021-05-12,838.5125122070312,842.8699951171875,831.0,835.89501953125,790.8003540039062,1211520
2021-05-14,835.8499755859375,863.0,830.25,861.20751953125,814.7472534179688,1931640
2021-05-17,861.0,865.0,850.030029296875,851.8975219726562,805.9395141601562,1214060
2021-05-18,856.010009765625,862.447509765625,852.0999755859375,859.030029296875,812.6871948242188,1108780
2021-05-19,859.3499755859375,873.25,859.3499755859375,872.467529296875,825.3997802734375,1768740
2021-05-20,873.0,874.9824829101562,861.0999755859375,864.2675170898438,817.64208984375,985060
2021-05-21,869.2675170898438,877.5,864.0125122070312,874.85498046875,827.6583862304688,1345200
2021-05-24,870.0025024414062,879.4025268554688,865.0374755859375,868.0150146484375,821.1875,1144120
2021-05-25,874.8499755859375,887.9400024414062,871.1024780273438,875.8049926757812,828.55712890625,1439040
2021-05-26,875.8049926757812,880.8674926757812,868.4000244140625,877.0650024414062,829.7492065429688,916060
2021-05-27,877.5,895.0,871.7650146484375,887.3350219726562,839.4652099609375,2393260
2021-05-28,888.5,890.717529296875,875.0,875.469970703125,828.2402954101562,1063240
2021-05-31,875.4500122070312,887.2625122070312,870.7625122070312,884.7775268554688,837.045654296875,1140460
2021-06-01,879.9500122070312,890.5,873.95751953125,887.9249877929688,840.0233154296875,1155020
2021-06-02,875.8099975585938,890.6599731445312,875.5050048828125,882.6749877929688,835.0564575195312,1485240
2021-06-03,882.5,892.7474975585938,878.0,889.969970703125,841.9580078125,1007980
2021-06-04,884.552490234375,885.3200073242188,869.0,871.3400268554688,824.3330078125,4036440
2021-06-07,873.7274780273438,879.5,867.6749877929688,876.6275024414062,829.3353271484375,988720
2021-06-08,876.5025024414062,880.6475219726562,870.1699829101562,874.1300048828125,826.9725341796875,948940
2021-06-09,873.0,881.280029296875,872.0,877.8574829101562,830.4990234375,837560
2021-06-10,876.25,883.75,874.5,877.8049926757812,830.4492797851562,841060
2021-06-11,880.4500122070312,880.4500122070312,868.25,876.8200073242188,829.5174560546875,979940
2021-06-14,873.0700073242188,881.5,870.8800048828125,878.875,831.4614868164062,730460
2021-06-15,882.2999877929688,885.5,875.5499877929688,884.239990234375,836.5370483398438,943920
2021-06-16,882.510009765625,903.4249877929688,880.6525268554688,898.260009765625,849.8007202148438,2339240
2021-06-17,895.75,909.4650268554688,895.0,902.9525146484375,854.2401733398438,1515740
2021-06-18,902.9500122070312,904.947509765625,880.0,883.532470703125,835.8677978515625,2953400
2021-06-21,881.5700073242188,885.5025024414062,875.6500244140625,882.45751953125,834.850830078125,803600
2021-06-22,883.5,887.3975219726562,870.5,871.8275146484375,824.7942504882812,1410640
2021-06-23,874.9974975585938,878.0,868.5,870.739990234375,823.7654418945312,741680
2021-06-24,870.7525024414062,883.5,866.1199951171875,880.9874877929688,833.4600830078125,1300900
2021-06-25,878.5125122070312,882.5,871.75,875.3350219726562,828.1126708984375,780000
2021-06-28,875.3524780273438,881.0,872.6749877929688,875.3074951171875,828.0864868164062,809000
2021-06-29,879.5,887.5,874.4824829101562,879.9625244140625,832.490478515625,1421920
2021-06-30,882.0,887.25,878.75,881.6500244140625,834.0868530273438,1031340
2021-07-01,881.5,886.25,878.4749755859375,882.3099975585938,834.711181640625,534000
2021-07-02,883.9500122070312,884.0,874.2999877929688,880.0999755859375,832.6204833984375,614460
2021-07-05,880.2550048828125,885.5999755859375,876.1649780273438,882.0675048828125,834.4818115234375,686440
2021-07-06,881.7775268554688,881.8925170898438,870.8499755859375,873.5050048828125,826.3812866210938,1251020
2021-07-07,870.0,890.0,868.0125122070312,885.8474731445312,838.0579223632812,1090380
2021-07-08,880.7999877929688,884.9924926757812,876.905029296875,880.9450073242188,833.4198608398438,597360
2021-07-09,877.7525024414062,884.0,877.5,881.7999877929688,834.228759765625,538820
2021-07-12,887.7650146484375,887.7675170898438,878.5800170898438,882.0700073242188,834.4843139648438,666020
2021-07-13,886.5,886.6500244140625,880.0549926757812,884.594970703125,836.8729858398438,500080
2021-07-14,884.594970703125,884.594970703125,876.0,876.9849853515625,829.673583984375,1017220
2021-07-15,876.25,882.8900146484375,872.5,881.092529296875,833.5595092773438,556780
2021-07-16,882.75,885.75,876.8975219726562,882.7100219726562,835.0896606445312,733700
2021-07-19,877.5,892.25,877.5,887.6224975585938,839.7371215820312,1028040
2021-07-20,887.4974975585938,895.3499755859375,885.0499877929688,892.8049926757812,844.64013671875,891880
2021-07-22,892.8049926757812,902.322509765625,885.0,899.739990234375,851.2009887695312,2266340
2021-07-23,896.5175170898438,911.2000122070312,894.1124877929688,907.197509765625,858.2561645507812,1504620
2021-07-26,903.592529296875,909.3875122070312,900.5399780273438,905.0675048828125,856.240966796875,1069900
2021-07-27,900.5999755859375,922.4500122070312,898.625,911.3049926757812,862.1419677734375,2783140
2021-07-28,916.7000122070312,916.7000122070312,895.0499877929688,901.1275024414062,852.513671875,1752740
2021-07-29,897.5,910.0,889.0,895.7374877929688,847.4143676757812,2710720
2021-07-30,895.7374877929688,897.7974853515625,882.7525024414062,885.1325073242188,837.3814086914062,1667400
2021-08-02,889.7899780273438,895.0399780273438,883.75,885.7324829101562,837.9490966796875,639480
2021-08-03,883.510009765625,919.0,882.7000122070312,914.2050170898438,864.8856201171875,1262560
2021-08-04,914.7050170898438,917.4974975585938,900.85498046875,902.8674926757812,854.1597290039062,816440
2021-08-05,907.5,914.2050170898438,900.0999755859375,910.4375,861.3214111328125,759280
2021-08-06,910.0,910.4000244140625,899.0,901.032470703125,852.4236450195312,767480
2021-08-09,903.5,911.75,901.032470703125,910.114990234375,861.0162353515625,612720
2021-08-10,910.5,918.5349731445312,904.2550048828125,913.6649780273438,864.374755859375,1229340
2021-08-11,915.75,915.75,901.2675170898438,908.3900146484375,859.3843383789062,699700
2021-08-12,909.0399780273438,912.3975219726562,904.0,906.6925048828125,857.7783203125,489880
2021-08-13,909.9849853515625,914.5025024414062,906.5850219726562,913.4774780273438,864.1974487304688,822460
2021-08-16,913.4774780273438,924.9500122070312,908.8574829101562,914.7625122070312,865.4129638671875,899420
2021-08-17,917.5,939.8724975585938,915.0700073242188,936.6275024414062,886.0984497070312,1504020
2021-08-18,937.5499877929688,948.4500122070312,937.5025024414062,945.5499877929688,894.5396118164062,799760
2021-08-20,927.7625122070312,982.0549926757812,927.7625122070312,978.5625,925.7711791992188,2862140
2021-08-23,985.0,1004.75,977.8825073242188,1001.052490234375,947.0479125976562,2974840
2021-08-24,1005.0,1009.9500122070312,983.25,988.9924926757812,935.638427734375,1661680
2021-08-25,989.2999877929688,1016.25,989.2999877929688,995.4924926757812,941.787841796875,2003180
2021-08-26,998.7474975585938,1005.9849853515625,990.2775268554688,1002.635009765625,948.544921875,1264080
2021-08-27,1005.0,1005.0,994.7999877929688,997.8674926757812,944.0347290039062,702080
2021-08-30,1002.5,1006.125,984.2125244140625,987.1124877929688,933.8597412109375,2679160
2021-08-31,987.25,991.9974975585938,967.5,973.3875122070312,920.8753662109375,4547400
2021-09-01,987.3400268554688,994.5,977.60498046875,991.342529296875,937.8616943359375,2096860
2021-09-02,993.7000122070312,1014.5,988.0499877929688,1012.030029296875,957.43310546875,1571540
2021-09-03,1012.5,1017.1500244140625,1005.052490234375,1013.33251953125,958.6654052734375,939560
2021-09-06,1013.0075073242188,1017.4000244140625,1008.0,1011.1599731445312,956.610107421875,681380
2021-09-07,1008.3074951171875,1019.635009765625,1008.3074951171875,1018.4224853515625,963.4807739257812,683060
2021-09-08,1015.0,1026.5,989.25,991.97998046875,938.4647216796875,3447460
2021-09-09,995.5,1026.25,992.02001953125,1022.8599853515625,967.6788330078125,2207220
2021-09-13,1015.0,1025.0,1011.5,1022.6124877929688,967.4447631835938,750060
2021-09-14,1022.5,1030.45751953125,1009.0,1011.5225219726562,956.9530639648438,1183700
2021-09-15,1018.4924926757812,1018.5,1004.39501953125,1005.9600219726562,951.6906127929688,752120
2021-09-16,1005.302490234375,1012.0850219726562,998.5,1001.3925170898438,947.36962890625,1025300
2021-09-17,1007.75,1014.9500122070312,1005.0025024414062,1008.7849731445312,954.3632202148438,1902580
2021-09-20,1006.25,1019.2999877929688,1005.0499877929688,1016.1300048828125,961.3119506835938,1830260
2021-09-21,1010.0,1016.5,1000.1074829101562,1009.4774780273438,955.0184326171875,2168220
2021-09-22,1008.6925048828125,1008.6925048828125,990.5050048828125,996.260009765625,942.5139770507812,2150460
2021-09-23,1000.0,1006.0499877929688,991.0,991.9500122070312,938.4364624023438,1074480
2021-09-24,996.3499755859375,999.0,990.0,993.2125244140625,939.6307983398438,837880
2021-09-27,995.0,995.0,980.0549926757812,982.1099853515625,929.127197265625,919480
2021-09-28,984.5,985.9324951171875,972.9525146484375,977.2374877929688,924.5176391601562,1153720
2021-09-29,977.2374877929688,985.0,971.08251953125,975.3375244140625,922.7201538085938,925900
2021-09-30,973.9149780273438,979.4974975585938,965.8074951171875,972.2775268554688,919.8251342773438,887460
2021-10-01,972.25,982.2474975585938,962.6024780273438,977.4974975585938,924.7635498046875,797380
2021-10-04,977.4974975585938,982.5,968.1024780273438,974.6475219726562,922.0675048828125,655920
2021-10-05,975.0,979.3524780273438,967.2424926757812,969.7775268554688,917.4600830078125,546560
2021-10-06,972.2449951171875,981.2125244140625,953.9000244140625,957.8574829101562,906.1830444335938,1452160
2021-10-07,960.0399780273438,965.2100219726562,947.7675170898438,952.282470703125,900.908935546875,953900
2021-10-08,952.75,958.9974975585938,946.8775024414062,949.322509765625,898.1085205078125,1744920
2021-10-11,951.0499877929688,959.7750244140625,950.1325073242188,954.2324829101562,902.7535400390625,776040
2021-10-12,953.4450073242188,972.5,948.5025024414062,970.7849731445312,918.4132080078125,1444980
2021-10-13,975.0,980.2525024414062,961.302490234375,966.032470703125,913.9170532226562,1078500
2021-10-14,969.7000122070312,971.4375,961.25,966.27001953125,914.141845703125,843800
2021-10-18,980.0,980.0,961.0,971.9224853515625,919.4893188476562,1126060
2021-10-19,973.75,986.6024780273438,964.2025146484375,968.4224853515625,916.1781616210938,1186040
2021-10-20,965.0,1010.0,952.5225219726562,963.8825073242188,911.8831176757812,4355380
2021-10-21,973.0,984.0,952.8350219726562,961.657470703125,909.778076171875,1519240
2021-10-22,971.9000244140625,971.9000244140625,942.5,950.3350219726562,899.0665283203125,910300
2021-10-25,950.0,950.0474853515625,930.217529296875,934.8125,884.3814086914062,1082920
2021-10-26,933.9949951171875,964.0,931.947509765625,960.8800048828125,914.4226684570312,2133160
2021-10-27,959.864990234375,971.0,945.5775146484375,950.22998046875,904.2874755859375,1057640
2021-10-28,950.5,955.9249877929688,942.6749877929688,949.5700073242188,903.659423828125,629000
2021-10-29,950.0,960.0,937.907470703125,950.0075073242188,904.0757446289062,985500
2021-11-01,954.9450073242188,954.9450073242188,936.7974853515625,946.97998046875,901.1947021484375,851420
2021-11-02,945.0499877929688,951.7025146484375,931.9774780273438,938.697509765625,893.3125610351562,698980
2021-11-03,943.0,944.3975219726562,928.0499877929688,936.8574829101562,891.5615844726562,889580
2021-11-04,945.0,947.4500122070312,940.594970703125,944.4625244140625,898.7988891601562,138100
2021-11-08,947.4500122070312,954.7974853515625,934.0,952.4625244140625,906.412109375,866240
2021-11-09,950.8474731445312,952.25,940.052490234375,947.0374755859375,901.2494506835938,872960
2021-11-10,947.39501953125,952.1300048828125,940.0,947.64501953125,901.8275146484375,761180
2021-11-11,947.5,947.5,933.5025024414062,942.7000122070312,897.12158203125,839120
2021-11-12,947.5,962.9600219726562,943.04248046875,957.1224975585938,910.8468017578125,1330240
2021-11-15,960.0,974.9500122070312,953.4924926757812,973.8300170898438,926.7465209960938,1016660
2021-11-16,972.5075073242188,979.9500122070312,966.0499877929688,973.10498046875,926.0565185546875,922400
2021-11-17,970.2000122070312,978.25,968.1500244140625,973.8524780273438,926.7679443359375,1085520
2021-11-18,970.0,974.4400024414062,964.0025024414062,970.2750244140625,923.3634033203125,832140
2021-11-22,970.6749877929688,978.29248046875,941.625,949.7675170898438,903.847412109375,882760
2021-11-23,949.7999877929688,962.3200073242188,945.2349853515625,959.0775146484375,912.7073364257812,739200
2021-11-24,960.0,964.5,947.5,954.344970703125,908.2035522460938,687100
2021-11-25,954.25,960.5,945.2849731445312,958.9025268554688,912.540771484375,594900
2021-11-26,957.4425048828125,971.7050170898438,949.125,961.1124877929688,914.6438598632812,1128820
2021-11-29,952.5,958.114990234375,940.0,950.02001953125,904.0875854492188,962140
2021-11-30,950.02001953125,971.2449951171875,946.7725219726562,957.6275024414062,911.3273315429688,3395600
2021-12-01,960.5,972.4949951171875,958.094970703125,969.8900146484375,922.9969482421875,1096240
2021-12-02,969.8900146484375,982.5,961.3375244140625,975.1599731445312,928.0120849609375,972000
2021-12-03,970.1099853515625,974.9400024414062,956.8499755859375,966.0675048828125,919.3593139648438,1508960
2021-12-06,970.0,970.780029296875,946.45751953125,950.8250122070312,904.853759765625,698540
2021-12-07,961.2999877929688,972.1824951171875,948.7999877929688,967.2125244140625,920.448974609375,1408580
2021-12-08,961.2525024414062,976.2474975585938,961.2525024414062,973.9550170898438,926.865478515625,671560
2021-12-09,975.0,977.4500122070312,958.1224975585938,964.2374877929688,917.6178588867188,810440
2021-12-10,961.0499877929688,965.5,951.5225219726562,963.5125122070312,916.9278564453125,788980
2021-12-13,961.010009765625,967.4749755859375,946.2000122070312,949.0999755859375,903.2120971679688,1089800
2021-12-14,947.655029296875,966.1475219726562,945.6699829101562,961.9400024414062,915.4312744140625,1381340
2021-12-15,957.552490234375,965.155029296875,952.5,960.155029296875,913.7327270507812,1298180
2021-12-16,960.25,965.7675170898438,956.27001953125,962.8574829101562,916.3045043945312,808340
2021-12-17,955.7525024414062,961.6525268554688,950.0,953.9824829101562,907.8585205078125,1085560
2021-12-20,950.0,953.4099731445312,930.0,944.0625,898.4181518554688,1426200
2021-12-21,949.3499755859375,964.2974853515625,945.0025024414062,961.0250244140625,914.5606079101562,693560
2021-12-22,961.5,966.9974975585938,950.614990234375,959.530029296875,913.1378784179688,732240
2021-12-23,964.75,964.9974975585938,957.75,960.427490234375,913.991943359375,951380
2021-12-24,960.427490234375,971.7025146484375,958.5549926757812,961.2100219726562,914.7366333007812,684400
2021-12-27,959.2999877929688,970.0,954.9724731445312,965.1174926757812,918.4551391601562,531760
2021-12-28,967.5,973.427490234375,961.75,967.75,920.96044921875,420980
2021-12-29,967.75,972.5499877929688,962.5775146484375,969.9824829101562,923.0850219726562,585380
2021-12-30,969.5,979.25,966.1599731445312,970.3275146484375,923.4133911132812,797360
2021-12-31,968.75,990.7474975585938,967.510009765625,985.2849731445312,937.647705078125,797740
2022-01-03,984.75,990.7000122070312,981.9025268554688,983.8975219726562,936.3270874023438,517380
2022-01-04,983.9000244140625,997.3900146484375,981.4025268554688,994.4525146484375,946.3720092773438,700680
2022-01-05,993.7000122070312,1001.25,991.4550170898438,996.7874755859375,948.5938720703125,648640
2022-01-06,987.5050048828125,996.7874755859375,976.75,982.3775024414062,934.8807373046875,614180
2022-01-07,982.5250244140625,998.0,979.3524780273438,995.1425170898438,947.028564453125,979660
2022-01-10,995.1500244140625,998.4450073242188,983.9525146484375,985.4000244140625,937.7571411132812,412340
2022-01-11,977.5,991.25,977.5,988.0974731445312,940.32421875,635760
2022-01-12,992.5,992.5,983.0,985.35498046875,937.7142333984375,474220
2022-01-13,987.5,987.5,980.0,985.719970703125,938.0615234375,707660
2022-01-14,985.719970703125,985.967529296875,963.5,970.0075073242188,923.1087646484375,743800
2022-01-17,970.0,975.75,955.5549926757812,966.6599731445312,919.9231567382812,728060
2022-01-18,964.0999755859375,972.5,959.4000244140625,968.97998046875,922.1310424804688,724160
2022-01-19,968.5,972.2474975585938,928.60498046875,946.8499755859375,901.0709228515625,1647660
2022-01-20,940.0,954.0,930.2525024414062,936.7050170898438,891.4163818359375,1581120
2022-01-21,933.0,953.1124877929688,930.5025024414062,948.7125244140625,902.8434448242188,1104820
2022-01-24,948.7125244140625,952.0,930.0,935.8875122070312,890.6384887695312,1068740
2022-01-25,928.657470703125,944.2025146484375,915.6475219726562,939.5374755859375,894.1119384765625,1157600
2022-01-27,927.5,939.5,910.8875122070312,919.2725219726562,874.8267822265625,1085180
2022-01-28,920.0,932.4500122070312,916.4124755859375,919.219970703125,874.7767333984375,748460
2022-01-31,921.4000244140625,931.9949951171875,921.4000244140625,926.0775146484375,881.3027954101562,595220
2022-02-01,930.0,938.9099731445312,921.0499877929688,933.5850219726562,888.447265625,535820
2022-02-02,941.0,942.5,922.032470703125,925.032470703125,880.3081665039062,1208320
2022-02-03,921.0,928.9824829101562,913.0549926757812,915.3300170898438,871.0748901367188,687080
2022-02-04,920.0,920.0,910.1400146484375,916.58251953125,872.266845703125,898480
2022-02-07,916.58251953125,921.0,895.5499877929688,903.6375122070312,859.9476928710938,969380
2022-02-08,910.25,910.7125244140625,899.5,904.3574829101562,860.6328735351562,787700
2022-02-09,904.5,911.8574829101562,901.072509765625,906.7525024414062,862.9121704101562,964860
2022-02-10,905.0499877929688,910.64501953125,900.5,906.9924926757812,863.1404418945312,1008440
2022-02-11,906.75,906.75,881.0,890.760009765625,847.6928100585938,1919600
2022-02-14,885.7999877929688,890.0125122070312,871.489990234375,883.5125122070312,840.7957153320312,858340
2022-02-15,883.5125122070312,916.1624755859375,878.572509765625,909.35498046875,865.3887329101562,1003400
2022-02-16,908.3499755859375,919.8699951171875,901.6749877929688,911.1900024414062,867.1350708007812,808200
2022-02-17,920.0,920.0,898.0075073242188,906.2999877929688,862.4814453125,2276800
2022-02-18,899.4000244140625,911.6199951171875,890.5549926757812,900.4650268554688,856.9285888671875,1926560
2022-02-21,898.8499755859375,908.0,891.25,905.3049926757812,861.534423828125,740720
2022-02-22,899.25,909.66748046875,886.9824829101562,905.5499877929688,861.7677612304688,1261740
2022-02-23,905.5499877929688,910.4774780273438,891.75,896.33251953125,852.9959106445312,1184960
2022-02-24,886.5,898.4349975585938,878.0,887.2374877929688,844.3406982421875,2242100
2022-02-25,890.0,894.7474975585938,880.0,885.7550048828125,842.9298095703125,1619780
2022-02-28,885.0,888.4650268554688,866.5,881.95751953125,839.31591796875,3157460
2022-03-02,880.0,894.469970703125,872.8524780273438,892.22998046875,849.091796875,1732620
2022-03-03,894.0,894.0,869.4774780273438,871.8250122070312,829.6731567382812,1339280
2022-03-04,865.0,877.2025146484375,851.0499877929688,869.592529296875,827.5487060546875,1034100
2022-03-07,855.0,870.3875122070312,852.0,867.1024780273438,825.17919921875,1330840
2022-03-08,865.0,876.5,848.25,863.1649780273438,821.4320068359375,1954480
2022-03-09,869.0,869.0,853.282470703125,857.280029296875,815.8314819335938,1422440
2022-03-10,865.0,884.2625122070312,861.0499877929688,882.4550170898438,839.7893676757812,1329780
2022-03-11,880.0,880.9025268554688,861.5,866.3724975585938,824.4842529296875,1465580
2022-03-14,873.8724975585938,873.8724975585938,857.9000244140625,868.3599853515625,826.3758544921875,773300
2022-03-15,871.0,878.0,862.2525024414062,873.0800170898438,830.8676147460938,1244220
2022-03-16,880.5,894.2750244140625,873.5499877929688,891.1699829101562,848.0829467773438,967800
2022-03-17,889.2974853515625,918.7424926757812,889.2974853515625,914.2100219726562,870.009033203125,2017800
2022-03-21,917.5,918.5,890.6749877929688,893.822509765625,850.607177734375,806700
2022-03-22,886.3499755859375,893.4974975585938,862.6824951171875,871.4625244140625,829.328369140625,2804480
2022-03-23,876.75,877.5,863.0499877929688,867.2100219726562,825.281494140625,1185580
2022-03-24,866.4000244140625,875.0,863.0,870.405029296875,828.3219604492188,863620
2022-03-25,873.9000244140625,873.9000244140625,853.75,858.0599975585938,816.5738525390625,1064340
2022-03-28,862.5,867.447509765625,839.5,843.0025024414062,802.2442626953125,1602220
2022-03-29,845.0,849.9974975585938,841.0,846.094970703125,805.187255859375,1675180
2022-03-30,855.4000244140625,867.3775024414062,851.1300048828125,864.9000244140625,823.0831298828125,1499400
2022-03-31,862.5,871.6900024414062,860.14501953125,869.0275268554688,827.0111083984375,1245620
2022-04-01,869.0275268554688,880.385009765625,862.5,877.8599853515625,835.4163818359375,623180
2022-04-04,880.5,893.3250122070312,873.1024780273438,891.0075073242188,847.9283447265625,795680
2022-04-05,891.2999877929688,903.0,885.9199829101562,901.1599731445312,857.5900268554688,795640
2022-04-06,898.75,913.0,893.1500244140625,910.8375244140625,866.7996215820312,941160
2022-04-07,907.5,912.5,899.25,909.4199829101562,865.4505615234375,749740
2022-04-08,907.5999755859375,924.7999877929688,903.4824829101562,922.6400146484375,878.031494140625,685620
2022-04-11,920.9000244140625,926.0125122070312,910.6500244140625,921.3175048828125,876.7728881835938,753380
2022-04-12,913.7650146484375,924.9500122070312,911.125,920.8900146484375,876.3660278320312,1098000
2022-04-13,923.75,927.4500122070312,912.5,919.1199951171875,874.6815185546875,546600
2022-04-18,915.0,934.2999877929688,915.0,928.0750122070312,883.2036743164062,1075460
2022-04-19,927.0250244140625,936.25,891.6124877929688,897.4299926757812,854.0403442382812,1318840
2022-04-20,909.9450073242188,920.947509765625,899.4974975585938,915.260009765625,871.00830078125,1763540
2022-04-21,902.5499877929688,928.39501953125,887.5499877929688,910.1475219726562,870.4224243164062,3706820
2022-04-22,902.0050048828125,912.4724731445312,891.60498046875,909.3875122070312,869.6956787109375,2174140
2022-04-25,895.0,917.5,892.5050048828125,908.7349853515625,869.071533203125,1690140
2022-04-26,915.0,927.2100219726562,910.0,920.7874755859375,880.5980834960938,1411860
2022-04-27,907.5999755859375,923.2849731445312,907.5,911.1500244140625,871.3812866210938,1348600
2022-04-28,911.9249877929688,926.739990234375,908.7525024414062,921.385009765625,881.1694946289062,1579160
2022-04-29,920.5,933.280029296875,913.2899780273438,916.5150146484375,876.5120849609375,1267960
2022-05-02,913.4500122070312,924.0,910.5,922.0275268554688,881.7839965820312,831940
2022-05-04,914.0549926757812,923.60498046875,898.532470703125,904.3875122070312,864.9138793945312,1217140
2022-05-05,915.5075073242188,918.9199829101562,875.2999877929688,880.1875,841.7701416015625,1266260
2022-05-06,874.989990234375,879.9849853515625,848.75,849.7725219726562,812.6826171875,1799940
2022-05-09,849.6724853515625,852.7650146484375,822.5,825.217529296875,789.1995239257812,2302940
2022-05-10,832.0,834.0,820.0499877929688,826.030029296875,789.9765014648438,1343540
2022-05-11,826.030029296875,831.9550170898438,811.7449951171875,825.6199951171875,789.5842895507812,1235740
2022-05-12,824.2249755859375,824.2249755859375,806.3375244140625,811.0,775.6026000976562,1435520
2022-05-13,824.5,828.114990234375,815.2449951171875,820.1475219726562,784.3506469726562,1108780
2022-05-16,825.0999755859375,826.0,806.7224731445312,810.9425048828125,775.5474853515625,1049660
2022-05-17,819.5,819.5,808.2324829101562,816.1699829101562,780.5467529296875,1726100
2022-05-18,816.1699829101562,820.91748046875,810.5999755859375,817.1799926757812,781.5126953125,1920180
2022-05-19,808.5,812.2474975585938,800.0,804.7125244140625,769.5894165039062,1410040
2022-05-20,816.0499877929688,848.0,812.5025024414062,843.0999755859375,806.3013916015625,3049540
2022-05-23,852.9974975585938,868.5,845.5650024414062,849.7150268554688,812.6275634765625,2063460
2022-05-24,857.4500122070312,863.9149780273438,842.655029296875,859.35498046875,821.8468627929688,1848200
2022-05-25,864.0,879.2999877929688,860.1724853515625,864.1875,826.468505859375,1630020
2022-05-26,871.75,886.5,866.072509765625,882.625,844.1011352539062,2111620
2022-05-27,887.5,891.3474731445312,874.3599853515625,882.052490234375,843.5537109375,850540
2022-05-30,885.0,899.344970703125,881.7424926757812,885.344970703125,846.7024536132812,1041160
2022-05-31,885.2525024414062,907.8800048828125,872.8499755859375,884.5750122070312,845.9662475585938,7190740
2022-06-01,879.0,892.4224853515625,859.0050048828125,862.0775146484375,824.4506225585938,1164940
2022-06-02,862.0,873.8175048828125,851.0025024414062,869.6900024414062,831.7308959960938,1377980
2022-06-03,878.1500244140625,878.3674926757812,856.280029296875,858.5499877929688,821.0770263671875,1053720
2022-06-06,858.5499877929688,861.8400268554688,847.655029296875,849.844970703125,812.751953125,720020
2022-06-07,842.5025024414062,849.9774780273438,830.5,837.344970703125,800.7974853515625,1015240
2022-06-08,831.5250244140625,838.0,822.3275146484375,836.1875,799.6905517578125,1632720
2022-06-09,834.010009765625,841.2474975585938,824.2525024414062,838.407470703125,801.8135986328125,574960
2022-06-10,833.0499877929688,843.625,826.8400268554688,838.7449951171875,802.136474609375,896200
2022-06-13,834.5,848.489990234375,827.0,842.7224731445312,805.9404296875,2369280
2022-06-14,842.8250122070312,855.0,838.0,843.572509765625,806.7532958984375,1321620
2022-06-15,853.25,853.25,833.0,840.114990234375,803.4467163085938,1295060
2022-06-16,847.4500122070312,847.4500122070312,830.7474975585938,843.7000122070312,806.8751831054688,1615080
2022-06-17,842.4000244140625,842.7474975585938,821.75,832.1199951171875,795.8005981445312,2912380
2022-06-20,835.0,851.1475219726562,826.8775024414062,848.35498046875,811.3270263671875,978040
2022-06-21,849.0,860.0,843.0,848.5900268554688,811.5516967773438,1112620
2022-06-22,847.5,847.5,829.2775268554688,838.7575073242188,802.1484985351562,1047280
2022-06-23,841.0,852.2474975585938,835.0,848.8150024414062,811.7669067382812,633500
2022-06-24,847.5025024414062,862.5,846.1024780273438,861.58251953125,823.977294921875,607600
2022-06-27,867.5,870.3599853515625,859.135009765625,867.9124755859375,830.0308837890625,1276840
2022-06-28,865.0,874.9924926757812,852.5499877929688,870.1950073242188,832.2138671875,1044480
2022-06-29,867.5,876.25,862.614990234375,874.9525146484375,836.7637329101562,1939440
2022-06-30,874.9525146484375,878.4400024414062,861.7100219726562,873.5,835.3744506835938,2056840
2022-07-01,870.0,891.469970703125,866.552490234375,889.7525024414062,850.9176635742188,770940
2022-07-04,890.0,901.1724853515625,885.2249755859375,899.7274780273438,860.457275390625,974580
2022-07-05,899.7274780273438,907.157470703125,895.0,899.25,860.0006103515625,828760
2022-07-06,899.25,921.4199829101562,890.0625,919.4324951171875,879.3023071289062,1567820
2022-07-07,919.5,927.5,908.6799926757812,910.2474975585938,870.5181274414062,1037580
2022-07-08,915.0,922.5,911.0999755859375,920.95751953125,880.7606811523438,1176500
2022-07-11,920.0,926.25,917.0999755859375,924.469970703125,884.1197509765625,787640
2022-07-12,920.8375244140625,923.5,905.052490234375,906.2575073242188,866.7022705078125,523780
2022-07-13,906.5,916.2449951171875,906.5,912.4824829101562,872.6556396484375,455020
2022-07-14,912.47998046875,922.0474853515625,906.635009765625,918.1649780273438,878.0900268554688,1045880
2022-07-15,920.0,941.8175048828125,918.8150024414062,938.5750122070312,897.609130859375,990020
2022-07-18,941.9349975585938,948.5999755859375,927.6275024414062,931.27001953125,890.623046875,879540
2022-07-19,929.9949951171875,932.4249877929688,911.322509765625,918.885009765625,878.7786865234375,874560
2022-07-20,927.5,933.0,912.5,930.85498046875,890.22607421875,1093260
2022-07-21,930.0,944.4974975585938,929.6875,941.9974975585938,900.8823852539062,1013120
2022-07-22,945.3875122070312,954.2000122070312,941.7775268554688,949.447509765625,908.0072021484375,1264000
2022-07-25,949.447509765625,950.5,935.6024780273438,937.8775024414062,896.9421997070312,719180
2022-07-26,939.0,939.0,912.5125122070312,925.4749755859375,885.0809326171875,2789420
2022-07-27,927.2000122070312,933.4500122070312,917.5,927.094970703125,886.6301879882812,899460
2022-07-28,928.75,967.25,923.0,955.6199951171875,913.9103393554688,2609140
2022-07-29,955.6199951171875,971.1525268554688,950.052490234375,967.9550170898438,925.706787109375,2276500
2022-08-01,972.0999755859375,975.0,955.25,962.760009765625,920.7386474609375,1171340
2022-08-02,968.8499755859375,975.0499877929688,965.010009765625,972.9400024414062,930.4743041992188,1124380
2022-08-03,967.0025024414062,977.3125,952.5,968.2949829101562,926.0319213867188,1026500
2022-08-04,969.9500122070312,996.1900024414062,969.8049926757812,992.5,949.1806640625,1765600
2022-08-05,992.0,1001.0,986.4525146484375,996.0750122070312,952.5995483398438,1251200
2022-08-08,995.25,999.364990234375,977.5,982.6475219726562,939.7581787109375,1149180
2022-08-10,992.530029296875,1007.5,975.25,988.4749755859375,945.3312377929688,1444140
2022-08-11,990.0,999.1199951171875,979.3800048828125,983.97998046875,941.032470703125,1009220
2022-08-12,985.0,987.822509765625,970.6849975585938,977.1624755859375,934.512451171875,978060
2022-08-16,977.5,992.72998046875,974.1400146484375,984.1475219726562,941.1926879882812,1321660
2022-08-17,984.0999755859375,992.197509765625,983.4600219726562,986.7650146484375,943.6959228515625,792000
2022-08-18,986.0,986.6375122070312,974.0,977.8825073242188,935.2010498046875,978420
2022-08-19,980.0,983.4949951171875,967.5,972.0449829101562,929.618408203125,733960
2022-08-22,970.0499877929688,981.5,967.5,972.6099853515625,930.15869140625,795880
2022-08-23,965.0,984.447509765625,962.5574951171875,981.282470703125,938.45263671875,857620
2022-08-24,980.9425048828125,985.8474731445312,968.4025268554688,983.552490234375,940.6235961914062,675360
2022-08-25,983.5499877929688,989.2999877929688,973.2025146484375,976.33251953125,933.71875,518180
2022-08-26,977.0,983.302490234375,971.4000244140625,976.405029296875,933.7881469726562,559780
2022-08-29,970.0,987.9500122070312,964.2550048828125,982.3175048828125,939.4425659179688,969240
2022-08-30,983.0,999.75,983.0,996.29248046875,952.807373046875,2195020
2022-09-01,985.0,1002.5,978.72998046875,986.6475219726562,943.58349609375,1581240
2022-09-02,987.614990234375,992.4000244140625,976.5,978.0900268554688,935.3995361328125,624820
2022-09-05,975.0,979.1325073242188,961.3499755859375,962.9849853515625,920.953857421875,994480
2022-09-06,963.0349731445312,965.4000244140625,947.2525024414062,952.094970703125,910.5391235351562,1187400
2022-09-07,952.094970703125,965.3524780273438,950.75,958.9650268554688,917.1091918945312,1114720
2022-09-08,960.0499877929688,963.8499755859375,950.25,956.1875,914.4529418945312,1092940
2022-09-09,968.5,968.5,949.5399780273438,952.5625,910.9861450195312,968680
2022-09-12,952.5775146484375,957.9974975585938,944.5050048828125,948.4099731445312,907.0150146484375,871200
2022-09-13,948.5250244140625,963.3250122070312,948.5,953.1824951171875,911.5791625976562,1022920
2022-09-14,943.5499877929688,961.717529296875,943.5474853515625,955.4375,913.7356567382812,1232020
2022-09-15,959.7000122070312,962.8524780273438,948.8875122070312,950.4500122070312,908.9659423828125,669100
2022-09-16,950.4450073242188,950.4500122070312,917.0275268554688,920.2100219726562,880.0458374023438,2323260
2022-09-19,924.8125,942.0,913.364990234375,938.2625122070312,897.310302734375,1072620
2022-09-20,940.5,946.0,928.7550048828125,930.83251953125,890.20458984375,1676000
2022-09-21,930.7999877929688,944.469970703125,929.552490234375,932.4949951171875,891.7944946289062,925980
2022-09-22,932.4949951171875,941.75,929.0275268554688,931.9149780273438,891.2398681640625,1558620
2022-09-23,929.5499877929688,932.8099975585938,922.5025024414062,924.7949829101562,884.4307250976562,716840
2022-09-26,924.7899780273438,944.4949951171875,919.8775024414062,922.6649780273438,882.3935546875,2261700
2022-09-27,927.4025268554688,939.75,927.2849731445312,933.6325073242188,892.8824462890625,1386280
2022-09-28,932.75,948.9500122070312,926.2849731445312,942.0474853515625,900.9301147460938,2110340
2022-09-29,946.760009765625,956.5,939.5625,948.95751953125,907.53857421875,1743900
2022-09-30,947.5,959.75,944.7000122070312,957.239990234375,915.45947265625,1619460
2022-10-03,955.875,957.197509765625,938.5,949.6300048828125,908.1817016601562,1040920
2022-10-04,962.5,967.5,952.5599975585938,962.592529296875,920.5784912109375,745780
2022-10-06,967.10498046875,976.2575073242188,961.8624877929688,965.0075073242188,922.8880615234375,1340720
2022-10-07,963.760009765625,969.0,958.3800048828125,966.0499877929688,923.885009765625,792260
2022-10-10,955.0,960.25,950.2474975585938,955.9525146484375,914.2283325195312,692380
2022-10-11,960.25,960.7324829101562,920.5125122070312,922.4974975585938,882.2335205078125,1098520
2022-10-12,927.0,938.342529296875,922.4974975585938,936.27001953125,895.40478515625,774960
2022-10-13,939.5,946.08251953125,930.25,938.1824951171875,897.23388671875,605540
2022-10-14,947.9425048828125,950.6875,942.5,946.4000244140625,905.0926513671875,441300
2022-10-17,942.5,953.0,939.6099853515625,946.0075073242188,904.71728515625,348500
2022-10-18,951.0,971.4525146484375,949.5,969.3925170898438,927.0816650390625,1070220
2022-10-19,969.3925170898438,992.4000244140625,962.7249755859375,986.9550170898438,943.8776245117188,2609600
2022-10-20,985.9500122070312,1007.1849975585938,985.0,1003.0549926757812,959.2748413085938,2257080
2022-10-21,1003.0549926757812,1017.5,999.125,1014.7474975585938,970.45703125,1143860
2022-10-24,1017.75,1052.5,1017.5025024414062,1043.75244140625,998.1959228515625,903960
2022-10-25,1040.0,1052.43994140625,1010.8499755859375,1014.1199951171875,969.8568725585938,1427060
2022-10-27,1023.4249877929688,1023.75,995.5,1006.6624755859375,962.724853515625,2029480
2022-10-28,1006.6624755859375,1018.5974731445312,1002.5075073242188,1014.1224975585938,969.859375,1298600
2022-10-31,1014.1224975585938,1023.5,1007.5,1018.1699829101562,979.525390625,1591100
2022-11-01,1019.9774780273438,1036.7425537109375,1018.5,1029.49755859375,990.4231567382812,794120
2022-11-02,1029.5,1035.0,1011.1300048828125,1019.3674926757812,980.6774291992188,866340
2022-11-03,1011.14501953125,1023.75,1007.5025024414062,1021.1724853515625,982.4139404296875,706560
2022-11-04,1021.1724853515625,1026.75,1015.2349853515625,1021.2650146484375,982.5029907226562,377460
2022-11-07,1022.5750122070312,1036.0,1018.510009765625,1024.012451171875,985.1461181640625,1354440
2022-11-09,1030.7724609375,1042.1175537109375,1010.25,1015.9949951171875,977.4330444335938,1044900
2022-11-10,1014.97998046875,1020.0,1002.2474975585938,1008.7650146484375,970.4774169921875,779820
2022-11-11,1013.8099975585938,1025.0,1010.0050048828125,1016.125,977.5579833984375,716740
2022-11-14,1016.1500244140625,1019.6224975585938,994.635009765625,1003.260009765625,965.1813354492188,969520
2022-11-15,1008.2000122070312,1009.2974853515625,992.5,1002.7775268554688,964.7171630859375,786820
2022-11-16,999.6074829101562,1007.2125244140625,991.25,1004.89501953125,966.7543334960938,895520
2022-11-17,1006.5,1006.9849853515625,994.1325073242188,999.5499877929688,961.6121215820312,555640
2022-11-18,999.75,1002.2874755859375,989.0,996.2550048828125,958.4421997070312,733720
2022-11-21,992.5999755859375,992.97998046875,983.280029296875,988.0850219726562,950.5823364257812,996880
2022-11-22,988.0850219726562,992.4650268554688,977.5025024414062,980.6749877929688,943.4534912109375,948440
2022-11-23,985.0,990.6500244140625,975.5,978.2550048828125,941.12548828125,1034440
2022-11-24,981.25,993.719970703125,975.04248046875,986.7725219726562,949.3197021484375,1193920
2022-11-25,990.0,991.2000122070312,972.0,976.467529296875,939.4057006835938,1157160
2022-11-28,976.25,992.2625122070312,973.0,990.7725219726562,953.1677856445312,1060000
2022-11-29,987.5,1018.75,986.5,1006.0599975585938,967.8750610351562,1474460
2022-11-30,1006.0599975585938,1016.9500122070312,992.02001953125,1009.1925048828125,970.888671875,6267780
2022-12-01,1009.5,1017.4949951171875,996.75,1002.4749755859375,964.4260864257812,1058520
2022-12-02,1002.4749755859375,1006.885009765625,983.9625244140625,987.5599975585938,950.0772705078125,1392340
2022-12-05,987.989990234375,992.5,977.635009765625,987.6099853515625,950.1253662109375,1699980
2022-12-06,987.0499877929688,999.5,978.75,995.5549926757812,957.768798828125,1362180
2022-12-07,996.0,1003.95751953125,991.4124755859375,995.54248046875,957.7567138671875,1139120
2022-12-08,995.0,1004.9500122070312,986.5499877929688,990.2675170898438,952.6820678710938,812480
2022-12-09,998.4000244140625,1014.7474975585938,992.2100219726562,1012.0875244140625,973.6737670898438,1535100
2022-12-12,1012.5,1026.0,1007.25,1024.3675537109375,985.48779296875,1621200
2022-12-13,1028.050048828125,1031.7974853515625,1016.5,1019.4149780273438,980.7232055664062,982680
2022-12-14,1019.2575073242188,1022.532470703125,1000.33251953125,1003.1749877929688,965.0994873046875,1633600
2022-12-15,1003.1749877929688,1007.4974975585938,981.7224731445312,986.8925170898438,949.4349975585938,791080
2022-12-16,986.25,993.0,978.5050048828125,986.9349975585938,949.475830078125,1386420
2022-12-19,990.0,1006.0,989.9974975585938,1004.08251953125,965.97265625,1308960
2022-12-20,1007.5,1008.3925170898438,992.552490234375,1006.7775268554688,968.5653076171875,933520
2022-12-21,1008.25,1017.4000244140625,1003.1074829101562,1015.7100219726562,977.1588745117188,1407560
2022-12-22,1019.75,1022.0,1007.875,1015.3300170898438,976.7933349609375,753760
2022-12-23,1010.0,1022.75,1002.7525024414062,1006.6375122070312,968.4306030273438,1488080
2022-12-26,1008.7474975585938,1012.282470703125,993.0,994.875,957.1145629882812,667640
2022-12-27,995.0,1000.885009765625,987.25,988.7999877929688,951.2702026367188,805820
2022-12-28,989.5,994.7949829101562,985.5,992.1799926757812,954.5218505859375,706920
2022-12-29,992.0,995.8775024414062,981.5275268554688,990.4000244140625,952.8095092773438,797020
2022-12-30,991.9774780273438,994.5,978.092529296875,980.2999877929688,943.0927734375,852880
2023-01-02,980.83251953125,985.75,975.0625,978.0775146484375,940.95458984375,503280
2023-01-03,979.9500122070312,988.0474853515625,973.7974853515625,986.364990234375,948.9276123046875,628300
2023-01-04,989.0,989.9000244140625,975.0,975.9949951171875,938.951171875,639680
2023-01-05,977.0,994.70751953125,975.9749755859375,988.7999877929688,951.2702026367188,1027860
2023-01-06,990.0,996.322509765625,988.8275146484375,994.2625122070312,956.5253295898438,787720
2023-01-09,996.7474975585938,1008.2150268554688,994.8250122070312,1004.2849731445312,966.1674194335938,722880
2023-01-10,1003.1525268554688,1009.4500122070312,997.7525024414062,1001.197509765625,963.1970825195312,633360
2023-01-11,1003.5,1004.2449951171875,985.8699951171875,987.9149780273438,950.4186401367188,650200
2023-01-12,987.9149780273438,997.5,987.0,993.6624755859375,955.9480590820312,661240
2023-01-13,997.5,997.5,986.2525024414062,989.217529296875,951.671875,695420
2023-01-16,992.0,992.0,985.0499877929688,986.780029296875,949.3267822265625,485300
2023-01-17,986.7949829101562,998.3099975585938,985.635009765625,997.2874755859375,959.4354248046875,803740
2023-01-18,997.4974975585938,1002.094970703125,988.66748046875,991.16748046875,953.5477294921875,727980
2023-01-19,991.16748046875,994.75,980.58251953125,984.0549926757812,946.7052001953125,619980
2023-01-20,983.0050048828125,983.3925170898438,957.4924926757812,960.0025024414062,923.565673828125,1440440
2023-01-23,962.5,972.0,957.552490234375,968.35498046875,931.6011962890625,758000
2023-01-24,970.0,971.7000122070312,957.4400024414062,964.5349731445312,927.926025390625,754240
2023-01-25,967.4500122070312,967.5250244140625,957.5,961.7750244140625,925.2709350585938,823200
2023-01-27,963.0025024414062,969.7000122070312,951.302490234375,960.8175048828125,924.3497314453125,895540
2023-01-30,960.2999877929688,960.6824951171875,948.9000244140625,958.2949829101562,921.9229125976562,996600
2023-01-31,960.0,960.0,946.4500122070312,950.8875122070312,914.796630859375,2350000
2023-02-01,955.0,958.8524780273438,945.7625122070312,954.4924926757812,918.2648315429688,1376100
2023-02-02,956.4500122070312,956.4500122070312,942.5250244140625,947.72998046875,911.7589111328125,1418440
2023-02-03,950.27001953125,952.7324829101562,938.5050048828125,950.2150268554688,914.1497802734375,1111560
2023-02-06,950.0,953.0,937.7150268554688,951.0750122070312,914.97705078125,1382680
2023-02-07,951.2000122070312,954.9949951171875,944.0,948.9000244140625,912.8845825195312,797460
2023-02-08,947.5,953.2424926757812,944.5075073242188,949.7449951171875,913.697509765625,465340
2023-02-09,949.9500122070312,954.217529296875,947.54248046875,950.0150146484375,913.9572143554688,694680
2023-02-10,950.5,953.5075073242188,943.7525024414062,951.1925048828125,915.0899047851562,527660
2023-02-13,954.75,959.9500122070312,947.4974975585938,951.3400268554688,915.2319946289062,649780
2023-02-14,955.739990234375,963.0,951.375,954.14501953125,917.930419921875,771780
2023-02-15,953.75,964.9400024414062,946.5025024414062,963.0474853515625,926.4951171875,639960
2023-02-16,971.5,989.9924926757812,957.0,981.4425048828125,944.19189453125,3480140
2023-02-17,978.7525024414062,978.7525024414062,941.1024780273438,951.0650024414062,914.9674072265625,3768700
2023-02-20,951.5,957.25,939.0,941.1525268554688,905.4312133789062,1306220
2023-02-21,944.0549926757812,946.6900024414062,938.0,942.4349975585938,906.6649780273438,899080
2023-02-22,944.1400146484375,944.1400146484375,931.5574951171875,933.70751953125,898.2688598632812,841600
2023-02-23,932.9974975585938,941.20751953125,927.5499877929688,932.4000244140625,897.0108642578125,985360
2023-02-24,937.0625,942.4500122070312,930.75,934.0449829101562,898.5933837890625,777500
2023-02-27,935.0,942.25,924.5999755859375,931.1375122070312,895.7962036132812,1032500
2023-02-28,931.510009765625,936.25,923.0075073242188,933.5,898.069091796875,2183640
2023-03-01,935.0,941.02001953125,928.7575073242188,938.9425048828125,903.3049926757812,1278520
2023-03-02,939.9974975585938,940.0,922.8400268554688,924.0875244140625,889.0137329101562,781400
2023-03-03,927.4500122070312,930.7324829101562,920.2750244140625,922.4949951171875,887.4817504882812,920360
2023-03-06,926.0999755859375,927.7025146484375,921.25,925.7424926757812,890.60595703125,1058980
2023-03-08,920.25,928.6900024414062,919.8775024414062,925.9124755859375,890.76953125,914920
2023-03-09,925.0,928.9500122070312,921.5,926.7849731445312,891.6089477539062,1132300
2023-03-10,926.5,926.5,917.7525024414062,924.2874755859375,889.2061767578125,472680
2023-03-13,921.4974975585938,924.9949951171875,913.0025024414062,915.8724975585938,881.1105346679688,729520
2023-03-14,917.5,921.75,910.6500244140625,913.2324829101562,878.57080078125,877580
2023-03-15,915.0,918.5549926757812,894.0,899.66748046875,865.5206298828125,1559160
2023-03-16,899.5,925.0,898.3875122070312,922.532470703125,887.517822265625,1660860
2023-03-17,924.9450073242188,943.75,923.7474975585938,942.907470703125,907.1195678710938,2668600
2023-03-20,945.0,949.5,932.60498046875,946.8925170898438,910.9532470703125,1512900
2023-03-21,949.5,962.9500122070312,941.0025024414062,946.3699951171875,910.4505615234375,1955240
2023-03-22,950.4500122070312,950.4500122070312,934.9349975585938,940.9849853515625,905.2698974609375,564960
2023-03-23,940.9849853515625,958.4949951171875,935.5075073242188,952.2224731445312,916.0809936523438,1133700
2023-03-24,950.2525024414062,955.0,944.4000244140625,947.655029296875,911.6868286132812,525980
2023-03-27,950.0,956.3900146484375,940.7525024414062,944.5499877929688,908.6995849609375,717080
2023-03-28,945.0,950.9974975585938,942.5,947.2999877929688,911.34521484375,709620
2023-03-29,946.5,956.25,943.8099975585938,952.6475219726562,916.4898071289062,972120
2023-03-31,957.75,987.594970703125,957.75,985.2249755859375,947.830810546875,2968880
2023-04-03,989.2000122070312,989.5,969.302490234375,985.2725219726562,947.8766479492188,1274800
2023-04-05,982.9500122070312,993.6500244140625,980.0499877929688,991.1024780273438,953.4852294921875,943020
2023-04-06,989.75,992.0,980.25,985.4124755859375,948.01123046875,819560
2023-04-10,985.0,985.822509765625,975.0499877929688,976.510009765625,939.4466552734375,448280
2023-04-11,982.4000244140625,984.75,973.75,983.72998046875,946.392578125,882520
2023-04-12,984.75,984.75,968.2474975585938,972.0150146484375,935.1221923828125,1137640
2023-04-13,975.0,984.0,970.8125,973.2675170898438,936.3272094726562,923020
2023-04-17,979.5,1020.5,975.1074829101562,1012.219970703125,973.8012084960938,3887020
2023-04-18,1010.0,1035.0,1010.0,1033.0625,993.8526611328125,2797200
2023-04-19,1032.9925537109375,1033.1824951171875,1019.4000244140625,1030.93505859375,991.8059692382812,1797480
2023-04-20,1029.75,1036.0350341796875,1019.0,1023.655029296875,984.80224609375,1044260
2023-04-21,1023.655029296875,1029.3499755859375,1019.3699951171875,1024.842529296875,990.8814086914062,886100
2023-04-24,1025.0474853515625,1035.449951171875,1020.052490234375,1034.4649658203125,1000.1849975585938,1157360
2023-04-25,1035.449951171875,1046.4300537109375,1015.4000244140625,1033.260009765625,999.0199584960938,3369280
2023-04-26,1029.949951171875,1054.449951171875,1023.625,1051.3125,1016.4741821289062,2497880
2023-04-27,1053.3125,1059.99755859375,1050.00244140625,1057.364990234375,1022.3262329101562,2044640
2023-04-28,1059.0975341796875,1092.47998046875,1056.5,1088.0699462890625,1052.0135498046875,3330320
2023-05-02,1090.0,1104.949951171875,1083.625,1087.29248046875,1051.2620849609375,1783400
2023-05-03,1087.25,1097.29248046875,1078.9200439453125,1093.7850341796875,1057.5394287109375,1140260
2023-05-04,1093.9425048828125,1099.74755859375,1081.8924560546875,1084.6875,1048.743408203125,1270680
2023-05-05,1089.99755859375,1103.93505859375,1087.4949951171875,1100.9925537109375,1064.508056640625,1101520
2023-05-08,1102.5,1115.0,1088.02001953125,1099.1624755859375,1062.7386474609375,1513120
2023-05-09,1100.0,1107.24755859375,1092.3349609375,1098.5675048828125,1062.1632080078125,865740
2023-05-10,1098.5675048828125,1106.4949951171875,1098.4749755859375,1102.5,1065.9654541015625,1208820
2023-05-11,1104.949951171875,1111.75,1097.5150146484375,1100.989990234375,1064.5054931640625,1378740
2023-05-12,1100.949951171875,1103.469970703125,1087.0,1089.70751953125,1053.5968017578125,1339220
2023-05-15,1091.0,1100.9949951171875,1087.5625,1089.3299560546875,1053.23193359375,1451400
2023-05-16,1093.75,1099.449951171875,1086.0,1089.02001953125,1052.9322509765625,1545140
2023-05-17,1089.02001953125,1094.56494140625,1080.0,1086.625,1050.6165771484375,1335760
2023-05-18,1092.5,1097.5,1082.510009765625,1083.97998046875,1048.0592041015625,1023500
2023-05-19,1090.0,1090.0,1075.3050537109375,1084.5074462890625,1048.569091796875,1464400
2023-05-22,1084.949951171875,1084.949951171875,1071.10498046875,1074.739990234375,1039.12548828125,1021900
2023-05-23,1072.5,1080.5,1068.10498046875,1070.18505859375,1034.7215576171875,1109180
2023-05-24,1070.18505859375,1074.9000244140625,1063.75,1069.030029296875,1033.6046142578125,887280
2023-05-25,1075.0,1081.5999755859375,1065.54248046875,1073.7449951171875,1038.1634521484375,1630040
2023-05-26,1074.24755859375,1081.449951171875,1068.5,1079.0875244140625,1043.328857421875,1263180
2023-05-29,1086.24755859375,1092.5,1077.60498046875,1086.4725341796875,1050.4691162109375,1068740
2023-05-30,1084.0,1086.4300537109375,1075.552490234375,1078.7225341796875,1042.9759521484375,939620
2023-05-31,1079.0,1092.91748046875,1075.75,1083.655029296875,1047.7451171875,8495880
2023-06-01,1089.300048828125,1096.24755859375,1078.6400146484375,1093.7149658203125,1057.4716796875,1197320
2023-06-02,1100.0,1104.75,1091.0,1102.322509765625,1065.793701171875,1164960
2023-06-05,1099.9525146484375,1106.4849853515625,1089.5,1091.70751953125,1055.53076171875,1630180
2023-06-06,1093.70751953125,1096.5775146484375,1080.87744140625,1085.27001953125,1049.306396484375,1570460
2023-06-07,1087.4949951171875,1121.237548828125,1087.4949951171875,1118.387451171875,1081.326416015625,3136240
2023-06-08,1123.0,1128.87744140625,1104.37255859375,1107.4449462890625,1070.7464599609375,1458580
2023-06-09,1105.0450439453125,1114.0,1102.0450439453125,1103.6724853515625,1067.09912109375,1418300
2023-06-12,1102.5,1117.449951171875,1101.45751953125,1114.467529296875,1077.53662109375,1247040
2023-06-13,1117.449951171875,1133.9000244140625,1114.6175537109375,1124.6300048828125,1087.3621826171875,1666940
2023-06-14,1126.25,1137.550048828125,1125.0,1136.4375,1098.7781982421875,1447540
2023-06-15,1136.4375,1150.0,1131.625,1148.31005859375,1110.2574462890625,1475140
2023-06-16,1148.31005859375,1158.762451171875,1143.864990234375,1148.427490234375,1110.3709716796875,1470820
2023-06-19,1151.25,1157.5,1138.0625,1139.7425537109375,1101.973876953125,866620
2023-06-20,1139.7425537109375,1149.99755859375,1136.0,1147.7774658203125,1109.7425537109375,1377540
2023-06-21,1147.8050537109375,1153.4849853515625,1138.25,1144.5799560546875,1106.651123046875,1292840
2023-06-22,1140.0,1144.5374755859375,1124.635009765625,1126.64501953125,1089.310302734375,998060
2023-06-23,1126.64501953125,1130.99755859375,1122.6824951171875,1126.842529296875,1089.50146484375,870300
2023-06-26,1126.00244140625,1135.0,1125.25,1131.5400390625,1094.043212890625,700300
2023-06-27,1131.5675048828125,1143.5,1125.2550048828125,1131.862548828125,1094.3551025390625,882660
2023-06-28,1133.5,1140.0,1129.0,1137.2049560546875,1099.5203857421875,1112480
2023-06-30,1137.5,1147.3125,1131.25,1144.7149658203125,1106.7816162109375,737240
2023-07-03,1147.5,1147.5,1129.1500244140625,1131.62744140625,1094.1275634765625,1105380
2023-07-04,1137.4000244140625,1142.25,1126.2750244140625,1131.2025146484375,1093.717041015625,602980
2023-07-05,1129.300048828125,1147.199951171875,1129.0,1144.9949951171875,1107.05224609375,777760
2023-07-06,1146.75,1169.62255859375,1145.25,1154.9725341796875,1116.6993408203125,1807340
2023-07-07,1157.75244140625,1162.342529296875,1142.5,1145.31005859375,1107.35693359375,1129280
2023-07-10,1143.449951171875,1152.1199951171875,1127.5,1129.012451171875,1091.599365234375,727760
2023-07-11,1130.5,1147.9925537109375,1127.5150146484375,1142.614990234375,1104.7510986328125,1370520
2023-07-12,1146.949951171875,1155.0,1140.8499755859375,1153.00244140625,1114.79443359375,961800
2023-07-13,1153.00244140625,1156.0775146484375,1138.842529296875,1141.0374755859375,1103.2259521484375,864320
2023-07-14,1141.0374755859375,1160.0,1140.0,1156.9024658203125,1118.565185546875,909140
2023-07-17,1160.0,1169.7674560546875,1147.75,1153.5374755859375,1115.3118896484375,835900
2023-07-18,1159.5,1159.5,1141.0250244140625,1148.8575439453125,1110.7869873046875,651680
2023-07-19,1147.5,1151.25,1140.074951171875,1147.0474853515625,1109.0367431640625,557620
2023-07-20,1147.050048828125,1154.2249755859375,1137.550048828125,1150.3974609375,1112.275634765625,755840
2023-07-21,1150.74755859375,1161.5975341796875,1145.6400146484375,1149.12744140625,1111.0479736328125,736860
2023-07-24,1149.0074462890625,1152.4300537109375,1135.387451171875,1141.0050048828125,1103.1944580078125,841620
2023-07-25,1157.0,1157.0,1133.762451171875,1138.64501953125,1100.912841796875,1251520
2023-07-26,1139.5450439453125,1145.0,1135.0999755859375,1139.9949951171875,1102.2181396484375,689240
2023-07-27,1142.9599609375,1145.0,1103.802490234375,1116.2650146484375,1079.2744140625,3587480
2023-07-28,1116.2650146484375,1131.592529296875,1109.364990234375,1124.0450439453125,1086.7965087890625,1344220
2023-07-31,1132.5,1132.699951171875,1121.4849853515625,1127.6650390625,1090.296630859375,972180
2023-08-01,1130.4150390625,1134.5,1121.25,1129.68505859375,1092.2496337890625,1300380
2023-08-02,1134.5,1146.907470703125,1125.530029296875,1144.114990234375,1106.2015380859375,2093220
2023-08-03,1144.3974609375,1144.3974609375,1120.0975341796875,1123.7900390625,1086.550048828125,899420
2023-08-04,1124.7974853515625,1134.9425048828125,1120.5999755859375,1122.7249755859375,1085.5201416015625,820200
2023-08-07,1122.7249755859375,1127.5799560546875,1107.5,1122.9649658203125,1085.75244140625,824920
2023-08-08,1123.5,1124.947509765625,1105.0,1111.4625244140625,1074.6309814453125,1160640
2023-08-09,1114.0,1117.8125,1108.1300048828125,1110.9200439453125,1074.1064453125,745700
2023-08-10,1108.1500244140625,1112.2275390625,1094.75,1099.487548828125,1063.0528564453125,1411580
2023-08-11,1099.487548828125,1100.5,1087.5,1092.1199951171875,1055.929443359375,767260
2023-08-14,1092.2125244140625,1102.0,1085.4625244140625,1094.9749755859375,1058.68994140625,815760
2023-08-16,1106.5,1106.5,1089.2674560546875,1097.39501953125,1061.0296630859375,578600
2023-08-17,1095.0,1101.4150390625,1080.1199951171875,1083.37255859375,1047.471923828125,1399840
2023-08-18,1083.37255859375,1094.0,1072.5,1091.5,1055.3299560546875,1313340
2023-08-21,1091.5,1108.8050537109375,1086.7674560546875,1101.717529296875,1065.208984375,741920
2023-08-22,1101.717529296875,1104.62255859375,1095.302490234375,1101.2974853515625,1064.802734375,810440
2023-08-23,1105.0,1113.489990234375,1097.5,1109.157470703125,1072.40234375,1227560
2023-08-24,1114.1500244140625,1114.5,1107.1650390625,1112.2449951171875,1075.3875732421875,920400
2023-08-25,1109.5,1114.0224609375,1105.5625,1109.425048828125,1072.6611328125,839280
2023-08-28,1109.574951171875,1110.7275390625,1100.0,1101.7225341796875,1065.213623046875,830140
2023-08-29,1103.5224609375,1108.989990234375,1097.5,1103.1500244140625,1066.5941162109375,1048560
2023-08-30,1103.1500244140625,1114.0,1100.5074462890625,1109.925048828125,1073.14453125,1296640
2023-08-31,1112.5,1114.449951171875,1083.50244140625,1099.3199462890625,1062.8907470703125,4661300
2023-09-01,1102.5,1105.4849853515625,1093.0,1095.7774658203125,1059.4656982421875,716980
2023-09-04,1098.760009765625,1098.99755859375,1081.625,1086.9100341796875,1050.89208984375,1481820
2023-09-05,1087.7275390625,1099.9300537109375,1087.7275390625,1097.7225341796875,1061.3463134765625,1246260
2023-09-06,1097.7225341796875,1105.0,1088.72998046875,1100.2049560546875,1063.74658203125,1125840
2023-09-07,1098.9150390625,1104.2550048828125,1091.1175537109375,1094.81494140625,1058.53515625,823180
2023-09-08,1097.300048828125,1098.967529296875,1091.5,1094.1624755859375,1057.904296875,609540
2023-09-11,1095.5,1109.99755859375,1093.6700439453125,1106.3525390625,1069.6904296875,939540
2023-09-12,1106.7149658203125,1119.75,1100.85498046875,1115.887451171875,1078.9093017578125,987580
2023-09-13,1113.7774658203125,1128.45751953125,1107.50244140625,1108.989990234375,1072.240478515625,1016500
2023-09-14,1111.5,1125.5,1107.8499755859375,1123.885009765625,1086.641845703125,1621120
2023-09-15,1125.0,1135.050048828125,1115.947509765625,1131.114990234375,1093.63232421875,2322820
2023-09-18,1131.0,1142.0,1122.6324462890625,1140.969970703125,1103.1607666015625,1150640
2023-09-20,1127.802490234375,1141.3275146484375,1127.802490234375,1134.012451171875,1096.4337158203125,1149000
2023-09-21,1132.99755859375,1133.49755859375,1117.5,1126.675048828125,1089.339599609375,923660
2023-09-22,1126.0,1131.99755859375,1119.0,1126.625,1089.291015625,766020
2023-09-25,1128.5,1135.43505859375,1122.550048828125,1131.9375,1094.427490234375,688540
2023-09-26,1135.0,1153.14501953125,1129.802490234375,1150.2774658203125,1112.1597900390625,1320020
2023-09-27,1150.25,1150.2774658203125,1137.072509765625,1143.6500244140625,1105.751953125,833060
2023-09-28,1145.0,1145.3974609375,1122.3900146484375,1126.9224853515625,1089.57861328125,1039620
2023-09-29,1127.5474853515625,1135.25,1121.5,1125.344970703125,1088.053466796875,904580
2023-10-03,1125.344970703125,1129.7349853515625,1112.7574462890625,1115.762451171875,1078.78857421875,1000260
2023-10-04,1140.25244140625,1167.93994140625,1127.550048828125,1149.31005859375,1111.2244873046875,4269760
2023-10-05,1150.25,1155.3599853515625,1138.75,1145.93505859375,1107.961181640625,1360000
2023-10-06,1149.49755859375,1153.3800048828125,1140.7449951171875,1145.612548828125,1107.6494140625,776240
2023-10-09,1140.6025390625,1149.0400390625,1140.0,1144.092529296875,1106.1798095703125,475100
2023-10-10,1148.0,1150.8499755859375,1141.2674560546875,1148.4024658203125,1110.346923828125,793260
2023-10-11,1148.4024658203125,1163.6949462890625,1146.5,1160.1025390625,1121.6591796875,1346760
2023-10-12,1161.1500244140625,1165.0,1148.1025390625,1153.7574462890625,1115.5245361328125,1084440
2023-10-13,1153.75244140625,1179.9925537109375,1147.77001953125,1177.717529296875,1138.6905517578125,1815820
2023-10-16,1177.5,1177.5,1148.75244140625,1155.427490234375,1117.1390380859375,1732160
2023-10-17,1156.5,1168.1099853515625,1156.5,1166.2650146484375,1127.6175537109375,763320
2023-10-18,1166.2650146484375,1172.3575439453125,1160.0,1163.1474609375,1124.6033935546875,713420
2023-10-19,1162.844970703125,1211.3499755859375,1155.0250244140625,1206.6175537109375,1166.6326904296875,5848240
2023-10-20,1204.99755859375,1237.25,1200.0899658203125,1213.9849853515625,1173.756103515625,4158680
2023-10-23,1215.0,1233.74755859375,1206.41748046875,1209.887451171875,1169.7943115234375,1584600
2023-10-25,1214.0,1226.4849853515625,1207.655029296875,1213.135009765625,1172.9344482421875,2227000
2023-10-26,1213.0,1213.030029296875,1171.050048828125,1177.280029296875,1138.2674560546875,2538800
2023-10-27,1177.5250244140625,1211.4000244140625,1172.0174560546875,1202.8475341796875,1162.9879150390625,2608740
2023-10-30,1205.0,1212.5,1193.25244140625,1208.5849609375,1168.5350341796875,1452280
2023-10-31,1215.0,1216.5,1206.1025390625,1211.739990234375,1171.58544921875,1032780
2023-11-01,1210.0,1210.00244140625,1189.0,1193.635009765625,1160.7861328125,1273800
2023-11-02,1199.510009765625,1207.489990234375,1188.655029296875,1205.5899658203125,1172.412109375,2141360
2023-11-03,1207.14501953125,1210.0,1198.842529296875,1199.9525146484375,1166.9298095703125,954280
2023-11-06,1207.50244140625,1219.5250244140625,1202.93505859375,1214.4775390625,1181.054931640625,1485520
2023-11-07,1214.3499755859375,1224.0,1206.00244140625,1218.4749755859375,1184.9425048828125,1059300
2023-11-08,1218.4525146484375,1220.635009765625,1211.00244140625,1214.0775146484375,1180.666259765625,726100
2023-11-09,1217.5,1220.75,1209.6175537109375,1211.3375244140625,1178.0015869140625,844460
2023-11-10,1211.3375244140625,1212.4749755859375,1202.782470703125,1206.8599853515625,1173.6470947265625,566340
2023-11-13,1214.9000244140625,1214.9000244140625,1201.5999755859375,1204.29248046875,1171.1502685546875,570560
2023-11-15,1212.25,1212.449951171875,1200.4000244140625,1208.7025146484375,1175.43896484375,1533940
2023-11-16,1209.75244140625,1213.625,1202.300048828125,1204.14501953125,1171.0068359375,1388360
2023-11-17,1205.0,1224.2449951171875,1203.22998046875,1218.6524658203125,1185.114990234375,1401020
2023-11-20,1218.75244140625,1220.18994140625,1208.300048828125,1215.12744140625,1181.68701171875,1082300
2023-11-21,1215.25,1220.9925537109375,1209.012451171875,1218.6724853515625,1185.134521484375,906580
2023-11-22,1218.50244140625,1226.0,1213.0,1217.54248046875,1184.0357666015625,736420
2023-11-23,1220.7025146484375,1229.4949951171875,1217.5574951171875,1219.6650390625,1186.099853515625,736280
2023-11-24,1222.5,1223.6424560546875,1205.4024658203125,1206.947509765625,1173.732421875,808240
2023-11-28,1206.9000244140625,1213.0,1194.157470703125,1210.9300537109375,1177.605224609375,1753940
2023-11-29,1211.050048828125,1216.75,1200.552490234375,1203.375,1170.2581787109375,1254300
2023-11-30,1204.0,1217.010009765625,1198.2674560546875,1211.8074951171875,1178.45849609375,2944060
2023-12-01,1216.99755859375,1218.25,1207.8199462890625,1216.9300537109375,1183.440185546875,1273000
2023-12-04,1219.449951171875,1226.75,1206.9324951171875,1220.1400146484375,1186.561767578125,1987840
2023-12-05,1222.550048828125,1233.6925048828125,1220.1400146484375,1230.4449462890625,1196.5831298828125,1343740
2023-12-06,1236.43994140625,1254.844970703125,1235.0999755859375,1248.425048828125,1214.0682373046875,1592160
2023-12-07,1248.425048828125,1258.50244140625,1240.6650390625,1248.762451171875,1214.396484375,1201700
2023-12-08,1249.75,1258.7850341796875,1237.8175048828125,1239.47998046875,1205.369384765625,1401520
2023-12-11,1244.0,1256.0,1231.949951171875,1252.1724853515625,1217.7127685546875,1078740
2023-12-12,1252.1724853515625,1262.0374755859375,1240.112548828125,1247.3575439453125,1213.0302734375,1282460
2023-12-13,1247.9200439453125,1254.0,1241.25,1252.219970703125,1217.7587890625,891440
2023-12-14,1257.199951171875,1257.199951171875,1237.5050048828125,1239.6650390625,1205.5494384765625,2094520
2023-12-15,1242.50244140625,1247.6075439453125,1211.0,1218.3199462890625,1184.7918701171875,3190820
2023-12-18,1222.5,1229.030029296875,1214.949951171875,1217.7125244140625,1184.201171875,1326480
2023-12-19,1228.489990234375,1285.25,1225.5450439453125,1274.4849853515625,1239.4111328125,7057320
2023-12-20,1284.699951171875,1288.9224853515625,1252.760009765625,1254.887451171875,1220.35302734375,2889760
2023-12-21,1254.887451171875,1262.4000244140625,1245.385009765625,1255.79248046875,1221.2330322265625,2212760
2023-12-22,1262.0,1270.49755859375,1255.0,1268.4224853515625,1233.515380859375,1776560
2023-12-26,1274.300048828125,1280.0,1268.25,1278.1025390625,1242.9290771484375,1235700
2023-12-27,1280.0,1288.3974609375,1279.0250244140625,1286.0224609375,1250.6309814453125,1428320
2023-12-28,1293.4925537109375,1318.699951171875,1288.760009765625,1312.4949951171875,1276.3751220703125,3155440
2023-12-29,1312.5,1332.5,1307.282470703125,1329.0150146484375,1292.4404296875,2068160
2024-01-01,1332.5,1372.262451171875,1332.0,1368.6199951171875,1330.9554443359375,2632200
2024-01-02,1375.0,1384.6500244140625,1351.2025146484375,1361.157470703125,1323.6983642578125,2831540
2024-01-03,1367.25,1370.864990234375,1328.6500244140625,1331.760009765625,1295.10986328125,2026920
2024-01-04,1342.552490234375,1357.50244140625,1332.6025390625,1355.8199462890625,1318.5076904296875,2647800
2024-01-05,1377.0,1377.0,1321.2249755859375,1333.199951171875,1296.51025390625,5154128
2024-01-08,1341.5,1344.5,1305.5,1309.6500244140625,1273.6083984375,2064756
2024-01-09,1320.0,1320.1500244140625,1293.4749755859375,1296.300048828125,1260.6258544921875,1626054
2024-01-10,1295.0,1311.199951171875,1285.2249755859375,1289.050048828125,1253.5753173828125,2052936
2024-01-11,1290.0,1294.9749755859375,1275.050048828125,1278.5999755859375,1243.412841796875,1551334
2024-01-12,1278.5999755859375,1279.9749755859375,1265.0,1274.800048828125,1239.717529296875,2214110
2024-01-15,1282.0,1288.074951171875,1265.324951171875,1273.7750244140625,1238.7208251953125,1787668
2024-01-16,1278.449951171875,1278.449951171875,1265.675048828125,1271.0250244140625,1236.04638671875,1386740
2024-01-17,1271.0250244140625,1278.574951171875,1262.699951171875,1271.550048828125,1236.556884765625,1603238
2024-01-18,1267.5,1275.0,1248.074951171875,1251.0,1216.572265625,1269820
2024-01-19,1255.0,1260.949951171875,1249.8499755859375,1257.074951171875,1222.480224609375,1882782
2024-01-23,1240.0,1249.0999755859375,1223.0,1231.449951171875,1197.560546875,1381076
2024-01-24,1238.949951171875,1259.699951171875,1227.5,1256.9749755859375,1222.383056640625,1318076
2024-01-25,1262.5250244140625,1264.0,1233.8499755859375,1241.074951171875,1206.9205322265625,1571546
2024-01-29,1241.074951171875,1252.5,1238.300048828125,1249.2750244140625,1214.89501953125,1265438
2024-01-30,1256.0,1265.574951171875,1244.0,1246.0250244140625,1211.734375,1336068
2024-01-31,1254.5,1255.875,1240.8499755859375,1253.0,1218.5174560546875,1432188
2024-02-01,1255.0,1255.449951171875,1231.3499755859375,1233.9000244140625,1199.94287109375,1641132
2024-02-02,1234.0,1248.0,1231.5250244140625,1240.699951171875,1206.555908203125,1508122
2024-02-05,1252.5,1252.5,1228.3499755859375,1231.3499755859375,1197.4632568359375,1065954
2024-02-06,1231.175048828125,1238.9749755859375,1222.875,1228.324951171875,1194.5213623046875,1540366
2024-02-07,1235.0,1255.7750244140625,1223.3499755859375,1249.800048828125,1215.4053955078125,3094808
2024-02-08,1251.9749755859375,1256.925048828125,1204.550048828125,1211.5250244140625,1178.183837890625,3308894
2024-02-09,1221.425048828125,1232.949951171875,1210.0250244140625,1225.050048828125,1191.3365478515625,1677638
2024-02-12,1229.875,1233.9749755859375,1219.6500244140625,1229.5250244140625,1195.6883544921875,890538
2024-02-13,1237.0,1238.300048828125,1222.4749755859375,1228.675048828125,1194.86181640625,621970
2024-02-14,1225.0,1248.675048828125,1217.5250244140625,1243.5,1209.2789306640625,1018616
2024-02-15,1247.5,1247.5,1219.0,1226.7750244140625,1196.3814697265625,1680952
2024-02-16,1228.5250244140625,1245.25,1224.300048828125,1243.824951171875,1213.0091552734375,1493232
2024-02-19,1247.5,1262.75,1240.699951171875,1256.625,1225.491943359375,955040
2024-02-20,1259.5,1270.9000244140625,1248.550048828125,1269.699951171875,1238.2430419921875,1262888
2024-02-21,1269.699951171875,1275.5,1259.074951171875,1271.800048828125,1240.2911376953125,1786364
2024-02-22,1280.0,1282.9749755859375,1262.5,1281.574951171875,1249.8238525390625,1504742
2024-02-23,1282.5,1291.5,1275.9749755859375,1289.5,1257.5523681640625,1211238
2024-02-26,1294.0,1294.0,1283.375,1291.949951171875,1259.94189453125,1323894
2024-02-27,1292.5,1300.7249755859375,1283.375,1299.3499755859375,1267.158447265625,1261744
2024-02-28,1300.5,1302.5,1280.125,1285.449951171875,1253.6026611328125,985574
2024-02-29,1285.7249755859375,1303.0999755859375,1273.5250244140625,1298.0999755859375,1265.939453125,2774576
2024-03-01,1298.0999755859375,1308.2750244140625,1291.25,1300.7249755859375,1268.499267578125,1511456
2024-03-04,1297.449951171875,1300.550048828125,1288.699951171875,1294.550048828125,1262.4774169921875,1268620
2024-03-05,1295.0,1297.5999755859375,1266.0,1269.324951171875,1237.877197265625,678604
2024-03-06,1270.0,1283.375,1254.125,1266.5250244140625,1235.1466064453125,1983280
2024-03-07,1265.0,1283.0,1259.5,1280.4749755859375,1248.7510986328125,1297304
2024-03-11,1280.4749755859375,1315.5,1274.2750244140625,1305.75,1273.4000244140625,2990598
2024-03-12,1303.0250244140625,1307.5250244140625,1283.1500244140625,1295.074951171875,1262.9892578125,1726470
2024-03-13,1297.4749755859375,1326.824951171875,1276.425048828125,1291.4749755859375,1259.4786376953125,3627604
2024-03-14,1295.0,1309.9749755859375,1286.949951171875,1306.375,1274.0093994140625,2245994
2024-03-15,1308.4749755859375,1314.949951171875,1292.5999755859375,1301.824951171875,1269.572021484375,2533984
2024-03-18,1301.824951171875,1305.4000244140625,1279.375,1290.175048828125,1258.2108154296875,1285192
2024-03-19,1290.0,1292.375,1234.074951171875,1248.0250244140625,1217.105224609375,3497728
2024-03-20,1257.0,1277.5,1249.0250244140625,1275.125,1243.53369140625,1399290
2024-03-21,1275.5,1281.0250244140625,1262.574951171875,1276.824951171875,1245.19140625,1807754
2024-03-22,1270.0999755859375,1296.0,1268.5,1286.699951171875,1254.8218994140625,2027126
2024-03-26,1284.0,1298.25,1266.074951171875,1293.050048828125,1261.0146484375,1941704
2024-03-27,1293.050048828125,1295.2750244140625,1275.875,1283.2249755859375,1251.432861328125,1801192
2024-03-28,1283.5250244140625,1319.3499755859375,1283.5250244140625,1311.175048828125,1278.6905517578125,4365832
2024-04-01,1311.175048828125,1321.300048828125,1291.25,1292.800048828125,1260.77099609375,1486064
2024-04-02,1298.5,1315.0,1291.5,1311.6500244140625,1279.15380859375,1445766
2024-04-03,1311.6500244140625,1311.9749755859375,1272.5,1276.9749755859375,1245.337890625,3850278
2024-04-04,1284.9000244140625,1285.0,1257.050048828125,1274.800048828125,1243.2166748046875,2782752
2024-04-05,1287.5,1288.0,1267.0,1268.824951171875,1237.3897705078125,1532454
2024-04-08,1265.5,1273.625,1246.425048828125,1249.0250244140625,1218.0802001953125,2436980
2024-04-09,1253.0,1261.0999755859375,1248.5,1251.4000244140625,1220.396484375,867882
2024-04-10,1257.0,1266.5,1247.0250244140625,1263.800048828125,1232.4893798828125,989760
2024-04-12,1267.3499755859375,1279.5,1258.0999755859375,1268.0999755859375,1236.6826171875,2479930
2024-04-15,1255.0,1288.5,1255.0,1276.824951171875,1245.19140625,2293646
2024-04-16,1275.074951171875,1291.824951171875,1271.1500244140625,1273.050048828125,1241.5101318359375,1537722
2024-04-18,1270.050048828125,1271.324951171875,1205.300048828125,1231.2750244140625,1200.77001953125,6077666
2024-04-19,1215.0,1235.675048828125,1205.0,1218.8499755859375,1188.6529541015625,3702024
2024-04-22,1218.25,1241.0,1213.925048828125,1229.3499755859375,1198.8927001953125,2504706
2024-04-23,1224.5,1255.0,1212.9749755859375,1250.625,1219.640625,2248818
2024-04-24,1257.5250244140625,1267.9000244140625,1244.125,1250.074951171875,1219.104248046875,1447036
2024-04-25,1259.9749755859375,1288.949951171875,1235.625,1281.324951171875,1249.580078125,6481728
2024-04-26,1287.4749755859375,1291.4000244140625,1235.5250244140625,1241.375,1210.6197509765625,2643128
2024-04-29,1251.0,1262.199951171875,1245.0,1254.9000244140625,1223.809814453125,1243124
2024-04-30,1258.8499755859375,1268.800048828125,1250.2750244140625,1253.699951171875,1222.639404296875,1625278
2024-05-02,1253.699951171875,1270.5,1252.5,1256.1500244140625,1225.02880859375,2223826
2024-05-03,1257.550048828125,1261.5250244140625,1218.125,1228.050048828125,1197.625,2257460
2024-05-06,1237.199951171875,1239.9749755859375,1223.4749755859375,1228.699951171875,1198.2587890625,1431992
2024-05-07,1234.5,1264.175048828125,1229.7750244140625,1254.324951171875,1223.2490234375,2146918
2024-05-08,1251.2249755859375,1274.0,1242.824951171875,1269.5,1238.0479736328125,1398140
2024-05-09,1269.5,1274.949951171875,1251.0,1256.7249755859375,1225.5894775390625,1404310
2024-05-10,1256.7249755859375,1274.5,1251.7249755859375,1266.5999755859375,1235.2198486328125,1394832
2024-05-13,1266.375,1270.949951171875,1253.0250244140625,1258.125,1226.9547119140625,680762
2024-05-14,1253.050048828125,1259.4749755859375,1241.0,1243.675048828125,1212.8629150390625,1113494
2024-05-15,1244.0,1249.5,1230.0,1232.5,1201.964599609375,868812
2024-05-16,1235.0,1239.9749755859375,1210.1500244140625,1234.175048828125,1203.5982666015625,1944988
2024-05-17,1234.175048828125,1234.175048828125,1216.9000244140625,1222.75,1192.456298828125,1442356
2024-05-21,1233.0,1244.800048828125,1216.0,1230.4000244140625,1199.916748046875,2574902
2024-05-22,1236.0,1243.75,1230.949951171875,1234.574951171875,1203.988037109375,1574654
2024-05-23,1240.5,1243.75,1227.7750244140625,1237.074951171875,1206.4261474609375,1563326
2024-05-24,1238.4749755859375,1242.5,1229.0250244140625,1233.875,1203.3056640625,907544
2024-05-27,1238.5,1239.5,1227.5,1229.949951171875,1199.477783203125,1071662
2024-05-28,1230.574951171875,1233.824951171875,1223.0,1225.8499755859375,1195.4793701171875,1043344
2024-05-29,1223.8499755859375,1248.5,1222.5,1238.0999755859375,1207.42578125,1739200
2024-05-30,1232.5250244140625,1236.550048828125,1200.2750244140625,1202.4000244140625,1172.6103515625,2548428
2024-05-31,1212.800048828125,1212.800048828125,1172.5,1177.449951171875,1148.2783203125,5065946
2024-06-03,1187.4000244140625,1194.4749755859375,1175.0,1177.5250244140625,1148.351806640625,2145030
2024-06-04,1181.9749755859375,1219.0,1163.7249755859375,1213.875,1183.80126953125,3117062
2024-06-05,1215.0,1287.0250244140625,1215.0,1254.925048828125,1223.8343505859375,4057558
2024-06-06,1259.0,1259.0,1226.324951171875,1235.699951171875,1205.08544921875,1944280
2024-06-07,1238.2249755859375,1258.125,1233.5,1251.2249755859375,1220.2257080078125,2022404
2024-06-10,1255.0,1282.5,1253.5250244140625,1274.0999755859375,1242.5340576171875,1590348
2024-06-11,1280.0,1287.5,1267.0,1270.9749755859375,1239.4864501953125,1138822
2024-06-12,1272.0,1277.375,1260.5,1268.6500244140625,1237.218994140625,960816
2024-06-13,1297.074951171875,1307.2249755859375,1272.574951171875,1275.875,1244.2650146484375,2162544
2024-06-14,1282.300048828125,1282.300048828125,1267.050048828125,1271.25,1239.7545166015625,858944
2024-06-18,1274.5,1277.5,1267.0,1275.175048828125,1243.58251953125,519108
2024-06-19,1275.0,1279.800048828125,1258.925048828125,1263.0250244140625,1231.7335205078125,1568614
2024-06-20,1262.5,1275.574951171875,1250.0,1269.875,1238.413818359375,1314826
2024-06-21,1266.300048828125,1274.0,1244.25,1249.199951171875,1218.250732421875,2543088
2024-06-24,1249.199951171875,1266.0,1242.25,1265.0250244140625,1233.683837890625,1448402
2024-06-25,1267.5,1269.1500244140625,1252.5,1257.7249755859375,1226.5648193359375,625460
2024-06-26,1261.300048828125,1273.5,1253.7249755859375,1267.125,1235.7318115234375,958712
2024-06-27,1265.5999755859375,1277.0,1254.0250244140625,1266.875,1235.488037109375,1732622
2024-06-28,1266.875,1286.8499755859375,1264.1500244140625,1275.824951171875,1244.21630859375,2364066
2024-07-01,1279.9000244140625,1295.550048828125,1278.5,1284.050048828125,1252.237548828125,1849028
2024-07-02,1292.699951171875,1294.0,1266.574951171875,1272.2249755859375,1240.70556640625,1162200
2024-07-03,1275.050048828125,1284.7750244140625,1270.3499755859375,1275.75,1244.1431884765625,631912
2024-07-04,1280.0,1282.5,1271.0250244140625,1272.574951171875,1241.0467529296875,627352
2024-07-05,1275.300048828125,1289.800048828125,1266.25,1287.074951171875,1255.1875,1583026
2024-07-08,1287.074951171875,1310.0,1280.7249755859375,1301.699951171875,1269.4503173828125,1448552
2024-07-09,1313.6500244140625,1320.050048828125,1296.800048828125,1316.550048828125,1283.932373046875,1665146
2024-07-10,1318.949951171875,1324.9749755859375,1299.0250244140625,1308.2249755859375,1275.8134765625,1069980
2024-07-11,1310.0,1315.800048828125,1281.8499755859375,1296.5999755859375,1264.4764404296875,2107598
2024-07-12,1302.5,1309.925048828125,1292.925048828125,1304.5,1272.1810302734375,1451786
2024-07-15,1304.5250244140625,1309.75,1298.5,1302.550048828125,1270.2791748046875,695922
2024-07-16,1302.300048828125,1309.425048828125,1284.5250244140625,1303.6500244140625,1276.8660888671875,1514138
2024-07-18,1287.5,1317.449951171875,1287.5,1313.5250244140625,1286.5382080078125,1733594
2024-07-19,1317.425048828125,1322.75,1293.2249755859375,1298.925048828125,1272.2381591796875,1077872
2024-07-22,1298.925048828125,1315.0,1282.6500244140625,1293.6500244140625,1267.0716552734375,1490342
2024-07-23,1298.300048828125,1303.25,1275.0,1290.7750244140625,1264.255615234375,1936998
2024-07-24,1290.5,1290.5,1259.3499755859375,1270.699951171875,1244.593017578125,2622088
2024-07-25,1272.4000244140625,1278.324951171875,1229.7249755859375,1240.324951171875,1214.842041015625,6938362
2024-07-26,1246.300048828125,1246.300048828125,1225.75,1238.449951171875,1213.005615234375,3239386
2024-07-29,1241.800048828125,1243.4749755859375,1229.5,1235.1500244140625,1209.7734375,1605802
2024-07-30,1235.175048828125,1240.199951171875,1225.5,1228.824951171875,1203.578369140625,3429516
2024-07-31,1235.0,1238.5,1226.0,1228.175048828125,1202.9417724609375,1644722
2024-08-01,1232.5,1246.1500244140625,1228.175048828125,1242.0,1216.482666015625,2653524
2024-08-02,1240.0,1257.0,1232.5,1247.550048828125,1221.918701171875,2310948
2024-08-05,1244.0,1264.449951171875,1237.5250244140625,1255.449951171875,1229.65625,2651820
2024-08-06,1256.949951171875,1264.0,1250.5,1254.25,1228.4810791015625,1898862
2024-08-07,1259.2750244140625,1264.4749755859375,1255.125,1261.4000244140625,1235.484130859375,1299940
2024-08-08,1259.2750244140625,1262.5,1239.0,1244.550048828125,1218.98046875,2850012
2024-08-09,1253.300048828125,1255.949951171875,1245.0999755859375,1252.3499755859375,1226.619873046875,540012
2024-08-12,1250.9000244140625,1254.9749755859375,1234.175048828125,1236.550048828125,1211.1446533203125,950040
2024-08-13,1237.0,1246.0,1236.75,1242.3499755859375,1216.825439453125,623692
2024-08-14,1243.449951171875,1245.9749755859375,1230.300048828125,1237.300048828125,1211.8792724609375,1123752
2024-08-16,1245.0,1266.7249755859375,1235.675048828125,1262.7249755859375,1236.7818603515625,1719668
2024-08-19,1265.0,1273.0,1250.2750244140625,1251.574951171875,1225.86083984375,955402
2024-08-20,1255.300048828125,1263.0,1249.5250244140625,1259.25,1233.3782958984375,969464
2024-08-21,1264.949951171875,1277.5,1260.824951171875,1275.875,1249.66162109375,1249546
2024-08-22,1282.5,1282.5250244140625,1272.5,1275.5,1249.29443359375,1269810
2024-08-23,1275.4749755859375,1275.675048828125,1260.0,1264.5999755859375,1238.6182861328125,1023074
2024-08-26,1264.5999755859375,1272.5,1253.9749755859375,1259.7750244140625,1233.8924560546875,1266798
2024-08-27,1264.324951171875,1266.4000244140625,1255.75,1260.7249755859375,1234.8228759765625,782130
2024-08-28,1259.5,1259.5,1245.0,1246.25,1220.6455078125,1130322
2024-08-29,1249.449951171875,1259.7249755859375,1245.324951171875,1252.2750244140625,1226.5465087890625,1799588
2024-08-30,1252.2750244140625,1258.6500244140625,1245.9000244140625,1250.375,1224.6856689453125,3808974
2024-09-02,1250.0,1258.0,1248.5250244140625,1254.949951171875,1229.1666259765625,1751182
2024-09-03,1251.0,1279.5,1251.0,1265.375,1239.3773193359375,1975054
2024-09-04,1262.5250244140625,1270.7249755859375,1256.8499755859375,1267.375,1241.3363037109375,1005886
2024-09-05,1267.375,1267.5,1246.074951171875,1252.449951171875,1226.718017578125,2238592
2024-09-06,1254.300048828125,1259.625,1244.0250244140625,1251.5999755859375,1225.8853759765625,1673400
2024-09-09,1247.574951171875,1260.0,1244.375,1258.375,1232.521240234375,1167196
2024-09-10,1264.5,1273.949951171875,1257.0,1267.75,1241.70361328125,3044078
2024-09-11,1273.5,1280.800048828125,1259.7249755859375,1263.425048828125,1237.4674072265625,1959876
2024-09-12,1264.949951171875,1270.0,1244.0,1263.925048828125,1237.9571533203125,3109758
2024-09-13,1265.0,1280.5,1264.125,1265.699951171875,1239.6956787109375,1465434
2024-09-16,1265.0,1277.800048828125,1250.0,1274.800048828125,1248.60888671875,788794
2024-09-17,1275.574951171875,1292.6500244140625,1269.3499755859375,1273.425048828125,1247.2620849609375,1390374
2024-09-18,1274.9749755859375,1300.550048828125,1273.0,1298.574951171875,1271.895263671875,2354058
2024-09-19,1301.5,1338.5,1298.574951171875,1317.0999755859375,1290.0396728515625,5068578
2024-09-20,1322.0,1352.125,1315.574951171875,1349.7750244140625,1322.0433349609375,4645516
2024-09-23,1352.574951171875,1364.925048828125,1345.0,1362.574951171875,1334.580322265625,2144494
2024-09-24,1362.5,1383.4000244140625,1337.0,1348.199951171875,1320.500732421875,3080066
2024-09-25,1342.625,1352.300048828125,1329.5250244140625,1348.675048828125,1320.966064453125,1437914
2024-09-26,1353.9749755859375,1381.2249755859375,1353.9749755859375,1377.75,1349.443603515625,2317212
2024-09-27,1375.0,1389.0,1365.5,1372.8499755859375,1344.644287109375,2194334
2024-09-30,1360.0,1370.0,1342.4000244140625,1344.9749755859375,1317.342041015625,1766384
2024-10-01,1345.0,1355.0,1336.449951171875,1353.5250244140625,1325.7164306640625,1105518
2024-10-03,1342.5,1347.5,1325.175048828125,1337.425048828125,1309.9471435546875,1624730
2024-10-04,1331.5,1339.175048828125,1295.1500244140625,1299.074951171875,1272.3851318359375,2066068
2024-10-07,1302.4749755859375,1310.0,1283.449951171875,1286.925048828125,1260.484619140625,2205716
2024-10-08,1285.300048828125,1297.0,1275.800048828125,1290.875,1264.353515625,2404340
2024-10-09,1289.5,1290.0,1234.4749755859375,1258.0,1232.1539306640625,4733190
2024-10-10,1264.5,1265.8499755859375,1253.0,1256.2249755859375,1230.415283203125,2060004
2024-10-11,1260.0,1261.0,1248.050048828125,1255.9000244140625,1230.0970458984375,1256928
2024-10-14,1259.8499755859375,1259.8499755859375,1246.574951171875,1251.0250244140625,1225.3223876953125,1340768
2024-10-15,1251.0250244140625,1251.0250244140625,1236.0,1242.125,1216.6051025390625,1590308
2024-10-16,1245.0,1246.5250244140625,1215.7249755859375,1231.125,1205.8311767578125,2473286
2024-10-17,1237.4749755859375,1237.4749755859375,1182.5,1189.3499755859375,1164.9144287109375,5255508
2024-10-18,1190.0,1191.824951171875,1163.050048828125,1175.125,1150.981689453125,3278370
2024-10-21,1180.0,1187.0,1166.5,1177.324951171875,1153.1363525390625,1497408
2024-10-22,1177.25,1192.5,1170.0250244140625,1175.125,1150.981689453125,1934262
2024-10-23,1175.0250244140625,1187.449951171875,1160.050048828125,1163.574951171875,1139.6689453125,1414522
2024-10-24,1169.5,1170.0,1108.0,1129.324951171875,1106.1226806640625,5910994
2024-10-25,1134.5,1143.25,1128.5,1130.3499755859375,1107.1265869140625,2683018
2024-10-28,1135.4749755859375,1159.5,1128.0250244140625,1136.0250244140625,1112.6849365234375,1751130
2024-10-29,1140.0,1142.9000244140625,1130.375,1133.699951171875,1110.40771484375,1859662
2024-10-30,1139.375,1148.625,1130.0999755859375,1138.1500244140625,1114.766357421875,1787546
2024-10-31,1143.5,1143.5,1130.0,1131.4749755859375,1108.2283935546875,1319530
2024-11-01,1146.449951171875,1146.4749755859375,1134.175048828125,1141.1500244140625,1117.70458984375,243228
2024-11-04,1141.5,1143.5,1115.449951171875,1123.0999755859375,1100.0255126953125,1926320
2024-11-05,1128.0,1133.949951171875,1118.1500244140625,1131.2249755859375,1107.9835205078125,1451860
2024-11-06,1134.0,1139.8499755859375,1129.0250244140625,1137.800048828125,1114.4234619140625,1613946
2024-11-07,1136.5,1142.425048828125,1120.8499755859375,1131.425048828125,1108.179443359375,1783914
2024-11-08,1135.0,1149.0,1129.4000244140625,1147.824951171875,1124.2425537109375,1669990
2024-11-11,1140.0,1147.425048828125,1127.0999755859375,1139.5250244140625,1116.113037109375,1547190
2024-11-12,1145.2249755859375,1145.2249755859375,1120.5,1128.0999755859375,1104.9227294921875,2210678
2024-11-13,1120.625,1125.9749755859375,1111.0,1117.625,1094.6629638671875,1526776
2024-11-14,1119.5250244140625,1122.4749755859375,1089.199951171875,1091.4000244140625,1068.976806640625,2318476
2024-11-18,1095.3499755859375,1109.4749755859375,1084.3499755859375,1106.5999755859375,1083.864501953125,1383330
2024-11-19,1112.5,1121.824951171875,1101.949951171875,1107.074951171875,1084.32958984375,1612040
2024-11-21,1102.7750244140625,1125.0,1093.5,1105.5999755859375,1082.885009765625,1655768
2024-11-22,1107.0999755859375,1126.425048828125,1102.0999755859375,1123.6500244140625,1100.564208984375,1543916
2024-11-25,1129.2750244140625,1141.824951171875,1123.125,1128.4749755859375,1105.2900390625,4059604
2024-11-26,1135.0,1143.9749755859375,1125.25,1132.625,1109.3548583984375,634244
2024-11-27,1138.300048828125,1138.4000244140625,1125.2249755859375,1136.9749755859375,1113.6153564453125,874722
2024-11-28,1137.0250244140625,1144.75,1114.0,1118.125,1095.1527099609375,2492756
2024-11-29,1113.5,1131.5,1113.5,1117.324951171875,1094.3690185546875,2698320
2024-12-02,1121.4000244140625,1128.5,1111.550048828125,1125.925048828125,1102.79248046875,936544
2024-12-03,1131.0,1133.425048828125,1125.0,1130.8499755859375,1107.6162109375,1532464
2024-12-04,1130.5,1137.5,1120.7249755859375,1128.9000244140625,1105.7064208984375,1937738
2024-12-05,1128.9000244140625,1138.5,1110.5,1132.75,1109.477294921875,2375568
2024-12-06,1133.2249755859375,1145.9749755859375,1127.550048828125,1133.9000244140625,1110.6036376953125,1291202
2024-12-09,1135.0,1138.300048828125,1106.824951171875,1114.425048828125,1091.52880859375,1939702
2024-12-10,1114.5,1120.0,1105.0,1107.2249755859375,1084.4766845703125,1830596
2024-12-11,1112.5,1127.0,1111.5,1120.5250244140625,1097.50341796875,1469722
2024-12-12,1124.9749755859375,1127.0,1107.550048828125,1112.0250244140625,1089.17822265625,1931220
2024-12-13,1112.5,1128.925048828125,1104.125,1126.75,1103.6004638671875,1109322
2024-12-16,1126.75,1128.75,1114.2750244140625,1119.375,1096.3770751953125,1331372
2024-12-17,1113.0,1116.9749755859375,1100.0,1101.4749755859375,1078.8448486328125,2997812
2024-12-18,1101.4749755859375,1106.9749755859375,1090.25,1094.0250244140625,1071.5478515625,1932332
2024-12-19,1092.5,1097.125,1073.699951171875,1080.199951171875,1058.0069580078125,3107980
2024-12-20,1080.0,1087.5,1072.699951171875,1081.75,1059.52490234375,3303524
2024-12-23,1085.0,1090.0,1073.8499755859375,1075.800048828125,1053.6973876953125,877434
2024-12-24,1075.8499755859375,1087.5,1075.8499755859375,1083.3499755859375,1061.0921630859375,645132
2024-12-26,1079.0999755859375,1088.0,1073.199951171875,1074.949951171875,1052.8648681640625,1047852
2024-12-27,1079.5,1084.5250244140625,1075.5,1082.800048828125,1060.5535888671875,925334
2024-12-30,1087.0,1088.5,1074.5,1079.949951171875,1057.7620849609375,2470980
2024-12-31,1077.5,1087.2750244140625,1073.875,1085.0250244140625,1062.7327880859375,1271114
2025-01-01,1085.0,1089.625,1078.6500244140625,1084.625,1062.3409423828125,908580
2025-01-02,1084.5,1103.875,1081.574951171875,1100.0999755859375,1077.4979248046875,1258328
2025-01-03,1100.0999755859375,1118.9749755859375,1099.0250244140625,1116.3499755859375,1093.4141845703125,2022900
2025-01-06,1121.75,1122.449951171875,1085.0,1092.5,1070.0543212890625,2276932
2025-01-07,1095.0999755859375,1108.1500244140625,1089.949951171875,1106.324951171875,1083.594970703125,1191638
2025-01-08,1111.5,1112.4749755859375,1097.2750244140625,1109.949951171875,1087.1456298828125,899000
2025-01-09,1107.7249755859375,1135.9000244140625,1102.0250244140625,1128.0250244140625,1104.849365234375,2294636
2025-01-10,1136.0250244140625,1139.0,1120.625,1123.949951171875,1100.858154296875,1619708
2025-01-13,1122.5,1130.574951171875,1110.7750244140625,1118.675048828125,1095.6915283203125,1609062
2025-01-14,1125.5999755859375,1128.300048828125,1099.625,1109.5250244140625,1086.7293701171875,1405098
2025-01-15,1109.5250244140625,1110.050048828125,1086.0999755859375,1099.824951171875,1077.228515625,1447250
2025-01-16,1102.550048828125,1109.125,1078.25,1084.6500244140625,1062.365478515625,2651618
2025-01-17,1090.324951171875,1113.175048828125,1086.2750244140625,1108.5999755859375,1085.8232421875,911802
2025-01-20,1109.5999755859375,1112.5,1101.175048828125,1107.0,1084.2562255859375,802216
2025-01-21,1112.5,1120.0,1095.7750244140625,1098.2249755859375,1075.6614990234375,1528828
2025-01-22,1098.2249755859375,1106.4749755859375,1097.074951171875,1103.9000244140625,1081.219970703125,896072
2025-01-23,1097.074951171875,1104.800048828125,1082.5,1099.4749755859375,1076.8858642578125,992014
2025-01-24,1101.0,1111.375,1095.050048828125,1103.949951171875,1081.268798828125,1327200
2025-01-27,1091.0250244140625,1115.949951171875,1084.300048828125,1087.375,1065.034423828125,1099972
2025-01-28,1087.375,1090.925048828125,1071.300048828125,1078.1500244140625,1055.9991455078125,1442066
2025-01-29,1078.1500244140625,1092.449951171875,1065.625,1090.3499755859375,1067.9483642578125,794290
2025-01-30,1094.5,1116.3499755859375,1090.3499755859375,1108.675048828125,1085.8968505859375,1149120
2025-01-31,1108.675048828125,1193.5,1104.75,1156.5999755859375,1132.8372802734375,6279774
2025-02-01,1156.5,1187.0,1128.625,1163.5999755859375,1139.6934814453125,2493130
2025-02-03,1163.5999755859375,1187.0,1155.8499755859375,1158.550048828125,1134.747314453125,2281742
2025-02-04,1161.199951171875,1161.4000244140625,1141.8499755859375,1149.7249755859375,1126.1033935546875,2487034
2025-02-05,1141.9000244140625,1148.949951171875,1112.625,1124.4749755859375,1101.3721923828125,2950590
2025-02-06,1134.5,1134.5,1113.5,1119.7249755859375,1096.7198486328125,1973914
2025-02-07,1117.0,1119.0,1103.7750244140625,1112.550048828125,1096.6705322265625,1585116
2025-02-10,1117.5,1126.25,1103.0999755859375,1110.5250244140625,1094.674560546875,1520362
2025-02-11,1110.5250244140625,1116.050048828125,1088.9749755859375,1097.75,1082.081787109375,953674
2025-02-12,1107.0,1107.0,1085.8499755859375,1096.875,1081.21923828125,1006516
2025-02-13,1096.875,1105.0999755859375,1086.324951171875,1088.7750244140625,1073.23486328125,1022294
2025-02-14,1088.7750244140625,1112.5,1085.0250244140625,1097.925048828125,1082.2542724609375,1921722
2025-02-17,1097.925048828125,1110.0,1085.0,1108.25,1092.4320068359375,1603030
2025-02-18,1108.25,1114.75,1099.9749755859375,1111.199951171875,1095.33984375,906118
2025-02-19,1103.0,1112.0,1098.7750244140625,1102.4749755859375,1086.7393798828125,852958
2025-02-20,1102.4749755859375,1107.4749755859375,1093.4000244140625,1103.375,1087.62646484375,1316934
2025-02-21,1108.4749755859375,1109.050048828125,1094.6500244140625,1107.4749755859375,1091.66796875,1188490
2025-02-24,1099.5,1118.925048828125,1098.0250244140625,1110.199951171875,1094.3541259765625,968084
2025-02-25,1111.2249755859375,1128.199951171875,1106.925048828125,1125.199951171875,1109.139892578125,1285668
2025-02-27,1130.0999755859375,1140.9000244140625,1125.0,1139.0999755859375,1122.841552734375,1502006
2025-02-28,1130.5,1135.0,1092.5,1094.824951171875,1079.198486328125,3687132
2025-03-03,1094.125,1100.0,1075.4000244140625,1092.7750244140625,1077.177734375,1043550
2025-03-04,1080.0,1082.050048828125,1059.0,1073.25,1057.931396484375,2085044
2025-03-05,1055.0,1104.675048828125,1055.0,1098.5,1082.8211669921875,1693328
2025-03-06,1093.5,1108.199951171875,1085.1500244140625,1100.5999755859375,1084.89111328125,2514922
2025-03-07,1100.5,1123.0,1095.625,1119.2249755859375,1103.250244140625,1051212
2025-03-10,1119.5999755859375,1137.0,1077.550048828125,1124.199951171875,1108.1541748046875,1013160
2025-03-11,1120.4000244140625,1136.2249755859375,1116.875,1125.699951171875,1109.6328125,957110
2025-03-12,1124.5,1127.050048828125,1095.824951171875,1097.75,1082.081787109375,717178
2025-03-13,1101.050048828125,1105.875,1092.050048828125,1095.9749755859375,1080.3321533203125,584340
2025-03-17,1087.7750244140625,1101.675048828125,1078.0,1087.175048828125,1071.65771484375,820010
2025-03-18,1087.175048828125,1087.175048828125,1087.175048828125,1087.175048828125,1071.65771484375,0
2025-03-19,1103.25,1106.699951171875,1090.074951171875,1092.0,1076.4139404296875,845086
2025-03-20,1102.0,1114.375,1090.574951171875,1110.7750244140625,1094.9208984375,953748
2025-03-21,1120.449951171875,1137.5,1115.9749755859375,1134.425048828125,1118.2333984375,1585274
2025-03-24,1136.550048828125,1144.300048828125,1130.0250244140625,1131.7750244140625,1115.6212158203125,861902
2025-03-25,1130.0,1140.0,1115.0999755859375,1127.425048828125,1111.333251953125,1484284
2025-03-26,1127.449951171875,1134.925048828125,1120.050048828125,1121.7249755859375,1105.714599609375,1066938
2025-03-27,1120.0999755859375,1134.0,1112.625,1121.0250244140625,1105.024658203125,1731172
2025-03-28,1121.5250244140625,1143.9749755859375,1121.5250244140625,1125.375,1109.3123779296875,1432302
2025-04-01,1130.949951171875,1143.925048828125,1109.050048828125,1117.0,1101.05712890625,2040110
2025-04-02,1115.0,1115.0,1074.0,1105.3499755859375,1089.5732421875,2601704
2025-04-03,1099.0250244140625,1124.5250244140625,1097.5,1122.824951171875,1106.798828125,635716
2025-04-04,1117.0,1141.4000244140625,1108.625,1131.074951171875,1114.93115234375,1183470
2025-04-07,1080.0,1128.675048828125,1080.0,1124.5,1108.449951171875,1474570
2025-04-08,1127.5,1141.4749755859375,1115.625,1137.699951171875,1121.4615478515625,1747016
2025-04-09,1141.5999755859375,1181.300048828125,1136.0999755859375,1172.425048828125,1155.69091796875,3706748
2025-04-11,1172.8499755859375,1186.0,1161.0250244140625,1180.699951171875,1163.8477783203125,2236634
2025-04-15,1190.699951171875,1190.699951171875,1172.800048828125,1183.949951171875,1167.0513916015625,1561748
2025-04-16,1173.5,1195.050048828125,1173.5,1191.6500244140625,1174.6416015625,1354424
2025-04-17,1186.0,1211.5999755859375,1179.300048828125,1208.300048828125,1191.053955078125,1815842
2025-04-21,1200.5,1210.5,1195.25,1199.699951171875,1182.57666015625,953130
2025-04-22,1202.5,1210.0,1195.0,1203.6500244140625,1186.4703369140625,975908
2025-04-23,1209.6500244140625,1220.949951171875,1200.0,1216.699951171875,1199.333984375,1165112
2025-04-24,1217.5,1257.5,1189.5,1216.5999755859375,1199.2353515625,4674476
2025-04-25,1213.449951171875,1217.5999755859375,1193.6500244140625,1206.75,1189.5260009765625,2256568
2025-04-28,1200.0,1209.199951171875,1193.0,1203.0,1185.82958984375,1961052
2025-04-29,1203.0,1203.0,1179.5999755859375,1193.75,1176.7115478515625,1952120
2025-04-30,1187.5,1203.199951171875,1182.1500244140625,1194.0999755859375,1177.0565185546875,2040862
2025-05-02,1187.5,1192.4000244140625,1163.5,1165.9000244140625,1149.2591552734375,1265148
2025-05-05,1174.449951171875,1176.0,1161.8499755859375,1164.0999755859375,1147.48486328125,1827594
2025-05-06,1168.5,1187.0999755859375,1165.0,1178.25,1161.4327392578125,1742026
2025-05-07,1165.5,1178.0,1163.6500244140625,1169.199951171875,1152.5118408203125,1353304
2025-05-08,1164.0,1175.050048828125,1157.550048828125,1170.3499755859375,1153.6455078125,2693092
2025-05-09,1151.0,1174.5,1145.8499755859375,1162.699951171875,1146.1046142578125,1816458
2025-05-12,1179.9000244140625,1194.5,1173.0,1191.9000244140625,1174.8880615234375,801500
2025-05-13,1190.0,1194.9000244140625,1171.0,1185.0999755859375,1168.18505859375,2333552
2025-05-14,1182.5,1189.5999755859375,1176.6500244140625,1185.199951171875,1168.283447265625,1203066
2025-05-15,1185.0,1207.449951171875,1170.75,1199.050048828125,1181.9359130859375,1928224
2025-05-16,1207.300048828125,1207.300048828125,1188.3499755859375,1204.4000244140625,1187.2095947265625,1369102
2025-05-19,1202.0,1211.050048828125,1198.0999755859375,1203.9000244140625,1186.7166748046875,845862
2025-05-20,1209.9000244140625,1209.9000244140625,1177.1500244140625,1179.25,1162.41845703125,1555350
2025-05-21,1179.25,1199.0,1179.25,1196.300048828125,1179.2252197265625,1350296
2025-05-22,1192.5,1192.5,1170.0,1180.8499755859375,1163.9957275390625,2161612
2025-05-23,1178.0,1212.0,1176.050048828125,1207.199951171875,1189.9696044921875,1154460
2025-05-26,1207.199951171875,1232.449951171875,1202.699951171875,1227.0,1209.487060546875,1248708
2025-05-27,1225.050048828125,1241.0,1216.0999755859375,1230.449951171875,1212.8876953125,1584098
2025-05-28,1226.050048828125,1228.3499755859375,1208.0,1209.5,1192.2366943359375,1447242
2025-05-29,1210.699951171875,1219.9000244140625,1203.25,1217.5,1200.1226806640625,1862596
2025-05-30,1217.5,1228.5,1195.25,1198.0999755859375,1180.99951171875,2134920
2025-06-02,1200.0,1207.9000244140625,1195.5,1203.1500244140625,1185.9775390625,2052718
2025-06-03,1207.8499755859375,1213.199951171875,1191.0,1195.699951171875,1178.6337890625,1468888
2025-06-04,1194.199951171875,1201.9000244140625,1192.449951171875,1198.75,1181.64013671875,1174082
2025-06-05,1202.5,1204.5,1190.25,1200.6500244140625,1183.51318359375,1467916
2025-06-06,1201.949951171875,1211.449951171875,1195.0,1208.5999755859375,1191.349609375,1004606
2025-06-09,1212.5,1213.6500244140625,1200.5,1207.6500244140625,1190.4132080078125,678874
2025-06-10,1207.6500244140625,1219.449951171875,1204.449951171875,1215.699951171875,1198.3482666015625,1351562
2025-06-11,1221.25,1225.0,1204.0,1209.5999755859375,1192.3353271484375,1751374
2025-06-12,1213.5,1214.050048828125,1183.1500244140625,1192.800048828125,1175.775146484375,2717158
2025-06-13,1181.0,1190.0,1173.4000244140625,1188.4000244140625,1171.4381103515625,829756
2025-06-16,1185.050048828125,1197.5,1182.550048828125,1194.9000244140625,1177.84521484375,532308
2025-06-17,1190.050048828125,1193.449951171875,1176.5,1181.0,1164.1435546875,1531068
2025-06-18,1181.949951171875,1182.050048828125,1162.699951171875,1170.4000244140625,1153.6949462890625,1308554
2025-06-19,1170.4000244140625,1170.4000244140625,1155.0,1159.449951171875,1142.9010009765625,1474774
2025-06-20,1169.050048828125,1199.0,1159.449951171875,1180.199951171875,1163.3548583984375,22941194
2025-06-23,1186.5,1199.449951171875,1175.449951171875,1179.550048828125,1162.71435546875,1297744
2025-06-24,1187.5,1191.800048828125,1178.8499755859375,1182.9000244140625,1166.0164794921875,1100860
2025-06-25,1186.0,1214.449951171875,1186.0,1202.199951171875,1185.041015625,2300288
2025-06-26,1210.0,1221.800048828125,1201.5999755859375,1215.699951171875,1198.3482666015625,3115098
2025-06-27,1224.5,1231.8499755859375,1213.050048828125,1229.3499755859375,1211.8033447265625,2375672
2025-06-30,1234.0,1237.800048828125,1221.5,1232.6500244140625,1215.056396484375,1658010
2025-07-01,1235.0,1235.699951171875,1202.5999755859375,1205.050048828125,1187.850341796875,1077220
2025-07-02,1205.25,1206.949951171875,1190.0,1194.0,1176.9578857421875,1475052
2025-07-03,1199.949951171875,1204.550048828125,1192.5,1194.199951171875,1177.1552734375,1263638
2025-07-04,1192.449951171875,1198.5,1183.550048828125,1196.4000244140625,1184.2823486328125,790114
2025-07-07,1199.699951171875,1213.0,1194.0,1211.050048828125,1198.783935546875,868414
2025-07-08,1211.050048828125,1217.8499755859375,1203.5,1208.949951171875,1196.7052001953125,711576
2025-07-09,1210.0,1218.25,1207.25,1213.9000244140625,1201.6051025390625,790360
2025-07-10,1212.5,1218.449951171875,1198.800048828125,1200.699951171875,1188.5386962890625,569850
2025-07-11,1202.0,1214.3499755859375,1198.550048828125,1201.75,1189.5780029296875,741064
2025-07-14,1202.6500244140625,1207.3499755859375,1188.5,1196.449951171875,1184.331787109375,942914
2025-07-15,1196.449951171875,1210.0,1190.050048828125,1208.1500244140625,1195.913330078125,1064608
2025-07-16,1208.0,1245.0,1203.699951171875,1230.0,1217.5419921875,2810630
2025-07-17,1229.0,1235.0,1223.050048828125,1224.550048828125,1212.1470947265625,546708
2025-07-18,1229.5,1238.449951171875,1215.5,1236.0999755859375,1223.580078125,899652
2025-07-21,1236.449951171875,1239.199951171875,1222.5,1236.300048828125,1223.778076171875,957974
2025-07-22,1236.4000244140625,1238.75,1219.0,1221.75,1209.3756103515625,774548
2025-07-23,1230.0,1234.5,1216.800048828125,1226.25,1213.8299560546875,720228
2025-07-24,1226.4000244140625,1237.5,1155.0,1161.050048828125,1149.2904052734375,5372012
2025-07-25,1157.449951171875,1157.449951171875,1133.0,1137.300048828125,1125.781005859375,3178714
2025-07-28,1137.3499755859375,1149.949951171875,1111.050048828125,1114.6500244140625,1103.3602294921875,1879938
2025-07-29,1115.0,1129.050048828125,1109.949951171875,1111.8499755859375,1100.588623046875,1801922
2025-07-30,1115.0,1119.75,1110.8499755859375,1115.75,1104.44921875,929698
2025-07-31,1112.5,1132.949951171875,1110.5,1123.8499755859375,1112.467041015625,1346218
2025-08-01,1123.8499755859375,1143.8499755859375,1121.550048828125,1138.25,1126.72119140625,1410024
2025-08-04,1143.0,1143.300048828125,1129.0,1138.699951171875,1127.1666259765625,812794
2025-08-05,1139.8499755859375,1141.199951171875,1125.050048828125,1133.6500244140625,1122.1678466796875,1135934
2025-08-06,1135.0,1136.199951171875,1113.050048828125,1116.6500244140625,1105.3399658203125,1127544
2025-08-07,1118.0,1123.199951171875,1107.5,1117.300048828125,1105.9835205078125,1014230
2025-08-08,1122.0,1126.4000244140625,1093.4000244140625,1096.5,1085.3941650390625,1242852
2025-08-11,1097.0,1108.9000244140625,1087.0,1105.0,1093.80810546875,1038967
2025-08-12,1108.0,1109.5999755859375,1089.0,1091.0999755859375,1080.0487060546875,758197
2025-08-13,1091.0999755859375,1100.800048828125,1086.5999755859375,1096.9000244140625,1085.7900390625,813725
2025-08-14,1099.9000244140625,1103.0,1084.699951171875,1089.4000244140625,1078.3660888671875,941698
2025-08-18,1120.5,1169.9000244140625,1120.5,1144.0999755859375,1132.511962890625,3478231
2025-08-19,1149.5999755859375,1168.0,1130.199951171875,1161.4000244140625,1149.63671875,1851158
2025-08-20,1165.0,1192.800048828125,1156.699951171875,1190.300048828125,1178.244140625,1652532
2025-08-21,1190.0,1190.300048828125,1168.800048828125,1179.4000244140625,1167.4544677734375,991563
2025-08-22,1175.0,1191.0,1158.0,1162.9000244140625,1151.12158203125,921658
2025-08-25,1162.9000244140625,1166.800048828125,1148.800048828125,1153.0,1141.3218994140625,931358
2025-08-26,1149.0,1179.0,1149.0,1162.199951171875,1150.4285888671875,3619892
2025-08-28,1165.5999755859375,1168.199951171875,1155.0,1162.4000244140625,1150.6265869140625,1065888
2025-08-29,1160.300048828125,1184.4000244140625,1150.0,1156.199951171875,1144.4893798828125,1593255
2025-09-01,1157.9000244140625,1176.0,1156.199951171875,1174.4000244140625,1162.505126953125,643866
2025-09-02,1174.4000244140625,1202.5,1172.4000244140625,1200.9000244140625,1188.7366943359375,1773623
2025-09-03,1206.5,1206.5,1191.300048828125,1194.800048828125,1182.698486328125,827824
2025-09-04,1230.0,1238.199951171875,1208.0,1212.5999755859375,1200.318115234375,3346196
2025-09-05,1212.0,1216.4000244140625,1191.0,1208.5,1196.2596435546875,1434458
2025-09-08,1208.5,1211.0,1185.199951171875,1187.699951171875,1175.6702880859375,1112974
2025-09-09,1195.199951171875,1204.0,1187.9000244140625,1202.199951171875,1190.0235595703125,1295618
2025-09-10,1208.199951171875,1219.199951171875,1201.699951171875,1217.5,1205.1685791015625,1015673
2025-09-11,1212.0999755859375,1224.9000244140625,1212.0999755859375,1220.800048828125,1208.4351806640625,783400
2025-09-12,1220.199951171875,1223.0,1209.5,1217.5999755859375,1205.2674560546875,632659
2025-09-15,1212.199951171875,1220.0,1209.5999755859375,1212.5,1200.2191162109375,523120
2025-09-16,1212.0,1215.0,1201.199951171875,1204.199951171875,1192.0032958984375,1137133
2025-09-17,1207.0,1212.5999755859375,1195.5999755859375,1204.300048828125,1192.102294921875,1005661
2025-09-18,1205.0999755859375,1213.300048828125,1200.0,1209.0999755859375,1196.8536376953125,1345158
2025-09-19,1212.0,1212.0,1191.0,1194.5,1182.4014892578125,2395784
2025-09-22,1198.9000244140625,1201.199951171875,1184.0,1188.300048828125,1176.264404296875,1107323
2025-09-23,1189.800048828125,1194.5,1165.0,1168.4000244140625,1156.56591796875,2114020
2025-09-24,1167.9000244140625,1185.199951171875,1161.4000244140625,1178.5999755859375,1166.66259765625,1395188
2025-09-25,1184.5,1192.4000244140625,1171.5999755859375,1173.5,1161.6141357421875,1273981
2025-09-26,1170.0,1179.0,1160.199951171875,1162.5999755859375,1150.8245849609375,1011036
2025-09-29,1160.0,1162.0999755859375,1149.199951171875,1152.5,1140.826904296875,2130382
2025-09-30,1155.5999755859375,1159.5999755859375,1146.4000244140625,1152.9000244140625,1141.2227783203125,1409305
2025-10-01,1157.9000244140625,1169.199951171875,1145.0,1166.4000244140625,1154.586181640625,727804
2025-10-03,1160.0,1171.300048828125,1154.4000244140625,1169.9000244140625,1158.05078125,1159975
2025-10-06,1163.5,1183.699951171875,1163.5,1181.699951171875,1169.7310791015625,639965
2025-10-07,1181.699951171875,1192.199951171875,1175.0,1176.800048828125,1164.880859375,922441
2025-10-08,1170.0,1182.5,1158.5999755859375,1180.5,1168.5433349609375,893579
2025-10-09,1175.0999755859375,1189.0999755859375,1172.9000244140625,1187.800048828125,1175.7694091796875,922191
2025-10-10,1186.4000244140625,1202.0,1184.4000244140625,1199.5,1187.350830078125,1110822
2025-10-13,1199.0,1200.800048828125,1181.9000244140625,1188.0999755859375,1176.0662841796875,1062394
2025-10-14,1190.0999755859375,1194.300048828125,1171.0,1175.5,1163.5938720703125,1293553
2025-10-15,1175.5,1225.0,1175.5,1221.4000244140625,1209.029052734375,2283392
2025-10-16,1221.4000244140625,1286.5,1216.5,1276.5999755859375,1263.6700439453125,6927367
2025-10-17,1263.9000244140625,1311.5999755859375,1261.300048828125,1289.5,1276.4393310546875,3171952
2025-10-20,1289.5,1305.5999755859375,1280.800048828125,1285.4000244140625,1272.380859375,1246633
2025-10-21,1280.0,1292.0,1277.300048828125,1287.300048828125,1274.2615966796875,245138
2025-10-23,1287.0,1303.800048828125,1270.800048828125,1272.800048828125,1259.9085693359375,1751448
2025-10-24,1274.4000244140625,1284.5,1259.4000244140625,1282.0,1269.0152587890625,1433533
2025-10-27,1282.0,1292.199951171875,1275.800048828125,1283.0,1270.005126953125,1107997
2025-10-28,1283.800048828125,1288.9000244140625,1263.699951171875,1271.0,1258.126708984375,1343829
2025-10-29,1275.0,1281.0,1266.5,1273.0,1260.1064453125,836932
2025-10-30,1278.0,1281.4000244140625,1267.699951171875,1279.9000244140625,1266.9365234375,728703
2025-10-31,1279.9000244140625,1284.0,1269.5999755859375,1271.5999755859375,1258.7205810546875,943037
2025-11-03,1269.5999755859375,1269.9000244140625,1255.5,1266.699951171875,1253.8701171875,847050
2025-11-04,1266.0,1269.0,1250.699951171875,1265.0,1252.1875,770668
2025-11-06,1265.0,1278.9000244140625,1260.0999755859375,1266.0999755859375,1253.2762451171875,1171263
2025-11-07,1264.0,1270.9000244140625,1256.4000244140625,1262.699951171875,1249.91064453125,596683
2025-11-10,1263.0999755859375,1273.199951171875,1260.199951171875,1262.9000244140625,1250.1087646484375,737986
2025-11-11,1268.0,1270.199951171875,1255.0,1268.0999755859375,1255.256103515625,729912
2025-11-12,1270.0,1286.9000244140625,1261.5999755859375,1278.199951171875,1265.253662109375,824792
2025-11-13,1280.0,1289.300048828125,1270.300048828125,1275.199951171875,1262.2840576171875,691337
2025-11-14,1275.199951171875,1279.0,1262.4000244140625,1271.5999755859375,1258.7205810546875,675047
2025-11-17,1272.0,1278.0,1264.0999755859375,1270.300048828125,1257.433837890625,774802
2025-11-18,1262.0999755859375,1269.9000244140625,1252.5999755859375,1265.0999755859375,1252.286376953125,810387
2025-11-19,1267.9000244140625,1280.0,1263.0,1279.0,1266.045654296875,726287
2025-11-20,1288.0,1288.5999755859375,1275.199951171875,1279.199951171875,1266.2435302734375,796864
2025-11-21,1275.0,1288.9000244140625,1273.0,1280.699951171875,1267.7283935546875,673231
2025-11-24,1285.0,1285.800048828125,1259.5,1269.199951171875,1256.3448486328125,2636542
2025-11-25,1267.4000244140625,1270.9000244140625,1250.800048828125,1263.199951171875,1250.4056396484375,1065974
2025-11-26,1257.0999755859375,1282.699951171875,1257.0999755859375,1276.800048828125,1263.8680419921875,810809
2025-11-27,1276.0,1279.5,1260.5,1266.4000244140625,1253.5732421875,708607
2025-11-28,1266.300048828125,1269.699951171875,1258.199951171875,1261.0999755859375,1248.326904296875,626947
2025-12-01,1260.5999755859375,1264.0,1251.5999755859375,1260.5999755859375,1247.8319091796875,644563
2025-12-02,1251.0,1261.800048828125,1251.0,1258.9000244140625,1246.1492919921875,911551
2025-12-03,1257.0,1258.0,1236.0999755859375,1241.9000244140625,1229.3214111328125,642993
2025-12-04,1241.9000244140625,1245.0,1233.199951171875,1242.4000244140625,1229.81640625,664641
2025-12-05,1237.5,1249.0,1234.199951171875,1246.9000244140625,1234.270751953125,911699
2025-12-08,1246.9000244140625,1248.0,1212.800048828125,1214.800048828125,1202.4959716796875,1534927
2025-12-09,1214.9000244140625,1221.5,1207.300048828125,1215.800048828125,1203.48583984375,810028
2025-12-10,1215.800048828125,1221.800048828125,1205.0,1209.300048828125,1197.0516357421875,514862
2025-12-11,1209.4000244140625,1220.4000244140625,1205.800048828125,1215.0,1202.69384765625,339626
2025-12-12,1219.0,1240.0,1215.4000244140625,1238.300048828125,1225.7579345703125,841766
2025-12-15,1238.0,1248.0,1225.5,1243.5,1230.9052734375,857798
2025-12-16,1236.5,1264.0,1234.4000244140625,1240.5999755859375,1228.0345458984375,1086329
2025-12-17,1237.0,1241.4000244140625,1224.300048828125,1234.5999755859375,1222.0953369140625,526222
2025-12-18,1234.699951171875,1243.9000244140625,1227.5,1233.5,1221.006591796875,707432
2025-12-19,1230.800048828125,1246.199951171875,1229.699951171875,1244.4000244140625,1231.796142578125,754446
2025-12-22,1246.0,1259.9000244140625,1240.0,1257.199951171875,1244.4664306640625,880387
2025-12-23,1260.0,1261.5,1251.0999755859375,1256.5,1243.7735595703125,663261
2025-12-24,1251.0999755859375,1264.0999755859375,1247.9000244140625,1259.699951171875,1246.9410400390625,598956
2025-12-26,1264.0,1277.0,1251.4000244140625,1272.5999755859375,1259.71044921875,1433973
2025-12-29,1275.0,1286.5,1270.800048828125,1280.0,1267.0355224609375,888206
2025-12-30,1284.0,1289.0,1267.699951171875,1274.0999755859375,1261.1953125,2043408
2025-12-31,1274.199951171875,1294.300048828125,1270.4000244140625,1288.0,1274.9544677734375,738631
2026-01-01,1293.0,1299.0,1284.0,1295.0,1281.883544921875,932297
2026-01-02,1292.0,1299.0,1277.5999755859375,1279.699951171875,1266.738525390625,736473
2026-01-05,1279.0,1320.0,1278.5,1314.5999755859375,1301.2850341796875,2397082
2026-01-06,1319.0,1323.5,1298.4000244140625,1319.9000244140625,1306.531494140625,866154
2026-01-07,1312.5,1332.699951171875,1304.199951171875,1314.800048828125,1301.4830322265625,676669
2026-01-08,1309.0999755859375,1315.0999755859375,1299.0,1306.9000244140625,1293.6630859375,555817
2026-01-09,1306.9000244140625,1310.800048828125,1290.0999755859375,1299.0999755859375,1285.9420166015625,1194489
2026-01-12,1293.0,1318.0,1291.5999755859375,1312.4000244140625,1299.107421875,1032516
2026-01-13,1312.4000244140625,1321.9000244140625,1309.0,1318.699951171875,1305.343505859375,1316337
2026-01-14,1321.0,1328.199951171875,1302.199951171875,1307.0999755859375,1293.861083984375,904110
2026-01-15,1307.0999755859375,1307.0999755859375,1307.0999755859375,1307.0999755859375,1293.861083984375,0
2026-01-16,1318.199951171875,1320.9000244140625,1305.300048828125,1315.9000244140625,1302.572021484375,1491989
2026-01-19,1306.0,1320.300048828125,1305.5,1315.5999755859375,1302.27490234375,867546
2026-01-20,1315.0,1317.0999755859375,1291.5999755859375,1295.699951171875,1282.576416015625,1173676
2026-01-21,1298.9000244140625,1311.699951171875,1271.300048828125,1283.199951171875,1270.2030029296875,1046054
2026-01-22,1285.9000244140625,1312.0,1272.300048828125,1306.0,1292.772216796875,994359
2026-01-23,1310.0,1311.9000244140625,1290.300048828125,1293.800048828125,1280.69580078125,744221
2026-01-27,1300.0,1314.0,1290.300048828125,1303.300048828125,1290.099609375,1159495
2026-01-28,1297.199951171875,1306.0,1273.0,1292.4000244140625,1279.3099365234375,940426
2026-01-29,1286.5,1294.4000244140625,1262.300048828125,1287.9000244140625,1274.85546875,1151521
2026-01-30,1286.0,1339.5999755859375,1283.0,1332.4000244140625,1318.90478515625,5292100
2026-02-02,1297.5,1311.0,1273.9000244140625,1308.300048828125,1295.0489501953125,1254558
2026-02-03,1330.0,1340.4000244140625,1291.0999755859375,1308.0,1294.751953125,1232271
2026-02-04,1313.5999755859375,1328.0,1295.0999755859375,1303.199951171875,1290.00048828125,875783
2026-02-05,1304.800048828125,1310.5999755859375,1287.0,1303.5,1290.2974853515625,854891
2026-02-06,1291.0999755859375,1305.199951171875,1278.699951171875,1303.300048828125,1297.06494140625,835646
2026-02-09,1301.0,1307.0,1290.300048828125,1295.5999755859375,1289.4017333984375,746303
2026-02-10,1296.9000244140625,1310.300048828125,1296.5,1308.5999755859375,1302.339599609375,936331
2026-02-11,1315.0,1324.9000244140625,1296.699951171875,1305.300048828125,1299.055419921875,911500
2026-02-12,1312.0999755859375,1312.0999755859375,1295.0999755859375,1305.5,1299.25439453125,534672
2026-02-13,1305.0,1310.4000244140625,1278.0,1282.5999755859375,1276.4639892578125,522586
2026-02-16,1276.699951171875,1295.5,1274.199951171875,1289.800048828125,1283.629638671875,456222
2026-02-17,1281.0,1289.5999755859375,1278.0,1285.300048828125,1279.151123046875,396198
2026-02-18,1286.5999755859375,1303.4000244140625,1278.0,1300.9000244140625,1294.676513671875,446022
2026-02-19,1299.800048828125,1300.0,1271.9000244140625,1278.5,1272.383544921875,659360
2026-02-20,1278.5,1301.0,1276.4000244140625,1293.800048828125,1287.6104736328125,754146
2026-02-23,1299.0,1318.5,1295.5,1315.0999755859375,1308.8084716796875,933582
2026-02-24,1305.5999755859375,1323.9000244140625,1305.5999755859375,1320.0,1313.68505859375,1120203
2026-02-25,1328.0,1334.800048828125,1315.0,1323.4000244140625,1317.06884765625,991399
2026-02-26,1329.199951171875,1329.199951171875,1310.5999755859375,1318.0,1311.694580078125,438946
2026-02-27,1311.0999755859375,1322.9000244140625,1286.0,1291.699951171875,1285.5203857421875,1640870
2026-03-02,1261.9000244140625,1288.0,1261.300048828125,1279.699951171875,1273.5777587890625,1161869
2026-03-04,1259.699951171875,1270.0,1240.0,1245.300048828125,1239.342529296875,1112032
2026-03-05,1249.5,1254.4000244140625,1222.699951171875,1250.9000244140625,1244.9156494140625,935711
2026-03-06,1250.0,1264.0999755859375,1234.199951171875,1252.4000244140625,1246.408447265625,830769
2026-03-09,1227.0,1242.5999755859375,1217.4000244140625,1235.800048828125,1229.887939453125,1467475
2026-03-10,1236.9000244140625,1249.5,1233.5,1241.199951171875,1235.261962890625,1301806
2026-03-11,1237.0999755859375,1245.9000244140625,1226.0999755859375,1233.699951171875,1227.7978515625,1472136
2026-03-12,1225.0,1229.9000244140625,1209.300048828125,1220.800048828125,1214.959716796875,1358564
2026-03-13,1219.0,1238.5999755859375,1200.5999755859375,1202.199951171875,1196.4486083984375,1681371
2026-03-16,1200.0,1219.300048828125,1196.5,1213.4000244140625,1207.5950927734375,1100151
2026-03-17,1213.4000244140625,1225.0,1199.0999755859375,1206.9000244140625,1201.1260986328125,1673011
2026-03-18,1206.0,1213.300048828125,1199.9000244140625,1204.800048828125,1199.0362548828125,1144239
2026-03-19,1193.0,1203.0,1177.699951171875,1186.300048828125,1180.624755859375,826831
2026-03-20,1204.0,1204.0,1177.5999755859375,1193.5999755859375,1187.8897705078125,1395157
2026-03-23,1189.0,1189.0,1164.800048828125,1166.800048828125,1161.218017578125,944890
2026-03-24,1180.0,1195.0999755859375,1163.199951171875,1183.199951171875,1177.5394287109375,1001494
2026-03-25,1183.199951171875,1217.800048828125,1180.0,1204.0999755859375,1198.3394775390625,1003662
2026-03-27,1204.0999755859375,1215.699951171875,1188.300048828125,1193.199951171875,1187.4915771484375,2005121
2026-03-30,1185.0,1194.4000244140625,1169.5999755859375,1174.800048828125,1169.1798095703125,1814954
2026-04-01,1174.800048828125,1191.5999755859375,1167.0999755859375,1180.800048828125,1175.1510009765625,1836376
2026-04-02,1173.300048828125,1200.0,1159.4000244140625,1191.300048828125,1185.600830078125,1357820
2026-04-06,1190.0,1218.800048828125,1179.0,1216.0,1210.1826171875,1460974
2026-04-07,1204.4000244140625,1225.4000244140625,1194.199951171875,1222.800048828125,1216.9500732421875,1434686
2026-04-08,1238.0,1250.5999755859375,1209.300048828125,1213.699951171875,1207.8935546875,1638620
2026-04-09,1209.5,1230.0999755859375,1206.4000244140625,1228.699951171875,1222.82177734375,1258634
2026-04-10,1230.800048828125,1252.300048828125,1229.0999755859375,1249.300048828125,1243.3233642578125,1358310
2026-04-13,1239.300048828125,1246.800048828125,1222.0999755859375,1226.0999755859375,1220.2342529296875,1346881
2026-04-15,1235.0,1259.9000244140625,1232.300048828125,1256.5999755859375,1250.58837890625,1236533
2026-04-16,1255.0999755859375,1261.9000244140625,1246.5,1257.4000244140625,1251.384521484375,1126023
2026-04-17,1258.0999755859375,1292.0,1252.800048828125,1285.5999755859375,1279.4495849609375,1994195
2026-04-20,1294.0,1294.300048828125,1274.5999755859375,1286.4000244140625,1280.245849609375,1156327
2026-04-21,1298.0999755859375,1396.0,1286.800048828125,1379.9000244140625,1373.2984619140625,9586515
2026-04-22,1391.0,1425.199951171875,1386.0,1395.800048828125,1389.1224365234375,7723484
2026-04-23,1388.9000244140625,1415.0,1382.0999755859375,1410.5,1403.7520751953125,2963135
2026-04-24,1420.0,1430.9000244140625,1409.0999755859375,1421.300048828125,1414.50048828125,3419416
2026-04-27,1429.0,1437.9000244140625,1410.0,1417.300048828125,1410.5196533203125,1719329
2026-04-28,1417.9000244140625,1445.0999755859375,1401.0,1440.0,1433.1109619140625,4008095
2026-04-29,1445.0,1470.0,1436.0999755859375,1465.5999755859375,1458.5885009765625,2753356
2026-04-30,1466.0,1466.0,1436.0999755859375,1458.5999755859375,1451.6219482421875,2305703
2026-05-01,1458.5999755859375,1458.5999755859375,1458.5999755859375,1458.5999755859375,1451.6219482421875,0
2026-05-04,1460.0,1472.9000244140625,1446.300048828125,1457.0999755859375,1450.129150390625,1744112
2026-05-05,1456.0,1480.4000244140625,1447.5999755859375,1477.800048828125,1470.730224609375,2490700
2026-05-06,1485.0,1490.0,1468.199951171875,1486.0999755859375,1478.9903564453125,2133310
2026-05-07,1488.0,1493.0,1468.300048828125,1476.0,1468.938720703125,2247161
2026-05-08,1476.5999755859375,1496.300048828125,1470.0,1482.4000244140625,1475.30810546875,1471411
2026-05-11,1475.300048828125,1498.0999755859375,1470.5,1481.9000244140625,1474.810546875,1358397
2026-05-12,1470.0,1491.0,1466.0999755859375,1468.5999755859375,1461.5740966796875,1017058
2026-05-13,1468.5999755859375,1486.0,1463.5,1468.9000244140625,1461.8726806640625,2205792
2026-05-14,1468.9000244140625,1479.4000244140625,1453.0,1459.5999755859375,1452.6171875,1251986
2026-05-15,1459.5999755859375,1467.5,1427.5,1430.5,1423.6563720703125,3292954
2026-05-18,1430.5,1444.699951171875,1418.0999755859375,1431.699951171875,1424.8505859375,2030857
2026-05-19,1428.0,1454.5,1422.0,1431.4000244140625,1424.5521240234375,1803745
2026-05-20,1400.0,1426.9000244140625,1398.5,1420.0999755859375,1413.30615234375,1425216
2026-05-21,1425.0,1430.9000244140625,1403.5,1406.5,1399.771240234375,2049251
2026-05-22,1410.5,1434.5999755859375,1401.199951171875,1423.0999755859375,1416.291748046875,1306017
2026-05-25,1430.0,1438.9000244140625,1410.0,1413.5999755859375,1406.8372802734375,812160
2026-05-26,1417.5999755859375,1431.699951171875,1413.199951171875,1428.5999755859375,1421.7655029296875,1472818
2026-05-27,1432.0,1443.699951171875,1423.0999755859375,1427.5,1420.6707763671875,1114165
2026-05-28,1427.5,1427.5,1427.5,1427.5,1420.6707763671875,0
2026-05-29,1431.4000244140625,1444.0999755859375,1408.5,1421.5,1414.699462890625,13063475
2026-06-01,1424.5,1434.9000244140625,1388.5,1391.800048828125,1385.1416015625,843583
2026-06-02,1385.0,1403.5,1368.0999755859375,1398.699951171875,1392.008544921875,1860526
2026-06-03,1405.0,1417.199951171875,1385.300048828125,1391.5,1384.843017578125,1725869
2026-06-04,1395.0,1399.9000244140625,1378.5,1382.9000244140625,1376.2841796875,1793823
2026-06-05,1383.0,1393.199951171875,1372.300048828125,1386.199951171875,1379.568359375,1342143
2026-06-08,1375.0,1412.5,1373.0,1398.9000244140625,1392.2076416015625,1107621
2026-06-09,1399.9000244140625,1414.5999755859375,1399.4000244140625,1410.4000244140625,1403.652587890625,1298664
2026-06-10,1414.800048828125,1454.9000244140625,1409.300048828125,1438.300048828125,1431.419189453125,2288648
2026-06-11,1437.800048828125,1445.0,1419.9000244140625,1422.5,1415.6947021484375,1538190
2026-06-12,1431.0999755859375,1434.9000244140625,1370.5999755859375,1375.699951171875,1369.1185302734375,2380729
2026-06-15,1410.0,1411.9000244140625,1371.5,1374.699951171875,1368.123291015625,1885900
2026-06-16,1375.4000244140625,1409.800048828125,1375.4000244140625,1391.699951171875,1385.0419921875,1899090
2026-06-17,1392.0,1415.5,1387.0999755859375,1407.300048828125,1400.5675048828125,1876655
2026-06-18,1407.300048828125,1413.9000244140625,1394.199951171875,1400.4000244140625,1393.700439453125,1065482
2026-06-19,1394.0,1420.0,1394.0,1414.800048828125,1408.0316162109375,1832928
2026-06-22,1422.800048828125,1430.699951171875,1398.199951171875,1401.9000244140625,1395.1932373046875,1481212
2026-06-23,1401.9000244140625,1411.9000244140625,1390.300048828125,1392.199951171875,1385.53955078125,1646370
2026-06-24,1394.0,1398.800048828125,1380.5999755859375,1382.5999755859375,1375.985595703125,1469059
2026-06-25,1392.0,1410.0,1383.4000244140625,1402.5999755859375,1395.889892578125,1968226
2026-06-26,1402.5999755859375,1402.5999755859375,1402.5999755859375,1402.5999755859375,1395.889892578125,0
2026-06-29,1424.0,1428.5,1381.5,1387.300048828125,1380.6630859375,3412530
2026-06-30,1387.300048828125,1421.699951171875,1387.300048828125,1405.199951171875,1398.4774169921875,3178483
2026-07-01,1414.800048828125,1459.9000244140625,1407.9000244140625,1453.800048828125,1446.844970703125,2672318
2026-07-02,1459.0,1462.300048828125,1444.5,1446.199951171875,1439.28125,1434136
2026-07-03,1448.0,1463.699951171875,1442.800048828125,1459.800048828125,1452.8162841796875,1863379
2026-07-06,1457.0999755859375,1479.9000244140625,1450.0999755859375,1473.699951171875,1466.649658203125,1178983
2026-07-07,1465.199951171875,1482.9000244140625,1462.699951171875,1471.800048828125,1464.7589111328125,1811724
2026-07-08,1460.0,1479.9000244140625,1441.699951171875,1450.5,1443.560791015625,1855873
2026-07-09,1452.0,1481.0,1452.0,1463.199951171875,1456.199951171875,1346613
2026-07-10,1467.0,1471.300048828125,1448.300048828125,1455.199951171875,1455.199951171875,1563905
2026-07-13,1452.300048828125,1452.300048828125,1420.0999755859375,1427.0,1427.0,2167829
2026-07-14,1418.5,1448.699951171875,1418.5,1427.0999755859375,1427.0999755859375,1841895
2026-07-15,1431.800048828125,1442.0,1419.5999755859375,1424.4000244140625,1424.4000244140625,1328750
2026-07-16,1427.9000244140625,1436.300048828125,1417.800048828125,1423.5,1423.5,1179052
2026-07-17,1416.0,1429.199951171875,1405.0999755859375,1427.199951171875,1427.199951171875,1433884
2026-07-20,1436.0,1456.0,1420.5999755859375,1446.300048828125,1446.300048828125,1689777
2026-07-21,1451.5,1464.4000244140625,1447.0,1451.9000244140625,1451.9000244140625,1657756
2026-07-22,1460.300048828125,1510.0,1454.0,1493.5999755859375,1493.5999755859375,6542494
2026-07-23,1500.0999755859375,1503.5,1441.300048828125,1447.9000244140625,1447.9000244140625,2496998
2026-07-24,1439.800048828125,1467.800048828125,1431.0,1443.5,1443.5,3041475
2026-07-27,1451.0,1461.5,1435.300048828125,1446.0999755859375,1446.0999755859375,2030304
2026-07-28,1454.5999755859375,1507.199951171875,1448.5,1491.800048828125,1491.800048828125,5464860
2026-07-29,1499.0,1515.800048828125,1487.5999755859375,1503.300048828125,1503.300048828125,3055336
2026-07-30,1503.300048828125,1532.5999755859375,1497.0,1520.699951171875,1520.699951171875,3698063
2026-07-31,1529.0,1529.0,1497.5,1509.5999755859375,1509.5999755859375,2501825
2026-08-03,1509.5,1530.0,1505.4000244140625,1530.0,1530.0,1232625
2026-08-04,1523.0,1535.9000244140625,1448.300048828125,1520.0,1520.0,4023569
2026-08-05,1510.0,1524.5999755859375,1488.0999755859375,1520.0,1520.0,2747079
2026-08-06,1531.9000244140625,1535.0,1518.199951171875,1535.0,1535.0,1666312
2026-08-07,1523.0,1553.0,1520.0,1540.0,1540.0,1520661
2026-08-10,1534.0999755859375,1547.5,1520.0,1528.5999755859375,1528.5999755859375,1455200
2026-08-11,1531.4000244140625,1541.0,1491.300048828125,1493.199951171875,1493.199951171875,1955836
2026-08-12,1503.0,1515.699951171875,1495.300048828125,1507.0,1507.0,1990581
2026-08-13,1513.199951171875,1520.9000244140625,1494.800048828125,1506.9000244140625,1506.9000244140625,1892413
2026-08-14,1506.9000244140625,1515.800048828125,1496.0999755859375,1499.0999755859375,1499.0999755859375,1500577
2026-08-17,1500.0,1503.699951171875,1468.5,1470.0,1470.0,1721057
2026-08-18,1478.0,1479.800048828125,1453.0,1462.5,1462.5,1815216
2026-08-19,1462.4000244140625,1481.300048828125,1457.0999755859375,1465.0,1465.0,1837329
2026-08-20,1482.0,1482.0,1454.5999755859375,1458.0,1458.0,1910719
2026-08-21,1465.0,1485.4000244140625,1449.0,1477.0999755859375,1477.0999755859375,2679922
2026-08-24,1478.699951171875,1483.4000244140625,1457.0999755859375,1471.300048828125,1471.300048828125,1465156
2026-08-25,1471.300048828125,1479.0,1458.800048828125,1479.0,1479.0,1634440
2026-08-26,1476.0,1479.0,1450.800048828125,1451.5,1451.5,625901
2026-08-27,1451.5,1465.0,1440.300048828125,1450.0,1450.0,637066
2026-08-28,1454.4000244140625,1456.5,1438.0,1454.5999755859375,1454.5999755859375,445734
2026-08-31,1445.0999755859375,1496.5,1427.5999755859375,1496.5,1496.5,2320372
2026-09-01,1514.800048828125,1514.800048828125,1436.0,1438.199951171875,1438.199951171875,2555542
2026-09-02,1425.0,1428.0,1411.0,1425.0,1425.0,875020
2026-09-03,1424.0999755859375,1424.0999755859375,1407.0,1416.0,1416.0,660284
2026-09-04,1415.0,1420.0,1402.5,1410.5,1410.5,974257
2026-09-07,1401.0,1405.699951171875,1392.9000244140625,1398.0,1398.0,897310
2026-09-08,1397.4000244140625,1415.0999755859375,1392.9000244140625,1400.5,1400.5,1260068
2026-09-09,1400.5,1405.9000244140625,1389.199951171875,1393.0,1393.0,994121
2026-09-10,1396.800048828125,1402.800048828125,1377.699951171875,1386.199951171875,1386.199951171875,568997
2026-09-11,1376.699951171875,1401.199951171875,1373.5,1383.300048828125,1383.300048828125,1238699
2026-09-14,1383.300048828125,1383.300048828125,1383.300048828125,1383.300048828125,1383.300048828125,0
2026-09-15,1383.300048828125,1395.0,1362.0,1362.0,1362.0,1597455
2026-09-16,1369.199951171875,1397.0,1368.699951171875,1384.5,1384.5,1631890
2026-09-17,1384.5,1391.699951171875,1370.0999755859375,1370.5999755859375,1370.5999755859375,1082694
2026-09-18,1372.0999755859375,1390.0,1332.800048828125,1372.4000244140625,1372.4000244140625,3264904
2026-09-21,1360.0,1390.0,1360.0,1385.0,1385.0,573071
2026-09-22,1382.199951171875,1392.9000244140625,1363.9000244140625,1363.9000244140625,1363.9000244140625,865008
2026-09-23,1370.0,1387.199951171875,1361.5999755859375,1387.199951171875,1387.199951171875,685984
2026-09-24,1355.699951171875,1386.0,1350.199951171875,1351.0,1351.0,800885
2026-09-25,1357.0,1362.5999755859375,1348.300048828125,1362.5999755859375,1362.5999755859375,382857
2026-09-28,1350.0,1356.800048828125,1343.9000244140625,1346.0,1346.0,702425
2026-09-29,1341.0,1349.0999755859375,1333.5999755859375,1345.699951171875,1345.699951171875,1748621
2026-09-30,1341.5,1345.5,1310.0,1310.0,1310.0,1278279
