date,open,high,low,close,adj_close,volume
2015-01-01,37.83317184448242,38.68110656738281,37.83317184448242,38.53343200683594,28.314104080200195,26570816
2015-01-02,38.68110656738281,39.3480224609375,38.68110656738281,39.1336555480957,28.755144119262695,36043328
2015-01-05,39.3480224609375,40.15308380126953,39.3480224609375,39.70053482055664,29.17168426513672,54638866
2015-01-06,39.443294525146484,39.443294525146484,37.571170806884766,37.77600860595703,27.75756072998047,64767961
2015-01-07,37.899864196777344,37.899864196777344,36.54697799682617,37.05192565917969,27.225500106811523,49846923
2015-01-08,37.53782272338867,37.79506301879883,37.21389389038086,37.628334045410156,27.649045944213867,33271702
2015-01-09,38.300010681152344,38.5763053894043,37.64262390136719,38.07611846923828,27.978073120117188,53120660
2015-01-12,38.06182861328125,38.06182861328125,37.44255065917969,37.799827575683594,27.775053024291992,28244762
2015-01-13,37.82364273071289,37.999900817871094,37.17578125,37.29964065551758,27.40752410888672,31517083
2015-01-14,37.29487609863281,37.29487609863281,35.77526092529297,35.90388107299805,26.381927490234375,74832453
2015-01-15,36.089664459228516,37.03287124633789,35.45132827758789,36.65654373168945,26.93498420715332,73591596
2015-01-16,36.39453887939453,36.727996826171875,35.851478576660156,36.527923583984375,26.840473175048828,47636637
2015-01-19,36.642250061035156,36.86138153076172,36.25639343261719,36.65654373168945,26.93498420715332,29282226
2015-01-20,36.73752212524414,38.452449798583984,36.73752212524414,38.300010681152344,28.142593383789062,63164170
2015-01-21,38.58583450317383,38.68110656738281,37.49018478393555,37.83317184448242,27.799558639526367,40910854
2015-01-22,37.91891860961914,38.5572509765625,37.728370666503906,38.43339538574219,28.2405948638916,47523195
2015-01-23,39.06220245361328,39.252750396728516,38.014190673828125,38.40481185913086,28.21959686279297,47511356
2015-01-27,38.3762321472168,38.49055862426758,37.68073272705078,37.957027435302734,27.890567779541016,41693694
2015-01-28,37.82364273071289,37.82364273071289,37.05192565917969,37.266292572021484,27.383018493652344,41936541
2015-01-29,37.18531036376953,37.38538360595703,36.55650329589844,37.19483947753906,27.33051300048828,54190694
2015-01-30,37.39491271972656,37.63309860229492,36.823272705078125,37.19960021972656,27.334016799926758,37794421
2015-02-02,37.14720153808594,37.61404037475586,36.41359329223633,36.57079315185547,26.871971130371094,33367248
2015-02-03,36.870906829833984,36.913780212402344,36.022972106933594,36.30879211425781,26.679454803466797,36144668
2015-02-04,36.575557708740234,37.48065948486328,36.48981475830078,37.080509185791016,27.246511459350586,46397942
2015-02-05,37.318695068359375,37.42349624633789,36.01820755004883,36.132537841796875,26.549943923950195,32560341
2015-02-06,36.2039909362793,36.27068328857422,34.96543502807617,35.12263488769531,25.807876586914062,47436351
2015-02-09,34.012699127197266,34.441429138183594,32.983741760253906,33.10283279418945,24.323740005493164,79096076
2015-02-10,32.869415283203125,34.298519134521484,32.869415283203125,34.08415222167969,25.04480743408203,55432170
2015-02-11,34.298519134521484,35.12739944458008,33.6316032409668,34.77488708496094,25.552352905273438,41529388
2015-02-12,34.88921356201172,35.003543853759766,33.917423248291016,34.803470611572266,25.57335662841797,35851376
2015-02-13,35.12739944458008,35.42274856567383,34.7987060546875,34.92256164550781,25.66086196899414,39218246
2015-02-16,35.132164001464844,35.67522430419922,35.09405517578125,35.232200622558594,25.888383865356445,31397658
2015-02-18,35.43703842163086,35.43703842163086,34.74630355834961,35.01306915283203,25.727367401123047,33930341
2015-02-19,35.060707092285156,36.1849365234375,35.060707092285156,35.751441955566406,26.269920349121094,81372182
2015-02-20,36.01344680786133,36.3802490234375,35.53707504272461,35.699039459228516,26.23141098022461,36131716
2015-02-23,35.87053298950195,35.90864181518555,34.77488708496094,34.998779296875,25.716869354248047,32382306
2015-02-24,35.07023620605469,35.25125503540039,34.03175354003906,34.212772369384766,25.13931655883789,34512444
2015-02-25,34.565284729003906,34.75583267211914,33.355308532714844,33.43152618408203,24.565258026123047,41274249
2015-02-26,33.564910888671875,33.8126220703125,32.79795837402344,32.88846969604492,24.16622543334961,84644220
2015-02-27,33.10283279418945,33.7935676574707,32.94563293457031,33.407711029052734,24.547760009765625,52634461
2015-03-02,34.05080795288086,34.2223014831543,33.25050735473633,33.58872985839844,24.680770874023438,45976126
2015-03-03,33.6316032409668,34.09368133544922,33.29814529418945,33.64589309692383,24.722776412963867,53751517
2015-03-04,33.917423248291016,34.0269889831543,32.926578521728516,33.169525146484375,24.372739791870117,49051635
2015-03-05,33.2028694152832,33.269561767578125,32.51213836669922,32.70268630981445,24.029712677001953,50067718
2015-03-09,32.70268630981445,32.74555969238281,31.916677474975586,32.040531158447266,23.543170928955078,45854906
2015-03-10,32.21678924560547,32.29777145385742,31.445072174072266,31.59274673461914,23.21413803100586,42948363
2015-03-11,31.72612953186035,31.916677474975586,30.892484664916992,30.992521286010742,22.773094177246094,49145480
2015-03-12,31.22117805480957,32.0500602722168,31.19736099243164,31.74518394470215,23.326147079467773,45390518
2015-03-13,32.0119514465332,32.05482482910156,30.963939666748047,31.10685157775879,22.857107162475586,34423720
2015-03-16,31.33074378967285,31.33074378967285,30.782920837402344,31.07826805114746,22.836103439331055,29148663
2015-03-17,31.440309524536133,32.05482482910156,31.16401481628418,31.683256149291992,23.2806453704834,45438233
2015-03-18,31.983369827270508,31.983369827270508,31.378381729125977,31.607038497924805,23.224639892578125,32534625
2015-03-19,31.84522247314453,32.85036087036133,31.788057327270508,32.069114685058594,23.56416893005371,64537645
2015-03-20,32.069114685058594,32.52642822265625,31.15448760986328,31.31645393371582,23.011119842529297,60626733
2015-03-23,31.483182907104492,31.916677474975586,31.306926727294922,31.573692321777344,23.200138092041016,37579430
2015-03-24,31.44983673095703,31.81187629699707,30.892484664916992,31.168779373168945,22.902610778808594,46746811
2015-03-25,31.2497615814209,31.34027099609375,30.678119659423828,30.787683486938477,22.62258529663086,37206304
2015-03-26,30.773393630981445,30.959177017211914,29.915929794311523,30.068368911743164,22.09403419494629,68402890
2015-03-27,30.23986053466797,30.425643920898438,29.6491641998291,30.02073097229004,22.05902862548828,42185886
2015-03-30,30.297025680541992,30.95441246032715,30.025495529174805,30.716228485107422,22.57007598876953,31389356
2015-03-31,31.08779525756836,31.097322463989258,30.030258178710938,30.177932739257812,22.17453956604004,41301004
2015-04-01,30.201751708984375,30.95441246032715,30.106477737426758,30.8353214263916,22.6575870513916,32391543
2015-04-06,30.906776428222656,31.02110481262207,30.16364288330078,30.30655288696289,22.26905059814453,38517191
2015-04-07,30.51615333557129,31.935731887817383,30.201751708984375,31.773765563964844,23.34714698791504,76555500
2015-04-08,32.02147674560547,32.28824234008789,31.306926727294922,32.02147674560547,23.529165267944336,65964997
2015-04-09,32.15486145019531,33.09806823730469,32.10722351074219,32.969451904296875,24.225732803344727,64566720
2015-04-10,32.93610382080078,33.25050735473633,32.51213836669922,32.65028381347656,23.991207122802734,50551514
2015-04-13,32.79795837402344,33.179054260253906,32.49784469604492,32.88846969604492,24.16622543334961,36136932
2015-04-15,32.869415283203125,32.88846969604492,32.031005859375,32.169151306152344,23.637676239013672,33587067
2015-04-16,32.24060821533203,32.71221160888672,31.77853012084961,32.17391586303711,23.641178131103516,39577978
2015-04-17,32.083404541015625,33.55538558959961,31.930967330932617,32.96468734741211,24.222227096557617,73270741
2015-04-20,33.2028694152832,33.75545883178711,32.31206130981445,32.817012786865234,24.113719940185547,65778471
2015-04-21,33.012325286865234,33.53632736206055,32.731266021728516,33.179054260253906,24.379745483398438,52428633
2015-04-22,33.34101867675781,33.774513244628906,32.51213836669922,33.47439956665039,24.596763610839844,50216626
2015-04-23,33.82215118408203,35.341766357421875,33.75545883178711,35.198856353759766,25.863880157470703,127971125
2015-04-24,35.42274856567383,35.70856857299805,34.54623031616211,35.298892974853516,25.93739128112793,88782331
2015-04-27,35.16550827026367,35.51802062988281,34.441429138183594,35.146453857421875,25.825374603271484,52444209
2015-04-28,35.25125503540039,35.637115478515625,34.87968826293945,35.37034606933594,25.989891052246094,43662643
2015-04-29,35.432273864746094,36.137298583984375,35.060707092285156,35.246490478515625,25.898883819580078,57228679
2015-04-30,35.060707092285156,35.146453857421875,34.212772369384766,34.33186340332031,25.22681999206543,64867495
2015-05-04,34.44619369506836,34.946380615234375,34.03175354003906,34.455718994140625,25.317829132080078,34305965
2015-05-05,34.71772384643555,36.29926681518555,34.57004928588867,36.21352005004883,26.609447479248047,80454027
2015-05-06,36.29926681518555,36.63272476196289,34.87015914916992,35.02736282348633,25.73786735534668,62965679
2015-05-07,34.85586929321289,35.31318283081055,34.346153259277344,34.994014739990234,25.71336555480957,43462461
2015-05-08,35.26078414916992,35.727622985839844,34.68914031982422,34.936851501464844,25.671361923217773,36242093
2015-05-11,35.45132827758789,36.33737564086914,35.298892974853516,35.927696228027344,26.399429321289062,46997300
2015-05-12,35.76096725463867,35.822898864746094,33.58872985839844,33.68876647949219,24.7542781829834,57462038
2015-05-13,33.94124221801758,34.441429138183594,33.50298309326172,34.25088119506836,25.167320251464844,56637676
2015-05-14,34.298519134521484,35.04165267944336,34.046043395996094,34.90827178955078,25.65036392211914,39403302
2015-05-15,34.298519134521484,34.860633850097656,33.8316764831543,34.68914031982422,25.489347457885742,54257774
2015-05-18,34.77488708496094,34.96543502807617,34.39379119873047,34.693904876708984,25.492843627929688,25123291
2015-05-19,34.67961120605469,35.246490478515625,34.508121490478516,35.09405517578125,25.78687858581543,30854654
2015-05-20,35.003543853759766,35.003543853759766,33.874549865722656,34.4223747253418,25.2933292388916,67599887
2015-05-21,33.34578323364258,33.44105529785156,32.50260925292969,32.6074104309082,23.95970344543457,107641918
2015-05-22,32.67886734008789,33.112361907958984,32.435916900634766,32.51689910888672,23.893198013305664,41177591
2015-05-25,32.34064483642578,32.378753662109375,31.535581588745117,31.630855560302734,23.24213981628418,40876637
2015-05-26,32.05958557128906,32.05958557128906,31.37361717224121,31.71183967590332,23.30164337158203,30429951
2015-05-27,31.71183967590332,31.84522247314453,31.16401481628418,31.26405143737793,22.97261619567871,30334342
2015-05-28,31.421253204345703,31.52605438232422,30.69240951538086,30.93535804748535,22.73109245300293,48743889
2015-05-29,30.963939666748047,31.6451473236084,30.963939666748047,31.29739761352539,22.99711799621582,39061529
2015-06-01,31.435544967651367,31.73565673828125,31.187833786010742,31.406963348388672,23.077625274658203,20760333
2015-06-02,31.440309524536133,31.52605438232422,30.530445098876953,30.654300689697266,22.52457046508789,24299054
2015-06-03,30.68288230895996,30.76862907409668,29.93498420715332,30.13029670715332,22.13953971862793,30796443
2015-06-04,30.216041564941406,30.368480682373047,29.015594482421875,29.34905242919922,21.565488815307617,49858195
2015-06-05,29.43956184387207,30.220806121826172,28.796464920043945,29.63963508605957,21.77900505065918,52756814
2015-06-08,29.725383758544922,30.006439208984375,28.72500991821289,28.796464920043945,21.159448623657227,39584443
2015-06-09,28.201004028320312,29.282360076904297,27.91518211364746,29.034648895263672,21.334463119506836,72881861
2015-06-10,29.058467864990234,29.325233459472656,28.744064331054688,29.15374183654785,21.421972274780273,30657842
2015-06-11,29.163267135620117,29.239486694335938,28.315332412719727,28.458242416381836,20.910921096801758,41871487
2015-06-12,28.391550064086914,28.667844772338867,28.024747848510742,28.348678588867188,20.830419540405273,28533582
2015-06-15,28.391550064086914,28.844100952148438,28.205768585205078,28.29627799987793,20.791913986206055,28286211
2015-06-16,28.277223587036133,28.343915939331055,27.72463607788086,28.053329467773438,20.613399505615234,32206224
2015-06-17,28.93461036682129,29.62534523010254,28.41537094116211,29.063230514526367,21.355466842651367,87363880
2015-06-18,28.991775512695312,29.201377868652344,28.667844772338867,28.93461036682129,21.26095962524414,40722250
2015-06-19,29.10133934020996,29.511016845703125,28.972721099853516,29.05370330810547,21.348466873168945,34527411
2015-06-22,29.43956184387207,29.80160140991211,29.249013900756836,29.596763610839844,21.74750328063965,37444356
2015-06-23,29.63963508605957,30.173168182373047,29.611053466796875,29.825420379638672,21.915517807006836,31626168
2015-06-24,29.915929794311523,29.954038619995117,28.8583927154541,29.015594482421875,21.32046127319336,29723093
2015-06-25,28.94413948059082,29.039411544799805,28.696426391601562,28.839338302612305,21.190950393676758,48369200
2015-06-26,28.820283889770508,28.8774471282959,28.29627799987793,28.453479766845703,20.907424926757812,35483646
2015-06-29,28.010456085205078,28.367733001708984,27.381650924682617,28.229585647583008,20.742908477783203,37067693
2015-06-30,28.229585647583008,29.201377868652344,28.129549026489258,29.020357131958008,21.32396697998047,32142345
2015-07-01,29.058467864990234,29.43956184387207,28.906028747558594,29.244251251220703,21.488475799560547,32998153
2015-07-02,29.2728328704834,29.577709197998047,28.886974334716797,28.996538162231445,21.306459426879883,40306122
2015-07-03,29.18708610534668,29.334760665893555,28.539226531982422,28.696426391601562,21.0859432220459,28785562
2015-07-06,28.105730056762695,28.55828094482422,27.819908142089844,28.486825942993164,20.931926727294922,38921374
2015-07-07,28.744064331054688,28.872682571411133,28.21053123474121,28.410606384277344,20.87592315673828,34623754
2015-07-08,28.010456085205078,28.010456085205078,26.84811782836914,26.976736068725586,19.822322845458984,85458422
2015-07-09,27.010082244873047,27.381650924682617,26.63851547241211,26.724262237548828,19.63680648803711,65230261
2015-07-10,26.952919006347656,27.105356216430664,26.557533264160156,26.762371063232422,19.664810180664062,42208904
2015-07-13,27.010082244873047,27.219684600830078,26.58135223388672,27.10059356689453,19.9133358001709,36073547
2015-07-14,27.129175186157227,27.314958572387695,26.724262237548828,26.786190032958984,19.68231201171875,36009290
2015-07-15,26.93386459350586,27.133939743041992,26.590879440307617,26.71473503112793,19.629806518554688,38623359
2015-07-16,27.162521362304688,27.2959041595459,26.686153411865234,26.752843856811523,19.65781021118164,66265783
2015-07-17,26.867172241210938,27.281612396240234,26.676624298095703,27.062484741210938,19.885332107543945,67699558
2015-07-20,27.15299415588379,27.410232543945312,26.962446212768555,27.014846801757812,19.850326538085938,39189455
2015-07-21,27.06724739074707,27.06724739074707,26.0906925201416,26.171674728393555,19.230770111083984,53479458
2015-07-22,25.842981338500977,26.77189826965332,25.600032806396484,26.71473503112793,19.629806518554688,62040733
2015-07-23,26.104982376098633,26.147857666015625,25.657197952270508,25.7143611907959,19.44965362548828,73065511
2015-07-24,25.6953067779541,25.88109016418457,25.171302795410156,25.252283096313477,19.100143432617188,39993003
2015-07-27,25.05697250366211,25.07602882385254,23.823179244995117,23.88987159729004,18.06965446472168,80278879
2015-07-28,23.91368865966797,24.051836013793945,23.47542953491211,23.746959686279297,17.96156120300293,58132539
2015-07-29,23.91368865966797,24.261438369750977,23.76125144958496,23.87081527709961,18.055240631103516,42021014
2015-07-30,24.094709396362305,24.104236602783203,23.58499526977539,23.64215850830078,17.882293701171875,54255108
2015-07-31,23.818416595458984,24.075653076171875,23.3420467376709,23.523067474365234,17.79221534729004,92870764
2015-08-03,23.523067474365234,23.894634246826172,23.370628356933594,23.623104095458984,17.867881774902344,37326285
2015-08-04,23.789833068847656,24.747333526611328,23.44208526611328,24.41864013671875,18.469600677490234,102056723
2015-08-05,24.77115249633789,25.580978393554688,24.766387939453125,24.99028205871582,18.9019775390625,83749009
2015-08-06,24.995044708251953,25.285629272460938,24.413875579833984,24.866426467895508,18.80829620361328,66930773
2015-08-07,24.866426467895508,25.204647064208984,24.785442352294922,24.966463088989258,18.883960723876953,39797335
2015-08-10,25.04744529724121,25.247520446777344,24.77115249633789,24.88071632385254,18.81910514831543,35698595
2015-08-11,24.766387939453125,24.77115249633789,23.40873908996582,23.513540267944336,17.785009384155273,92651501
2015-08-12,24.237619400024414,24.571077346801758,23.446847915649414,23.7279052734375,17.947147369384766,159253705
2015-08-13,24.137582778930664,24.189983367919922,22.13207244873047,22.25592613220215,16.833786010742188,144473922
2015-08-14,22.317855834960938,22.789459228515625,21.817668914794922,22.637022018432617,17.12203025817871,95150418
2015-08-17,22.722768783569336,23.675504684448242,22.313091278076172,23.50877571105957,17.781402587890625,89473330
2015-08-18,23.63739585876465,24.285255432128906,23.49448585510254,24.042308807373047,18.184955596923828,102914736
2015-08-19,23.827943801879883,24.137582778930664,23.50877571105957,23.799360275268555,18.00119400024414,45176020
2015-08-20,23.599285125732422,23.665977478027344,22.91331672668457,23.01335334777832,17.406681060791016,48558371
2015-08-21,22.722768783569336,22.722768783569336,22.05585289001465,22.603675842285156,17.096811294555664,55073372
2015-08-24,21.846250534057617,21.846250534057617,19.307207107543945,19.635902404785156,14.852068901062012,122924725
2015-08-25,20.007469177246094,20.7601318359375,19.064260482788086,20.336162567138672,15.381725311279297,149117094
2015-08-26,20.293289184570312,20.931623458862305,19.907432556152344,20.545764923095703,15.540263175964355,87502491
2015-08-27,20.960205078125,21.893888473510742,20.493364334106445,21.569957733154297,16.31493377685547,149329084
2015-08-28,22.160654067993164,22.351200103759766,21.26508140563965,21.812904357910156,16.498693466186523,98529305
2015-08-31,21.46515655517578,21.789085388183594,21.307954788208008,21.47468376159668,16.242874145507812,60691871
2015-09-01,21.150753021240234,21.555665969848633,20.298053741455078,20.60769271850586,15.587106704711914,67964731
2015-09-02,20.855405807495117,21.522319793701172,20.03605079650879,20.912569046020508,15.81770133972168,93517658
2015-09-03,21.284135818481445,22.170181274414062,21.160280227661133,21.889123916625977,16.55634117126465,74343734
2015-09-04,21.808141708374023,21.808141708374023,20.67438507080078,20.855405807495117,15.77446460723877,75885083
2015-09-07,21.07929801940918,21.341299057006836,20.49812889099121,20.5648193359375,15.554675102233887,51786367
2015-09-08,20.82682228088379,22.198762893676758,20.702966690063477,21.79384994506836,16.48427963256836,86455360
2015-09-09,22.48458480834961,23.03717041015625,22.1368350982666,22.818042755126953,17.25895118713379,92617483
2015-09-10,22.517929077148438,23.151500701904297,22.065380096435547,22.884733200073242,17.309396743774414,76121455
2015-09-11,23.184846878051758,23.19913673400879,21.998689651489258,22.194000244140625,16.786943435668945,62026952
2015-09-14,22.294036865234375,23.175317764282227,22.294036865234375,23.03717041015625,17.424694061279297,75142895
2015-09-15,23.032407760620117,23.23248291015625,21.77003288269043,21.779558181762695,16.473468780517578,96020858
2015-09-16,22.103490829467773,22.23210906982422,21.636648178100586,21.96057891845703,16.61039161682129,75483671
2015-09-18,22.294036865234375,22.427419662475586,21.665231704711914,21.731922149658203,16.437442779541016,80082004
2015-09-21,21.5604305267334,21.846250534057617,21.25555419921875,21.57472038269043,16.318540573120117,56410300
2015-09-22,21.722394943237305,21.808141708374023,20.883987426757812,20.9697322845459,15.860940933227539,53514064
2015-09-23,20.426673889160156,21.3460636138916,20.38856315612793,21.055479049682617,15.925796508789062,75514887
2015-09-24,20.960205078125,21.031660079956055,20.417146682739258,20.49812889099121,15.504228591918945,59139281
2015-09-28,20.74107551574707,20.812530517578125,19.86455726623535,19.93601417541504,15.079065322875977,60148920
2015-09-29,19.53110122680664,19.693065643310547,19.02614974975586,19.188114166259766,14.513373374938965,126852012
2015-09-30,19.712120056152344,20.426673889160156,19.578737258911133,20.25518035888672,15.320473670959473,97528315
2015-10-01,20.483837127685547,20.53147315979004,20.031286239624023,20.221834182739258,15.295249938964844,51146998
2015-10-05,20.47430992126465,21.512792587280273,20.407617568969727,21.436574935913086,16.214048385620117,85242255
2015-10-06,21.69381332397461,21.817668914794922,21.260318756103516,21.674758911132812,16.394207000732422,77249270
2015-10-07,21.436574935913086,22.646549224853516,21.303190231323242,22.560802459716797,17.064382553100586,103265777
2015-10-08,22.665603637695312,23.12291717529297,22.503639221191406,22.941898345947266,17.352638244628906,93577822
2015-10-09,23.094335556030273,24.104236602783203,23.075281143188477,23.9232177734375,18.094877243041992,110419244
2015-10-12,24.304311752319336,24.95693588256836,23.799360275268555,23.899398803710938,18.076860427856445,110944352
2015-10-13,23.62786865234375,23.689796447753906,23.175317764282227,23.3420467376709,17.655296325683594,61100778
2015-10-14,23.246774673461914,24.104236602783203,23.203899383544922,23.66121482849121,17.896705627441406,66022253
2015-10-15,23.7374324798584,24.50438690185547,23.632631301879883,24.318601608276367,18.393936157226562,73557042
2015-10-16,24.380529403686523,24.456748962402344,23.665977478027344,24.104236602783203,18.231796264648438,55908272
2015-10-19,24.1137638092041,24.20903778076172,23.50877571105957,23.665977478027344,17.90030860900879,47005203
2015-10-20,23.537357330322266,23.713613510131836,22.865678787231445,22.941898345947266,17.352638244628906,55088770
2015-10-21,23.02764320373535,23.480194091796875,22.698949813842773,23.284883499145508,17.612058639526367,84411606
2015-10-23,23.570703506469727,23.970853805541992,23.261064529418945,23.437320709228516,17.727357864379883,52541287
2015-10-26,23.565940856933594,23.966089248657227,23.461139678955078,23.785070419311523,17.990385055541992,43957918
2015-10-27,23.708850860595703,23.84699821472168,23.251537322998047,23.43255615234375,17.723752975463867,35725035
2015-10-28,23.294410705566406,23.675504684448242,23.246774673461914,23.546886444091797,17.810232162475586,36074754
2015-10-29,23.46590232849121,23.956562042236328,23.313465118408203,23.589759826660156,17.8426570892334,48166846
2015-10-30,23.665977478027344,24.275728225708008,23.356338500976562,23.49448585510254,17.770593643188477,64795030
2015-11-02,23.48495864868164,23.49448585510254,22.513166427612305,22.76087760925293,17.215713500976562,51531512
2015-11-03,23.02764320373535,23.151500701904297,22.379783630371094,22.45600128173828,16.98511505126953,47156462
2015-11-04,22.784696578979492,22.865678787231445,22.27974510192871,22.427419662475586,16.963497161865234,51025097
2015-11-05,22.48458480834961,22.48458480834961,21.369882583618164,21.47468376159668,16.242874145507812,92382707
2015-11-06,20.855405807495117,21.13646125793457,20.493364334106445,20.984024047851562,15.87175178527832,103978010
2015-11-09,20.483837127685547,21.379409790039062,20.259944915771484,21.174570083618164,16.0158748626709,65838110
2015-11-10,21.03642463684082,21.174570083618164,20.688676834106445,20.77442169189453,15.713214874267578,47614522
2015-11-13,20.836349487304688,21.303190231323242,20.636274337768555,21.21268081665039,16.04469871520996,46465883
2015-11-16,21.231735229492188,22.093961715698242,20.979259490966797,21.97010612487793,16.617597579956055,72667794
2015-11-17,22.093961715698242,22.460765838623047,21.998689651489258,22.346437454223633,16.902244567871094,55009409
2015-11-18,22.303564071655273,22.389310836791992,21.455629348754883,21.51755714416504,16.275300979614258,55457172
2015-11-19,21.674758911132812,21.88435935974121,21.493738174438477,21.79384994506836,16.48427963256836,38427408
2015-11-20,21.731922149658203,22.174945831298828,21.731922149658203,21.91294288635254,16.574357986450195,40508623
2015-11-23,21.993925094604492,21.993925094604492,21.25555419921875,21.384172439575195,16.17441177368164,43058887
2015-11-24,21.27937126159668,21.569957733154297,21.198389053344727,21.374645233154297,16.167203903198242,43863254
2015-11-26,21.484210968017578,21.91294288635254,21.360355377197266,21.712867736816406,16.423030853271484,48156781
2015-11-27,21.712867736816406,22.389310836791992,21.679521560668945,22.032033920288086,16.664440155029297,56606272
2015-11-30,22.141599655151367,22.33214569091797,21.798614501953125,21.817668914794922,16.502296447753906,47828495
2015-12-01,21.989160537719727,22.722768783569336,21.941524505615234,22.63225746154785,17.11842918395996,69133459
2015-12-02,22.86091423034668,23.427793502807617,22.68465805053711,23.23248291015625,17.572423934936523,92978328
2015-12-03,22.87997055053711,23.19913673400879,22.560802459716797,22.87997055053711,17.305795669555664,74604740
2015-12-04,22.679895401000977,23.270591735839844,22.589384078979492,22.889497756958008,17.31300163269043,58128529
2015-12-07,23.3229923248291,23.580230712890625,23.099098205566406,23.203899383544922,17.550804138183594,51813122
2015-12-08,23.060989379882812,23.15626335144043,22.246400833129883,22.36549186706543,16.91666030883789,47714350
2015-12-09,22.294036865234375,22.470293045043945,21.427047729492188,21.612829208374023,16.347362518310547,49622044
2015-12-10,21.65093994140625,22.36549186706543,21.579484939575195,22.198762893676758,16.790546417236328,50431953
2015-12-11,22.39883804321289,23.237245559692383,22.39883804321289,22.951425552368164,17.359840393066406,125138831
2015-12-14,22.770404815673828,23.713613510131836,22.71800422668457,23.3420467376709,17.655296325683594,118757592
2015-12-15,23.532594680786133,23.556413650512695,22.984771728515625,23.280118942260742,17.608455657958984,54777068
2015-12-16,23.489721298217773,23.68503189086914,23.065753936767578,23.313465118408203,17.63367462158203,60456339
2015-12-17,23.523067474365234,24.575841903686523,23.44208526611328,24.49485969543457,18.527252197265625,127131596
2015-12-18,24.437694549560547,24.575841903686523,24.19951057434082,24.356712341308594,18.422761917114258,72886973
2015-12-21,24.34242057800293,24.9045352935791,24.261438369750977,24.623477935791016,18.624534606933594,65025703
2015-12-22,24.675878524780273,24.942644119262695,24.44245719909668,24.523441314697266,18.548871994018555,47696874
2015-12-23,24.985517501831055,25.380903244018555,24.985517501831055,25.195119857788086,19.056909561157227,80850265
2015-12-24,25.34279441833496,25.34279441833496,24.82831573486328,25.09031867980957,18.97764015197754,40344790
2015-12-28,25.147483825683594,25.180828094482422,24.104236602783203,24.20903778076172,18.311063766479492,55814133
2015-12-29,24.371002197265625,24.499622344970703,24.137582778930664,24.323366165161133,18.397539138793945,39890593
2015-12-30,24.42816734313965,24.942644119262695,24.304311752319336,24.647296905517578,18.64255142211914,71506938
2015-12-31,24.77115249633789,24.847370147705078,24.480567932128906,24.75209617614746,18.721817016601562,46672813
2016-01-01,24.675878524780273,24.761625289916992,24.142345428466797,24.523441314697266,18.548871994018555,33079099
2016-01-04,24.294784545898438,25.07602882385254,24.1137638092041,24.47580337524414,18.512840270996094,73277332
2016-01-05,24.537731170654297,26.33363914489746,24.537731170654297,26.13356590270996,19.766727447509766,157534835
2016-01-06,25.99065589904785,26.162147521972656,25.34279441833496,25.60479736328125,19.36678123474121,78245389
2016-01-07,25.05697250366211,25.085554122924805,23.646923065185547,23.808887481689453,18.00840187072754,99751805
2016-01-08,24.008962631225586,24.41864013671875,23.7279052734375,24.161401748657227,18.275035858154297,66119688
2016-01-11,23.532594680786133,24.137582778930664,23.270591735839844,23.975616455078125,18.13451385498047,63872456
2016-01-12,24.108999252319336,24.323366165161133,23.165790557861328,23.413501739501953,17.709339141845703,56944928
2016-01-13,23.675504684448242,23.98990821838379,22.579858779907227,23.49448585510254,17.770593643188477,78536687
2016-01-14,22.389310836791992,23.108627319335938,22.05585289001465,22.7465877532959,17.204906463623047,93255592
2016-01-15,23.103862762451172,23.151500701904297,21.731922149658203,21.88435935974121,16.552738189697266,62888785
2016-01-18,21.893888473510742,23.246774673461914,21.455629348754883,22.47505760192871,16.999528884887695,88349924
2016-01-19,22.63225746154785,22.956188201904297,22.032033920288086,22.675132751464844,17.150859832763672,66168358
2016-01-20,22.17970848083496,22.294036865234375,21.579484939575195,22.103490829467773,16.71848487854004,57590017
2016-01-21,22.360727310180664,22.80375099182129,22.032033920288086,22.446474075317383,16.9779109954834,65551336
2016-01-22,22.70371437072754,23.894634246826172,22.641786575317383,23.60881233215332,17.857067108154297,68337468
2016-01-25,23.723142623901367,24.42816734313965,23.704086303710938,24.285255432128906,18.368709564208984,58531841
2016-01-27,24.294784545898438,24.761625289916992,24.142345428466797,24.542495727539062,18.56328010559082,65450038
2016-01-28,24.48533058166504,24.623477935791016,24.04707145690918,24.218564987182617,18.318267822265625,63151806
2016-01-29,24.261438369750977,24.656824111938477,23.575468063354492,23.789833068847656,17.993988037109375,70827180
2016-02-01,23.713613510131836,24.290019989013672,23.48495864868164,23.751724243164062,17.965164184570312,46400199
2016-02-02,23.842233657836914,23.91368865966797,21.922470092773438,22.051088333129883,16.678848266601562,88046083
2016-02-03,21.712867736816406,22.284509658813477,21.098352432250977,21.341299057006836,16.141983032226562,81780438
2016-02-04,21.379409790039062,21.779558181762695,20.864931106567383,21.527084350585938,16.282506942749023,122903030
2016-02-05,20.579111099243164,22.70371437072754,20.579111099243164,22.27974510192871,16.85179901123047,270834540
2016-02-08,22.732295989990234,23.24201011657715,22.108253479003906,22.303564071655273,16.869813919067383,108450127
2016-02-09,21.998689651489258,22.608440399169922,21.922470092773438,22.436946868896484,16.970703125,79380289
2016-02-10,22.375019073486328,22.65131378173828,21.636648178100586,22.45600128173828,16.98511505126953,79938449
2016-02-11,22.479820251464844,22.608440399169922,21.041187286376953,21.38893699645996,16.178014755249023,64568420
2016-02-12,21.531848907470703,21.85101318359375,20.117034912109375,20.722021102905273,15.673580169677734,98387640
2016-02-15,21.150753021240234,23.62786865234375,21.150753021240234,23.504011154174805,17.777799606323242,142771164
2016-02-16,23.780305862426758,23.970853805541992,23.165790557861328,23.327756881713867,17.644485473632812,96005869
2016-02-17,23.3420467376709,24.094709396362305,22.675132751464844,23.93750762939453,18.10568618774414,87069402
2016-02-18,24.294784545898438,24.437694549560547,23.170555114746094,23.899398803710938,18.076860427856445,99285873
2016-02-19,23.675504684448242,24.242382049560547,23.51830291748047,24.128055572509766,18.24981117248535,71064948
2016-02-22,24.161401748657227,24.532968521118164,23.98038101196289,24.318601608276367,18.393936157226562,50489660
2016-02-23,24.371002197265625,24.9235897064209,24.018489837646484,24.15663719177246,18.27143096923828,88716625
2016-02-24,23.875579833984375,24.175691604614258,23.527830123901367,23.61834144592285,17.86427879333496,49791545
2016-02-25,23.54212188720703,23.80412483215332,23.303937911987305,23.64215850830078,17.882293701171875,58653858
2016-02-26,23.77077865600586,23.98038101196289,23.165790557861328,23.670740127563477,17.903907775878906,56015868
2016-02-29,23.523067474365234,25.118900299072266,23.35157585144043,23.732669830322266,17.95075225830078,103390953
2016-03-01,23.818416595458984,24.59489631652832,23.489721298217773,24.490095138549805,18.523651123046875,74639996
2016-03-02,24.77115249633789,25.676252365112305,24.723514556884766,25.490467071533203,19.28030014038086,80249039
2016-03-03,26.00971031188965,27.534088134765625,25.92396354675293,27.348304748535156,20.685523986816406,184028578
2016-03-04,27.534088134765625,27.743690490722656,27.105356216430664,27.491214752197266,20.793615341186523,96250795
2016-03-08,27.41975975036621,28.267696380615234,27.34354019165039,27.80085563659668,21.027820587158203,97420395
2016-03-09,27.010082244873047,28.248640060424805,26.80048179626465,28.143840789794922,21.28724479675293,106623704
2016-03-10,28.229585647583008,28.701190948486328,27.94376564025879,28.267696380615234,21.380924224853516,89814620
2016-03-11,28.201004028320312,28.410606384277344,27.662708282470703,28.015220642089844,21.189960479736328,80123590
2016-03-14,28.196239471435547,28.60591697692871,28.129549026489258,28.267696380615234,21.380924224853516,46658402
2016-03-15,28.29627799987793,28.772645950317383,28.019983291625977,28.624971389770508,21.65115737915039,73242181
2016-03-16,28.58209991455078,28.844100952148438,28.029510498046875,28.534461975097656,21.582698822021484,73885811
2016-03-17,29.01082992553711,29.12039566040039,28.096202850341797,28.191476821899414,21.323272705078125,84026641
2016-03-18,28.553516387939453,28.844100952148438,28.291513442993164,28.79170036315918,21.777265548706055,76773451
2016-03-21,28.772645950317383,29.148977279663086,28.644027709960938,28.920320510864258,21.874553680419922,59320800
2016-03-22,28.8774471282959,29.706327438354492,28.710718154907227,29.51578140258789,22.324941635131836,69054434
2016-03-23,29.706327438354492,30.28749656677246,29.587236404418945,30.220806121826172,22.85820198059082,66941605
2016-03-28,30.335134506225586,30.335134506225586,28.334386825561523,28.501115798950195,21.557476043701172,95197157
2016-03-29,28.58209991455078,29.320470809936523,28.58209991455078,28.948902130126953,21.896169662475586,62316927
2016-03-30,29.48243522644043,31.035396575927734,29.08704948425293,30.897249221801758,23.369848251342773,130559679
2016-03-31,30.95441246032715,30.95441246032715,29.954038619995117,30.4589900970459,23.038360595703125,140121880
2016-04-01,30.26367950439453,30.473281860351562,29.854001998901367,30.27320671081543,22.89784049987793,58463365
2016-04-04,30.08742332458496,30.782920837402344,29.982622146606445,30.520917892456055,23.0851993560791,54242901
2016-04-05,30.19698715209961,30.430408477783203,29.37286949157715,29.753965377807617,22.505096435546875,60071721
2016-04-06,30.01120376586914,31.630855560302734,29.873056411743164,31.302162170410156,23.676111221313477,153148901
2016-04-07,31.4307804107666,31.70231056213379,30.687646865844727,30.840084075927734,23.326610565185547,90365517
2016-04-08,30.778156280517578,30.94488525390625,30.397062301635742,30.687646865844727,23.2113094329834,63826169
2016-04-11,30.678119659423828,31.754711151123047,30.49233627319336,31.54987335205078,23.863475799560547,94620376
2016-04-12,30.85913848876953,31.52605438232422,30.297025680541992,30.916303634643555,23.38425636291504,116614440
2016-04-13,31.202123641967773,32.031005859375,31.059213638305664,31.71183967590332,23.98598289489746,107946042
2016-04-18,31.621328353881836,32.13104248046875,31.216415405273438,31.96907615661621,24.180545806884766,75498166
2016-04-20,32.19773483276367,34.23182678222656,32.17391586303711,34.055572509765625,25.758716583251953,192940999
2016-04-21,34.18418884277344,34.68437576293945,33.64112854003906,33.77927780151367,25.54973602294922,108641218
2016-04-22,34.10797119140625,34.65579605102539,33.564910888671875,33.69353103637695,25.484880447387695,126959229
2016-04-25,33.58396530151367,33.69829559326172,32.826541900634766,33.10283279418945,25.0380916595459,64651895
2016-04-26,33.07425308227539,34.355682373046875,33.069488525390625,34.16513442993164,25.841588973999023,87592957
2016-04-27,34.19371795654297,34.52717590332031,33.74116897583008,33.9888801574707,25.70827293395996,63265542
2016-04-28,34.012699127197266,34.48906707763672,32.97897720336914,33.11712646484375,25.048900604248047,105791816
2016-04-29,33.126651763916016,33.717350006103516,32.65028381347656,33.450584411621094,25.301122665405273,81917191
2016-05-02,33.25050735473633,33.44105529785156,32.81224822998047,33.055198669433594,25.002059936523438,43887322
2016-05-03,33.226688385009766,33.88407897949219,33.059959411621094,33.24098205566406,25.142581939697266,66909161
2016-05-04,32.96468734741211,33.083778381347656,31.192596435546875,31.321216583251953,23.690523147583008,83523154
2016-05-05,31.345035552978516,31.897621154785156,30.882957458496094,31.611801147460938,23.910314559936523,87494787
2016-05-06,31.440309524536133,31.583219528198242,30.973468780517578,31.37361717224121,23.73015785217285,56288545
2016-05-09,31.440309524536133,31.91191291809082,31.173542022705078,31.31645393371582,23.686922073364258,48894886
2016-05-10,31.52605438232422,32.13104248046875,30.97823143005371,31.25452423095703,23.64008140563965,112833794
2016-05-11,30.478044509887695,31.630855560302734,30.40658950805664,31.421253204345703,23.766189575195312,59698606
2016-05-12,31.55940055847168,31.649911880493164,31.116378784179688,31.497472763061523,23.82383918762207,49401206
2016-05-13,31.15448760986328,31.378381729125977,30.601900100708008,30.740047454833984,23.250944137573242,58804886
2016-05-16,30.778156280517578,31.178306579589844,30.430408477783203,31.097322463989258,23.521175384521484,41258064
2016-05-17,31.325979232788086,31.54987335205078,30.906776428222656,31.168779373168945,23.575223922729492,51218361
2016-05-18,31.03063201904297,31.45936393737793,30.787683486938477,31.34979820251465,23.71214485168457,39460317
2016-05-19,31.10685157775879,32.14533233642578,30.963939666748047,31.083032608032227,23.510366439819336,68337111
2016-05-20,31.07826805114746,31.16401481628418,30.59237289428711,30.740047454833984,23.250944137573242,48398390
2016-05-23,30.93535804748535,31.035396575927734,29.773019790649414,29.873056411743164,22.59517478942871,67145522
2016-05-24,29.863529205322266,30.33989715576172,29.653926849365234,30.268442153930664,22.89423370361328,52720592
2016-05-25,30.487571716308594,31.10685157775879,30.311315536499023,30.925830841064453,23.391464233398438,57979149
2016-05-26,30.487571716308594,31.378381729125977,30.487571716308594,30.982994079589844,23.43470001220703,135319934
2016-05-27,31.059213638305664,31.630855560302734,30.921066284179688,31.402198791503906,23.75177574157715,46229763
2016-05-30,31.6356201171875,31.87856674194336,30.62571907043457,30.71146583557129,23.229324340820312,69464096
2016-05-31,30.916303634643555,32.15486145019531,30.511390686035156,31.85474967956543,24.09407615661621,105401750
2016-06-01,32.00242233276367,32.35493469238281,31.38314437866211,31.6451473236084,23.93553924560547,68046412
2016-06-02,31.630855560302734,32.574066162109375,31.47365379333496,32.45497131347656,24.548067092895508,58494475
2016-06-03,32.774139404296875,33.18381881713867,32.0500602722168,32.25489807128906,24.396739959716797,92705451
2016-06-06,31.916677474975586,32.45973587036133,31.6451473236084,32.18820571899414,24.34629249572754,52163250
2016-06-07,32.35017013549805,32.759849548339844,32.11198806762695,32.6407585144043,24.688589096069336,40920227
2016-06-08,32.70268630981445,33.00756072998047,32.2501335144043,32.53595733642578,24.60932159423828,46882315
2016-06-09,32.393043518066406,33.03137969970703,32.393043518066406,32.588356018066406,24.648954391479492,62303786
2016-06-10,32.58359146118164,32.82177734375,31.773765563964844,31.859512329101562,24.097679138183594,57795887
2016-06-13,31.278343200683594,31.435544967651367,30.58284568786621,30.782920837402344,23.283370971679688,69029422
2016-06-14,30.963939666748047,31.19736099243164,30.611427307128906,30.959177017211914,23.416688919067383,42074229
2016-06-15,31.068740844726562,31.583219528198242,30.849611282348633,31.464126586914062,23.79861831665039,43392725
2016-06-16,31.392671585083008,31.773765563964844,30.87819480895996,31.487945556640625,23.816635131835938,68129058
2016-06-17,31.72612953186035,31.773765563964844,30.849611282348633,31.006813049316406,23.45271873474121,59857895
2016-06-20,30.906776428222656,32.10246276855469,30.754337310791016,32.035770416259766,24.23099136352539,65083484
2016-06-21,32.0119514465332,32.17391586303711,31.70231056213379,31.8261661529541,24.07245445251465,36641311
2016-06-22,31.82140350341797,31.82140350341797,31.159250259399414,31.673728942871094,23.9571590423584,48566317
2016-06-23,31.583219528198242,32.00718688964844,31.211652755737305,31.816640853881836,24.065250396728516,49168823
2016-06-24,29.258541107177734,30.14458656311035,28.229585647583008,29.787311553955078,22.53032112121582,151255965
2016-06-27,29.511016845703125,29.777782440185547,29.29665184020996,29.58247184753418,22.37538719177246,69054539
2016-06-28,29.67298126220703,29.954038619995117,29.249013900756836,29.677745819091797,22.447446823120117,83192832
2016-06-29,29.915929794311523,30.201751708984375,29.782546997070312,29.87782096862793,22.598779678344727,58946111
2016-06-30,30.07789421081543,30.892484664916992,30.030258178710938,30.673355102539062,23.200502395629883,67093399
2016-07-01,31.10685157775879,31.52605438232422,31.097322463989258,31.259288787841797,23.6436824798584,52420058
2016-07-04,31.31645393371582,31.81187629699707,31.244998931884766,31.55940055847168,23.870681762695312,33931685
2016-07-05,31.67849349975586,32.14533233642578,31.464126586914062,31.788057327270508,24.043630599975586,41390136
2016-07-07,31.840457916259766,32.13104248046875,30.135059356689453,30.268442153930664,22.89423370361328,106291493
2016-07-08,30.006439208984375,30.430408477783203,29.734909057617188,30.33036994934082,22.94107437133789,81496592
2016-07-11,30.963939666748047,31.411727905273438,30.454225540161133,31.15448760986328,23.564416885375977,80740665
2016-07-12,31.435544967651367,32.759849548339844,31.345035552978516,32.61217498779297,24.666973114013672,103770397
2016-07-13,32.8408317565918,34.169898986816406,32.8027229309082,34.08415222167969,25.780336380004883,140078815
2016-07-14,34.18418884277344,34.42713928222656,33.664947509765625,34.23182678222656,25.892030715942383,83662941
2016-07-15,34.23182678222656,35.67045974731445,33.9888801574707,35.527549743652344,26.872079849243164,140974624
2016-07-18,35.57994842529297,36.146827697753906,34.63197708129883,34.836814880371094,26.34963035583496,80792694
2016-07-19,35.05594253540039,35.4084587097168,34.52241134643555,35.27507400512695,26.68111801147461,86551179
2016-07-20,35.46085739135742,35.53707504272461,34.90827178955078,35.103580474853516,26.551403045654297,62002622
2016-07-21,35.25125503540039,35.25125503540039,34.4033203125,34.51764678955078,26.108217239379883,56084323
2016-07-22,34.51764678955078,35.146453857421875,33.960296630859375,34.8177604675293,26.335216522216797,77386653
2016-07-25,34.77488708496094,35.04165267944336,34.50335693359375,34.64626693725586,26.205501556396484,59580315
2016-07-26,34.67008590698242,35.727622985839844,34.58910369873047,35.04165267944336,26.50456428527832,81856440
2016-07-27,35.146453857421875,35.298892974853516,33.73640441894531,34.58910369873047,26.16226577758789,108728903
2016-07-28,34.10797119140625,34.2223014831543,33.2171630859375,33.33148956298828,25.779098510742188,110489179
2016-07-29,33.44581985473633,34.203243255615234,33.44581985473633,33.8269157409668,26.162267684936523,87634154
2016-08-01,33.93171310424805,34.92732620239258,33.750694274902344,34.760597229003906,26.884387969970703,105824994
2016-08-02,34.91303253173828,35.31794738769531,34.30804443359375,34.47477340698242,26.663333892822266,85102300
2016-08-03,34.74154281616211,34.91303253173828,33.8126220703125,34.112735748291016,26.38332748413086,60318473
2016-08-04,34.33662796020508,35.71809768676758,34.05080795288086,35.61329650878906,27.543880462646484,101175577
2016-08-05,36.01344680786133,36.48981475830078,35.87053298950195,36.3659553527832,28.126001358032227,95702102
2016-08-08,36.432647705078125,36.63272476196289,35.846717834472656,36.16111755371094,27.967573165893555,69929209
2016-08-09,36.10871887207031,36.43741226196289,35.59423828125,35.76096725463867,27.65809440612793,58972708
2016-08-10,36.0039176940918,36.146827697753906,35.07500076293945,35.27983856201172,27.285980224609375,48219085
2016-08-11,35.27983856201172,35.59423828125,34.441429138183594,35.09405517578125,27.14229393005371,46387719
2016-08-12,35.25125503540039,36.046791076660156,35.189327239990234,35.70380401611328,27.613882064819336,46298408
2016-08-16,35.727622985839844,36.29926681518555,35.541839599609375,36.123008728027344,27.938100814819336,64069405
2016-08-17,36.19922637939453,37.43778610229492,36.19922637939453,37.332984924316406,28.873924255371094,98171211
2016-08-18,37.39491271972656,37.528297424316406,36.68988800048828,36.88996124267578,28.531272888183594,62140971
2016-08-19,37.07574462890625,37.59975051879883,36.53744888305664,37.361568450927734,28.896024703979492,93910673
2016-08-22,37.29964065551758,37.29964065551758,36.63272476196289,36.980472564697266,28.601276397705078,58394206
2016-08-23,36.96141815185547,37.25200271606445,36.02773666381836,36.69465255737305,28.380224227905273,70542421
2016-08-24,36.73752212524414,36.89949035644531,36.08489990234375,36.19922637939453,27.997051239013672,44732907
2016-08-25,36.3659553527832,36.42312240600586,35.298892974853516,35.47038650512695,27.433353424072266,50105042
2016-08-26,35.727622985839844,35.81813430786133,34.994014739990234,35.198856353759766,27.223346710205078,45256882
2016-08-29,35.146453857421875,35.7704963684082,35.036888122558594,35.6085319519043,27.540197372436523,39026944
2016-08-30,35.76096725463867,36.15635681152344,35.727622985839844,35.989627838134766,27.834945678710938,39931664
2016-08-31,36.01344680786133,36.332611083984375,35.13692855834961,35.26078414916992,27.2712459564209,47551031
2016-09-01,35.3751106262207,35.98486328125,35.203617095947266,35.68951416015625,27.60283088684082,46743337
2016-09-02,35.81813430786133,35.84195327758789,35.289363861083984,35.651405334472656,27.573354721069336,29644047
2016-09-06,35.727622985839844,36.84708786010742,35.67045974731445,36.75181579589844,28.42443084716797,61176475
2016-09-07,36.880435943603516,37.5521125793457,36.83279800415039,37.1519660949707,28.733917236328125,73105470
2016-09-08,37.180545806884766,38.92881774902344,37.180545806884766,38.395286560058594,29.695518493652344,117920771
2016-09-09,38.5763053894043,38.76685333251953,37.46636962890625,37.59498596191406,29.076553344726562,62586561
2016-09-12,36.68035888671875,36.76610565185547,35.30841827392578,35.56565856933594,27.507041931152344,70506000
2016-09-14,35.25125503540039,36.01344680786133,34.5986328125,35.62282180786133,27.551250457763672,116562841
2016-09-15,35.63235092163086,35.737152099609375,34.65579605102539,34.90827178955078,26.998605728149414,51168809
2016-09-16,35.203617095947266,35.432273864746094,34.069862365722656,34.1889533996582,26.442272186279297,63771558
2016-09-19,34.298519134521484,34.67485046386719,33.850730895996094,34.455718994140625,26.648591995239258,53756838
2016-09-20,34.708194732666016,35.25125503540039,34.2270622253418,34.83205032348633,26.939651489257812,59804669
2016-09-21,34.803470611572266,35.489437103271484,34.803470611572266,35.232200622558594,27.2491397857666,72097227
2016-09-22,35.98486328125,36.1849365234375,35.51802062988281,35.94198989868164,27.798099517822266,70002702
2016-09-23,35.951515197753906,36.05155563354492,35.346527099609375,35.441802978515625,27.4112491607666,46832154
2016-09-26,35.37987518310547,35.87529754638672,35.09881591796875,35.22743606567383,27.245447158813477,45675140
2016-09-27,35.498966217041016,35.68951416015625,34.92732620239258,35.05594253540039,27.112817764282227,46224494
2016-09-28,35.08452606201172,36.41359329223633,35.08452606201172,36.23733901977539,28.02652931213379,66534315
2016-09-29,36.52315902709961,36.57079315185547,34.77488708496094,35.13692855834961,27.175453186035156,140239027
2016-09-30,35.046417236328125,35.96104431152344,34.61292266845703,35.65616989135742,27.577043533325195,57793064
2016-10-03,35.90864181518555,36.66130447387695,35.851478576660156,36.475521087646484,28.210742950439453,47030940
2016-10-04,36.775634765625,37.44255065917969,36.432647705078125,37.266292572021484,28.822338104248047,89462624
2016-10-05,37.65215301513672,37.77600860595703,37.06145477294922,37.223419189453125,28.7891788482666,54105738
2016-10-06,37.42349624633789,37.714080810546875,36.828033447265625,37.14243698120117,28.72654151916504,81139232
2016-10-07,37.433021545410156,38.83354568481445,37.17578125,38.7335090637207,29.957103729248047,121863519
2016-10-10,39.05267333984375,40.08163070678711,38.96692657470703,39.86249923706055,30.830284118652344,122199278
2016-10-13,39.443294525146484,40.05304718017578,38.947872161865234,39.42424011230469,30.4913272857666,116570010
2016-10-14,39.63384246826172,39.77675247192383,39.014564514160156,39.28133010864258,30.38079071044922,55370915
2016-10-17,39.27180480957031,39.61478805541992,38.83354568481445,39.13842010498047,30.270267486572266,70459502
2016-10-18,39.481407165527344,40.63421630859375,39.26227569580078,40.486541748046875,31.312923431396484,79611549
2016-10-19,40.586578369140625,40.7533073425293,40.129268646240234,40.586578369140625,31.390300750732422,52204584
2016-10-20,40.7533073425293,41.14869689941406,40.5151252746582,40.82952880859375,31.578203201293945,53137937
2016-10-21,40.681854248046875,40.81999969482422,40.176902770996094,40.70090866088867,31.47871971130371,43292971
2016-10-24,40.724727630615234,41.10105895996094,40.49130630493164,40.59134292602539,31.393980026245117,30249576
2016-10-25,39.06220245361328,39.938720703125,38.904998779296875,39.5623893737793,30.598173141479492,91284365
2016-10-26,39.47664260864258,39.900611877441406,37.24247360229492,37.97608184814453,29.37129783630371,87143462
2016-10-27,36.966182708740234,38.109466552734375,36.52315902709961,37.83793640136719,29.26445198059082,143898433
2016-10-28,37.99037170410156,38.72874450683594,37.856990814208984,38.62870788574219,29.876052856445312,71249133
2016-11-01,38.57154083251953,40.39126968383789,38.21426773071289,39.79581069946289,30.778705596923828,99437101
2016-11-02,38.68110656738281,39.67195129394531,38.68110656738281,39.381370544433594,30.458166122436523,77777548
2016-11-03,39.157474517822266,39.98635482788086,37.9808464050293,38.423866271972656,29.71762466430664,89155330
2016-11-04,38.48103332519531,38.83354568481445,37.9427375793457,38.40481185913086,29.702884674072266,53491224
2016-11-07,38.70969009399414,39.57191467285156,38.70969009399414,39.309913635253906,30.40289878845215,47403698
2016-11-08,39.443294525146484,39.57667922973633,38.63346862792969,38.9335823059082,30.111846923828125,34148125
2016-11-09,36.2039909362793,38.48103332519531,35.91817092895508,38.04753875732422,29.426559448242188,62055448
2016-11-10,38.86688995361328,41.853721618652344,38.86688995361328,41.63459014892578,32.20085525512695,114386636
2016-11-11,41.20586013793945,42.06332015991211,40.396034240722656,40.63421630859375,31.427143096923828,91664460
2016-11-15,39.20511245727539,39.82439041137695,37.25200271606445,37.44731140136719,28.96233558654785,97125654
2016-11-16,37.82364273071289,38.24284744262695,36.28497314453125,37.418731689453125,28.940231323242188,86390274
2016-11-17,37.49018478393555,37.97608184814453,36.870906829833984,37.418731689453125,28.940231323242188,45781413
2016-11-18,37.16149139404297,39.29085922241211,36.32308578491211,36.68988800048828,28.37653350830078,48913275
2016-11-21,36.72323226928711,37.11861801147461,34.89874267578125,35.389400482177734,27.370716094970703,68920105
2016-11-22,35.88958740234375,36.175411224365234,35.51802062988281,36.01820755004883,27.85704231262207,43489856
2016-11-23,36.29926681518555,37.61404037475586,36.20875549316406,37.41396713256836,28.936548233032227,53784202
2016-11-24,36.87567138671875,38.1761589050293,36.73752212524414,37.93320846557617,29.3381404876709,74701409
2016-11-25,38.014190673828125,39.395660400390625,37.871280670166016,38.943111419677734,30.119216918945312,74422360
2016-11-28,38.862125396728516,39.22416687011719,38.34288787841797,38.7382698059082,29.960784912109375,49113352
2016-11-29,39.538570404052734,39.78628158569336,38.85260009765625,38.96216583251953,30.133949279785156,63137227
2016-11-30,39.03361892700195,39.63384246826172,38.519142150878906,39.5433349609375,30.58344078063965,56452274
2016-12-01,39.7624626159668,39.87202835083008,38.847835540771484,39.02409362792969,30.181848526000977,32263469
2016-12-02,38.66681671142578,39.243221282958984,38.52866744995117,38.719215393066406,29.946046829223633,38028756
2016-12-05,38.83354568481445,39.50046157836914,38.54296112060547,39.395660400390625,30.469223022460938,36737455
2016-12-06,39.443294525146484,40.08163070678711,39.252750396728516,39.86726379394531,30.833967208862305,40761211
2016-12-07,39.948246002197266,40.14832305908203,38.93834686279297,39.243221282958984,30.351322174072266,49335312
2016-12-08,39.79581069946289,41.229679107666016,39.72911834716797,41.091529846191406,31.78083610534668,99142770
2016-12-09,41.22491455078125,41.47739028930664,40.81523513793945,41.020076751708984,31.725576400756836,42976535
2016-12-12,40.86287307739258,41.01054763793945,40.31504821777344,40.41508865356445,31.257667541503906,26152011
2016-12-13,40.867637634277344,40.867637634277344,39.77675247192383,40.1197395324707,31.029232025146484,33536633
2016-12-14,40.20548629760742,40.60563659667969,39.705299377441406,39.80057144165039,30.782384872436523,34083595
2016-12-15,39.595733642578125,40.71996307373047,39.33373260498047,39.948246002197266,30.89659881591797,46751450
2016-12-16,40.28170394897461,40.28170394897461,39.300384521484375,39.44805908203125,30.509748458862305,37238926
2016-12-19,39.157474517822266,39.66242599487305,38.97645568847656,39.09554672241211,30.237112045288086,24638319
2016-12-20,39.23369216918945,39.443294525146484,38.21426773071289,38.44292449951172,29.73236656188965,37167458
2016-12-21,38.58583450317383,38.900238037109375,38.24284744262695,38.5381965637207,29.80604362487793,28835901
2016-12-22,38.5381965637207,38.66681671142578,37.180545806884766,37.366329193115234,28.899707794189453,42870755
2016-12-23,37.49018478393555,37.68549728393555,36.87567138671875,37.23771286010742,28.800233840942383,41901726
2016-12-26,37.013816833496094,37.11861801147461,36.06108093261719,36.21352005004883,28.008106231689453,33924569
2016-12-27,36.39453887939453,37.604515075683594,35.951515197753906,37.38538360595703,28.91444206237793,40872165
2016-12-28,37.475894927978516,37.51400375366211,36.823272705078125,37.00905227661133,28.623382568359375,41356496
2016-12-29,37.013816833496094,37.528297424316406,36.89472579956055,37.38062286376953,28.91075897216797,35917764
2016-12-30,37.44255065917969,37.671207427978516,36.9757080078125,37.275821685791016,28.829702377319336,32065755
2017-01-02,37.48542404174805,38.904998779296875,37.05192565917969,38.7525634765625,29.97184181213379,58548488
2017-01-03,38.78114318847656,38.957401275634766,38.22855758666992,38.423866271972656,29.71762466430664,35044374
2017-01-04,38.50008773803711,38.96692657470703,38.24284744262695,38.62870788574219,29.876052856445312,35099342
2017-01-05,38.97645568847656,40.25312423706055,38.804962158203125,39.948246002197266,30.89659881591797,75532720
2017-01-06,40.06257629394531,40.529415130615234,39.595733642578125,39.97206497192383,30.915023803710938,43433597
2017-01-09,40.36745071411133,40.41508865356445,39.95301055908203,40.20548629760742,31.09555435180664,32776833
2017-01-10,40.272178649902344,41.20586013793945,40.26264953613281,41.14869689941406,31.825048446655273,53724867
2017-01-11,41.472625732421875,42.96365737915039,41.41069793701172,42.7064208984375,33.029815673828125,119983314
2017-01-12,42.77787399291992,42.98271179199219,42.23004913330078,42.63972854614258,32.978233337402344,56274460
2017-01-13,42.87314987182617,42.911258697509766,42.03474044799805,42.52539825439453,32.88981246948242,44420995
2017-01-16,42.32532501220703,43.77824783325195,42.23004913330078,43.6782112121582,33.78141784667969,70071305
2017-01-17,43.735374450683594,43.787776947021484,42.95889663696289,43.27806091308594,33.47193145751953,35085425
2017-01-18,43.32569885253906,44.778621673583984,43.27806091308594,44.621421813964844,34.51091003417969,95692047
2017-01-19,44.65476608276367,44.66429138183594,44.04977798461914,44.5070915222168,34.422481536865234,36159719
2017-01-20,44.397525787353516,44.56901931762695,43.1208610534668,43.3018798828125,33.4903564453125,51717555
2017-01-23,42.95889663696289,44.20698165893555,42.93031311035156,43.997379302978516,34.028263092041016,45657685
2017-01-24,44.01643371582031,44.44516372680664,43.68773651123047,44.230796813964844,34.208797454833984,39169155
2017-01-25,44.492801666259766,45.42171859741211,44.40705490112305,44.73098373413086,34.595645904541016,66204769
2017-01-27,44.76433181762695,45.140663146972656,44.14505386352539,44.71192932128906,34.580909729003906,52243335
2017-01-30,44.635711669921875,44.635711669921875,43.84017562866211,44.02119445800781,34.04668426513672,34875839
2017-01-31,43.844940185546875,44.91200637817383,43.835411071777344,44.11647033691406,34.120365142822266,47691783
2017-02-01,44.21174240112305,45.340736389160156,43.55435562133789,45.216880798339844,34.9714469909668,58490623
2017-02-02,45.11207962036133,45.81710433959961,44.42134475708008,45.440773010253906,35.14460372924805,62851755
2017-02-03,45.43600845336914,45.73135757446289,44.60236358642578,45.045387268066406,34.83880615234375,55469232
2017-02-06,45.19782638549805,45.50270080566406,44.69763946533203,45.1025505065918,34.88302230834961,50453281
2017-02-07,45.26451873779297,45.712303161621094,44.78338623046875,45.045387268066406,34.83880615234375,50765665
2017-02-08,46.207725524902344,46.24583435058594,44.535675048828125,44.84054946899414,34.680381774902344,118473925
2017-02-09,44.745277404785156,45.1025505065918,43.492427825927734,43.81159210205078,33.88457489013672,68075108
2017-02-10,44.492801666259766,44.95011520385742,43.8782844543457,44.60712814331055,34.499855041503906,83045940
2017-02-13,45.0787353515625,45.44553756713867,44.788150787353516,45.02633285522461,34.82406997680664,51417986
2017-02-14,45.15018844604492,45.240699768066406,44.40705490112305,45.00727844238281,34.8093376159668,34130103
2017-02-15,45.03586196899414,45.231170654296875,43.563880920410156,43.835411071777344,33.90299606323242,44384867
2017-02-16,44.2736701965332,44.921531677246094,43.41144561767578,44.77385711669922,34.628807067871094,50594978
2017-02-17,44.99774932861328,45.240699768066406,44.45945358276367,44.60712814331055,34.499855041503906,41166906
2017-02-20,44.58807373046875,46.58882141113281,44.27843475341797,46.403038024902344,35.88883972167969,88599048
2017-02-21,46.58405685424805,47.24620819091797,46.207725524902344,46.77460479736328,36.17620849609375,84637408
2017-02-22,46.726966857910156,46.822242736816406,45.78852081298828,46.117218017578125,35.66777420043945,52590986
2017-02-23,46.217254638671875,46.4840202331543,45.55510330200195,46.27918243408203,35.79304885864258,50491014
2017-02-27,46.22677993774414,46.50783920288086,45.683719635009766,45.78852081298828,35.41355895996094,28663608
2017-02-28,45.874267578125,46.27918243408203,45.77423095703125,45.98859786987305,35.56830596923828,35716963
2017-03-01,46.207725524902344,47.87501525878906,46.05529022216797,47.6701774597168,36.868865966796875,80993746
2017-03-02,47.82737731933594,48.17036437988281,46.898460388183594,47.12711715698242,36.44884490966797,60064342
2017-03-03,47.117591857910156,47.42246627807617,46.64122009277344,47.16999053955078,36.48200607299805,35244808
2017-03-06,47.16999053955078,47.73210525512695,46.70791244506836,46.94133377075195,36.3051643371582,43594723
2017-03-07,47.01755142211914,47.065189361572266,45.79328536987305,45.921905517578125,35.5167236328125,53773443
2017-03-08,46.19820022583008,46.34111022949219,44.788150787353516,45.01204299926758,34.813018798828125,62297509
2017-03-09,44.95964050292969,45.28833770751953,44.55949020385742,44.726219177246094,34.59196090698242,47188140
2017-03-10,44.635711669921875,45.19782638549805,44.03548812866211,44.56425476074219,34.46670150756836,47480193
2017-03-14,45.636085510253906,45.636085510253906,44.821495056152344,45.021568298339844,34.82038879394531,58416709
2017-03-15,45.15495300292969,45.73135757446289,44.81673049926758,45.640846252441406,35.29934310913086,58377790
2017-03-16,46.19343566894531,47.73210525512695,45.91714096069336,47.603485107421875,36.817283630371094,109072712
2017-03-17,48.00363540649414,48.47047424316406,47.455810546875,47.846435546875,37.005184173583984,71376618
2017-03-20,47.87501525878906,47.89406967163086,46.87464141845703,47.317665100097656,36.596221923828125,41937507
2017-03-21,47.34148406982422,47.76068878173828,46.907989501953125,47.293846130371094,36.57780456542969,52141219
2017-03-22,46.6840934753418,47.04613494873047,46.34111022949219,46.503074645996094,35.96620559692383,48831437
2017-03-23,46.4459114074707,47.31290054321289,46.4459114074707,47.208099365234375,36.5114860534668,43316671
2017-03-24,47.260501861572266,47.62730407714844,46.78889465332031,46.98897171020508,36.34200668334961,32350073
2017-03-27,46.94609832763672,46.94609832763672,45.22164535522461,45.39789962768555,35.1114501953125,64970273
2017-03-28,45.4979362487793,45.98383331298828,45.44553756713867,45.75041198730469,35.38408660888672,46146477
2017-03-29,45.921905517578125,46.19820022583008,45.75517654418945,46.15056228637695,35.69356918334961,34262479
2017-03-30,46.15056228637695,46.33634567260742,45.331207275390625,45.4931755065918,35.18513870239258,48727568
2017-03-31,45.79328536987305,46.29347229003906,45.640846252441406,45.98859786987305,35.56830596923828,33748119
2017-04-03,46.303001403808594,46.67456817626953,45.99812316894531,46.2887077331543,35.8004150390625,32960346
2017-04-05,46.49354934692383,47.46533966064453,46.36492919921875,46.998497009277344,36.34938049316406,51637081
2017-04-06,47.03660583496094,48.05603790283203,46.107688903808594,47.79403305053711,36.964656829833984,53098461
2017-04-07,47.72257614135742,48.241817474365234,46.74602127075195,46.98897171020508,36.34200668334961,56468564
2017-04-10,47.351009368896484,47.52250289916992,46.72220230102539,47.193809509277344,36.50043487548828,31410883
2017-04-11,47.208099365234375,47.2557373046875,46.331581115722656,46.503074645996094,35.96620559692383,42873212
2017-04-12,46.72220230102539,46.92704391479492,45.35026550292969,45.483646392822266,35.177764892578125,52561471
2017-04-13,45.19782638549805,45.6551399230957,44.03548812866211,44.16410446166992,34.15721130371094,62005435
2017-04-17,43.835411071777344,44.578548431396484,43.802066802978516,44.054542541503906,34.072479248046875,39758080
2017-04-18,44.50232696533203,45.15971755981445,42.68260192871094,42.86362075805664,33.15140151977539,76697239
2017-04-19,42.68260192871094,43.397151947021484,42.11572265625,42.944602966308594,33.21403503417969,98947847
2017-04-20,42.944602966308594,43.42573547363281,42.7064208984375,43.29235076904297,33.48298645019531,42222213
2017-04-21,43.82588577270508,43.892578125,42.78740310668945,42.954132080078125,33.221405029296875,48743564
2017-04-24,43.063697814941406,43.311405181884766,42.59685516357422,42.93983840942383,33.21034622192383,52020178
2017-04-25,43.197078704833984,43.62580871582031,42.997005462646484,43.31616973876953,33.501407623291016,44610082
2017-04-26,43.53053665161133,44.140289306640625,42.94936752319336,43.23518753051758,33.43877410888672,49063275
2017-04-27,43.254241943359375,43.33522415161133,42.30150604248047,42.47776412963867,32.85297393798828,64969927
2017-04-28,42.68260192871094,43.702030181884766,42.47776412963867,42.801692962646484,33.10350036621094,65664757
2017-05-02,42.968421936035156,43.254241943359375,42.24434280395508,42.40154266357422,32.79401397705078,49217735
2017-05-03,42.615909576416016,42.868385314941406,41.68699264526367,41.99663162231445,32.48085403442383,52572996
2017-05-04,42.58732604980469,42.68260192871094,41.54884338378906,42.153831481933594,32.602439880371094,68599439
2017-05-05,42.06332015991211,42.06332015991211,40.77712631225586,41.31066131591797,31.950315475463867,59847399
2017-05-08,41.34877014160156,41.57742691040039,40.78665542602539,41.14869689941406,31.825048446655273,57892409
2017-05-09,41.15822219848633,41.92041015625,41.08676528930664,41.30113220214844,31.94294548034668,49739988
2017-05-10,41.46786117553711,41.782264709472656,41.263023376464844,41.67746353149414,32.23400115966797,37155377
2017-05-11,41.98710250854492,42.43489074707031,41.89183044433594,42.02997589111328,32.50665283203125,58075629
2017-05-12,42.14906692504883,42.2919807434082,41.21538543701172,41.60601043701172,32.17873764038086,60840632
2017-05-15,41.729862213134766,43.53053665161133,41.710811614990234,43.449554443359375,33.60456848144531,102387066
2017-05-16,44.11647033691406,44.20698165893555,43.38286209106445,43.4971923828125,33.641414642333984,108098645
2017-05-17,44.778621673583984,47.54155731201172,44.37847137451172,47.055660247802734,36.393585205078125,518583508
2017-05-18,46.50783920288086,47.317665100097656,46.074344635009766,46.326820373535156,35.82988739013672,140336515
2017-05-19,46.6840934753418,47.2557373046875,45.75517654418945,46.63645935058594,36.06937026977539,95252188
2017-05-22,46.955623626708984,47.346248626708984,46.14579772949219,46.34111022949219,35.840946197509766,65312372
2017-05-23,46.59358596801758,47.33671951293945,45.50270080566406,46.72220230102539,36.13568878173828,102647904
2017-05-24,46.922279357910156,47.16046142578125,45.874267578125,46.0505256652832,35.6161994934082,75995954
2017-05-25,46.207725524902344,46.403038024902344,45.416954040527344,46.17914581298828,35.71567153930664,67817838
2017-05-26,46.38874816894531,49.05164337158203,46.2696533203125,48.75629806518555,37.70888900756836,170458469
2017-05-29,48.789642333984375,49.60423278808594,48.2227668762207,48.37043762207031,37.410457611083984,71083536
2017-05-30,48.437129974365234,48.97066116333008,48.041744232177734,48.76582336425781,37.71625518798828,42846530
2017-05-31,48.603858947753906,49.06593704223633,47.87501525878906,48.084617614746094,37.18939971923828,45818800
2017-06-01,48.084617614746094,48.394256591796875,47.065189361572266,47.36530303955078,36.63306427001953,40791839
2017-06-02,47.82261657714844,47.941707611083984,46.49831008911133,46.86988067626953,36.24990463256836,59630340
2017-06-05,46.96991729736328,47.62730407714844,46.39827346801758,46.807952880859375,36.202003479003906,49779538
2017-06-06,47.055660247802734,47.303375244140625,46.53642272949219,46.712677001953125,36.128318786621094,43281152
2017-06-07,46.85082244873047,47.098533630371094,46.39827346801758,46.765079498291016,36.16884231567383,34502787
2017-06-08,47.92265319824219,48.72294998168945,47.40817642211914,47.54155731201172,36.769386291503906,125201083
2017-06-09,47.48439407348633,48.43236541748047,47.24144744873047,48.308509826660156,37.36255645751953,66471034
2017-06-12,48.37043762207031,48.98971939086914,48.16083526611328,48.437129974365234,37.4620361328125,55453719
2017-06-13,48.494293212890625,48.86586380004883,48.16083526611328,48.45618438720703,37.47677230834961,62615257
2017-06-14,48.39902114868164,48.56575012207031,47.746395111083984,47.889305114746094,37.03834533691406,49290966
2017-06-15,47.713050842285156,48.25611114501953,47.56537628173828,47.87977981567383,37.030975341796875,42803287
2017-06-16,48.01792526245117,48.37043762207031,47.746395111083984,47.82261657714844,36.98676300048828,35948181
2017-06-19,48.61814880371094,49.59946823120117,48.351383209228516,49.49943161010742,38.28363800048828,100698698
2017-06-20,49.92340087890625,50.08060073852539,49.589942932128906,49.766197204589844,38.48995590209961,62050673
2017-06-21,49.666160583496094,49.890052795410156,49.13262939453125,49.31841278076172,38.14363479614258,44722568
2017-06-22,49.637577056884766,49.766197204589844,48.78011703491211,49.06593704223633,37.94837188720703,40020828
2017-06-23,48.96113586425781,48.96113586425781,47.89406967163086,48.32756423950195,37.377296447753906,41937853
2017-06-27,48.589569091796875,48.95160675048828,47.998870849609375,48.675315856933594,37.6462516784668,47716145
2017-06-28,48.78011703491211,49.81383514404297,48.532405853271484,49.59946823120117,38.36101150512695,72381912
2017-06-29,50.00914764404297,51.12384796142578,49.73761749267578,50.976173400878906,39.4257698059082,101307681
2017-06-30,50.919010162353516,52.200439453125,50.49980545043945,51.995601654052734,40.21421813964844,88894303
2017-07-03,51.97178268432617,52.71968078613281,51.643089294433594,52.457679748535156,40.571590423583984,67677306
2017-07-04,52.50531768798828,52.83401107788086,51.866981506347656,52.16709518432617,40.34684753417969,52898301
2017-07-05,51.866981506347656,52.63869857788086,51.82887268066406,52.395751953125,40.52369689941406,49602847
2017-07-06,52.400516510009766,53.11506652832031,52.305240631103516,52.843536376953125,40.87001419067383,68293710
2017-07-07,52.686336517333984,52.86735534667969,52.48625946044922,52.71968078613281,40.774234771728516,43034358
2017-07-10,52.6101188659668,53.50568771362305,52.32429504394531,53.291324615478516,41.21635055541992,11320169
2017-07-11,53.391361236572266,53.53903579711914,52.895938873291016,53.053138732910156,41.03213119506836,51564816
2017-07-12,53.35325241088867,53.46757888793945,52.87688446044922,53.26750564575195,41.19792556762695,42624612
2017-07-13,53.829620361328125,53.92489242553711,53.37230682373047,53.729583740234375,41.5553092956543,44634265
2017-07-14,53.820091247558594,53.820091247558594,53.04361343383789,53.20081329345703,41.14634704589844,49097544
2017-07-17,53.55332565307617,53.71052932739258,53.07695770263672,53.334197998046875,41.24950408935547,25825143
2017-07-18,53.11983108520508,54.21071243286133,53.06742858886719,53.66765213012695,41.507408142089844,36130614
2017-07-19,53.734344482421875,54.52988052368164,53.67241668701172,54.42031478881836,42.08952713012695,34489657
2017-07-20,53.57238006591797,53.71052932739258,52.995975494384766,53.08648681640625,41.78953552246094,34222531
2017-07-21,53.16270446777344,53.1674690246582,51.795528411865234,52.71015548706055,41.493289947509766,34584667
2017-07-24,52.81971740722656,52.81971740722656,52.148040771484375,52.25760269165039,41.13703918457031,22676245
2017-07-25,52.29571533203125,52.786373138427734,52.28142166137695,52.68157196044922,41.47079086303711,29810704
2017-07-26,52.87688446044922,54.11067581176758,52.7911376953125,53.90107345581055,42.4307746887207,74390074
2017-07-27,54.015403747558594,54.167842864990234,53.1722297668457,53.47234344482422,42.09328079223633,42185823
2017-07-28,53.42947006225586,53.42947006225586,52.25284194946289,52.58153533935547,41.39203643798828,25313280
2017-07-31,52.71015548706055,54.439369201660156,52.71015548706055,54.029693603515625,42.532020568847656,59036776
2017-08-01,54.27740478515625,54.806175231933594,54.172603607177734,54.534645080566406,42.92951583862305,53437033
2017-08-02,54.5918083190918,54.66802978515625,53.87725830078125,54.23453140258789,42.69327163696289,31358550
2017-08-03,54.02016830444336,54.14878463745117,53.11983108520508,53.28656005859375,41.947025299072266,34494894
2017-08-04,53.296085357666016,55.33494567871094,53.28656005859375,54.863338470458984,43.18826675415039,35301371
2017-08-07,55.73509216308594,57.3213996887207,55.63982009887695,57.16896057128906,45.00324630737305,115592594
2017-08-08,58.14075469970703,59.59367752075195,57.73583984375,58.731449127197266,46.23323440551758,210405668
2017-08-09,58.688575744628906,59.10778045654297,57.402381896972656,57.645328521728516,45.37823486328125,54607021
2017-08-10,57.62151336669922,58.564720153808594,56.97841262817383,57.578636169433594,45.32573699951172,80652309
2017-08-11,57.16419982910156,57.731075286865234,56.33055114746094,56.85456085205078,44.75575256347656,90049019
2017-08-14,57.869224548339844,59.60320281982422,57.640567779541016,59.42694854736328,46.78072738647461,89803620
2017-08-16,59.54603958129883,60.27488327026367,59.112545013427734,60.13673782348633,47.33946990966797,76939845
2017-08-17,60.03193664550781,60.68932342529297,59.46029281616211,59.58414840698242,46.90447235107422,48456307
2017-08-18,59.30309295654297,59.903316497802734,59.079200744628906,59.607967376708984,46.923221588134766,35541878
2017-08-21,60.298702239990234,60.84652328491211,58.983924865722656,59.21734619140625,46.615726470947266,43827924
2017-08-22,60.017642974853516,60.017642974853516,58.53614044189453,59.03156280517578,46.469482421875,38737966
2017-08-23,59.450767517089844,60.636924743652344,58.73621368408203,60.46066665649414,47.59446716308594,41132489
2017-08-24,60.594051361083984,61.02754592895508,60.07957077026367,60.8798713684082,47.924468994140625,51528531
2017-08-28,60.989437103271484,61.25143814086914,60.19390106201172,60.57975769042969,47.68821716308594,37426701
2017-08-29,60.54641342163086,61.01801681518555,59.82709884643555,60.04146194458008,47.26446533203125,36140921
2017-08-30,60.498775482177734,61.10852813720703,60.413028717041016,60.84652328491211,47.898216247558594,36989980
2017-08-31,60.6845588684082,61.260963439941406,60.23200988769531,60.78936004638672,47.853214263916016,68373774
2017-09-01,60.97038269042969,62.189884185791016,60.88463592529297,62.04220962524414,48.83945083618164,64575820
2017-09-04,62.023155212402344,62.089847564697266,61.1180534362793,61.599185943603516,48.4907112121582,25309449
2017-09-05,61.70398712158203,62.35184860229492,61.66587829589844,62.12795639038086,48.90695571899414,33260503
2017-09-06,61.651588439941406,62.50904846191406,61.499149322509766,62.21370315551758,48.97445297241211,28617289
2017-09-07,62.59479522705078,62.59479522705078,61.95646286010742,62.19464874267578,48.959449768066406,26286330
2017-09-08,62.318504333496094,63.233131408691406,62.1041374206543,62.442359924316406,49.154449462890625,49460121
2017-09-11,62.59479522705078,63.24742126464844,62.175594329833984,63.12833023071289,49.6944465637207,33680335
2017-09-12,64.30972290039062,66.02465057373047,64.2620849609375,65.06238555908203,51.21692657470703,108238379
2017-09-13,64.95281982421875,65.14813232421875,64.37165069580078,64.75274658203125,50.97317886352539,24700131
2017-09-14,64.73845672607422,65.13384246826172,64.03343200683594,64.56696319580078,50.82693099975586,20005664
2017-09-15,64.40499877929688,64.91947174072266,63.98102951049805,64.68605041503906,50.92068099975586,34026916
2017-09-18,64.40499877929688,65.07191467285156,63.93815612792969,64.10964965820312,50.46693420410156,24070103
2017-09-19,64.18586730957031,64.91471099853516,64.11917877197266,64.44310760498047,50.72943115234375,38928081
2017-09-20,64.4240493774414,65.91031646728516,64.25732421875,65.51493835449219,51.573177337646484,92165763
2017-09-21,66.10086822509766,66.33428955078125,64.90042114257812,65.46253204345703,51.53192138671875,64366580
2017-09-22,65.16718292236328,65.16718292236328,62.023155212402344,62.30897521972656,49.04945373535156,46381421
2017-09-25,62.40424728393555,62.42330551147461,59.365020751953125,60.951324462890625,47.980716705322266,74144046
2017-09-26,61.21332931518555,62.59479522705078,60.86558151245117,62.318504333496094,49.056949615478516,41446259
2017-09-27,62.880619049072266,62.880619049072266,61.26572799682617,61.86595153808594,48.70070266723633,52058583
2017-09-28,62.20417404174805,62.54716110229492,61.22761917114258,61.89929962158203,48.726959228515625,69053825
2017-09-29,62.385196685791016,62.59479522705078,61.93264389038086,62.17082977294922,48.94070053100586,29796912
2017-10-03,62.54716110229492,63.44273376464844,62.54716110229492,62.95683670043945,49.55944061279297,29913418
2017-10-04,62.91872787475586,63.123565673828125,62.35184860229492,62.785343170166016,49.4244384765625,29226912
2017-10-05,62.69007110595703,63.39033126831055,62.63766860961914,62.97589111328125,49.57444381713867,16296360
2017-10-06,63.38080596923828,66.10086822509766,63.361751556396484,65.8769760131836,51.8581657409668,99343423
2017-10-09,66.02465057373047,67.11077117919922,65.89126586914062,66.4295654296875,52.29316711425781,58978544
2017-10-10,66.78207397460938,67.08695220947266,65.27198791503906,65.81504821777344,51.809417724609375,44061515
2017-10-11,66.16755676269531,66.57723236083984,64.14775848388672,65.00521850585938,51.17192840576172,43999504
2017-10-12,65.54827880859375,66.10086822509766,64.91947174072266,65.89126586914062,51.869415283203125,47487845
2017-10-13,66.45814514160156,68.35408782958984,66.21519470214844,67.72528076171875,53.31315612792969,101064329
2017-10-16,67.94918060302734,68.54940032958984,67.80150604248047,68.11590576171875,53.62065124511719,44220488
2017-10-17,68.11590576171875,68.42554473876953,67.49662780761719,67.88248443603516,53.43689727783203,29402091
2017-10-18,68.20165252685547,68.38743591308594,67.36800384521484,67.60619354248047,53.21940231323242,35701544
2017-10-19,67.53473663330078,67.73957824707031,66.96785736083984,67.21556854248047,52.91191101074219,4307990
2017-10-23,67.32037353515625,68.0587387084961,67.23462677001953,67.83484649658203,53.39939498901367,28548854
2017-10-24,68.28263854980469,69.38780975341797,68.03015899658203,68.53034973144531,53.9468994140625,47809675
2017-10-25,68.79235076904297,69.2353744506836,67.59666442871094,68.36837768554688,53.81939697265625,33219096
2017-10-26,68.3779067993164,69.81654357910156,68.19689178466797,69.47355651855469,54.68939208984375,59475816
2017-10-27,69.82606506347656,70.00232696533203,68.8447494506836,69.2448959350586,54.50938415527344,29148327
2017-10-30,69.54024505615234,70.0261459350586,67.94441223144531,68.43030548095703,53.86814880371094,52971878
2017-10-31,68.97813415527344,69.53072357177734,66.42479705810547,67.05360412597656,52.78440856933594,142174315
2017-11-01,67.9825210571289,68.31121826171875,67.03455352783203,67.3870620727539,53.04690933227539,57294888
2017-11-02,67.54426574707031,67.54426574707031,66.45337677001953,67.27273559570312,52.956905364990234,33414711
2017-11-03,67.45375061035156,67.93488311767578,67.03931427001953,67.53949737548828,53.166900634765625,34506786
2017-11-06,67.16316986083984,68.211181640625,66.62487030029297,67.33942413330078,53.0094108581543,41384185
2017-11-07,67.63477325439453,67.94441223144531,65.39108276367188,66.043701171875,51.98941421508789,46784135
2017-11-08,66.2342529296875,66.73920440673828,65.17195129394531,66.0389404296875,51.98567199707031,37686385
2017-11-09,66.5962905883789,67.17269897460938,66.0722885131836,67.01549530029297,52.75440979003906,26681686
2017-11-10,66.74872589111328,67.52044677734375,66.28189086914062,66.90592956542969,52.66815948486328,30366996
2017-11-13,67.0250244140625,67.11553192138672,65.46253204345703,65.8388671875,51.82817077636719,33991271
2017-11-14,65.69119262695312,66.22472381591797,64.94805908203125,65.31009674072266,51.41191864013672,38746541
2017-11-15,64.6908187866211,64.92900085449219,63.761898040771484,64.57172393798828,50.83068084716797,45112424
2017-11-16,65.06238555908203,65.69119262695312,64.4240493774414,65.39108276367188,51.475677490234375,25878074
2017-11-17,66.11991882324219,67.57760620117188,66.11991882324219,66.80589294433594,52.589412689208984,42330659
2017-11-20,66.49149322509766,67.44422912597656,65.75312042236328,66.89640045166016,52.6606559753418,34524451
2017-11-21,67.0631332397461,68.4541244506836,66.88211059570312,67.77291870117188,53.35064697265625,38387418
2017-11-22,67.97299194335938,68.31121826171875,67.29178619384766,67.74433898925781,53.32815170288086,23847964
2017-11-23,67.96823120117188,68.26358032226562,67.37277221679688,67.90154266357422,53.451904296875,38658332
2017-11-24,67.83961486816406,67.91106414794922,67.00120544433594,67.49662780761719,53.133155822753906,20206969
2017-11-27,67.54902648925781,67.54902648925781,66.6010513305664,66.93450927734375,52.69065856933594,19579324
2017-11-28,66.8630599975586,67.92059326171875,66.42003631591797,67.05836486816406,52.78815841674805,26703906
2017-11-29,66.90116882324219,67.73957824707031,66.90116882324219,67.57760620117188,53.19690704345703,32084900
2017-11-30,67.16793060302734,67.35848236083984,65.73883056640625,66.13421630859375,52.060665130615234,41880828
2017-12-01,66.2056655883789,66.49149322509766,64.5002670288086,64.87183380126953,51.066925048828125,41374256
2017-12-04,65.27198791503906,66.01512145996094,64.83372497558594,65.52922821044922,51.58442687988281,24375802
2017-12-05,65.26245880126953,65.31485748291016,63.928627014160156,64.37641143798828,50.67692947387695,34943035
2017-12-06,63.54753112792969,63.971500396728516,62.94730758666992,63.604698181152344,50.06943893432617,44777053
2017-12-07,63.83335494995117,65.73883056640625,63.83335494995117,65.54827880859375,51.59941482543945,42212179
2017-12-08,65.65308380126953,68.0111083984375,65.27674865722656,66.48196411132812,52.334415435791016,78807287
2017-12-11,66.57247161865234,67.31560516357422,66.18184661865234,66.64868927001953,52.465660095214844,23169687
2017-12-12,66.57723236083984,67.4632797241211,65.36726379394531,65.72454071044922,51.73817825317383,41775280
2017-12-13,65.91984558105469,66.0389404296875,64.39070129394531,64.86707305908203,51.063175201416016,38435395
2017-12-14,65.26245880126953,65.61973571777344,63.93815612792969,65.33391571044922,51.4306755065918,32998436
2017-12-15,66.31047058105469,66.77254486083984,65.8388671875,66.18661499023438,52.10192108154297,33150073
2017-12-18,65.65308380126953,68.10161590576172,64.21444702148438,67.13935089111328,52.851905822753906,53465226
2017-12-19,67.54902648925781,67.83484649658203,67.1869888305664,67.6633529663086,53.264408111572266,21360971
2017-12-20,68.30168914794922,68.30168914794922,65.92461395263672,66.95832824707031,52.709407806396484,77547988
2017-12-21,66.95832824707031,68.33503723144531,66.78683471679688,68.08255767822266,53.59439468383789,50398659
2017-12-22,68.29216003417969,68.29216003417969,67.36800384521484,67.75862884521484,53.33940887451172,34876783
2017-12-26,68.02539825439453,69.07340240478516,67.83484649658203,68.75424194335938,54.12314224243164,63096450
2017-12-27,68.76376342773438,69.51166534423828,68.39696502685547,68.92573547363281,54.25814437866211,37906729
2017-12-28,69.07817077636719,70.45487213134766,69.03529357910156,70.14523315429688,55.21813201904297,121467439
2017-12-29,70.31196594238281,70.96458435058594,69.54977416992188,69.77843475341797,54.929386138916016,29562261
2018-01-01,69.78795623779297,70.06425476074219,68.54940032958984,68.806640625,54.164398193359375,19249201
2018-01-02,68.97813415527344,69.66886901855469,68.14448547363281,69.48308563232422,54.6968879699707,25896915
2018-01-03,69.74031829833984,70.26432800292969,69.66886901855469,70.02137756347656,55.12063217163086,27654851
2018-01-04,70.16905212402344,72.73667907714844,69.74031829833984,72.43180084228516,57.01811218261719,84839667
2018-01-05,72.78907775878906,74.01811218261719,72.64617156982422,73.42741394042969,57.801849365234375,74902157
2018-01-08,74.09909057617188,74.1086196899414,72.88435363769531,73.24163055419922,57.655601501464844,27125386
2018-01-09,73.3607177734375,74.39443969726562,73.07489776611328,73.57984924316406,57.92184829711914,33564228
2018-01-10,73.47981262207031,74.02763366699219,72.68428039550781,73.63224792480469,57.963096618652344,31392536
2018-01-11,73.63224792480469,74.1133804321289,73.20352172851562,73.45123291015625,57.82061004638672,20307574
2018-01-12,73.47505187988281,74.00858306884766,72.41275024414062,73.38453674316406,57.768096923828125,22775863
2018-01-15,73.55126953125,75.55201721191406,73.45599365234375,74.64691162109375,58.7618408203125,43786108
2018-01-16,74.5754623413086,74.5754623413086,72.41751098632812,72.955810546875,57.430606842041016,29298001
2018-01-17,73.17017364501953,74.11814880371094,72.12216186523438,73.74181365966797,58.049346923828125,31364071
2018-01-18,73.83708953857422,74.29916381835938,71.09320831298828,71.62197875976562,56.380619049072266,48458449
2018-01-19,71.69343566894531,72.5985336303711,70.74069213867188,71.7410659790039,56.474361419677734,33776091
2018-01-22,71.64579772949219,72.06500244140625,71.20277404785156,71.66484832763672,56.41436767578125,37845999
2018-01-23,71.64579772949219,74.98989868164062,71.64579772949219,74.28964233398438,58.48059844970703,84355326
2018-01-24,74.36109161376953,74.37062072753906,72.1364517211914,72.60806274414062,57.1568717956543,51799508
2018-01-25,72.88435363769531,73.65606689453125,72.24125671386719,73.27973937988281,57.68560028076172,88142731
2018-01-29,73.45599365234375,75.43769073486328,73.37501525878906,74.61357116699219,58.735591888427734,68308614
2018-01-30,74.37062072753906,74.68502807617188,73.47981262207031,73.91807556152344,58.18810272216797,63179831
2018-01-31,73.55000305175781,74.79000091552734,70.16999816894531,70.50499725341797,55.5013313293457,129589020
2018-02-01,70.80000305175781,71.2750015258789,68.16000366210938,69.67500305175781,54.847965240478516,74039310
2018-02-02,69.19999694824219,69.30000305175781,66.6050033569336,67.04499816894531,52.77763748168945,65009260
2018-02-05,66.0999984741211,67.44999694824219,65.05000305175781,66.40499877929688,52.27383041381836,46987220
2018-02-06,64.0999984741211,67.9000015258789,63.255001068115234,66.44999694824219,52.30925369262695,67045570
2018-02-07,66.80000305175781,68.22000122070312,65.69999694824219,66.18000030517578,52.09670639038086,67895210
2018-02-08,66.00499725341797,67.69999694824219,65.4000015258789,67.1449966430664,52.85634994506836,58455900
2018-02-09,66.37000274658203,69.0,66.01499938964844,68.52999877929688,53.946624755859375,91402880
2018-02-12,71.5999984741211,71.69000244140625,69.73999786376953,71.30999755859375,56.13503646850586,120363070
2018-02-14,71.93000030517578,72.05000305175781,70.45500183105469,70.80000305175781,55.73356628417969,48859510
2018-02-15,71.13500213623047,71.91500091552734,69.7249984741211,70.05500030517578,55.1471061706543,51312450
2018-02-16,70.80000305175781,70.94999694824219,68.36000061035156,68.9749984741211,54.296932220458984,50127600
2018-02-19,69.33999633789062,69.33999633789062,63.900001525878906,64.88500213623047,51.07728958129883,176587080
2018-02-20,65.4800033569336,66.1500015258789,64.81500244140625,65.12999725341797,51.27014923095703,102144780
2018-02-21,65.48999786376953,65.55500030517578,63.29999923706055,64.09500122070312,50.45540237426758,103075390
2018-02-22,64.03500366210938,64.77999877929688,63.28499984741211,63.755001068115234,50.1877555847168,89506310
2018-02-23,64.08499908447266,68.63999938964844,63.900001525878906,67.7750015258789,53.35228729248047,218662140
2018-02-26,68.0,69.26499938964844,67.31999969482422,68.0199966430664,53.54515075683594,91997750
2018-02-27,68.13999938964844,68.69000244140625,66.91999816894531,67.17500305175781,52.87997055053711,68053760
2018-02-28,66.38500213623047,67.5,66.0,67.16000366210938,52.86817169189453,71126500
2018-03-01,67.13500213623047,68.5,67.00499725341797,67.50499725341797,53.139739990234375,71283990
2018-03-05,66.92500305175781,66.93000030517578,65.18000030517578,65.58999633789062,51.63226318359375,97854660
2018-03-06,66.48500061035156,67.4000015258789,65.65499877929688,65.9749984741211,51.93532943725586,84149600
2018-03-07,65.69999694824219,66.13999938964844,64.46499633789062,64.7699966430664,50.986759185791016,51305770
2018-03-08,65.69000244140625,66.09500122070312,63.27000045776367,63.59000015258789,50.05786895751953,71261050
2018-03-09,64.00499725341797,64.67500305175781,60.150001525878906,60.67499923706055,47.7631950378418,180963670
2018-03-12,61.44499969482422,62.63999938964844,60.63999938964844,62.290000915527344,49.03451156616211,121935810
2018-03-13,62.29999923706055,63.31999969482422,61.435001373291016,62.8849983215332,49.502891540527344,104904050
2018-03-14,62.400001525878906,63.09000015258789,61.86000061035156,62.05500030517578,48.849517822265625,86551810
2018-03-15,62.0,62.2599983215332,60.959999084472656,61.17499923706055,48.15678787231445,75109510
2018-03-16,61.17499923706055,61.38999938964844,59.439998626708984,60.02000045776367,47.2475700378418,117395820
2018-03-19,60.0,60.189998626708984,57.28499984741211,57.494998931884766,45.2598991394043,125423170
2018-03-20,57.099998474121094,60.09000015258789,56.845001220703125,59.29999923706055,46.6807975769043,176450350
2018-03-21,59.89500045776367,60.16999816894531,58.04999923706055,58.224998474121094,45.834556579589844,119394510
2018-03-22,58.27000045776367,58.744998931884766,57.20000076293945,58.09000015258789,45.7282829284668,114862450
2018-03-23,56.005001068115234,56.880001068115234,55.349998474121094,56.650001525878906,44.594722747802734,141335500
2018-03-26,56.88999938964844,58.834999084472656,56.08000183105469,58.154998779296875,45.779449462890625,109299980
2018-03-27,59.04499816894531,59.900001525878906,58.755001068115234,59.0,46.44463348388672,100381680
2018-03-28,58.10499954223633,58.29999923706055,56.529998779296875,57.10499954223633,44.9528923034668,186550570
2018-04-02,57.310001373291016,58.029998779296875,56.810001373291016,57.880001068115234,45.56297302246094,68893450
2018-04-03,57.02000045776367,58.54499816894531,56.834999084472656,57.970001220703125,45.633819580078125,105083170
2018-04-04,58.310001373291016,59.04999923706055,55.755001068115234,56.05500030517578,44.12633514404297,139098930
2018-04-05,57.3849983215332,58.36000061035156,56.95000076293945,58.04499816894531,45.6928596496582,132621680
2018-04-06,57.48500061035156,58.9900016784668,57.29999923706055,58.720001220703125,46.224220275878906,85202010
2018-04-09,58.95000076293945,59.57500076293945,58.34000015258789,58.6150016784668,46.141563415527344,94892210
2018-04-10,59.29999923706055,60.459999084472656,59.22999954223633,60.189998626708984,47.38139343261719,108507100
2018-04-11,60.79999923706055,61.09000015258789,60.03499984741211,60.80500030517578,47.86552810668945,87247160
2018-04-12,60.689998626708984,60.875,59.66999816894531,59.84000015258789,47.10588073730469,66284990
2018-04-13,60.0,60.470001220703125,59.040000915527344,59.404998779296875,46.763450622558594,67161460
2018-04-16,59.099998474121094,59.68000030517578,58.51499938964844,59.15999984741211,46.570587158203125,51458130
2018-04-17,59.5,60.459999084472656,59.19499969482422,59.60499954223633,46.92089080810547,64003780
2018-04-18,60.095001220703125,60.4900016784668,59.459999084472656,60.15999984741211,47.3577766418457,42591350
2018-04-19,60.60499954223633,62.45000076293945,60.60499954223633,62.19499969482422,48.9597282409668,108170080
2018-04-20,61.89500045776367,61.89500045776367,60.2599983215332,60.619998931884766,47.71989440917969,63462740
2018-04-23,60.83000183105469,61.099998474121094,60.0099983215332,60.65999984741211,47.751380920410156,45911610
2018-04-24,59.44499969482422,60.18000030517578,58.939998626708984,59.755001068115234,47.03896713256836,59530460
2018-04-25,59.79999923706055,59.849998474121094,58.43000030517578,58.619998931884766,46.14550018310547,41224430
2018-04-26,58.79999923706055,59.154998779296875,57.66999816894531,57.81999969482422,45.515743255615234,74630620
2018-04-27,58.29499816894531,59.474998474121094,58.125,58.97999954223633,46.428890228271484,47174050
2018-04-30,59.165000915527344,59.9900016784668,58.599998474121094,59.494998931884766,46.83428955078125,36587540
2018-05-02,59.709999084472656,59.7400016784668,57.29499816894531,57.45000076293945,45.22447967529297,42410680
2018-05-03,57.400001525878906,58.7400016784668,56.810001373291016,58.54499816894531,46.086456298828125,67789040
2018-05-04,58.66999816894531,58.97999954223633,57.92499923706055,58.07500076293945,45.71648025512695,38816320
2018-05-07,58.595001220703125,59.79499816894531,58.099998474121094,59.64500045776367,46.95237350463867,45535090
2018-05-08,60.0,60.41999816894531,59.04999923706055,59.6349983215332,46.94449996948242,41259580
2018-05-09,59.34000015258789,60.8849983215332,59.255001068115234,60.314998626708984,47.47979736328125,62382110
2018-05-10,60.38999938964844,60.68000030517578,59.1150016784668,59.415000915527344,46.771324157714844,40012690
2018-05-11,59.70000076293945,61.05500030517578,59.119998931884766,60.724998474121094,47.802547454833984,61555370
2018-05-14,60.81999969482422,61.494998931884766,60.22999954223633,61.03499984741211,48.04658508300781,51731390
2018-05-15,60.900001525878906,63.68000030517578,60.54999923706055,62.595001220703125,49.27460861206055,128184360
2018-05-16,62.599998474121094,63.25,61.69499969482422,62.125,48.904624938964844,84263010
2018-05-17,62.994998931884766,63.08000183105469,60.21500015258789,61.029998779296875,48.04264831542969,160373410
2018-05-18,61.5,61.66999816894531,59.03499984741211,59.13999938964844,46.554840087890625,82166290
2018-05-21,59.25,60.07500076293945,57.474998474121094,57.70000076293945,45.42127227783203,71622330
2018-05-22,57.810001373291016,58.349998474121094,56.95000076293945,57.68000030517578,45.40553665161133,60966460
2018-05-23,57.599998474121094,57.599998474121094,53.7400016784668,54.005001068115234,42.5125846862793,171483860
2018-05-24,54.38999938964844,55.38999938964844,53.654998779296875,54.81999969482422,43.15415573120117,87008220
2018-05-25,55.400001525878906,57.08000183105469,55.20000076293945,56.82500076293945,44.73248291015625,88956190
2018-05-28,57.099998474121094,57.94499969482422,56.5099983215332,57.665000915527344,45.39372253417969,52356670
2018-05-29,57.494998931884766,58.79999923706055,56.935001373291016,57.53499984741211,45.291385650634766,64779110
2018-05-30,56.80500030517578,58.150001525878906,56.755001068115234,57.790000915527344,45.49212646484375,62018880
2018-05-31,58.400001525878906,58.72999954223633,57.20500183105469,57.564998626708984,45.315006256103516,66525100
2018-06-01,57.0,57.959999084472656,55.630001068115234,56.064998626708984,44.13420486450195,92496660
2018-06-04,56.404998779296875,57.25,56.029998779296875,56.6150016784668,44.567169189453125,87425270
2018-06-05,56.68000030517578,57.4900016784668,56.060001373291016,57.209999084472656,45.035552978515625,46882040
2018-06-06,57.44499969482422,58.16999816894531,56.91999816894531,57.974998474121094,45.637760162353516,44453050
2018-06-07,58.209999084472656,60.38999938964844,58.189998626708984,60.209999084472656,47.39714050292969,92793530
2018-06-08,59.900001525878906,60.81999969482422,59.20000076293945,60.04999923706055,47.27119064331055,83860780
2018-06-11,60.10499954223633,60.54999923706055,58.625,58.8650016784668,46.33835983276367,51511010
2018-06-12,58.69499969482422,58.875,57.720001220703125,58.0,45.65743637084961,85889350
2018-06-13,57.959999084472656,58.380001068115234,56.599998474121094,56.7599983215332,44.681312561035156,90600320
2018-06-14,56.70000076293945,57.47999954223633,56.099998474121094,56.95500183105469,44.834815979003906,74825140
2018-06-15,57.119998931884766,57.47999954223633,56.20000076293945,56.599998474121094,44.555362701416016,62087640
2018-06-18,56.29999923706055,56.345001220703125,54.72999954223633,55.849998474121094,43.964962005615234,105669650
2018-06-19,55.79999923706055,56.560001373291016,54.94499969482422,55.5,43.68943786621094,94521900
2018-06-20,55.625,56.59000015258789,55.33000183105469,56.32500076293945,44.33888244628906,66107030
2018-06-21,56.89500045776367,56.89500045776367,55.61000061035156,55.775001525878906,43.905921936035156,84651980
2018-06-22,56.040000915527344,56.459999084472656,55.61000061035156,56.185001373291016,44.22867965698242,62478450
2018-06-25,55.97999954223633,56.47999954223633,55.6349983215332,55.86000061035156,43.972835540771484,38992610
2018-06-26,55.834999084472656,55.9900016784668,53.82500076293945,54.95000076293945,43.25648498535156,102075820
2018-06-27,55.16999816894531,55.25,53.90999984741211,54.31999969482422,42.76055145263672,56541500
2018-06-28,54.5,55.650001525878906,54.400001525878906,54.845001220703125,43.173828125,86559780
2018-06-29,55.19499969482422,56.97999954223633,55.10499954223633,56.775001525878906,44.693115234375,94773840
2018-07-02,57.595001220703125,58.650001525878906,55.625,56.04999923706055,44.12240219116211,157630480
2018-07-03,56.19499969482422,57.2400016784668,55.345001220703125,56.599998474121094,44.555362701416016,112361770
2018-07-04,56.7400016784668,57.34000015258789,55.95500183105469,57.11000061035156,44.95683288574219,68629470
2018-07-05,56.5,56.5,55.20000076293945,55.33000183105469,44.331878662109375,60136530
2018-07-06,55.0,56.42499923706055,54.6349983215332,55.349998474121094,44.347896575927734,66147830
2018-07-09,56.369998931884766,56.57500076293945,55.474998474121094,55.560001373291016,44.51615524291992,74437510
2018-07-10,55.900001525878906,57.099998474121094,55.689998626708984,56.8650016784668,45.5617561340332,100049050
2018-07-11,56.56999969482422,56.56999969482422,55.415000915527344,55.56999969482422,44.524169921875,61112450
2018-07-12,56.0,56.790000915527344,55.314998626708984,55.52000045776367,44.484107971191406,84439880
2018-07-13,55.935001373291016,56.20000076293945,55.29999923706055,55.86000061035156,44.756526947021484,55791290
2018-07-16,55.970001220703125,55.9900016784668,51.70500183105469,51.92499923706055,41.603694915771484,111598850
2018-07-17,52.20000076293945,53.56999969482422,51.29999923706055,53.23500061035156,42.65330123901367,107927060
2018-07-18,53.599998474121094,53.69499969482422,50.099998474121094,50.42499923706055,40.40185546875,164512090
2018-07-19,50.79999923706055,51.34000015258789,49.29999923706055,49.8650016784668,39.95317077636719,168086510
2018-07-20,49.900001525878906,50.57500076293945,49.5,50.31999969482422,40.31772994995117,72614090
2018-07-23,50.599998474121094,51.95000076293945,49.83000183105469,51.689998626708984,41.415409088134766,68781340
2018-07-24,51.599998474121094,52.959999084472656,51.599998474121094,52.7400016784668,42.25669860839844,83983690
2018-07-25,53.099998474121094,53.79999923706055,52.900001525878906,53.599998474121094,42.945743560791016,67826380
2018-07-26,53.69499969482422,53.994998931884766,53.1349983215332,53.48500061035156,42.85361099243164,74811910
2018-07-27,53.79999923706055,55.35499954223633,53.630001068115234,55.02000045776367,44.08349609375,64628850
2018-07-30,54.94499969482422,55.849998474121094,54.73500061035156,55.29999923706055,44.307838439941406,47877070
2018-07-31,55.19499969482422,56.4900016784668,54.35499954223633,56.30500030517578,45.11307144165039,63739660
2018-08-01,56.28499984741211,56.7599983215332,55.130001068115234,55.58000183105469,44.53218078613281,60679920
2018-08-02,55.27000045776367,56.09000015258789,54.060001373291016,55.43000030517578,44.4119987487793,94930990
2018-08-03,55.63999938964844,56.0,55.064998626708984,55.44499969482422,44.424015045166016,55706900
2018-08-06,55.900001525878906,56.4900016784668,55.125,55.32500076293945,44.3278694152832,55438810
2018-08-07,55.73500061035156,57.66999816894531,55.3650016784668,57.314998626708984,45.922306060791016,92858540
2018-08-08,57.82500076293945,58.375,57.35499954223633,57.75,46.270843505859375,90084310
2018-08-09,58.0,58.77000045776367,57.58000183105469,58.595001220703125,46.947879791259766,57576870
2018-08-10,58.595001220703125,58.599998474121094,57.27000045776367,57.66999816894531,46.20674514770508,57254930
2018-08-13,57.494998931884766,58.21500015258789,56.599998474121094,56.880001068115234,45.57377624511719,78568310
2018-08-14,58.70000076293945,58.70000076293945,56.255001068115234,57.89500045776367,46.387020111083984,240305600
2018-08-16,57.0,57.66999816894531,56.32500076293945,56.755001068115234,45.47362518310547,79071710
2018-08-17,57.19499969482422,58.52000045776367,57.18000030517578,58.01499938964844,46.4831657409668,87432140
2018-08-20,58.29999923706055,60.18000030517578,58.290000915527344,59.939998626708984,48.02552795410156,116623180
2018-08-21,60.224998474121094,60.244998931884766,58.05500030517578,58.21500015258789,46.64341354370117,108737070
2018-08-23,58.4900016784668,58.4900016784668,57.01499938964844,57.165000915527344,45.8021240234375,66768300
2018-08-24,57.03499984741211,57.935001373291016,56.82500076293945,57.560001373291016,46.11861038208008,60602690
2018-08-27,58.189998626708984,58.70000076293945,57.900001525878906,58.119998931884766,46.567298889160156,53919460
2018-08-28,58.25,59.38999938964844,57.810001373291016,59.03499984741211,47.3004150390625,90212970
2018-08-29,59.029998779296875,60.185001373291016,58.55500030517578,59.41999816894531,47.60888671875,98855320
2018-08-30,59.22999954223633,61.0,59.10499954223633,60.834999084472656,48.74262619018555,102836570
2018-08-31,60.81999969482422,61.45000076293945,59.90999984741211,60.04999923706055,48.11366271972656,86333540
2018-09-03,60.29999923706055,60.994998931884766,59.79999923706055,60.07500076293945,48.133697509765625,54791330
2018-09-04,60.09000015258789,60.45000076293945,59.060001373291016,59.30500030517578,47.516746520996094,60995720
2018-09-05,59.0,59.70000076293945,58.119998931884766,59.439998626708984,47.62491989135742,57911570
2018-09-06,59.79999923706055,60.779998779296875,59.45000076293945,60.029998779296875,48.097633361816406,66897160
2018-09-07,60.22999954223633,62.20000076293945,59.70500183105469,61.915000915527344,49.60795593261719,94458360
2018-09-10,61.994998931884766,62.5,61.125,61.3650016784668,49.16727828979492,62842580
2018-09-11,61.53499984741211,61.70000076293945,58.834999084472656,59.209999084472656,47.440635681152344,81111720
2018-09-12,59.25,60.720001220703125,58.310001373291016,60.55500030517578,48.51828384399414,85663840
2018-09-14,61.15999984741211,62.04999923706055,61.0,61.5,49.27544403076172,79755590
2018-09-17,61.0,62.439998626708984,60.55500030517578,61.63999938964844,49.38760757446289,71838910
2018-09-18,61.79999923706055,62.45500183105469,60.93000030517578,61.275001525878906,49.09516525268555,78280630
2018-09-19,61.79999923706055,63.08000183105469,61.7400016784668,62.119998931884766,49.77220153808594,101346270
2018-09-21,63.0,64.76000213623047,58.43000030517578,62.51499938964844,50.088687896728516,229773790
2018-09-24,61.88999938964844,62.625,59.564998626708984,60.77000045776367,48.6905517578125,112429140
2018-09-25,60.900001525878906,60.900001525878906,57.5,60.099998474121094,48.153724670410156,109856240
2018-09-26,60.5,61.415000915527344,59.79999923706055,60.88999938964844,48.78669357299805,86477200
2018-09-27,61.119998931884766,62.07500076293945,60.7400016784668,61.154998779296875,48.99901580810547,82395420
2018-09-28,61.20000076293945,61.20000076293945,57.5,58.125,46.57129669189453,130270070
2018-10-01,58.0,58.58000183105469,55.75,58.31999969482422,46.727542877197266,69729490
2018-10-03,58.400001525878906,59.439998626708984,57.619998931884766,57.959999084472656,46.43910217285156,72170630
2018-10-04,57.67499923706055,58.775001525878906,57.0,58.22999954223633,46.65542984008789,76298400
2018-10-05,58.0,58.599998474121094,56.22999954223633,56.79999923706055,45.50967788696289,78689670
2018-10-08,56.70000076293945,56.994998931884766,54.400001525878906,55.97999954223633,44.8526725769043,91710480
2018-10-09,56.0,58.38999938964844,55.45500183105469,57.25,45.8702278137207,77344340
2018-10-10,57.314998626708984,58.779998779296875,57.314998626708984,58.3650016784668,46.76359939575195,71533140
2018-10-11,55.70000076293945,56.400001525878906,54.904998779296875,55.51499938964844,44.4801025390625,104016430
2018-10-12,56.08000183105469,57.880001068115234,55.810001373291016,57.650001525878906,46.19072341918945,57334070
2018-10-15,57.82500076293945,57.94499969482422,56.650001525878906,57.0,45.669921875,41001830
2018-10-16,57.11000061035156,58.400001525878906,56.959999084472656,57.279998779296875,45.89426040649414,56605680
2018-10-17,57.80500030517578,57.95000076293945,55.209999084472656,55.46500015258789,44.44003677368164,50205760
2018-10-19,55.29999923706055,56.2599983215332,54.5,55.494998931884766,44.46407699584961,77181960
2018-10-22,55.900001525878906,56.119998931884766,54.154998779296875,54.474998474121094,43.64682388305664,51019510
2018-10-23,54.0,55.0,53.51499938964844,54.560001373291016,43.71493148803711,46346880
2018-10-24,55.20000076293945,55.459999084472656,54.13999938964844,55.005001068115234,44.07147216796875,42196170
2018-10-25,54.470001220703125,55.060001373291016,54.0,54.57500076293945,43.72694778442383,44678590
2018-10-26,54.7599983215332,56.15999984741211,54.11000061035156,55.154998779296875,44.191654205322266,60994130
2018-10-29,55.650001525878906,57.54999923706055,55.22999954223633,57.369998931884766,45.966373443603516,57383130
2018-10-30,57.125,57.20000076293945,56.310001373291016,56.45000076293945,45.229248046875,40153190
2018-10-31,55.494998931884766,55.779998779296875,52.935001373291016,55.3849983215332,44.37594223022461,140703330
2018-11-01,55.58000183105469,56.38999938964844,55.400001525878906,55.65999984741211,44.59627914428711,54690570
2018-11-02,56.099998474121094,58.2400016784668,56.064998626708984,57.404998779296875,45.994415283203125,79794570
2018-11-05,57.400001525878906,58.36000061035156,56.75,57.744998931884766,46.2668342590332,45358560
2018-11-06,57.959999084472656,58.439998626708984,57.0,57.57500076293945,46.1306266784668,39102740
2018-11-07,58.099998474121094,58.224998474121094,57.900001525878906,58.025001525878906,46.49117660522461,4138710
2018-11-09,57.935001373291016,57.935001373291016,56.845001220703125,57.220001220703125,45.846195220947266,43487160
2018-11-12,57.35499954223633,58.970001220703125,57.21500015258789,58.28499984741211,46.699501037597656,81209960
2018-11-13,58.29999923706055,59.150001525878906,57.90999984741211,58.91999816894531,47.208282470703125,76264870
2018-11-14,60.5,61.060001373291016,58.43000030517578,58.90999984741211,47.20026779174805,216492890
2018-11-15,59.029998779296875,59.689998626708984,58.14500045776367,58.935001373291016,47.22029495239258,63895210
2018-11-16,59.0,59.099998474121094,56.95500183105469,57.40999984741211,45.99842834472656,74569270
2018-11-19,57.744998931884766,58.380001068115234,57.400001525878906,58.2400016784668,46.66343688964844,48892870
2018-11-20,57.70000076293945,57.79999923706055,56.20000076293945,56.33000183105469,45.13310241699219,76363680
2018-11-21,56.20000076293945,56.20000076293945,55.0,55.13999938964844,44.17963790893555,112428980
2018-11-22,55.20000076293945,55.36000061035156,53.814998626708984,53.96500015258789,43.238197326660156,85416120
2018-11-26,54.400001525878906,54.400001525878906,52.165000915527344,53.06999969482422,42.52109909057617,100037870
2018-11-27,52.970001220703125,52.9900016784668,51.25,52.22999954223633,41.84807205200195,157909070
2018-11-28,52.22999954223633,52.88999938964844,51.8650016784668,52.39500045776367,41.98027420043945,113524660
2018-11-29,53.20000076293945,53.8849983215332,52.915000915527344,53.35499954223633,42.74945068359375,139293320
2018-11-30,53.5,53.68000030517578,52.54999923706055,52.95000076293945,42.424957275390625,78540710
2018-12-03,54.119998931884766,55.27000045776367,53.57500076293945,53.810001373291016,43.114009857177734,120923650
2018-12-04,53.27000045776367,54.04999923706055,53.21500015258789,53.81999969482422,43.12202072143555,61538100
2018-12-05,53.29999923706055,53.29999923706055,51.5,51.77000045776367,41.4795036315918,70780820
2018-12-06,51.32500076293945,52.16999816894531,50.099998474121094,51.02000045776367,40.87858200073242,129667140
2018-12-07,51.06999969482422,51.4900016784668,50.31999969482422,50.93000030517578,40.80647659301758,82529270
2018-12-10,49.939998626708984,50.95000076293945,49.70000076293945,50.28499984741211,40.2896842956543,54147050
2018-12-11,49.560001373291016,50.369998931884766,48.6150016784668,50.07500076293945,40.12142562866211,112425720
2018-12-12,50.599998474121094,52.25,50.54999923706055,52.025001525878906,41.68381881713867,81419830
2018-12-13,52.80500030517578,52.80500030517578,50.79999923706055,51.224998474121094,41.0428352355957,68100950
2018-12-14,51.099998474121094,51.779998779296875,50.650001525878906,51.35499954223633,41.14699935913086,51559800
2018-12-17,51.79999923706055,52.525001525878906,51.63999938964844,52.400001525878906,41.98427963256836,48048540
2018-12-18,52.29999923706055,52.84000015258789,51.959999084472656,52.70000076293945,42.224647521972656,56735270
2018-12-19,52.790000915527344,53.244998931884766,52.459999084472656,52.7400016784668,42.25669860839844,49280430
2018-12-20,52.0,52.70000076293945,52.0,52.334999084472656,41.93220138549805,35173350
2018-12-21,52.415000915527344,53.20000076293945,51.83000183105469,52.02000045776367,41.67981719970703,59696700
2018-12-24,51.79999923706055,52.06999969482422,51.20000076293945,51.369998931884766,41.15901565551758,43294400
2018-12-26,50.900001525878906,51.72999954223633,50.439998626708984,51.345001220703125,41.13898468017578,49537410
2018-12-27,51.79999923706055,51.97999954223633,50.494998931884766,50.650001525878906,40.582130432128906,50169310
2018-12-28,50.81999969482422,51.64500045776367,50.80500030517578,51.28499984741211,41.090911865234375,63074080
2018-12-31,52.0,52.5,51.619998931884766,52.10499954223633,41.74791717529297,79658120
2019-01-01,52.400001525878906,52.45000076293945,51.35499954223633,51.57500076293945,41.32326889038086,41281730
2019-01-02,50.599998474121094,50.68000030517578,49.20000076293945,49.3650016784668,39.552555084228516,117473500
2019-01-03,49.29999923706055,49.314998626708984,48.025001525878906,48.125,38.55903625488281,135329440
2019-01-04,48.099998474121094,49.28499984741211,47.95500183105469,48.76499938964844,39.071815490722656,104800720
2019-01-07,49.540000915527344,50.099998474121094,48.38999938964844,48.54999923706055,38.89955520629883,84067870
2019-01-08,48.564998626708984,49.334999084472656,48.380001068115234,49.1349983215332,39.3682746887207,62697060
2019-01-09,48.89500045776367,49.72999954223633,47.525001525878906,47.91999816894531,38.394779205322266,126966600
2019-01-10,48.0,48.415000915527344,47.75,48.040000915527344,38.49093246459961,70810000
2019-01-11,48.39500045776367,48.42499923706055,47.20000076293945,47.41999816894531,37.99416732788086,75408240
2019-01-14,47.41999816894531,47.439998626708984,46.68000030517578,47.084999084472656,37.72576141357422,58899170
2019-01-15,47.29999923706055,47.650001525878906,46.900001525878906,47.505001068115234,38.062278747558594,76031810
2019-01-16,47.61000061035156,47.9900016784668,47.27000045776367,47.45500183105469,38.022216796875,52802930
2019-01-17,47.630001068115234,47.82500076293945,47.04999923706055,47.314998626708984,37.91004180908203,42819350
2019-01-18,47.35499954223633,47.77000045776367,46.79999923706055,47.064998626708984,37.70973205566406,49148490
2019-01-21,47.29999923706055,47.75,47.0099983215332,47.16999816894531,37.793861389160156,46136900
2019-01-22,47.06999969482422,47.06999969482422,45.5,45.654998779296875,36.58000564575195,89577660
2019-01-23,45.70000076293945,46.78499984741211,45.70000076293945,46.459999084472656,37.224998474121094,72593860
2019-01-24,46.45000076293945,46.45000076293945,45.720001220703125,46.07500076293945,36.916526794433594,47908460
2019-01-25,46.220001220703125,46.58000183105469,45.119998931884766,45.290000915527344,36.28755569458008,41579670
2019-01-28,45.290000915527344,45.39500045776367,44.33000183105469,44.56999969482422,35.710670471191406,43351470
2019-01-29,44.400001525878906,45.21500015258789,44.1349983215332,44.380001068115234,35.558441162109375,52257240
2019-01-30,44.66999816894531,47.13999938964844,44.66999816894531,46.744998931884766,37.453346252441406,108579250
2019-01-31,47.20500183105469,47.88999938964844,46.76499938964844,47.66999816894531,38.19447326660156,92437290
2019-02-01,47.70000076293945,48.20000076293945,47.0,47.470001220703125,38.03423309326172,50159940
2019-02-04,47.4900016784668,47.86000061035156,45.20000076293945,47.60499954223633,38.14240264892578,109720290
2019-02-05,47.70000076293945,47.70000076293945,45.94499969482422,46.470001220703125,37.23300552368164,72819270
2019-02-06,46.599998474121094,48.66999816894531,46.380001068115234,48.5099983215332,38.86750411987305,109992650
2019-02-07,48.345001220703125,49.13999938964844,47.810001373291016,48.904998779296875,39.183990478515625,78573380
2019-02-08,48.29999923706055,48.775001525878906,46.595001220703125,46.875,37.55750274658203,84145140
2019-02-11,47.5,48.70000076293945,46.029998779296875,48.06999969482422,38.51496505737305,232623140
2019-02-12,47.84000015258789,49.720001220703125,47.66999816894531,48.7400016784668,39.051795959472656,188361110
2019-02-14,48.20000076293945,48.6349983215332,47.540000915527344,48.255001068115234,38.6631965637207,61850420
2019-02-15,48.29999923706055,48.34000015258789,46.26499938964844,46.75,37.45734786987305,74992400
2019-02-18,46.88999938964844,47.70000076293945,46.439998626708984,46.55500030517578,37.30111312866211,62535140
2019-02-19,46.540000915527344,48.060001373291016,46.540000915527344,47.095001220703125,37.73377227783203,82245450
2019-02-20,47.25,49.3849983215332,47.25,49.1150016784668,39.35224914550781,154872510
2019-02-21,49.255001068115234,50.290000915527344,49.03499984741211,49.8849983215332,39.96919250488281,117827140
2019-02-22,49.70000076293945,50.400001525878906,49.209999084472656,50.22999954223633,40.24562072753906,100057230
2019-02-25,50.400001525878906,50.95000076293945,49.82500076293945,50.5099983215332,40.4699592590332,103576040
2019-02-26,49.79999923706055,50.86000061035156,49.16999816894531,50.36000061035156,40.34977340698242,98562990
2019-02-27,50.70000076293945,51.22999954223633,49.79499816894531,50.709999084472656,40.63020706176758,94443460
2019-02-28,50.65999984741211,51.099998474121094,49.83000183105469,50.04499816894531,40.09739303588867,74854180
2019-03-01,50.349998474121094,50.970001220703125,50.20000076293945,50.7599983215332,40.670265197753906,66725690
2019-03-05,50.84000015258789,52.290000915527344,50.52000045776367,52.17499923706055,41.80400466918945,91180370
2019-03-06,52.290000915527344,52.53499984741211,51.54499816894531,52.084999084472656,41.731895446777344,63112270
2019-03-07,51.98500061035156,52.31999969482422,51.35499954223633,52.1150016784668,41.755924224853516,61536310
2019-03-08,51.68000030517578,51.86000061035156,50.630001068115234,50.78499984741211,40.6902961730957,65048470
2019-03-11,51.0,52.2400016784668,50.95000076293945,52.064998626708984,41.71586227416992,59082750
2019-03-12,52.439998626708984,53.04999923706055,52.099998474121094,52.51499938964844,42.076419830322266,82982750
2019-03-13,52.5,52.5,51.2599983215332,51.375,41.16302490234375,64091530
2019-03-14,51.39500045776367,52.18000030517578,51.349998474121094,51.76499938964844,41.47549819946289,44966420
2019-03-15,51.79999923706055,52.095001220703125,51.244998931884766,51.54499816894531,41.299232482910156,42339380
2019-03-18,51.95000076293945,52.67499923706055,51.525001525878906,52.52000045776367,42.08042526245117,63176050
2019-03-19,52.779998779296875,53.189998626708984,52.064998626708984,52.75,42.26470947265625,63298400
2019-03-20,52.60499954223633,52.625,51.10499954223633,51.36000061035156,41.151004791259766,87023070
2019-03-22,51.70000076293945,52.400001525878906,51.560001373291016,51.84000015258789,41.53559112548828,52334460
2019-03-25,51.279998779296875,51.77000045776367,50.70500183105469,51.51499938964844,41.27519607543945,50368870
2019-03-26,51.599998474121094,52.095001220703125,51.415000915527344,51.935001373291016,41.61170959472656,33298250
2019-03-27,52.0,52.29999923706055,51.30500030517578,51.58000183105469,41.327274322509766,52391580
2019-03-28,51.439998626708984,51.64500045776367,50.47999954223633,50.630001068115234,40.56611251831055,89650930
2019-04-01,53.0,54.400001525878906,52.810001373291016,53.51499938964844,42.877647399902344,135235540
2019-04-02,53.79999923706055,53.79999923706055,52.60499954223633,53.064998626708984,42.51709747314453,50868180
2019-04-03,53.689998626708984,54.7599983215332,53.345001220703125,53.54499816894531,42.90167999267578,114896800
2019-04-04,53.275001525878906,53.7400016784668,52.650001525878906,53.064998626708984,42.51709747314453,52599170
2019-04-05,53.119998931884766,55.099998474121094,53.119998931884766,54.93000030517578,44.01137924194336,100377130
2019-04-08,55.31999969482422,55.70000076293945,54.58000183105469,54.904998779296875,43.99135208129883,106009010
2019-04-09,55.099998474121094,55.5,54.025001525878906,55.30500030517578,44.31184005737305,66189360
2019-04-10,55.165000915527344,55.939998626708984,54.16999816894531,54.439998626708984,43.6187858581543,78891530
2019-04-11,54.099998474121094,54.63999938964844,53.349998474121094,53.56999969482422,42.92171859741211,60823980
2019-04-12,53.70000076293945,54.27000045776367,53.220001220703125,53.3650016784668,42.75746536254883,62740160
2019-04-15,53.689998626708984,55.5,53.60499954223633,55.314998626708984,44.31985855102539,103903170
2019-04-16,55.35499954223633,55.689998626708984,54.915000915527344,55.32500076293945,44.3278694152832,63236540
2019-04-18,55.349998474121094,55.45000076293945,53.66999816894531,54.310001373291016,43.51462173461914,66605220
2019-04-22,54.0,54.57500076293945,53.310001373291016,53.41999816894531,42.8015251159668,36976860
2019-04-23,53.494998931884766,53.849998474121094,52.150001525878906,52.334999084472656,41.93220138549805,51193760
2019-04-24,52.689998626708984,52.78499984741211,51.27000045776367,52.525001525878906,42.08443069458008,83768350
2019-04-25,52.20000076293945,52.93000030517578,50.900001525878906,51.07500076293945,40.92265319824219,83594180
2019-04-26,52.084999084472656,54.775001525878906,51.55500030517578,54.525001525878906,43.686885833740234,381810110
2019-04-30,54.30500030517578,56.08000183105469,53.56999969482422,55.720001220703125,44.64434814453125,142581610
2019-05-02,55.40999984741211,56.165000915527344,54.94499969482422,55.494998931884766,44.46407699584961,90100300
2019-05-03,55.400001525878906,55.599998474121094,54.65999984741211,54.779998779296875,43.891197204589844,58796360
2019-05-06,53.42499923706055,54.349998474121094,52.744998931884766,53.595001220703125,42.941749572753906,99648390
2019-05-07,54.494998931884766,54.494998931884766,52.900001525878906,53.060001373291016,42.51308822631836,65414980
2019-05-08,53.125,53.2400016784668,52.15999984741211,52.26499938964844,41.8761100769043,64784320
2019-05-09,52.255001068115234,52.63999938964844,51.6349983215332,51.915000915527344,41.59568405151367,51055970
2019-05-10,52.20000076293945,52.57500076293945,47.904998779296875,48.68000030517578,39.003719329833984,372409210
2019-05-13,48.0099983215332,48.79999923706055,46.34000015258789,47.22999954223633,37.84193801879883,159569200
2019-05-14,46.69499969482422,47.7599983215332,45.630001068115234,46.95500183105469,37.62159729003906,211286060
2019-05-15,47.30500030517578,48.095001220703125,46.064998626708984,46.29499816894531,37.09278869628906,126650570
2019-05-16,46.39500045776367,47.130001068115234,45.51499938964844,46.92499923706055,37.59756088256836,112547310
2019-05-17,46.505001068115234,47.150001525878906,46.099998474121094,46.94499969482422,37.61358642578125,70884860
2019-05-20,47.79999923706055,49.474998474121094,47.665000915527344,48.380001068115234,38.76335144042969,84575830
2019-05-21,48.48500061035156,48.4900016784668,46.875,47.255001068115234,37.861968994140625,63370580
2019-05-22,47.20000076293945,48.05500030517578,46.7400016784668,47.29999923706055,37.89802169799805,83642240
2019-05-23,47.7599983215332,48.650001525878906,46.20500183105469,46.470001220703125,37.23300552368164,93403760
2019-05-24,46.5,48.630001068115234,45.84000015258789,48.415000915527344,38.7913932800293,108824810
2019-05-27,48.45000076293945,51.43000030517578,48.35499954223633,51.255001068115234,41.06687545776367,182077050
2019-05-28,51.40999984741211,51.86000061035156,50.52000045776367,50.70500183105469,40.626197814941406,99606130
2019-05-29,50.56999969482422,51.17499923706055,49.185001373291016,49.33000183105469,39.524513244628906,85236870
2019-05-30,49.29999923706055,49.64500045776367,48.599998474121094,48.79499816894531,39.09585952758789,72043630
2019-05-31,49.08000183105469,49.474998474121094,48.10499954223633,48.83000183105469,39.123905181884766,102769910
2019-06-03,48.89500045776367,50.185001373291016,48.5099983215332,49.76499938964844,39.873046875,85053920
2019-06-04,49.599998474121094,50.275001525878906,49.189998626708984,49.76499938964844,39.873046875,62125660
2019-06-06,49.76499938964844,50.255001068115234,48.29999923706055,48.459999084472656,38.82743835449219,72227990
2019-06-07,48.29999923706055,48.9900016784668,47.58000183105469,48.209999084472656,38.62714385986328,68111040
2019-06-10,48.900001525878906,49.47999954223633,48.310001373291016,48.60499954223633,38.94362258911133,68509170
2019-06-11,48.9900016784668,49.415000915527344,48.70000076293945,49.25,39.460418701171875,65345480
2019-06-12,49.275001525878906,50.79999923706055,49.005001068115234,50.584999084472656,40.53005599975586,127555250
2019-06-13,50.400001525878906,50.584999084472656,49.654998779296875,50.255001068115234,40.26564407348633,72248570
2019-06-14,49.904998779296875,50.849998474121094,49.70500183105469,50.18000030517578,40.20555877685547,66058960
2019-06-17,50.0099983215332,50.084999084472656,47.20500183105469,47.310001373291016,37.90604019165039,119382860
2019-06-18,47.32500076293945,47.849998474121094,46.3650016784668,47.22999954223633,37.84193801879883,106394540
2019-06-19,48.209999084472656,49.84000015258789,48.209999084472656,49.40999984741211,39.5886116027832,188375230
2019-06-20,49.40999984741211,50.279998779296875,48.98500061035156,50.099998474121094,40.141456604003906,78263560
2019-06-21,50.0,50.09000015258789,49.44499969482422,49.76499938964844,39.873046875,61262460
2019-06-24,49.720001220703125,49.97999954223633,48.185001373291016,48.625,38.95964813232422,72620000
2019-06-25,47.400001525878906,49.97999954223633,47.39500045776367,49.79999923706055,39.90108871459961,136491190
2019-06-26,49.5,51.22999954223633,49.029998779296875,51.060001373291016,40.910640716552734,129600840
2019-06-27,51.150001525878906,51.64500045776367,50.665000915527344,51.06999969482422,40.91864776611328,119467140
2019-06-28,51.150001525878906,51.564998626708984,49.90999984741211,50.439998626708984,40.413875579833984,87600340
2019-07-01,50.98500061035156,51.48500061035156,50.314998626708984,50.69499969482422,40.618186950683594,85443750
2019-07-02,50.85499954223633,51.09000015258789,50.209999084472656,50.880001068115234,40.766414642333984,57240040
2019-07-03,50.790000915527344,51.47999954223633,50.459999084472656,51.029998779296875,40.886592864990234,69464090
2019-07-04,50.0,50.26499938964844,49.375,49.529998779296875,40.72216033935547,72630590
2019-07-05,49.650001525878906,49.849998474121094,47.529998779296875,47.834999084472656,39.32857894897461,76163480
2019-07-08,47.5,47.95000076293945,46.52000045776367,46.80500030517578,38.48174285888672,80825910
2019-07-09,46.900001525878906,47.20000076293945,46.255001068115234,46.845001220703125,38.51462936401367,68585800
2019-07-10,46.95000076293945,47.435001373291016,44.80500030517578,45.47999954223633,37.39236831665039,134813440
2019-07-11,46.130001068115234,46.650001525878906,45.369998931884766,46.20000076293945,37.98432922363281,99870380
2019-07-12,46.43000030517578,47.94499969482422,46.025001525878906,47.290000915527344,38.88050079345703,132441180
2019-07-15,47.79999923706055,47.82500076293945,46.334999084472656,46.83000183105469,38.50230407714844,78060790
2019-07-16,46.5099983215332,47.86000061035156,46.40999984741211,47.66999816894531,39.19292068481445,64352100
2019-07-17,47.599998474121094,47.97999954223633,46.849998474121094,47.56999969482422,39.1107063293457,54793220
2019-07-18,47.29999923706055,47.53499984741211,46.3849983215332,46.65999984741211,38.36252975463867,52331730
2019-07-19,47.0,47.29999923706055,45.32500076293945,45.80500030517578,37.659576416015625,72848850
2019-07-22,45.80500030517578,46.72999954223633,45.119998931884766,46.55500030517578,38.276206970214844,69544520
2019-07-23,46.619998931884766,46.790000915527344,45.67499923706055,45.98500061035156,37.807559967041016,55292840
2019-07-24,46.095001220703125,46.29999923706055,44.310001373291016,44.599998474121094,36.668853759765625,83420010
2019-07-25,44.79999923706055,45.19499969482422,43.83000183105469,44.03499984741211,36.20433044433594,75280910
2019-07-26,43.900001525878906,44.81999969482422,43.564998626708984,44.54999923706055,36.627750396728516,65857860
2019-07-29,44.55500030517578,44.59000015258789,43.099998474121094,43.345001220703125,35.63703536987305,78727230
2019-07-30,43.4900016784668,44.189998626708984,40.619998931884766,41.505001068115234,34.124237060546875,94629210
2019-07-31,41.29999923706055,43.36000061035156,40.95000076293945,43.20500183105469,35.52192687988281,115418000
2019-08-01,42.75,43.189998626708984,41.47999954223633,42.0,34.53121566772461,94219850
2019-08-02,41.38999938964844,41.71500015258789,40.459999084472656,40.90999984741211,33.63504409790039,134859520
2019-08-05,40.39500045776367,40.39500045776367,38.970001220703125,39.92499923706055,32.8252067565918,112888540
2019-08-06,39.3650016784668,40.79999923706055,39.3650016784668,40.15999984741211,33.01841735839844,101975850
2019-08-07,39.5,39.650001525878906,37.584999084472656,38.189998626708984,31.398738861083984,133016090
2019-08-08,37.900001525878906,37.95000076293945,36.060001373291016,36.7400016784668,30.206588745117188,228263940
2019-08-09,37.04999923706055,37.3650016784668,36.084999084472656,36.23500061035156,29.791391372680664,133527610
2019-08-13,36.16999816894531,36.7599983215332,34.53499984741211,34.869998931884766,28.669126510620117,147820510
2019-08-14,35.36000061035156,37.07500076293945,35.34000015258789,36.46500015258789,29.980493545532227,187387690
2019-08-16,36.0,36.689998626708984,35.54499816894531,36.30500030517578,29.84894371032715,119202110
2019-08-19,36.59000015258789,36.69499969482422,35.71500015258789,35.95500183105469,29.56118392944336,98849660
2019-08-20,35.970001220703125,36.185001373291016,35.314998626708984,35.82500076293945,29.454299926757812,93637340
2019-08-21,35.70000076293945,35.81999969482422,34.185001373291016,34.29999923706055,28.200489044189453,114233780
2019-08-22,33.9900016784668,34.69499969482422,33.040000915527344,33.369998931884766,27.435869216918945,154598000
2019-08-23,33.29999923706055,34.89500045776367,33.03499984741211,34.525001525878906,28.385480880737305,112101340
2019-08-26,34.63999938964844,34.7599983215332,32.220001220703125,33.80500030517578,27.793516159057617,237649990
2019-08-27,34.095001220703125,35.470001220703125,34.01499938964844,35.09000015258789,28.850004196166992,173752960
2019-08-28,35.09000015258789,35.09000015258789,33.34000015258789,33.69499969482422,27.703073501586914,126417160
2019-08-29,33.400001525878906,34.26499938964844,32.86000061035156,33.55500030517578,27.587970733642578,134813100
2019-08-30,34.20000076293945,34.75,33.720001220703125,34.4900016784668,28.35670280456543,179722070
2019-09-03,34.099998474121094,34.1150016784668,32.900001525878906,33.13999938964844,27.24677085876465,92206530
2019-09-04,33.13999938964844,34.095001220703125,32.72999954223633,33.92499923706055,27.892173767089844,129047100
2019-09-05,34.599998474121094,35.20000076293945,34.224998474121094,34.51499938964844,28.377256393432617,142508850
2019-09-06,34.70000076293945,35.78499984741211,34.28499984741211,35.540000915527344,29.219982147216797,115554870
2019-09-09,35.540000915527344,36.060001373291016,34.814998626708984,35.380001068115234,29.088438034057617,143296190
2019-09-11,35.529998779296875,36.869998931884766,35.52000045776367,36.70500183105469,30.17781639099121,136500270
2019-09-12,36.880001068115234,37.95000076293945,36.29999923706055,36.505001068115234,30.013378143310547,188468200
2019-09-13,36.70000076293945,36.915000915527344,35.775001525878906,36.73500061035156,30.20248031616211,116222490
2019-09-16,36.20000076293945,36.63999938964844,35.86000061035156,36.11000061035156,29.68861961364746,80643190
2019-09-17,36.119998931884766,36.599998474121094,34.20500183105469,34.494998931884766,28.36081314086914,131984000
2019-09-18,34.79999923706055,36.130001068115234,34.53499984741211,35.82500076293945,29.454299926757812,162531840
2019-09-19,35.599998474121094,35.599998474121094,34.005001068115234,34.46500015258789,28.33614730834961,136564950
2019-09-20,34.790000915527344,38.099998474121094,34.40999984741211,36.85499954223633,30.301137924194336,267647140
2019-09-23,37.7599983215332,38.8849983215332,36.900001525878906,37.73500061035156,31.02464485168457,163931640
2019-09-24,37.79999923706055,37.93000030517578,36.81999969482422,37.08000183105469,30.48613166809082,95789890
2019-09-25,36.75,36.79499816894531,35.755001068115234,36.20500183105469,29.766727447509766,91169850
2019-09-26,36.5,37.935001373291016,36.334999084472656,37.57500076293945,30.893104553222656,140661520
2019-09-27,37.29999923706055,37.349998474121094,35.79999923706055,35.96500015258789,29.56940460205078,105687770
2019-09-30,35.5,36.369998931884766,34.560001373291016,36.04999923706055,29.6392879486084,147196960
2019-10-01,36.20000076293945,36.470001220703125,34.40999984741211,35.154998779296875,28.9034423828125,125641890
2019-10-03,34.650001525878906,34.88999938964844,33.845001220703125,33.959999084472656,27.920948028564453,121309560
2019-10-04,34.474998474121094,34.47999954223633,33.11000061035156,33.310001373291016,27.38654327392578,114452160
2019-10-07,33.48500061035156,33.82500076293945,32.349998474121094,32.47999954223633,26.70413589477539,124157800
2019-10-09,32.334999084472656,33.79999923706055,32.03499984741211,33.64500045776367,27.661968231201172,147767410
2019-10-10,33.290000915527344,33.45500183105469,32.79999923706055,32.994998931884766,27.127553939819336,115074980
2019-10-11,33.5,34.244998931884766,33.20000076293945,33.900001525878906,27.871620178222656,171588490
2019-10-14,34.57500076293945,35.275001525878906,34.29499816894531,34.48500061035156,28.35259246826172,167239630
2019-10-15,34.505001068115234,35.834999084472656,33.869998931884766,34.91999816894531,28.710237503051758,179722070
2019-10-16,35.380001068115234,35.380001068115234,34.525001525878906,34.7400016784668,28.562246322631836,128143020
2019-10-17,34.599998474121094,36.1349983215332,34.03499984741211,35.61000061035156,29.277536392211914,166951580
2019-10-18,35.595001220703125,36.279998779296875,35.17499923706055,35.959999084472656,29.565298080444336,165680360
2019-10-22,35.75,36.380001068115234,35.29999923706055,35.45000076293945,29.14598274230957,119442830
2019-10-23,35.20000076293945,35.875,34.92499923706055,35.619998931884766,29.28575325012207,93184500
2019-10-24,35.60499954223633,36.20000076293945,35.380001068115234,35.9900016784668,29.58995819091797,109734020
2019-10-25,35.630001068115234,36.89500045776367,35.60499954223633,36.224998474121094,29.783166885375977,149966920
2019-10-27,36.380001068115234,36.55500030517578,36.310001373291016,36.5,30.0092716217041,10820130
2019-10-29,36.55500030517578,39.970001220703125,36.55500030517578,39.02000045776367,32.081138610839844,251553140
2019-10-30,38.9900016784668,39.369998931884766,38.43000030517578,38.79999923706055,31.900264739990234,143714420
2019-10-31,38.88999938964844,39.0099983215332,37.619998931884766,38.05500030517578,31.287744522094727,217560230
2019-11-01,38.005001068115234,40.290000915527344,37.79999923706055,39.95000076293945,32.84575653076172,241111950
2019-11-04,40.29999923706055,42.16999816894531,40.29999923706055,40.915000915527344,33.63916015625,289344340
2019-11-05,41.400001525878906,41.790000915527344,40.15999984741211,40.39500045776367,33.21162796020508,208744340
2019-11-06,40.20000076293945,40.88999938964844,39.869998931884766,40.44499969482422,33.25273132324219,179351470
2019-11-07,40.400001525878906,40.8849983215332,38.880001068115234,40.310001373291016,33.14174270629883,407007600
2019-11-08,40.150001525878906,40.619998931884766,39.5099983215332,39.79499816894531,32.718318939208984,214235200
2019-11-11,39.54999923706055,40.375,39.400001525878906,40.14500045776367,33.006080627441406,135739740
2019-11-13,40.09000015258789,40.8849983215332,39.27000045776367,39.790000915527344,32.71421432495117,175114690
2019-11-14,39.61000061035156,39.869998931884766,38.939998626708984,39.19499969482422,32.225013732910156,108694250
2019-11-15,39.20000076293945,40.29999923706055,39.060001373291016,39.45000076293945,32.434669494628906,118132590
2019-11-18,39.63999938964844,41.2599983215332,39.599998474121094,41.005001068115234,33.71315383911133,189065280
2019-11-19,41.400001525878906,41.48500061035156,40.0,40.17499923706055,33.03074264526367,142650830
2019-11-20,40.099998474121094,40.849998474121094,39.72999954223633,39.869998931884766,32.77998733520508,122556020
2019-11-21,39.900001525878906,39.915000915527344,38.32500076293945,38.5099983215332,31.66183090209961,102085540
2019-11-22,38.599998474121094,40.279998779296875,38.310001373291016,40.0,32.886863708496094,172719490
2019-11-25,40.525001525878906,42.099998474121094,40.29999923706055,41.95000076293945,34.49010467529297,276124580
2019-11-26,42.5,42.93000030517578,41.67499923706055,42.415000915527344,34.87240982055664,282763120
2019-11-27,42.529998779296875,42.70000076293945,41.91999816894531,42.1349983215332,34.642208099365234,109846790
2019-11-28,42.220001220703125,43.43000030517578,42.21500015258789,43.209999084472656,35.526039123535156,157660730
2019-11-29,42.744998931884766,42.95000076293945,42.11000061035156,42.75,35.1478385925293,126319560
2019-12-02,42.494998931884766,42.69499969482422,41.900001525878906,42.084999084472656,34.601097106933594,83371710
2019-12-03,41.79999923706055,41.85499954223633,39.63999938964844,39.96500015258789,32.85809326171875,168706560
2019-12-04,39.279998779296875,41.14500045776367,38.900001525878906,40.93000030517578,33.651485443115234,261132490
2019-12-05,41.10499954223633,41.185001373291016,39.709999084472656,39.97999954223633,32.870426177978516,111108840
2019-12-06,40.14500045776367,40.75,39.3849983215332,40.32500076293945,33.15407180786133,169310820
2019-12-09,40.29999923706055,41.18000030517578,40.19499969482422,40.66999816894531,33.43771743774414,123184520
2019-12-10,40.5,40.959999084472656,40.02000045776367,40.20500183105469,33.055416107177734,93495850
2019-12-11,40.2400016784668,40.81999969482422,40.03499984741211,40.55500030517578,33.34317398071289,82278630
2019-12-12,40.83000183105469,42.09000015258789,40.68000030517578,41.869998931884766,34.42432403564453,149846710
2019-12-13,43.025001525878906,43.459999084472656,42.345001220703125,42.84000015258789,35.22183609008789,216281830
2019-12-16,43.20000076293945,43.20000076293945,42.01499938964844,42.099998474121094,34.613426208496094,95658310
2019-12-17,42.36000061035156,44.189998626708984,42.30500030517578,43.939998626708984,36.126224517822266,307577380
2019-12-18,43.939998626708984,45.47999954223633,43.60499954223633,44.474998474121094,36.56608200073242,400283980
2019-12-19,44.0,44.939998626708984,43.79999923706055,44.67499923706055,36.73051834106445,205472860
2019-12-20,44.599998474121094,46.34000015258789,44.310001373291016,46.099998474121094,37.9021110534668,269312620
2019-12-23,46.099998474121094,46.75,45.70500183105469,46.21500015258789,37.99666213989258,186311430
2019-12-24,46.220001220703125,46.470001220703125,45.939998626708984,46.29999923706055,38.06654739379883,112355050
2019-12-26,46.29999923706055,47.20000076293945,46.29999923706055,46.790000915527344,38.469417572021484,182556030
2019-12-27,46.92499923706055,47.18000030517578,46.31999969482422,46.95000076293945,38.60095977783203,111443330
2019-12-30,47.0099983215332,47.630001068115234,46.5099983215332,47.474998474121094,39.03260040283203,114620740
2019-12-31,47.26499938964844,47.529998779296875,46.95000076293945,47.20500183105469,38.81061553955078,96441450
2020-01-01,47.29999923706055,47.650001525878906,46.47999954223633,46.775001525878906,38.45708084106445,121005300
2020-01-02,47.20000076293945,48.779998779296875,47.20000076293945,48.48500061035156,39.86299514770508,216749610
2020-01-03,48.29999923706055,48.619998931884766,47.94499969482422,48.369998931884766,39.76844787597656,129568630
2020-01-06,48.0,48.0,47.05500030517578,47.32500076293945,38.90927505493164,96016080
2020-01-07,47.54999923706055,48.459999084472656,47.35499954223633,47.61000061035156,39.14358901977539,131957880
2020-01-08,47.165000915527344,47.814998626708984,46.70000076293945,47.525001525878906,39.07371139526367,133048410
2020-01-09,48.5,48.599998474121094,47.90999984741211,48.314998626708984,39.72322463989258,101311520
2020-01-10,48.54999923706055,49.3849983215332,48.0,48.619998931884766,39.9739875793457,159276340
2020-01-13,49.11000061035156,49.70000076293945,48.775001525878906,49.57500076293945,40.75916290283203,109427500
2020-01-14,49.64500045776367,50.599998474121094,49.57500076293945,49.86000061035156,40.99348449707031,156608220
2020-01-15,49.189998626708984,50.35499954223633,48.915000915527344,50.209999084472656,41.28124237060547,121179480
2020-01-16,50.20000076293945,50.404998779296875,49.209999084472656,49.439998626708984,40.648162841796875,104383690
2020-01-17,49.33000183105469,49.88999938964844,49.189998626708984,49.525001525878906,40.71805191040039,56824600
2020-01-20,49.70000076293945,49.97999954223633,48.915000915527344,49.064998626708984,40.3398551940918,72918780
2020-01-21,48.779998779296875,48.779998779296875,47.349998474121094,47.6150016784668,39.147708892822266,113158030
2020-01-22,47.8650016784668,47.98500061035156,47.31999969482422,47.505001068115234,39.05727005004883,76621710
2020-01-23,47.59000015258789,48.185001373291016,47.314998626708984,48.025001525878906,39.48479461669922,72000200
2020-01-24,48.029998779296875,48.5099983215332,47.64500045776367,48.34000015258789,39.743778228759766,74811300
2020-01-27,47.775001525878906,47.775001525878906,46.0099983215332,46.244998931884766,38.021324157714844,129631190
2020-01-28,46.0,46.20000076293945,44.20000076293945,44.625,36.689414978027344,180152830
2020-01-29,45.279998779296875,45.970001220703125,44.959999084472656,45.220001220703125,37.1786003112793,110818340
2020-01-30,45.189998626708984,45.44499969482422,44.13999938964844,44.85499954223633,36.878509521484375,146520160
2020-01-31,45.29999923706055,45.42499923706055,43.64500045776367,43.869998931884766,36.06867218017578,107387270
2020-02-03,41.79999923706055,43.900001525878906,41.65999984741211,43.60499954223633,35.85079574584961,162371260
2020-02-04,44.20000076293945,45.34000015258789,43.345001220703125,45.189998626708984,37.15393829345703,133362630
2020-02-05,45.224998474121094,47.970001220703125,44.79999923706055,47.505001068115234,39.05727005004883,160567650
2020-02-06,47.79999923706055,48.724998474121094,47.15999984741211,47.7599983215332,39.26692199707031,166660740
2020-02-07,47.56999969482422,47.970001220703125,46.8849983215332,47.099998474121094,38.72428512573242,116499090
2020-02-10,46.025001525878906,46.32500076293945,44.0,44.380001068115234,36.487979888916016,267960480
2020-02-11,44.834999084472656,45.77000045776367,44.27000045776367,44.40999984741211,36.51264953613281,168243710
2020-02-12,45.0,45.45000076293945,44.255001068115234,44.79499816894531,36.82917404174805,117858580
2020-02-13,44.875,45.16999816894531,43.935001373291016,44.125,36.278324127197266,99652210
2020-02-14,44.099998474121094,44.55500030517578,43.334999084472656,43.45500183105469,35.72746658325195,94848170
2020-02-17,43.54999923706055,44.09000015258789,43.29999923706055,43.685001373291016,35.91657638549805,97247650
2020-02-18,43.400001525878906,43.51499938964844,42.130001068115234,43.13999938964844,35.468482971191406,115024230
2020-02-19,43.64500045776367,43.849998474121094,42.814998626708984,43.31999969482422,35.616477966308594,84651090
2020-02-20,42.900001525878906,44.77000045776367,42.79999923706055,44.35499954223633,36.46742248535156,129802370
2020-02-24,43.48500061035156,43.48500061035156,41.334999084472656,41.54499816894531,34.15712356567383,175231420
2020-02-25,41.900001525878906,42.55500030517578,41.439998626708984,42.130001068115234,34.638092041015625,145581760
2020-02-26,41.130001068115234,41.939998626708984,41.130001068115234,41.630001068115234,34.22700881958008,142707060
2020-02-27,41.4900016784668,41.59000015258789,40.70500183105469,41.279998779296875,33.93924331665039,102263790
2020-02-28,39.869998931884766,39.89500045776367,37.5,38.17499923706055,31.386404037475586,245328330
2020-03-02,39.369998931884766,39.400001525878906,35.79999923706055,36.404998779296875,29.93115997314453,202207720
2020-03-03,37.349998474121094,39.099998474121094,37.0099983215332,38.755001068115234,31.86326789855957,186489330
2020-03-04,38.80500030517578,38.9900016784668,36.5099983215332,37.71500015258789,31.00820541381836,229371480
2020-03-05,38.39500045776367,38.779998779296875,37.43000030517578,37.57500076293945,30.893104553222656,146284680
2020-03-06,35.69499969482422,35.83000183105469,34.665000915527344,35.150001525878906,28.899335861206055,148481880
2020-03-09,33.75,33.77000045776367,31.975000381469727,32.22999954223633,26.498594284057617,204221360
2020-03-11,32.400001525878906,32.60499954223633,29.610000610351562,29.975000381469727,24.64459800720215,286928700
2020-03-12,27.5,29.18000030517578,26.719999313354492,28.7450008392334,23.63332748413086,437671340
2020-03-13,27.0,33.209999084472656,25.53499984741211,32.66999816894531,26.860347747802734,338414370
2020-03-16,30.399999618530273,31.764999389648438,28.709999084472656,28.959999084472656,23.810091018676758,236054820
2020-03-17,30.0,30.764999389648438,28.049999237060547,28.274999618530273,23.246906280517578,206539390
2020-03-18,29.0,29.315000534057617,27.56999969482422,28.084999084472656,23.0906925201416,187721700
2020-03-19,26.895000457763672,28.450000762939453,26.049999237060547,27.184999465942383,22.350738525390625,187219810
2020-03-20,27.969999313354492,30.5,27.415000915527344,29.774999618530273,24.480161666870117,173077660
2020-03-23,26.799999237060547,27.799999237060547,25.354999542236328,27.114999771118164,22.293182373046875,121004020
2020-03-24,27.704999923706055,28.565000534057617,25.860000610351562,27.190000534057617,22.354846954345703,129288020
2020-03-25,26.704999923706055,29.5,26.704999923706055,28.68000030517578,23.579883575439453,94428290
2020-03-26,29.0,29.549999237060547,28.010000228881836,28.44499969482422,23.386674880981445,114938330
2020-03-27,29.100000381469727,29.524999618530273,27.420000076293945,27.725000381469727,22.794710159301758,111835940
2020-03-30,26.700000762939453,27.075000762939453,25.084999084472656,25.405000686645508,20.88727378845215,158537210
2020-03-31,26.225000381469727,27.2450008392334,25.969999313354492,26.959999084472656,22.16574478149414,157868130
2020-04-01,26.600000381469727,26.795000076293945,25.809999465942383,26.635000228881836,21.898542404174805,119647990
2020-04-03,26.770000457763672,26.889999389648438,25.100000381469727,25.375,20.862606048583984,125266950
2020-04-07,26.604999542236328,27.770000457763672,26.1200008392334,27.6200008392334,22.708383560180664,159566590
2020-04-08,27.100000381469727,29.290000915527344,26.665000915527344,27.475000381469727,22.589168548583984,204349980
2020-04-09,28.049999237060547,28.959999084472656,27.764999389648438,28.485000610351562,23.4195613861084,138556280
2020-04-13,28.5,29.200000762939453,27.385000228881836,28.2549991607666,23.2304630279541,155103280
2020-04-15,28.739999771118164,29.565000534057617,28.190000534057617,28.514999389648438,23.444225311279297,209917430
2020-04-16,27.600000381469727,29.190000534057617,27.600000381469727,28.889999389648438,23.752538681030273,172487980
2020-04-17,29.75,29.969999313354492,28.549999237060547,29.334999084472656,24.118406295776367,174923730
2020-04-20,29.479999542236328,29.5,28.510000228881836,28.639999389648438,23.546995162963867,119607480
2020-04-21,28.0049991607666,28.100000381469727,26.325000762939453,26.594999313354492,21.86565589904785,169249100
2020-04-22,26.610000610351562,26.989999771118164,25.920000076293945,26.834999084472656,22.062978744506836,147898560
2020-04-23,27.0,27.899999618530273,26.899999618530273,27.030000686645508,22.22330093383789,154678570
2020-04-24,26.6299991607666,27.385000228881836,26.44499969482422,26.7549991607666,21.997203826904297,123808460
2020-04-27,27.399999618530273,27.690000534057617,27.049999237060547,27.165000915527344,22.334293365478516,124106120
2020-04-28,27.389999389648438,27.540000915527344,26.954999923706055,27.354999542236328,22.490507125854492,85471050
2020-04-29,27.299999237060547,28.614999771118164,27.125,28.264999389648438,23.238683700561523,198765690
2020-04-30,28.9950008392334,30.450000762939453,28.8700008392334,29.829999923706055,24.525381088256836,236333720
2020-05-04,28.5,28.614999771118164,27.010000228881836,27.360000610351562,22.494617462158203,128914590
2020-05-05,27.899999618530273,28.239999771118164,27.100000381469727,27.264999389648438,22.4165096282959,121823300
2020-05-06,27.40999984741211,28.045000076293945,27.204999923706055,27.774999618530273,22.835819244384766,95077310
2020-05-07,27.545000076293945,28.28499984741211,27.46500015258789,27.584999084472656,22.67960548400879,89583760
2020-05-08,28.280000686645508,28.399999618530273,27.200000762939453,27.290000915527344,22.437063217163086,98777550
2020-05-11,27.55500030517578,28.299999237060547,27.5,27.6200008392334,22.708383560180664,109074080
2020-05-12,27.329999923706055,27.68000030517578,26.450000762939453,27.395000457763672,22.523393630981445,150402970
2020-05-13,28.75,28.799999237060547,27.350000381469727,27.655000686645508,22.73715591430664,147231160
2020-05-14,27.200000762939453,27.520000457763672,26.729999542236328,26.854999542236328,22.07942008972168,107969020
2020-05-15,27.0,27.68000030517578,26.8799991607666,27.344999313354492,22.482284545898438,149896650
2020-05-18,27.40999984741211,27.6200008392334,26.2450008392334,26.65999984741211,21.919097900390625,116153670
2020-05-19,27.19499969482422,28.040000915527344,26.75,27.200000762939453,22.36307144165039,168970940
2020-05-20,27.200000762939453,28.399999618530273,27.010000228881836,28.31999969482422,23.283899307250977,144218120
2020-05-21,28.389999389648438,28.625,27.850000381469727,28.3700008392334,23.325010299682617,130358110
2020-05-22,27.899999618530273,28.024999618530273,27.329999923706055,27.44499969482422,22.56450080871582,106567390
2020-05-26,27.75,28.440000534057617,27.700000762939453,28.045000076293945,23.05780601501465,121075590
2020-05-27,28.219999313354492,29.040000915527344,27.905000686645508,28.795000076293945,23.674436569213867,140074620
2020-05-28,29.190000534057617,29.860000610351562,28.940000534057617,29.549999237060547,24.29517364501953,166019580
2020-05-29,29.209999084472656,29.690000534057617,28.78499984741211,29.520000457763672,24.270509719848633,131279850
2020-06-01,30.200000762939453,31.780000686645508,30.200000762939453,31.520000457763672,25.914852142333984,243843600
2020-06-02,31.799999237060547,32.345001220703125,31.454999923706055,31.940000534057617,26.260164260864258,165626630
2020-06-03,32.54499816894531,32.630001068115234,31.5049991607666,31.739999771118164,26.09572982788086,103869540
2020-06-04,31.690000534057617,32.2599983215332,31.459999084472656,31.9950008392334,26.305383682250977,112512660
2020-06-05,32.58000183105469,34.3650016784668,32.505001068115234,33.89500045776367,27.867509841918945,309184760
2020-06-08,34.77000045776367,35.08000183105469,32.73500061035156,33.36000061035156,27.42764663696289,164816490
2020-06-09,33.599998474121094,34.400001525878906,32.8849983215332,33.220001220703125,27.31254768371582,149268320
2020-06-10,33.11000061035156,33.150001525878906,32.20000076293945,32.400001525878906,26.638364791870117,172188830
2020-06-11,32.20000076293945,32.349998474121094,31.100000381469727,31.315000534057617,25.746305465698242,139066840
2020-06-12,30.0,32.04499816894531,30.0,31.760000228881836,26.112173080444336,175578850
2020-06-15,31.375,31.5,30.260000228881836,30.6200008392334,25.174898147583008,185810020
2020-06-16,31.510000228881836,32.255001068115234,30.1299991607666,30.895000457763672,25.4009952545166,234418060
2020-06-17,30.719999313354492,31.479999542236328,30.5049991607666,30.81999969482422,25.33932876586914,114470230
2020-06-18,30.81999969482422,31.920000076293945,30.709999084472656,31.809999465942383,26.153278350830078,113692780
2020-06-19,32.099998474121094,32.584999084472656,31.729999542236328,32.05500030517578,26.354713439941406,151342880
2020-06-22,31.975000381469727,32.79999923706055,31.834999084472656,32.56999969482422,26.77813148498535,110312750
2020-06-23,32.77000045776367,33.349998474121094,32.6150016784668,33.20000076293945,27.296098709106445,125450560
2020-06-24,33.65999984741211,33.814998626708984,32.474998474121094,32.60499954223633,26.80690574645996,207826420
2020-06-25,32.20000076293945,32.7400016784668,32.099998474121094,32.310001373291016,26.564367294311523,113456530
2020-06-26,32.58000183105469,32.994998931884766,32.255001068115234,32.3849983215332,26.626028060913086,97063330
2020-06-29,32.29999923706055,32.599998474121094,31.209999084472656,32.084999084472656,26.379379272460938,119611330
2020-06-30,32.310001373291016,33.76499938964844,32.310001373291016,32.66999816894531,26.860347747802734,365236470
2020-07-01,32.900001525878906,32.959999084472656,32.029998779296875,32.369998931884766,26.613697052001953,104894330
2020-07-02,32.70500183105469,33.75,32.45500183105469,33.4900016784668,27.534530639648438,119713930
2020-07-03,33.70000076293945,33.70000076293945,32.73500061035156,32.9900016784668,27.123449325561523,106126140
2020-07-06,33.314998626708984,34.16999816894531,33.029998779296875,33.88999938964844,27.863399505615234,141439660
2020-07-07,33.880001068115234,33.8849983215332,32.80500030517578,33.029998779296875,27.156328201293945,108393710
2020-07-08,33.279998779296875,34.63999938964844,33.20000076293945,33.41999816894531,27.47697639465332,215601630
2020-07-09,33.70000076293945,34.849998474121094,33.650001525878906,34.45000076293945,28.323814392089844,244037810
2020-07-10,34.19499969482422,34.43000030517578,33.52000045776367,33.869998931884766,27.846956253051758,125261130
2020-07-13,34.33000183105469,34.70000076293945,33.849998474121094,34.209999084472656,28.126493453979492,121150000
2020-07-14,33.900001525878906,33.900001525878906,33.2599983215332,33.665000915527344,27.678409576416016,83070350
2020-07-15,34.064998626708984,34.650001525878906,33.79999923706055,33.93000030517578,27.896284103393555,96874130
2020-07-16,33.79999923706055,34.650001525878906,33.154998779296875,34.165000915527344,28.089496612548828,105860440
2020-07-17,34.599998474121094,35.68000030517578,34.51499938964844,35.095001220703125,28.854116439819336,244153950
2020-07-20,35.11000061035156,35.470001220703125,34.65999984741211,35.2400016784668,28.97333526611328,95320490
2020-07-21,35.599998474121094,36.060001373291016,34.95000076293945,35.915000915527344,29.528297424316406,113681040
2020-07-22,36.04999923706055,36.290000915527344,34.65999984741211,35.005001068115234,28.780122756958008,178429190
2020-07-23,35.0099983215332,35.63999938964844,34.76499938964844,35.189998626708984,28.932218551635742,96250490
2020-07-24,34.70000076293945,34.97999954223633,34.255001068115234,34.61000061035156,28.455364227294922,89188290
2020-07-27,35.099998474121094,35.38999938964844,34.42499923706055,35.28499984741211,29.010332107543945,118356070
2020-07-28,35.36000061035156,36.0,35.275001525878906,35.849998474121094,29.474853515625,106392570
2020-07-29,35.900001525878906,37.845001220703125,35.6150016784668,37.375,30.728668212890625,301158810
2020-07-30,37.70000076293945,37.779998779296875,36.40999984741211,36.65999984741211,30.140811920166016,103982570
2020-07-31,36.560001373291016,37.040000915527344,36.040000915527344,36.630001068115234,30.116147994995117,90249550
2020-08-03,36.474998474121094,37.685001373291016,36.20500183105469,37.349998474121094,30.708110809326172,111369710
2020-08-04,37.45000076293945,37.79999923706055,36.76499938964844,37.224998474121094,30.60533905029297,111842600
2020-08-05,37.30500030517578,39.790000915527344,37.30500030517578,39.58000183105469,32.541561126708984,305597410
2020-08-06,38.974998474121094,40.279998779296875,38.54999923706055,40.04499816894531,33.777252197265625,221228070
2020-08-07,39.59000015258789,40.66999816894531,39.310001373291016,40.404998779296875,34.08090591430664,151763170
2020-08-10,40.57500076293945,41.154998779296875,39.959999084472656,41.02000045776367,34.59965133666992,120182110
2020-08-11,41.310001373291016,42.7599983215332,41.25,41.64500045776367,35.1268310546875,258851910
2020-08-12,41.369998931884766,41.73500061035156,40.755001068115234,41.45000076293945,34.96234893798828,115744020
2020-08-13,41.81999969482422,42.16999816894531,40.8849983215332,41.310001373291016,34.84426498413086,124220440
2020-08-14,41.0,43.095001220703125,40.90999984741211,41.849998474121094,35.299739837646484,477423650
2020-08-17,41.79999923706055,42.915000915527344,41.42499923706055,42.505001068115234,35.85222244262695,181455010
2020-08-18,42.165000915527344,43.68000030517578,41.970001220703125,43.45000076293945,36.649314880371094,173400200
2020-08-19,43.45000076293945,43.55500030517578,42.8849983215332,43.16999816894531,36.41313934326172,118436810
2020-08-20,42.5,43.83000183105469,42.30500030517578,43.2599983215332,36.489051818847656,158466000
2020-08-21,43.57500076293945,44.20000076293945,42.654998779296875,42.8849983215332,36.17274856567383,134818760
2020-08-24,43.36000061035156,43.775001525878906,42.810001373291016,42.95000076293945,36.227577209472656,90928540
2020-08-25,43.20000076293945,43.26499938964844,42.14500045776367,42.400001525878906,35.7636604309082,105529000
2020-08-26,42.5,42.775001525878906,42.220001220703125,42.5,35.84800720214844,79571570
2020-08-27,42.54999923706055,43.02000045776367,42.29999923706055,42.685001373291016,36.004051208496094,95491160
2020-08-28,42.96500015258789,43.79999923706055,42.30500030517578,42.41999816894531,35.7805290222168,152112670
2020-08-31,42.650001525878906,43.01499938964844,41.0,41.29999923706055,34.83583068847656,157459100
2020-09-01,41.38999938964844,43.27000045776367,41.19499969482422,42.8650016784668,36.155879974365234,140728230
2020-09-02,43.005001068115234,44.16999816894531,42.709999084472656,43.8650016784668,36.999359130859375,117392780
2020-09-03,44.25,44.3650016784668,43.59000015258789,43.810001373291016,36.952972412109375,102142880
2020-09-04,42.810001373291016,43.39500045776367,41.900001525878906,42.130001068115234,35.535919189453125,105290810
2020-09-07,42.369998931884766,42.84000015258789,41.845001220703125,42.25,35.63713073730469,96263460
2020-09-08,42.57500076293945,42.57500076293945,40.2599983215332,40.5099983215332,34.16947937011719,116372720
2020-09-09,39.880001068115234,42.01499938964844,38.650001525878906,41.7400016784668,35.20696258544922,319997830
2020-09-10,42.400001525878906,42.59000015258789,40.11000061035156,40.79999923706055,34.41408920288086,229205440
2020-09-11,40.875,41.26499938964844,40.25,40.75,34.37191390991211,136871250
2020-09-14,41.0,41.40999984741211,40.21500015258789,40.46500015258789,34.13151931762695,123310520
2020-09-15,40.70000076293945,41.05500030517578,40.35499954223633,40.525001525878906,34.18212890625,91323090
2020-09-16,40.64500045776367,41.0,40.27000045776367,40.459999084472656,34.12730407714844,99873490
2020-09-17,40.19499969482422,40.75,39.31999969482422,39.869998931884766,33.62964630126953,148080220
2020-09-18,40.209999084472656,40.564998626708984,39.34000015258789,39.54999923706055,33.359737396240234,168417030
2020-09-21,39.599998474121094,39.91999816894531,37.099998474121094,37.34000015258789,31.495637893676758,141383050
2020-09-22,37.400001525878906,37.849998474121094,35.81999969482422,37.415000915527344,31.558900833129883,220130270
2020-09-23,37.70000076293945,37.79999923706055,35.64500045776367,36.130001068115234,30.47502326965332,169844110
2020-09-24,35.68000030517578,35.724998474121094,34.275001525878906,34.38999938964844,29.007360458374023,124957470
2020-09-25,34.79999923706055,35.560001373291016,34.41999816894531,35.209999084472656,29.699016571044922,122425760
2020-09-28,35.994998931884766,36.494998931884766,35.564998626708984,36.099998474121094,30.449716567993164,122701960
2020-09-29,36.5,37.18000030517578,36.16999816894531,37.005001068115234,31.213071823120117,178916090
2020-09-30,37.10499954223633,37.150001525878906,35.79999923706055,35.974998474121094,30.344280242919922,129636870
2020-10-01,36.43000030517578,37.029998779296875,36.314998626708984,36.494998931884766,30.78289222717285,95540970
2020-10-05,37.0099983215332,38.54999923706055,36.95000076293945,38.22999954223633,32.246334075927734,195905330
2020-10-06,38.68000030517578,38.724998474121094,37.310001373291016,37.7400016784668,31.83303451538086,142863360
2020-10-07,37.599998474121094,37.93000030517578,37.0,37.11000061035156,31.301637649536133,96937190
2020-10-08,37.44499969482422,38.29999923706055,37.16999816894531,37.3650016784668,31.516721725463867,141111310
2020-10-09,37.60499954223633,38.69499969482422,36.70500183105469,36.95000076293945,31.166683197021484,220065830
2020-10-12,37.349998474121094,37.71500015258789,36.25,37.11000061035156,31.301637649536133,157568610
2020-10-13,37.20000076293945,37.625,36.665000915527344,36.834999084472656,31.06967544555664,119024640
2020-10-14,37.040000915527344,37.724998474121094,36.95500183105469,37.55500030517578,31.676982879638672,148921160
2020-10-15,38.099998474121094,38.86000061035156,37.150001525878906,37.38999938964844,31.537811279296875,316506980
2020-10-16,37.709999084472656,39.59000015258789,37.52000045776367,39.3849983215332,33.220558166503906,288554790
2020-10-19,39.7599983215332,40.0,39.18000030517578,39.54999923706055,33.359737396240234,147289680
2020-10-20,39.20000076293945,39.73500061035156,38.959999084472656,39.2400016784668,33.0982551574707,109496320
2020-10-21,39.630001068115234,40.79999923706055,39.435001373291016,40.404998779296875,34.08090591430664,263519520
2020-10-22,40.189998626708984,41.35499954223633,40.0099983215332,40.96500015258789,34.553260803222656,208883010
2020-10-23,41.29999923706055,42.599998474121094,41.220001220703125,42.345001220703125,35.71726989746094,285885950
2020-10-26,42.334999084472656,42.334999084472656,40.415000915527344,40.84000015258789,34.44782638549805,166073190
2020-10-27,40.869998931884766,41.685001373291016,40.34000015258789,41.099998474121094,34.66713333129883,160621710
2020-10-28,41.14500045776367,41.81999969482422,40.04499816894531,40.22999954223633,33.93330001831055,169657540
2020-10-29,39.94499969482422,40.5,39.529998779296875,40.13999938964844,33.85738754272461,138603960
2020-10-30,40.27000045776367,41.290000915527344,39.52000045776367,41.05500030517578,34.62916946411133,180209980
2020-11-02,41.0,41.25,39.869998931884766,40.28499984741211,33.97969436645508,131431090
2020-11-03,40.75,41.220001220703125,40.44499969482422,40.689998626708984,34.32130432128906,122580340
2020-11-04,40.88999938964844,41.505001068115234,40.13999938964844,40.38999938964844,34.068260192871094,136143660
2020-11-05,41.20000076293945,42.82500076293945,40.915000915527344,42.54999923706055,35.89017868041992,265177560
2020-11-06,42.45000076293945,43.290000915527344,42.26499938964844,42.650001525878906,35.97453308105469,173981930
2020-11-09,43.29999923706055,43.9900016784668,42.7400016784668,43.83000183105469,36.96984100341797,158308620
2020-11-10,44.0,45.32500076293945,43.55500030517578,44.189998626708984,37.273494720458984,262002400
2020-11-11,44.189998626708984,47.73500061035156,43.959999084472656,47.39500045776367,39.97685241699219,368618330
2020-11-12,47.20000076293945,47.9900016784668,46.630001068115234,47.314998626708984,39.90937423706055,234936850
2020-11-13,47.084999084472656,48.84000015258789,46.5,48.654998779296875,41.039642333984375,234181870
2020-11-14,49.654998779296875,49.95000076293945,48.70000076293945,49.220001220703125,41.51620864868164,78374000
2020-11-17,50.599998474121094,53.095001220703125,50.16999816894531,52.27000045776367,44.088829040527344,642845990
2020-11-18,51.79999923706055,52.380001068115234,51.064998626708984,51.720001220703125,43.62491989135742,174815130
2020-11-19,51.185001373291016,53.56999969482422,51.0,52.36000061035156,44.16474914550781,201379980
2020-11-20,52.599998474121094,54.16999816894531,52.099998474121094,53.290000915527344,44.94918441772461,266860000
2020-11-23,53.79999923706055,54.599998474121094,53.6349983215332,54.310001373291016,45.80953598022461,170254250
2020-11-24,54.79499816894531,55.04499816894531,54.13999938964844,54.83000183105469,46.24814987182617,130291260
2020-11-25,55.099998474121094,55.8650016784668,53.95000076293945,54.125,45.65349197387695,176809890
2020-11-26,54.599998474121094,57.11000061035156,54.125,56.84000015258789,47.943546295166016,225701850
2020-11-27,57.0,58.23500061035156,56.30500030517578,57.73500061035156,48.698463439941406,462912480
2020-12-01,59.20000076293945,59.20000076293945,57.69499969482422,58.58000183105469,49.41120529174805,147391090
2020-12-02,58.56999969482422,60.7599983215332,58.404998779296875,60.435001373291016,50.975860595703125,249970850
2020-12-03,60.900001525878906,62.474998474121094,60.79999923706055,62.09000015258789,52.37183380126953,247756520
2020-12-04,62.400001525878906,63.25,61.459999084472656,62.27000045776367,52.523658752441406,201535520
2020-12-07,62.36000061035156,62.900001525878906,60.94499969482422,61.45500183105469,51.836219787597656,155883210
2020-12-08,61.599998474121094,62.14500045776367,60.244998931884766,61.345001220703125,51.743431091308594,170158530
2020-12-09,61.79999923706055,62.06999969482422,60.709999084472656,60.935001373291016,51.39760971069336,127307310
2020-12-10,60.599998474121094,61.400001525878906,59.349998474121094,61.0099983215332,51.46086502075195,198293280
2020-12-11,61.4900016784668,62.54499816894531,61.42499923706055,62.16999816894531,52.439300537109375,163956980
2020-12-14,62.67499923706055,63.88999938964844,62.529998779296875,62.67499923706055,52.865264892578125,177227150
2020-12-15,62.345001220703125,63.709999084472656,61.73500061035156,63.53499984741211,53.590660095214844,132263120
2020-12-16,64.12000274658203,64.94499969482422,63.81999969482422,64.33999633789062,54.26966094970703,160402560
2020-12-17,64.33999633789062,64.5999984741211,63.14500045776367,63.529998779296875,53.58644485473633,79651860
2020-12-18,63.82500076293945,64.08499908447266,62.79999923706055,63.125,53.24483108520508,253515060
2020-12-21,62.400001525878906,62.77000045776367,58.560001373291016,59.584999084472656,50.25890350341797,190766540
2020-12-22,59.599998474121094,61.04499816894531,58.5,60.1349983215332,50.72282028198242,188468790
2020-12-23,59.900001525878906,62.41999816894531,59.630001068115234,62.13999938964844,52.414005279541016,122383430
2020-12-24,62.529998779296875,63.69499969482422,61.92499923706055,62.22999954223633,52.48991394042969,120907400
2020-12-28,62.82500076293945,63.53499984741211,62.65999984741211,63.26499938964844,53.36292266845703,104805170
2020-12-29,63.78499984741211,63.96500015258789,62.10499954223633,63.220001220703125,53.32497024536133,104163260
2020-12-30,63.29499816894531,64.3949966430664,62.404998779296875,64.04499816894531,54.020835876464844,115144280
2020-12-31,63.654998779296875,65.3499984741211,63.654998779296875,64.36499786376953,54.290748596191406,177130120
2021-01-01,64.5,64.97000122070312,64.0,64.30999755859375,54.244354248046875,84113960
2021-01-04,64.9000015258789,69.98999786376953,64.6449966430664,69.30000305175781,58.45335006713867,381849550
2021-01-05,68.69999694824219,69.38500213623047,67.51000213623047,68.05500030517578,57.40320587158203,215452540
2021-01-06,68.4000015258789,69.66500091552734,67.5,68.37999725341797,57.67733383178711,196105220
2021-01-07,69.30000305175781,73.1500015258789,69.16999816894531,72.27999877929688,60.966922760009766,382321940
2021-01-08,72.69999694824219,72.7249984741211,70.30999755859375,71.31500244140625,60.152957916259766,193293130
2021-01-11,71.19999694824219,71.19999694824219,68.81999969482422,69.56500244140625,58.67686080932617,170245090
2021-01-12,69.5,72.44999694824219,69.11000061035156,69.48999786376953,58.61359786987305,245254840
2021-01-13,70.1449966430664,71.45500183105469,69.30000305175781,70.91500091552734,59.81557083129883,193538710
2021-01-14,71.0,71.44499969482422,69.70999908447266,70.63500213623047,59.579383850097656,115408580
2021-01-15,71.19999694824219,72.1500015258789,69.76499938964844,70.58999633789062,59.54143142700195,206884370
2021-01-18,70.80000305175781,70.875,65.94999694824219,66.66999816894531,56.23497772216797,250452260
2021-01-19,67.19999694824219,68.3949966430664,64.69999694824219,68.11000061035156,57.44959259033203,312451180
2021-01-20,69.01499938964844,69.94999694824219,68.26000213623047,69.01499938964844,58.21294021606445,233131500
2021-01-21,69.0999984741211,69.4749984741211,66.16000366210938,66.66999816894531,56.23497772216797,161178670
2021-01-22,67.0,67.58000183105469,63.3650016784668,64.69999694824219,54.57331466674805,237156650
2021-01-25,65.0999984741211,66.18499755859375,63.099998474121094,65.19499969482422,54.9908447265625,163484730
2021-01-27,65.08999633789062,65.11499786376953,62.380001068115234,62.599998474121094,52.80200958251953,149180840
2021-01-28,61.79999923706055,63.060001373291016,61.2599983215332,62.369998931884766,52.60800552368164,170917520
2021-01-29,63.005001068115234,63.380001068115234,59.599998474121094,60.099998474121094,50.693302154541016,268265750
2021-02-01,60.4900016784668,64.0,59.744998931884766,63.61000061035156,53.65392303466797,210846940
2021-02-02,64.30000305175781,64.80000305175781,62.40999984741211,64.16500091552734,54.1220588684082,180489570
2021-02-03,64.48999786376953,66.43000030517578,63.724998474121094,65.31500244140625,55.09206008911133,148463810
2021-02-04,65.4000015258789,66.3499984741211,63.86000061035156,65.59500122070312,55.32823944091797,147649950
2021-02-05,65.69000244140625,69.05999755859375,65.13999938964844,68.50499725341797,57.782772064208984,291008880
2021-02-08,69.4000015258789,70.48999786376953,68.2699966430664,70.29499816894531,59.292606353759766,214621690
2021-02-09,70.6500015258789,71.6449966430664,69.16000366210938,69.91999816894531,58.97629928588867,293370280
2021-02-10,71.0,72.44999694824219,68.00499725341797,69.0250015258789,58.221378326416016,573979190
2021-02-11,68.76000213623047,70.45999908447266,68.28500366210938,69.47000122070312,58.59673309326172,163407050
2021-02-12,69.5,69.79000091552734,67.8499984741211,68.05000305175781,57.39899444580078,147054790
2021-02-15,68.70999908447266,68.80000305175781,67.0,67.21499633789062,56.69467544555664,131716720
2021-02-16,67.21499633789062,70.86000061035156,66.83000183105469,69.91999816894531,58.97629928588867,336618380
2021-02-17,69.76499938964844,70.3499984741211,68.75,69.68000030517578,58.773860931396484,159574830
2021-02-18,70.0,71.0999984741211,69.4000015258789,69.7750015258789,58.854000091552734,148561470
2021-02-19,69.5999984741211,69.5999984741211,65.59500122070312,67.06999969482422,56.57237243652344,223923860
2021-02-22,67.29000091552734,69.79000091552734,67.08499908447266,68.45500183105469,57.7406005859375,281491090
2021-02-23,68.95999908447266,73.5999984741211,68.22000122070312,72.93000030517578,61.51518630981445,389070710
2021-02-24,73.5,74.5,72.0,72.7699966430664,61.380218505859375,216767890
2021-02-25,73.5199966430664,75.30000305175781,73.19499969482422,74.29000091552734,62.662315368652344,219015960
2021-02-26,72.5,74.16000366210938,71.11000061035156,71.51499938964844,60.3216552734375,235515910
2021-03-01,72.4000015258789,73.82499694824219,71.13500213623047,73.04000091552734,61.60795974731445,140586460
2021-03-02,73.04499816894531,73.9749984741211,72.31500244140625,73.55000305175781,62.03813934326172,111133990
2021-03-03,74.0999984741211,78.25,74.0999984741211,77.71499633789062,65.5512466430664,288428350
2021-03-04,75.0999984741211,76.69000244140625,74.36499786376953,75.79499816894531,63.9317512512207,228738220
2021-03-05,74.8499984741211,75.5999984741211,72.69999694824219,73.33000183105469,61.852577209472656,168819600
2021-03-08,74.3949966430664,75.12000274658203,73.50499725341797,73.7249984741211,62.18574142456055,106145960
2021-03-09,74.5,75.09500122070312,70.2249984741211,70.67500305175781,59.613136291503906,195564380
2021-03-10,71.48999786376953,72.99500274658203,70.30500030517578,72.44999694824219,61.11030197143555,196858600
2021-03-12,74.0,74.5,71.4000015258789,71.99500274658203,60.72652053833008,161214090
2021-03-15,72.19999694824219,73.9000015258789,71.50499725341797,73.63999938964844,62.11405563354492,155429990
2021-03-16,74.01000213623047,74.01000213623047,71.91999816894531,72.40499877929688,61.072349548339844,125699980
2021-03-17,72.49500274658203,72.5999984741211,70.06500244140625,70.44000244140625,59.414913177490234,105409590
2021-03-18,71.625,72.29000091552734,69.83000183105469,70.48500061035156,59.45286178588867,143206510
2021-03-19,70.2750015258789,73.67500305175781,68.125,73.30000305175781,61.8272705078125,246378140
2021-03-22,73.11000061035156,74.56500244140625,72.5,74.3499984741211,62.71292495727539,137603700
2021-03-23,74.5999984741211,74.94499969482422,73.33000183105469,74.11499786376953,62.514705657958984,118738960
2021-03-24,73.0999984741211,73.30000305175781,69.8949966430664,70.27999877929688,59.27995300292969,210302830
2021-03-25,71.01000213623047,73.06999969482422,68.83499908447266,72.31500244140625,60.99644088745117,367224000
2021-03-26,73.04000091552734,77.48999786376953,72.5199966430664,76.68499755859375,64.68245697021484,429122470
2021-03-30,78.0,81.0,77.79000091552734,80.0,67.47859191894531,284794680
2021-03-31,79.4000015258789,82.3499984741211,79.01000213623047,81.18499755859375,68.47813415527344,280445850
2021-04-01,82.0999984741211,86.88999938964844,81.9000015258789,86.30500030517578,72.79676055908203,368420980
2021-04-05,86.19999694824219,87.78500366210938,83.71499633789062,86.7750015258789,73.19319915771484,305759860
2021-04-06,87.55000305175781,88.25,85.81500244140625,86.28500366210938,72.7798843383789,207789200
2021-04-07,86.94999694824219,88.5,86.46499633789062,87.48500061035156,73.79206085205078,171132080
2021-04-08,88.4000015258789,95.36499786376953,88.2699966430664,91.83999633789062,77.4654312133789,530630560
2021-04-09,92.0999984741211,93.0,88.56999969482422,89.94999694824219,75.87125396728516,321790690
2021-04-12,87.65499877929688,89.31999969482422,84.33499908447266,85.15499877929688,71.8267593383789,221355040
2021-04-13,86.19999694824219,88.16000366210938,84.9000015258789,87.9000015258789,74.1421127319336,204285020
2021-04-15,89.19999694824219,91.1500015258789,87.94999694824219,89.81999969482422,75.76160430908203,218563570
2021-04-16,90.37999725341797,91.44000244140625,88.625,89.0250015258789,75.09103393554688,173985980
2021-04-19,86.9800033569336,89.9000015258789,86.0,88.80500030517578,74.90546417236328,191469960
2021-04-20,90.0,90.57499694824219,88.19999694824219,89.4000015258789,75.40734100341797,169152930
2021-04-22,89.99500274658203,93.86499786376953,89.70500183105469,92.13999938964844,77.71846771240234,319028150
2021-04-23,92.9800033569336,94.5,91.07499694824219,92.55999755859375,78.07273864746094,247523860
2021-04-26,93.5,95.5999984741211,93.00499725341797,94.07499694824219,79.35062408447266,212348580
2021-04-27,94.83000183105469,98.30000305175781,94.43000030517578,97.7750015258789,82.47150421142578,249045150
2021-04-28,98.5,98.5999984741211,96.19999694824219,97.13999938964844,81.9358901977539,204479680
2021-04-29,98.30000305175781,103.69499969482422,98.30000305175781,103.13500213623047,86.99256896972656,447186470
2021-04-30,102.4000015258789,105.26000213623047,101.11000061035156,103.4000015258789,87.21610260009766,281297380
2021-05-03,103.19499969482422,106.9000015258789,101.8499984741211,106.4749984741211,89.80980682373047,264841000
2021-05-04,107.44499969482422,108.66500091552734,105.75499725341797,106.38500213623047,89.73389434814453,249616280
2021-05-05,108.4000015258789,108.83499908447266,104.69999694824219,107.01499938964844,90.26528930664062,192498390
2021-05-06,105.5,112.9000015258789,104.25,110.08999633789062,92.8589859008789,464345370
2021-05-07,113.5,119.19999694824219,113.01000213623047,118.23500061035156,99.7291488647461,540754330
2021-05-10,121.0,122.9000015258789,120.0,121.63500213623047,102.59700012207031,280808840
2021-05-11,119.0,124.5999984741211,117.69000244140625,123.38999938964844,104.07730102539062,411083810
2021-05-12,123.19499969482422,124.68499755859375,116.32499694824219,117.91500091552734,99.4592514038086,308891920
2021-05-14,118.5,118.5,111.5199966430664,113.20999908447266,95.49065399169922,376480320
2021-05-17,113.80000305175781,115.81999969482422,110.3499984741211,115.08499908447266,97.07218933105469,287534300
2021-05-18,117.5,119.6449966430664,115.70500183105469,118.0,99.53092956542969,245738800
2021-05-19,117.30000305175781,118.95500183105469,115.80000305175781,116.42500305175781,98.20246124267578,174350260
2021-05-20,113.11000061035156,113.55000305175781,109.80500030517578,110.50499725341797,93.20903015136719,284462530
2021-05-21,111.4000015258789,112.38999938964844,110.58499908447266,111.30999755859375,93.8880386352539,141049260
2021-05-24,110.80000305175781,110.8949966430664,108.20999908447266,109.19999694824219,92.10828399658203,189238420
2021-05-25,110.19499969482422,112.59500122070312,110.0,110.5199966430664,93.22168731689453,181137520
2021-05-26,109.05000305175781,109.4000015258789,107.25,108.21499633789062,91.27745819091797,154327030
2021-05-27,108.21499633789062,110.9749984741211,107.5,109.66500091552734,92.5005111694336,227910320
2021-05-28,113.0999984741211,114.36000061035156,109.74500274658203,110.3499984741211,93.07830047607422,192085810
2021-05-31,111.19999694824219,112.96499633789062,109.9000015258789,112.56500244140625,94.94661712646484,154286470
2021-06-01,112.0,112.30000305175781,108.55000305175781,110.08999633789062,92.8589859008789,176909250
2021-06-02,110.5,112.9800033569336,110.4000015258789,112.40499877929688,94.81165313720703,128625910
2021-06-03,112.95500183105469,113.9749984741211,111.30000305175781,112.19999694824219,94.63872528076172,121094770
2021-06-04,111.5999984741211,112.87999725341797,110.69999694824219,112.06999969482422,94.52909088134766,97133470
2021-06-07,113.0,115.0,112.55500030517578,112.87000274658203,95.2038803100586,122185920
2021-06-08,113.2699966430664,113.2699966430664,110.00499725341797,111.11000061035156,93.71934509277344,108343730
2021-06-09,111.69999694824219,112.80000305175781,109.3949966430664,110.0999984741211,92.867431640625,111143380
2021-06-10,110.93000030517578,112.58000183105469,110.29000091552734,111.44499969482422,94.00189971923828,77767640
2021-06-11,112.77999877929688,116.45999908447266,111.30999755859375,115.83499908447266,97.70480346679688,174458560
2021-06-14,116.80000305175781,117.86499786376953,114.0,116.4800033569336,98.24884033203125,160312640
2021-06-15,117.0,118.68000030517578,116.01000213623047,117.43000030517578,99.05015563964844,97681020
2021-06-16,116.9000015258789,118.4749984741211,113.16500091552734,114.21499633789062,96.33834838867188,175211070
2021-06-17,111.8949966430664,113.37999725341797,109.56500244140625,110.375,95.18280029296875,162076870
2021-06-18,110.5,110.98999786376953,105.0250015258789,109.2300033569336,94.19539642333984,403470770
2021-06-21,107.0,110.9000015258789,106.36499786376953,110.61499786376953,95.38975524902344,130014320
2021-06-22,111.41999816894531,113.0999984741211,110.6500015258789,111.2300033569336,95.92010498046875,90246340
2021-06-23,112.05000305175781,112.75499725341797,109.78500366210938,110.01000213623047,94.86802673339844,78063360
2021-06-24,110.5,112.05000305175781,109.84500122070312,111.31500244140625,95.99341583251953,72394700
2021-06-25,113.5,117.0,113.0,116.5250015258789,100.48629760742188,180227700
2021-06-28,117.4000015258789,118.9000015258789,116.30000305175781,118.4000015258789,102.10321807861328,116603350
2021-06-29,118.44999694824219,119.19999694824219,116.55500030517578,117.25499725341797,101.11581420898438,78037590
2021-06-30,118.1050033569336,119.0999984741211,116.27999877929688,116.66000366210938,100.60272216796875,80432670
2021-07-01,117.19000244140625,117.68000030517578,115.6449966430664,116.3550033569336,100.33970642089844,56149280
2021-07-02,116.5999984741211,116.68000030517578,113.0199966430664,113.5999984741211,97.96390533447266,75734070
2021-07-05,114.5999984741211,116.18000030517578,113.5999984741211,115.68499755859375,99.76191711425781,76799000
2021-07-06,115.86499786376953,117.80000305175781,115.0250015258789,116.7249984741211,100.65877532958984,91468350
2021-07-07,116.79499816894531,122.5,115.8499984741211,121.86499786376953,105.0912857055664,167456260
2021-07-08,122.5,123.0,118.12000274658203,118.9749984741211,102.59908294677734,124105850
2021-07-09,119.19999694824219,124.41000366210938,118.80000305175781,123.93499755859375,106.87637329101562,178593560
2021-07-12,125.0999984741211,125.8499984741211,121.83499908447266,122.69499969482422,105.80705261230469,166477750
2021-07-13,123.80000305175781,124.34500122070312,122.30999755859375,122.875,105.96226501464844,79155280
2021-07-14,123.19499969482422,124.7699966430664,121.9000015258789,124.47000122070312,107.33773803710938,83413880
2021-07-15,124.61000061035156,126.58000183105469,123.7699966430664,125.59500122070312,108.30789947509766,96555510
2021-07-16,126.47000122070312,128.1300048828125,125.90499877929688,127.84500122070312,110.24819946289062,84969250
2021-07-19,125.9000015258789,129.08999633789062,125.37000274658203,126.63999938964844,109.20905303955078,89046290
2021-07-20,127.19999694824219,127.2300033569336,122.5,123.33499908447266,106.35895538330078,85799400
2021-07-22,124.9000015258789,127.79499816894531,124.80000305175781,127.30000305175781,109.77821350097656,78940240
2021-07-23,127.93499755859375,129.5500030517578,127.4000015258789,128.13999938964844,110.50259399414062,86418650
2021-07-26,128.89999389648438,130.8249969482422,127.80500030517578,129.7949981689453,111.92979431152344,86784330
2021-07-27,131.5,133.4499969482422,130.80499267578125,133.06500244140625,114.74969482421875,103413820
2021-07-28,133.1999969482422,136.9949951171875,130.6199951171875,136.5,117.71189880371094,128351250
2021-07-29,137.5,148.17999267578125,136.8000030517578,145.86000061035156,125.7835922241211,300610410
2021-07-30,145.56500244140625,147.27000427246094,142.77999877929688,143.42999267578125,123.68803405761719,140492650
2021-08-02,144.60000610351562,144.6999969482422,140.5500030517578,141.0050048828125,121.5968246459961,97689200
2021-08-03,141.39999389648438,142.0850067138672,139.03500366210938,140.72000122070312,121.35107421875,86405600
2021-08-04,142.0,144.8000030517578,140.50999450683594,141.6199951171875,122.1271743774414,112894350
2021-08-05,141.52999877929688,145.0,138.75,144.66000366210938,124.74874877929688,162217990
2021-08-06,144.89999389648438,145.6999969482422,142.60000610351562,142.88499450683594,123.21805572509766,96740250
2021-08-09,143.39999389648438,144.3249969482422,140.5399932861328,141.22000122070312,121.7822265625,78594930
2021-08-10,141.1999969482422,141.8000030517578,136.72000122070312,137.36000061035156,118.45354461669922,84516230
2021-08-11,139.0,142.97000122070312,138.4199981689453,142.6199951171875,122.98954010009766,145353570
2021-08-12,143.60000610351562,144.47000122070312,141.65499877929688,143.53500366210938,123.77859497070312,109431080
2021-08-13,140.5,147.66000366210938,139.06500244140625,146.1649932861328,126.04659271240234,289698720
2021-08-16,148.39999389648438,153.4499969482422,147.22000122070312,151.94000244140625,131.02671813964844,271144880
2021-08-17,151.94000244140625,153.39999389648438,149.1750030517578,150.3699951171875,129.67279052734375,189709230
2021-08-18,150.94500732421875,151.88999938964844,148.82000732421875,150.0449981689453,129.39256286621094,123317450
2021-08-20,144.5050048828125,144.6999969482422,136.27999877929688,137.55999755859375,118.62599182128906,273400690
2021-08-23,140.1999969482422,140.97999572753906,131.0749969482422,135.86500549316406,117.16431427001953,229257290
2021-08-24,138.1999969482422,142.0,137.6999969482422,140.46499633789062,121.13115692138672,176075790
2021-08-25,141.8000030517578,142.60000610351562,138.0749969482422,139.02000427246094,119.88504791259766,125650100
2021-08-26,139.0399932861328,139.47500610351562,136.5,137.5050048828125,118.57858276367188,91578980
2021-08-27,137.89999389648438,139.44500732421875,137.5850067138672,138.4149932861328,119.36331176757812,73940810
2021-08-30,139.89999389648438,144.5,139.8000030517578,144.05999755859375,124.23133087158203,134443870
2021-08-31,144.5,145.89999389648438,143.1999969482422,145.02499389648438,125.0634994506836,247521080
2021-09-01,145.125,145.5500030517578,140.6999969482422,141.1199951171875,121.69599151611328,88128970
2021-09-02,141.10000610351562,143.1999969482422,141.0,142.50999450683594,122.89468383789062,61480460
2021-09-03,142.8000030517578,145.2949981689453,141.64500427246094,144.36500549316406,124.49435424804688,84523820
2021-09-06,144.6999969482422,145.19500732421875,142.31500244140625,143.6999969482422,123.92089080810547,69586760
2021-09-07,144.39999389648438,145.89999389648438,142.06500244140625,142.8699951171875,123.20513153076172,63527170
2021-09-08,142.60000610351562,144.26499938964844,141.86000061035156,142.98500061035156,123.3042984008789,46762240
2021-09-09,142.0,145.19500732421875,142.0,144.6999969482422,124.78323364257812,53130300
2021-09-13,144.6999969482422,147.1999969482422,143.64999389648438,146.34500122070312,126.20182037353516,56702080
2021-09-14,147.60000610351562,147.60000610351562,144.89999389648438,145.22999572753906,125.24028778076172,55037670
2021-09-15,145.22999572753906,146.3699951171875,144.44000244140625,145.50999450683594,125.48175048828125,44174640
2021-09-16,146.0,147.19000244140625,143.125,143.6750030517578,123.89932250976562,56067970
2021-09-17,143.6999969482422,144.02999877929688,136.0,138.58999633789062,119.51422882080078,195720300
2021-09-20,135.0,135.19000244140625,124.73500061035156,125.30999755859375,108.06211853027344,282384120
2021-09-21,125.80000305175781,129.69000244140625,123.29000091552734,129.22000122070312,111.4339370727539,255935400
2021-09-22,129.94000244140625,131.8000030517578,128.30999755859375,130.5800018310547,112.60675048828125,111242470
2021-09-23,133.0,133.94500732421875,130.60499572753906,131.8699951171875,113.71918487548828,99462510
2021-09-24,132.0,132.39999389648438,125.84500122070312,127.20999908447266,109.70059967041016,132866160
2021-09-27,127.19999694824219,128.8699951171875,126.1050033569336,127.05000305175781,109.5626220703125,86688770
2021-09-28,127.34500122070312,129.67999267578125,126.30000305175781,128.09500122070312,110.46379089355469,81007360
2021-09-29,127.0,130.97999572753906,126.72000122070312,129.55499267578125,111.72282409667969,94945770
2021-09-30,130.3000030517578,131.63999938964844,128.38499450683594,128.88999938964844,111.14935302734375,75145680
2021-10-01,127.5,131.10000610351562,126.5,129.78500366210938,111.92117309570312,90374700
2021-10-04,129.78500366210938,132.77499389648438,128.0399932861328,132.4149932861328,114.18917083740234,96902370
2021-10-05,131.39999389648438,133.27000427246094,131.01499938964844,131.68499755859375,113.55963897705078,57952160
2021-10-06,131.99000549316406,132.86000061035156,127.31500244140625,127.98999786376953,110.37323760986328,86316930
2021-10-07,129.5,130.67999267578125,128.35499572753906,128.9199981689453,111.17523956298828,46033670
2021-10-08,130.1999969482422,134.40499877929688,129.63499450683594,130.11500549316406,112.20574188232422,107220150
2021-10-11,130.5,132.73500061035156,129.8000030517578,131.32000732421875,113.24490356445312,63496580
2021-10-12,131.32000732421875,133.5,130.5,132.91000366210938,114.61605072021484,60970190
2021-10-13,132.5500030517578,137.65499877929688,131.80499267578125,135.42999267578125,116.78916931152344,132857180
2021-10-14,137.39999389648438,139.05999755859375,135.39999389648438,137.5050048828125,118.57858276367188,82273710
2021-10-18,141.8000030517578,142.47500610351562,139.11000061035156,141.10499572753906,121.68306732177734,109232300
2021-10-19,142.10000610351562,142.65499877929688,135.7550048828125,136.69000244140625,117.87574768066406,87569240
2021-10-20,137.1999969482422,137.60000610351562,132.6649932861328,134.3300018310547,115.84058380126953,69757740
2021-10-21,135.6699981689453,135.78500366210938,128.97000122070312,131.47000122070312,113.37425231933594,83575730
2021-10-22,132.0,132.46499633789062,127.0999984741211,129.625,111.783203125,80712890
2021-10-25,130.1999969482422,131.60000610351562,126.7249984741211,129.3300018310547,111.52880096435547,64185010
2021-10-26,130.3000030517578,135.10000610351562,130.14500427246094,134.36500549316406,115.87078094482422,77228750
2021-10-27,134.60000610351562,135.1699981689453,132.125,132.61500549316406,114.36163330078125,72418040
2021-10-28,131.49000549316406,131.59500122070312,129.11000061035156,129.9600067138672,112.07209014892578,93076820
2021-10-29,129.02499389648438,133.3699951171875,129.0,131.59500122070312,113.48204040527344,79147600
2021-11-01,134.0,137.2899932861328,133.0,136.49000549316406,117.70329284667969,96875330
2021-11-02,137.0,137.0,131.0800018310547,131.36500549316406,113.28369903564453,72161370
2021-11-03,132.47999572753906,133.1999969482422,131.1999969482422,132.60499572753906,114.35301208496094,57302440
2021-11-04,133.10000610351562,133.5,132.41000366210938,132.58999633789062,114.34008026123047,6744340
2021-11-08,134.08999633789062,134.76499938964844,130.61000061035156,134.3249969482422,115.8362808227539,54936670
2021-11-09,134.28500366210938,136.02999877929688,132.88499450683594,133.59500122070312,115.2067642211914,47565160
2021-11-10,132.8000030517578,132.89999389648438,128.7100067138672,129.85499572753906,111.98152923583984,118804170
2021-11-11,130.49000549316406,132.4499969482422,128.8350067138672,129.9600067138672,112.07209014892578,136638600
2021-11-12,134.0,134.0,127.11000061035156,128.72500610351562,111.00707244873047,232395580
2021-11-15,129.5,129.89999389648438,124.1500015258789,124.54499816894531,107.40241241455078,121082150
2021-11-16,124.54499816894531,126.1050033569336,122.37000274658203,122.87999725341797,105.96659088134766,123148800
2021-11-17,122.5,123.73999786376953,121.51000213623047,122.00499725341797,105.2120132446289,87802040
2021-11-18,122.36000061035156,122.83000183105469,118.19999694824219,118.66000366210938,102.32743835449219,101083510
2021-11-22,118.80999755859375,119.68000030517578,114.5999984741211,116.50499725341797,100.46904754638672,96210010
2021-11-23,116.80500030517578,120.9000015258789,116.51499938964844,119.20500183105469,102.79742431640625,93829630
2021-11-24,120.04000091552734,120.29499816894531,117.11499786376953,117.8499984741211,101.62891387939453,67671010
2021-11-25,118.0,118.66000366210938,116.5999984741211,117.36499786376953,101.21067810058594,47502860
2021-11-26,115.79000091552734,115.94999694824219,110.625,111.2300033569336,95.92010498046875,106455260
2021-11-29,111.2300033569336,113.69999694824219,107.50499725341797,111.4749984741211,96.13139343261719,93929910
2021-11-30,111.09500122070312,112.79000091552734,106.30000305175781,107.12000274658203,92.3758316040039,133559840
2021-12-01,109.19999694824219,109.69999694824219,106.6500015258789,108.25499725341797,93.35459899902344,93791140
2021-12-02,108.30000305175781,111.5999984741211,107.4000015258789,111.23999786376953,95.9287338256836,91286810
2021-12-03,111.5,113.41999816894531,110.2249984741211,111.80000305175781,96.41166687011719,100737840
2021-12-06,111.4000015258789,114.0999984741211,110.22000122070312,110.87999725341797,95.6182861328125,82159400
2021-12-07,112.11000061035156,115.55500030517578,112.0999984741211,114.87999725341797,99.06771850585938,85053900
2021-12-08,115.9000015258789,117.69999694824219,114.9000015258789,117.30000305175781,101.15463256835938,74485010
2021-12-09,118.19999694824219,118.19999694824219,115.9000015258789,117.68499755859375,101.48662567138672,52123940
2021-12-10,117.34500122070312,118.88999938964844,116.76000213623047,118.0,101.7582778930664,48121300
2021-12-13,118.80000305175781,119.9000015258789,116.16500091552734,116.52999877929688,100.49061584472656,53537780
2021-12-14,115.8949966430664,117.79000091552734,114.69999694824219,116.72000122070312,100.65446472167969,53522640
2021-12-15,117.00499725341797,117.55999755859375,114.9000015258789,115.40499877929688,99.52044677734375,44308330
2021-12-16,116.4000015258789,116.87999725341797,114.3550033569336,115.31999969482422,99.44715881347656,42460080
2021-12-17,115.4000015258789,115.88500213623047,112.5,113.20999908447266,97.62757873535156,47435020
2021-12-20,111.69999694824219,111.72000122070312,106.6050033569336,107.29499816894531,92.52672576904297,73526500
2021-12-21,109.0,112.42500305175781,108.5,110.51000213623047,95.29922485351562,70268490
2021-12-22,111.5,113.0999984741211,111.0,112.88500213623047,97.3473129272461,43669170
2021-12-23,113.80000305175781,114.68000030517578,112.0199966430664,112.76499938964844,97.24383544921875,46214780
2021-12-24,113.00499725341797,113.34500122070312,110.38500213623047,111.54499816894531,96.19175720214844,40936300
2021-12-27,111.1050033569336,112.47000122070312,110.23500061035156,112.18000030517578,96.7393569946289,27588510
2021-12-28,112.69999694824219,113.1500015258789,112.19999694824219,112.74500274658203,97.2265853881836,28807810
2021-12-29,112.0,112.66500091552734,110.80000305175781,111.625,96.26073455810547,41935200
2021-12-30,111.79000091552734,112.69999694824219,109.9000015258789,110.0999984741211,94.94564819335938,41140930
2021-12-31,110.5,112.3499984741211,110.26499938964844,111.1449966430664,95.84680938720703,36870210
2022-01-03,111.5,115.0999984741211,111.5,114.24500274658203,98.52012634277344,38658030
2022-01-04,115.30000305175781,115.97000122070312,113.6500015258789,114.87999725341797,99.06771850585938,59757310
2022-01-05,114.69999694824219,118.08000183105469,114.125,117.76000213623047,101.55130767822266,61861760
2022-01-06,117.19999694824219,118.30000305175781,115.55500030517578,116.32499694824219,100.3138198852539,53354000
2022-01-07,116.5199966430664,117.4000015258789,114.78500366210938,116.03500366210938,100.06375122070312,39738570
2022-01-10,116.5,117.33999633789062,115.38500213623047,116.90499877929688,100.81400299072266,38225000
2022-01-11,115.86499786376953,116.2699966430664,111.30000305175781,113.0250015258789,97.4680404663086,96978850
2022-01-12,113.98500061035156,115.08000183105469,113.23999786376953,114.72000122070312,98.92974090576172,50358430
2022-01-13,115.4000015258789,122.55000305175781,115.21499633789062,122.11499786376953,105.306884765625,157231160
2022-01-14,121.30000305175781,122.62999725341797,120.61000061035156,121.36000061035156,104.65579986572266,52679070
2022-01-17,121.5,124.5,119.03500366210938,122.9749984741211,106.04850769042969,89696070
2022-01-18,123.0,123.375,119.0,119.48500061035156,103.03887939453125,58408970
2022-01-19,119.5999984741211,122.08999633789062,118.30000305175781,120.95999908447266,104.31085968017578,73043210
2022-01-20,121.01000213623047,122.4000015258789,119.69999694824219,120.66999816894531,104.06077575683594,59205970
2022-01-21,120.0,120.43000030517578,115.63500213623047,116.97000122070312,100.87005615234375,71662670
2022-01-24,116.0,116.36499786376953,109.0,109.91999816894531,94.79042053222656,83920760
2022-01-25,109.47000122070312,112.0999984741211,108.70500183105469,110.91000366210938,95.6441650390625,57330630
2022-01-27,109.0,110.34500122070312,106.12999725341797,108.83499908447266,93.85476684570312,90566560
2022-01-28,110.58499908447266,112.57499694824219,108.09500122070312,108.46499633789062,93.53569030761719,78648930
2022-01-31,110.98999786376953,111.45999908447266,108.05000305175781,108.55500030517578,93.61331176757812,55709390
2022-02-01,110.48999786376953,117.44499969482422,108.63999938964844,116.73500061035156,100.66740417480469,170752680
2022-02-02,117.98999786376953,117.98999786376953,115.83000183105469,116.75,100.6803207397461,75247340
2022-02-03,115.30000305175781,118.16999816894531,114.62999725341797,116.66000366210938,100.60272216796875,65140900
2022-02-04,117.37999725341797,119.7750015258789,117.0250015258789,117.62999725341797,101.43920135498047,93174180
2022-02-07,116.83000183105469,121.45999908447266,116.0999984741211,118.30000305175781,102.01698303222656,145105250
2022-02-08,119.5,122.23999786376953,117.1500015258789,121.95999908447266,105.1732177734375,140839840
2022-02-09,123.0999984741211,123.4000015258789,120.81500244140625,122.23500061035156,105.41035461425781,73520600
2022-02-10,123.0,125.42500305175781,122.5999984741211,124.83499908447266,107.65249633789062,93920570
2022-02-11,123.9000015258789,126.49500274658203,123.30999755859375,125.44499969482422,108.17853546142578,96762260
2022-02-14,122.01000213623047,122.7750015258789,118.01000213623047,118.68499755859375,102.34899139404297,80216130
2022-02-15,119.68499755859375,121.19999694824219,115.15499877929688,120.7750015258789,104.15132904052734,101889210
2022-02-16,121.5,121.79000091552734,118.6500015258789,119.18000030517578,102.7758560180664,66092140
2022-02-17,120.11000061035156,120.94999694824219,118.61499786376953,119.09500122070312,102.70256042480469,56557920
2022-02-18,118.69999694824219,120.5,118.30000305175781,119.08000183105469,102.68962860107422,47251200
2022-02-21,118.80000305175781,120.19999694824219,117.44000244140625,118.18499755859375,101.91781616210938,49787320
2022-02-22,115.80000305175781,116.66500091552734,111.92500305175781,113.87000274658203,98.19673919677734,93858570
2022-02-23,114.80000305175781,115.26000213623047,113.4000015258789,113.9000015258789,98.22260284423828,49608380
2022-02-24,109.4000015258789,111.99500274658203,106.70999908447266,107.4000015258789,92.6172866821289,121268670
2022-02-25,109.7699966430664,115.06999969482422,109.55999755859375,114.53500366210938,98.77021026611328,92128860
2022-02-28,113.4000015258789,122.5,112.91999816894531,122.07499694824219,105.27238464355469,176054460
2022-03-02,122.07499694824219,129.9600067138672,121.8550033569336,128.93499755859375,111.18815612792969,248475320
2022-03-03,130.60000610351562,132.86500549316406,129.36500549316406,130.3300018310547,112.39115142822266,174503380
2022-03-04,130.24000549316406,131.98500061035156,127.30000305175781,127.70999908447266,110.13176727294922,162829230
2022-03-07,127.58999633789062,130.17999267578125,126.4000015258789,129.19000244140625,111.40806579589844,110400010
2022-03-08,129.3000030517578,129.39999389648438,124.4000015258789,126.94999694824219,109.47637176513672,91078220
2022-03-09,127.38999938964844,127.68000030517578,124.86000061035156,125.53500366210938,108.25614929199219,69348880
2022-03-10,125.78500366210938,131.3800048828125,124.0999984741211,130.8699951171875,112.85681915283203,136740620
2022-03-11,131.5,133.99000549316406,129.6199951171875,130.1699981689453,112.253173828125,118822990
2022-03-14,130.5,131.1699981689453,127.7699966430664,129.6999969482422,111.84786224365234,52780820
2022-03-15,129.17999267578125,129.3000030517578,122.80000305175781,123.375,106.3934555053711,96143130
2022-03-16,124.5,127.12000274658203,124.0199966430664,126.5250015258789,109.1098861694336,63024510
2022-03-17,127.5,131.77999877929688,127.11000061035156,130.34500122070312,112.40409851074219,106239760
2022-03-21,130.8000030517578,133.39999389648438,129.4499969482422,130.2949981689453,112.36096954345703,84227630
2022-03-22,132.0,133.0,128.80499267578125,130.1999969482422,112.279052734375,81795880
2022-03-23,132.39999389648438,134.77999877929688,129.23500061035156,133.10000610351562,114.77989196777344,130552380
2022-03-24,133.09500122070312,135.9499969482422,132.59500122070312,135.05499267578125,116.46578979492188,94605270
2022-03-25,135.49000549316406,136.60000610351562,133.35499572753906,133.89500427246094,115.46546936035156,69457440
2022-03-28,134.0,135.5,132.75999450683594,133.89500427246094,115.46546936035156,46554910
2022-03-29,134.39999389648438,134.61500549316406,132.6999969482422,133.46499633789062,115.09463500976562,43202370
2022-03-30,133.5,133.55499267578125,130.0,130.80499267578125,112.80077362060547,58483160
2022-03-31,130.8000030517578,132.0449981689453,130.00999450683594,130.72000122070312,112.72747802734375,40067950
2022-04-01,131.0,134.08999633789062,130.5449981689453,131.7100067138672,113.58122253417969,55321590
2022-04-04,131.7100067138672,135.39999389648438,131.44500732421875,134.19000244140625,115.71986389160156,69670320
2022-04-05,134.84500122070312,135.8000030517578,132.9250030517578,134.49000549316406,115.97856903076172,63296420
2022-04-06,135.0,138.6699981689453,134.67999267578125,137.0749969482422,118.20775604248047,114097540
2022-04-07,137.6999969482422,138.10000610351562,134.10000610351562,134.9499969482422,116.375244140625,55650640
2022-04-08,136.09500122070312,137.9949951171875,135.625,137.0749969482422,118.20775604248047,52287710
2022-04-11,137.07000732421875,138.39999389648438,135.3000030517578,135.7899932861328,117.0996322631836,44778820
2022-04-12,135.3000030517578,135.9949951171875,129.61000061035156,132.02499389648438,113.85285186767578,69191680
2022-04-13,133.4949951171875,134.60000610351562,131.5,131.9499969482422,113.78816986083984,44937800
2022-04-18,133.19000244140625,135.80499267578125,132.88499450683594,133.91000366210938,115.4783935546875,80700420
2022-04-19,135.25999450683594,136.6649932861328,130.89999389648438,132.66000366210938,114.40045166015625,64772190
2022-04-20,132.97000122070312,133.64500427246094,130.30499267578125,131.4250030517578,113.33544921875,54100210
2022-04-21,131.60000610351562,132.27499389648438,128.5850067138672,130.21499633789062,112.29198455810547,66690280
2022-04-22,130.16000366210938,131.15499877929688,127.375,127.75499725341797,110.17057800292969,55848230
2022-04-25,125.0,126.29499816894531,121.27999877929688,122.03500366210938,105.23790740966797,72310460
2022-04-26,123.5,124.16999816894531,122.5,123.36000061035156,106.38052368164062,44812710
2022-04-27,122.69999694824219,125.5,121.04000091552734,124.66999816894531,107.51020050048828,71209740
2022-04-28,125.94999694824219,126.86499786376953,124.30000305175781,126.08499908447266,108.73043823242188,51295830
2022-04-29,126.80000305175781,129.1699981689453,126.56500244140625,127.1050033569336,109.61005401611328,57173520
2022-05-02,125.69999694824219,130.27499389648438,124.875,129.52000427246094,111.6926498413086,54426170
2022-05-04,132.72999572753906,133.0,125.44999694824219,126.13500213623047,108.77356719970703,138374020
2022-05-05,128.0,131.64999389648438,127.80000305175781,128.4250030517578,110.74837493896484,87338160
2022-05-06,126.80000305175781,129.0,124.30000305175781,128.3699951171875,110.700927734375,69256760
2022-05-09,126.0,127.41999816894531,124.4000015258789,125.2249984741211,107.98881530761719,50552970
2022-05-10,125.0999984741211,125.46499633789062,115.8550033569336,116.48999786376953,100.45612335205078,145537420
2022-05-11,117.5,119.08999633789062,112.33999633789062,116.56999969482422,100.52510833740234,107063150
2022-05-12,115.69000244140625,116.23999786376953,110.30000305175781,111.7699966430664,96.38577270507812,94191610
2022-05-13,113.5,115.18000030517578,109.19999694824219,109.69999694824219,94.60069274902344,82924410
2022-05-16,111.9000015258789,113.4800033569336,109.4000015258789,110.3499984741211,95.16123962402344,62665270
2022-05-17,112.4000015258789,119.72000122070312,111.53500366210938,118.87000274658203,102.50852966308594,112876010
2022-05-18,119.69999694824219,120.9000015258789,117.5,118.0250015258789,101.77983856201172,81575800
2022-05-19,115.0999984741211,115.48999786376953,111.5199966430664,112.21499633789062,96.76953887939453,66545630
2022-05-20,116.23500061035156,117.83999633789062,114.12000274658203,117.05999755859375,100.94766235351562,65527500
2022-05-23,109.69999694824219,109.69999694824219,100.15499877929688,102.29499816894531,88.21493530273438,273883460
2022-05-24,103.0999984741211,103.98999786376953,100.19999694824219,100.63500213623047,86.78343200683594,123116660
2022-05-25,100.63500213623047,101.83499908447266,99.18000030517578,99.91000366210938,86.15821838378906,99343400
2022-05-26,100.69999694824219,106.75499725341797,99.5250015258789,105.19999694824219,90.7200927734375,150536730
2022-05-27,106.25,106.76499938964844,103.19999694824219,104.3499984741211,89.98709106445312,74772200
2022-05-30,105.9000015258789,106.37999725341797,104.3499984741211,104.74500274658203,90.32772064208984,72701590
2022-05-31,104.5,107.19000244140625,103.69999694824219,105.56500244140625,91.03485107421875,121248850
2022-06-01,106.55000305175781,107.9000015258789,105.33000183105469,106.3550033569336,91.71611785888672,94055290
2022-06-02,106.7750015258789,108.4749984741211,105.91000366210938,108.15499877929688,93.26835632324219,79177040
2022-06-03,109.19999694824219,109.27999877929688,106.5,106.7300033569336,92.03949737548828,53954860
2022-06-06,106.5,108.29000091552734,104.91999816894531,107.80999755859375,92.97084045410156,57262490
2022-06-07,106.69999694824219,108.1500015258789,106.3550033569336,106.8499984741211,92.14298248291016,43341570
2022-06-08,108.0999984741211,108.88999938964844,107.40499877929688,108.67500305175781,93.71678924560547,64734340
2022-06-09,107.49500274658203,108.7249984741211,104.12000274658203,104.48500061035156,90.10350799560547,98547810
2022-06-10,103.0,103.13999938964844,101.06500244140625,102.37000274658203,88.27961730957031,95225630
2022-06-13,100.43000030517578,101.19999694824219,99.0,99.19499969482422,85.5416259765625,82235750
2022-06-14,98.82499694824219,101.37000274658203,98.55500030517578,99.61499786376953,85.90382385253906,77202600
2022-06-15,95.3949966430664,97.42500305175781,95.06500244140625,95.95500183105469,87.21263122558594,92443330
2022-06-16,97.5,97.5,89.81999969482422,90.16999816894531,81.9546890258789,122741050
2022-06-17,89.80000305175781,92.73999786376953,89.55000305175781,90.66999816894531,82.40913391113281,121290260
2022-06-20,90.5,90.5,84.26499938964844,86.13999938964844,78.2918472290039,139866890
2022-06-21,87.5,89.55000305175781,86.4000015258789,88.4800033569336,80.41867065429688,124526970
2022-06-22,87.29499816894531,87.38500213623047,83.56999969482422,83.80999755859375,76.17414093017578,109877390
2022-06-23,84.0,85.59500122070312,82.69999694824219,84.12999725341797,76.46498107910156,111515840
2022-06-24,85.0,86.4749984741211,84.46499633789062,85.28500366210938,77.51476287841797,85433810
2022-06-27,87.05000305175781,87.88500213623047,86.30500030517578,86.78500366210938,78.87809753417969,72814730
2022-06-28,86.5999984741211,88.44000244140625,86.04000091552734,87.88999938964844,79.88241577148438,84647330
2022-06-29,87.0,88.87999725341797,86.8499984741211,88.16000366210938,80.12782287597656,72318470
2022-06-30,88.1500015258789,89.44999694824219,86.33000183105469,86.70500183105469,78.80538940429688,84672090
2022-07-01,86.69499969482422,87.5,85.91000366210938,87.28500366210938,79.3325424194336,54761890
2022-07-04,86.8499984741211,87.12000274658203,84.33000183105469,85.45500183105469,77.66927337646484,77554410
2022-07-05,86.19999694824219,87.91999816894531,85.77999877929688,86.01499938964844,78.1782455444336,79058290
2022-07-06,85.84500122070312,86.11000061035156,83.80500030517578,85.81500244140625,77.99646759033203,81439710
2022-07-07,86.69999694824219,90.65499877929688,85.8499984741211,90.0,81.80017852783203,111007940
2022-07-08,91.79000091552734,91.79000091552734,88.05000305175781,88.58999633789062,80.51863098144531,112000630
2022-07-11,88.5199966430664,92.9000015258789,87.50499725341797,91.2750015258789,82.9590072631836,150193340
2022-07-12,90.48999786376953,91.59500122070312,89.36000061035156,90.20999908447266,81.99104309082031,100175050
2022-07-13,90.59500122070312,91.41999816894531,90.06500244140625,90.48500061035156,82.2409896850586,70135110
2022-07-14,91.0,91.0999984741211,89.5,90.80000305175781,82.52729034423828,74498580
2022-07-15,90.5,91.02999877929688,87.75,88.37999725341797,80.3277816772461,81253510
2022-07-18,89.69999694824219,90.80000305175781,89.2249984741211,90.43000030517578,82.19100189208984,73060810
2022-07-19,90.0999984741211,92.19000244140625,90.0999984741211,91.94499969482422,83.5679702758789,85341580
2022-07-20,93.59500122070312,93.80000305175781,92.5199966430664,92.84500122070312,84.38597869873047,77088650
2022-07-21,93.0,93.88500213623047,92.44999694824219,93.43000030517578,84.91767120361328,50877140
2022-07-22,94.25,94.4000015258789,93.19999694824219,93.6050033569336,85.07672882080078,48608940
2022-07-25,93.5,96.48500061035156,93.36000061035156,96.06999969482422,87.31715393066406,99635630
2022-07-26,97.19999694824219,97.66999816894531,94.6050033569336,94.94999694824219,86.29918670654297,126264690
2022-07-27,95.0999984741211,96.15499877929688,94.36000061035156,95.94000244140625,87.1989974975586,52559020
2022-07-28,98.0999984741211,102.0,97.1500015258789,100.3499984741211,91.20719146728516,137156107
2022-07-29,103.0,109.30000305175781,102.1500015258789,107.5999984741211,97.79666137695312,166959934
2022-08-01,110.5,111.44999694824219,106.1500015258789,108.25,98.38743591308594,125365761
2022-08-02,108.0,108.0,105.3499984741211,107.0,97.25132751464844,64935371
2022-08-03,107.0,108.44999694824219,106.0,107.05000305175781,97.29676818847656,61428846
2022-08-04,107.5,109.5,106.05000305175781,107.69999694824219,97.88754272460938,79526154
2022-08-05,107.6500015258789,109.25,107.0999984741211,107.3499984741211,97.56944274902344,54469112
2022-08-08,107.8499984741211,108.1500015258789,106.69999694824219,107.19999694824219,97.43309783935547,41384943
2022-08-10,107.9000015258789,109.9000015258789,106.5,109.19999694824219,99.2508773803711,73880698
2022-08-11,110.30000305175781,110.6500015258789,108.5999984741211,109.0999984741211,99.15999603271484,75321498
2022-08-12,109.3499984741211,112.9000015258789,108.80000305175781,112.6500015258789,102.38655853271484,95942333
2022-08-16,113.69999694824219,113.69999694824219,111.0999984741211,113.0,102.70466613769531,69207437
2022-08-17,113.5,113.5,112.25,112.5,102.2502212524414,54008422
2022-08-18,112.5,113.0,111.4000015258789,112.55000305175781,102.29566955566406,49396425
2022-08-19,112.55000305175781,112.9000015258789,109.55000305175781,110.05000305175781,100.02344512939453,57134813
2022-08-22,109.5,109.5999984741211,104.69999694824219,105.05000305175781,95.47898864746094,74037526
2022-08-23,104.19999694824219,108.25,103.5,107.5999984741211,97.79666137695312,70531639
2022-08-24,107.55000305175781,108.1500015258789,105.75,106.55000305175781,96.84231567382812,55686404
2022-08-25,107.05000305175781,107.9000015258789,105.75,106.25,96.56966400146484,42186335
2022-08-26,107.25,109.19999694824219,107.0999984741211,107.3499984741211,97.56944274902344,71257092
2022-08-29,104.05000305175781,105.6500015258789,103.25,104.8499984741211,95.29720306396484,59895805
2022-08-30,106.5,108.5,106.05000305175781,108.30000305175781,98.4328842163086,67401780
2022-09-01,107.0,107.75,105.9000015258789,106.4000015258789,96.70598602294922,52454732
2022-09-02,107.0,107.0,105.0,105.5,95.88799285888672,45601352
2022-09-05,106.05000305175781,107.30000305175781,105.80000305175781,106.9000015258789,97.16043090820312,40352735
2022-09-06,107.4000015258789,108.80000305175781,106.05000305175781,108.5999984741211,98.7055435180664,59505849
2022-09-07,107.55000305175781,108.9000015258789,107.0999984741211,107.5999984741211,97.79666137695312,43945660
2022-09-08,108.4000015258789,108.4000015258789,105.3499984741211,105.8499984741211,96.20609283447266,71228405
2022-09-09,107.0,107.3499984741211,105.5,105.69999694824219,96.06975555419922,63647166
2022-09-12,106.80000305175781,107.94999694824219,106.5,107.75,97.93299102783203,40838533
2022-09-13,108.0,108.69999694824219,107.55000305175781,107.75,97.93299102783203,44179394
2022-09-14,106.30000305175781,110.4000015258789,105.80000305175781,109.1500015258789,99.20543670654297,86379872
2022-09-15,108.6500015258789,109.0,106.5,107.0,97.25132751464844,62926791
2022-09-16,106.19999694824219,107.5,105.0,105.69999694824219,96.06975555419922,107967267
2022-09-19,106.19999694824219,106.19999694824219,103.0,103.0999984741211,93.70664978027344,51146568
2022-09-20,104.19999694824219,106.3499984741211,104.0,105.80000305175781,96.16065216064453,52140254
2022-09-21,105.80000305175781,107.19999694824219,104.30000305175781,104.44999694824219,94.93363952636719,46142823
2022-09-22,104.44999694824219,105.30000305175781,103.5,103.5999984741211,94.16108703613281,61380323
2022-09-23,106.19999694824219,107.9000015258789,103.75,104.30000305175781,94.79731750488281,109765520
2022-09-26,104.4000015258789,104.44999694824219,98.5,99.8499984741211,90.75275421142578,101291962
2022-09-27,101.3499984741211,101.3499984741211,96.5,97.6500015258789,88.75318908691406,104949032
2022-09-28,96.55000305175781,97.8499984741211,95.0,95.19999694824219,86.52640533447266,71724106
2022-09-29,97.0,98.25,96.4000015258789,96.8499984741211,88.02608489990234,60884592
2022-09-30,96.8499984741211,100.4000015258789,95.69999694824219,99.30000305175781,90.25286865234375,66436616
2022-10-03,99.5999984741211,99.6500015258789,98.0,98.3499984741211,89.38941192626953,37282313
2022-10-04,100.30000305175781,101.5,100.0,101.1500015258789,91.93431091308594,40186702
2022-10-06,102.0,103.80000305175781,101.75,103.55000305175781,94.11566162109375,48169310
2022-10-07,103.30000305175781,103.5,101.9000015258789,103.30000305175781,93.88843536376953,36080875
2022-10-10,102.0,103.5,101.1500015258789,103.19999694824219,93.79753875732422,36641275
2022-10-11,103.55000305175781,103.6500015258789,99.80000305175781,100.3499984741211,91.20719146728516,41083734
2022-10-12,100.3499984741211,101.19999694824219,99.0,100.55000305175781,91.38898468017578,41357469
2022-10-13,101.0999984741211,101.80000305175781,98.80000305175781,100.0999984741211,90.97997283935547,34668093
2022-10-14,101.8499984741211,102.80000305175781,99.9000015258789,100.0999984741211,90.97997283935547,32456805
2022-10-17,99.75,100.4000015258789,98.0999984741211,99.55000305175781,90.48009490966797,37568783
2022-10-18,100.30000305175781,101.0,99.80000305175781,100.6500015258789,91.47987365722656,30722156
2022-10-19,100.5999984741211,101.25,99.69999694824219,100.05000305175781,90.93453216552734,38764542
2022-10-20,99.5,101.19999694824219,98.80000305175781,100.9000015258789,91.70709228515625,38091315
2022-10-21,100.8499984741211,101.44999694824219,99.3499984741211,100.19999694824219,91.07086181640625,30973997
2022-10-24,102.0,102.0999984741211,101.0,101.19999694824219,91.9797592163086,7480281
2022-10-25,101.1500015258789,102.5,100.69999694824219,101.19999694824219,91.9797592163086,37163180
2022-10-27,102.25,104.6500015258789,102.05000305175781,104.19999694824219,94.7064208984375,74349009
2022-10-28,104.0999984741211,104.5999984741211,100.80000305175781,101.5999984741211,92.34330749511719,51006232
2022-10-31,101.9000015258789,102.1500015258789,100.30000305175781,101.55000305175781,92.2978744506836,38715841
2022-11-01,98.55000305175781,101.44999694824219,98.55000305175781,101.19999694824219,91.9797592163086,69031178
2022-11-02,101.0,103.0,100.80000305175781,101.25,92.02520751953125,42336049
2022-11-03,100.75,102.44999694824219,100.0,102.0,92.70687103271484,39110676
2022-11-04,102.5,105.0,102.19999694824219,104.75,95.2063217163086,70299020
2022-11-07,105.9000015258789,107.44999694824219,104.5999984741211,106.69999694824219,96.97865295410156,74426059
2022-11-09,107.25,107.55000305175781,105.55000305175781,106.0999984741211,96.4333267211914,38295904
2022-11-10,105.19999694824219,106.0,104.44999694824219,104.69999694824219,95.1608657836914,27864285
2022-11-11,106.25,108.19999694824219,106.25,107.55000305175781,97.75121307373047,77933417
2022-11-14,108.5,110.0,108.25,108.69999694824219,98.79644012451172,55474425
2022-11-15,109.0,109.3499984741211,107.19999694824219,108.55000305175781,98.66010284423828,35007427
2022-11-16,108.44999694824219,108.80000305175781,105.19999694824219,106.55000305175781,96.84231567382812,40404167
2022-11-17,105.9000015258789,106.80000305175781,104.5,105.8499984741211,96.20609283447266,32894825
2022-11-18,105.8499984741211,106.30000305175781,104.69999694824219,105.5,95.88799285888672,28992538
2022-11-21,107.69999694824219,107.69999694824219,103.8499984741211,104.25,94.75187683105469,58404309
2022-11-22,104.4000015258789,105.4000015258789,103.55000305175781,105.19999694824219,95.61531829833984,27846186
2022-11-23,105.69999694824219,106.0,104.94999694824219,105.44999694824219,95.84253692626953,22809651
2022-11-24,105.8499984741211,105.94999694824219,104.5999984741211,105.5,95.88799285888672,23737867
2022-11-25,105.5999984741211,106.5,105.0999984741211,106.19999694824219,96.52420806884766,27361785
2022-11-28,106.0,106.4000015258789,104.5,104.9000015258789,95.34265899658203,33516118
2022-11-29,105.0,107.6500015258789,104.94999694824219,106.0999984741211,96.4333267211914,40661568
2022-11-30,106.0999984741211,107.94999694824219,105.9000015258789,107.6500015258789,97.84210205078125,61142050
2022-12-01,108.69999694824219,111.30000305175781,108.0,110.75,100.65966796875,91702642
2022-12-02,110.80000305175781,112.5,110.1500015258789,112.0,101.7957763671875,70541914
2022-12-05,113.30000305175781,116.0999984741211,112.6500015258789,115.8499984741211,105.29500579833984,96441799
2022-12-06,115.3499984741211,115.3499984741211,112.25,112.94999694824219,102.65922546386719,50581245
2022-12-07,113.4000015258789,113.5,110.8499984741211,111.19999694824219,101.06866455078125,39494279
2022-12-08,111.75,113.0,110.80000305175781,111.8499984741211,101.65943908691406,32416724
2022-12-09,112.80000305175781,113.75,109.69999694824219,110.44999694824219,100.38699340820312,35665257
2022-12-12,110.19999694824219,112.0999984741211,108.69999694824219,111.69999694824219,101.52310943603516,37082389
2022-12-13,112.55000305175781,112.8499984741211,110.80000305175781,111.19999694824219,101.06866455078125,32264080
2022-12-14,111.5999984741211,113.19999694824219,111.0999984741211,113.05000305175781,102.7501220703125,38606984
2022-12-15,112.6500015258789,113.44999694824219,110.69999694824219,110.94999694824219,100.84144592285156,34361613
2022-12-16,110.3499984741211,112.0999984741211,109.44999694824219,111.05000305175781,100.93233489990234,34736665
2022-12-19,111.05000305175781,112.0999984741211,110.80000305175781,111.80000305175781,101.61400604248047,17297590
2022-12-20,111.1500015258789,111.5,109.0,110.94999694824219,100.84144592285156,34836506
2022-12-21,111.80000305175781,112.0,108.69999694824219,109.4000015258789,99.43266296386719,32303565
2022-12-22,110.0,110.5999984741211,106.3499984741211,107.6500015258789,97.84210205078125,39639329
2022-12-23,106.0,106.75,101.94999694824219,102.25,92.93408966064453,46756489
2022-12-26,102.80000305175781,105.55000305175781,101.6500015258789,105.0,95.43354034423828,33995681
2022-12-27,106.6500015258789,111.55000305175781,105.8499984741211,111.1500015258789,101.0232162475586,76033410
2022-12-28,111.05000305175781,112.30000305175781,109.69999694824219,110.0,99.97799682617188,50660601
2022-12-29,109.0,112.0,108.8499984741211,111.75,101.56855773925781,51751642
2022-12-30,112.9000015258789,114.75,112.0999984741211,112.6500015258789,102.38655853271484,56048485
2023-01-02,114.4000015258789,119.69999694824219,113.75,119.25,108.3852310180664,143444095
2023-01-03,119.80000305175781,120.5,117.75,118.44999694824219,107.65812683105469,74419090
2023-01-04,118.75,119.05000305175781,115.3499984741211,115.75,105.2041244506836,55634568
2023-01-05,116.5,117.0,114.5,116.55000305175781,105.93122863769531,58806907
2023-01-06,117.0,117.8499984741211,115.25,115.6500015258789,105.11324310302734,58551863
2023-01-09,116.9000015258789,118.0999984741211,116.55000305175781,117.55000305175781,106.84012603759766,37763131
2023-01-10,117.6500015258789,119.75,117.55000305175781,118.8499984741211,108.02167510986328,56750710
2023-01-11,119.44999694824219,120.3499984741211,118.0,118.8499984741211,108.02167510986328,49321252
2023-01-12,118.94999694824219,119.25,117.5999984741211,118.0999984741211,107.34001159667969,33740024
2023-01-13,118.55000305175781,121.5999984741211,118.1500015258789,120.44999694824219,109.47590637207031,68884010
2023-01-16,121.44999694824219,121.44999694824219,118.80000305175781,119.94999694824219,109.02145385742188,44362359
2023-01-17,119.75,119.9000015258789,118.0,119.3499984741211,108.47612762451172,27880531
2023-01-18,120.0,123.0,120.0,122.44999694824219,111.29369354248047,64749065
2023-01-19,121.80000305175781,124.30000305175781,121.1500015258789,123.55000305175781,112.29347229003906,53564076
2023-01-20,123.4000015258789,124.19999694824219,122.0,122.94999694824219,111.74812316894531,37784498
2023-01-23,123.4000015258789,123.8499984741211,121.5,122.0,110.88468933105469,28601260
2023-01-24,122.5,122.55000305175781,120.0999984741211,120.4000015258789,109.43046569824219,27707765
2023-01-25,120.3499984741211,122.25,120.0999984741211,121.0,109.97579956054688,46522102
2023-01-27,121.9000015258789,123.25,119.0999984741211,120.6500015258789,109.6576919555664,58771746
2023-01-30,120.44999694824219,121.0999984741211,116.9000015258789,118.75,107.9307861328125,46551837
2023-01-31,118.75,120.44999694824219,117.75,119.69999694824219,108.79423522949219,43986769
2023-02-01,120.0999984741211,124.1500015258789,119.30000305175781,122.05000305175781,110.93013763427734,72919626
2023-02-02,121.94999694824219,122.5,118.4000015258789,119.94999694824219,109.02145385742188,38768010
2023-02-03,120.05000305175781,121.0,117.19999694824219,120.3499984741211,109.38501739501953,46977350
2023-02-06,120.0,120.0,117.0,117.44999694824219,106.74922943115234,49546361
2023-02-07,112.5999984741211,115.3499984741211,110.55000305175781,111.44999694824219,101.29589080810547,110953246
2023-02-08,111.44999694824219,112.75,110.0999984741211,111.44999694824219,101.29589080810547,66523699
2023-02-09,112.1500015258789,112.94999694824219,109.94999694824219,111.25,101.1141128540039,64710455
2023-02-10,111.0,111.25,108.30000305175781,108.80000305175781,98.88733673095703,60810058
2023-02-13,108.80000305175781,110.5999984741211,108.4000015258789,108.75,98.84188079833984,56186469
2023-02-14,109.55000305175781,109.9000015258789,108.25,109.25,99.29632568359375,31163587
2023-02-15,109.0,110.5999984741211,108.80000305175781,110.30000305175781,100.25066375732422,35544190
2023-02-16,111.0,112.19999694824219,110.6500015258789,112.0,101.7957763671875,30956191
2023-02-17,111.55000305175781,113.0999984741211,111.30000305175781,112.25,102.02299499511719,34107244
2023-02-20,112.30000305175781,112.69999694824219,111.05000305175781,112.3499984741211,102.1138916015625,19896764
2023-02-21,112.9000015258789,114.19999694824219,112.75,113.1500015258789,102.84100341796875,29830864
2023-02-22,113.25,113.69999694824219,110.6500015258789,111.1500015258789,101.0232162475586,24391211
2023-02-23,111.55000305175781,113.6500015258789,111.3499984741211,112.05000305175781,101.84122467041016,30845778
2023-02-24,112.5,112.9000015258789,109.55000305175781,109.75,99.75077056884766,34326940
2023-02-27,109.80000305175781,110.05000305175781,105.1500015258789,106.0999984741211,96.4333267211914,56217189
2023-02-28,106.8499984741211,107.05000305175781,103.55000305175781,103.94999694824219,94.47920989990234,76540448
2023-03-01,104.69999694824219,107.0999984741211,104.5,105.5,95.88799285888672,76175319
2023-03-02,106.05000305175781,106.9000015258789,104.3499984741211,104.6500015258789,95.11544036865234,55276248
2023-03-03,106.0,107.44999694824219,105.0,107.0,97.25132751464844,117175295
2023-03-06,107.5,107.5999984741211,105.0,105.6500015258789,96.02433013916016,106868143
2023-03-08,105.30000305175781,106.9000015258789,104.0,106.5,96.79688262939453,43939583
2023-03-09,107.8499984741211,108.94999694824219,107.5,108.19999694824219,98.34199523925781,51967449
2023-03-10,107.0,108.3499984741211,106.5999984741211,108.0999984741211,98.25110626220703,47699832
2023-03-13,108.25,109.0,106.3499984741211,106.80000305175781,97.06954956054688,34552596
2023-03-14,107.0,108.55000305175781,106.19999694824219,106.4000015258789,96.70598602294922,48584984
2023-03-15,107.5,109.1500015258789,107.4000015258789,108.6500015258789,98.7509994506836,38930902
2023-03-16,107.25,107.25,103.69999694824219,105.05000305175781,95.47898864746094,81088340
2023-03-17,106.44999694824219,107.3499984741211,105.0,107.0,97.25132751464844,48962238
2023-03-20,106.0999984741211,106.44999694824219,103.8499984741211,104.5,94.97909545898438,41569640
2023-03-21,105.0999984741211,105.4000015258789,104.30000305175781,104.75,95.2063217163086,26434897
2023-03-22,104.75,105.94999694824219,104.4000015258789,104.80000305175781,95.25177001953125,25891259
2023-03-23,104.4000015258789,105.5,104.3499984741211,104.9000015258789,95.34265899658203,20913844
2023-03-24,105.0,105.05000305175781,101.55000305175781,102.0999984741211,92.79776000976562,39014278
2023-03-27,102.55000305175781,103.4000015258789,102.0999984741211,102.30000305175781,92.97953796386719,24753289
2023-03-28,102.8499984741211,103.0999984741211,102.3499984741211,102.5,93.16131591796875,18703734
2023-03-29,102.5,104.5,101.6500015258789,103.5999984741211,94.16108703613281,37221124
2023-03-31,105.0,105.5,104.0999984741211,104.5,94.97909545898438,34579415
2023-04-03,105.0999984741211,105.25,103.80000305175781,104.0999984741211,94.61553955078125,21840428
2023-04-05,104.0999984741211,105.0,103.19999694824219,104.8499984741211,95.29720306396484,25194802
2023-04-06,104.8499984741211,105.0999984741211,104.19999694824219,104.3499984741211,94.84275817871094,21053782
2023-04-10,104.5,105.75,104.5,104.94999694824219,95.38809204101562,19992257
2023-04-11,105.55000305175781,107.8499984741211,105.0999984741211,107.55000305175781,97.75121307373047,49304956
2023-04-12,108.19999694824219,108.4000015258789,106.94999694824219,107.5999984741211,97.79666137695312,27349538
2023-04-13,107.5,108.1500015258789,105.9000015258789,107.5,97.70577239990234,34880922
2023-04-17,107.5999984741211,108.30000305175781,106.75,107.1500015258789,97.38764953613281,24642162
2023-04-18,107.19999694824219,107.9000015258789,106.8499984741211,107.5999984741211,97.79666137695312,25476339
2023-04-19,107.8499984741211,110.4000015258789,107.75,108.0999984741211,98.25110626220703,62100775
2023-04-20,108.19999694824219,108.69999694824219,107.4000015258789,108.0,98.16021728515625,18337948
2023-04-21,108.0,108.0999984741211,105.3499984741211,106.1500015258789,96.47876739501953,37638506
2023-04-24,106.4000015258789,106.69999694824219,105.3499984741211,106.5,96.79688262939453,23475012
2023-04-25,106.69999694824219,107.5999984741211,106.25,107.05000305175781,97.29676818847656,23333425
2023-04-26,106.5,107.05000305175781,105.8499984741211,106.8499984741211,97.114990234375,23590297
2023-04-27,106.30000305175781,107.8499984741211,106.30000305175781,107.6500015258789,97.84210205078125,22364308
2023-04-28,107.80000305175781,108.5,107.30000305175781,107.94999694824219,98.11477661132812,30072920
2023-05-02,108.0,110.8499984741211,108.0,110.30000305175781,100.25066375732422,52822162
2023-05-03,109.80000305175781,111.0,108.75,109.69999694824219,99.705322265625,51272624
2023-05-04,110.0,111.9000015258789,109.5,111.05000305175781,100.93233489990234,38636907
2023-05-05,110.8499984741211,110.8499984741211,108.4000015258789,108.6500015258789,98.7509994506836,32958346
2023-05-08,109.25,109.8499984741211,108.25,109.55000305175781,99.56900024414062,23130472
2023-05-09,109.5999984741211,111.19999694824219,109.1500015258789,109.55000305175781,99.56900024414062,27999202
2023-05-10,109.5999984741211,110.0,108.5999984741211,109.25,99.29632568359375,19213215
2023-05-11,109.19999694824219,109.5,108.25,108.55000305175781,98.66010284423828,19817637
2023-05-12,108.3499984741211,108.4000015258789,106.55000305175781,106.75,97.02410888671875,36794838
2023-05-15,107.05000305175781,108.19999694824219,105.6500015258789,107.69999694824219,97.88754272460938,22148028
2023-05-16,108.19999694824219,108.6500015258789,107.19999694824219,107.4000015258789,97.61488342285156,18587658
2023-05-17,107.4000015258789,107.5,105.55000305175781,106.0,96.34243774414062,28895465
2023-05-18,106.5,107.1500015258789,105.0999984741211,105.19999694824219,95.61531829833984,24208481
2023-05-19,105.5999984741211,105.69999694824219,104.05000305175781,104.6500015258789,95.11544036865234,29848841
2023-05-22,105.0,105.25,104.30000305175781,105.0,95.43354034423828,21588716
2023-05-23,105.0999984741211,106.05000305175781,105.0,105.5999984741211,95.97887420654297,21304034
2023-05-24,105.0999984741211,105.80000305175781,104.9000015258789,105.19999694824219,95.61531829833984,28454367
2023-05-25,105.0,105.19999694824219,104.30000305175781,104.8499984741211,95.29720306396484,25885062
2023-05-26,105.0,106.75,104.94999694824219,106.4000015258789,96.70598602294922,28362042
2023-05-29,107.0,108.8499984741211,106.30000305175781,108.44999694824219,98.5692138671875,41062311
2023-05-30,108.94999694824219,108.94999694824219,106.9000015258789,107.05000305175781,97.29676818847656,33475211
2023-05-31,106.4000015258789,106.94999694824219,105.5999984741211,105.80000305175781,96.16065216064453,41249944
2023-06-01,105.9000015258789,106.69999694824219,105.80000305175781,105.94999694824219,96.29698944091797,21211538
2023-06-02,106.5,108.30000305175781,106.5,108.0,98.16021728515625,46686933
2023-06-05,108.6500015258789,109.9000015258789,107.80000305175781,109.4000015258789,99.43266296386719,39642539
2023-06-06,109.75,109.8499984741211,108.30000305175781,109.0,99.06909942626953,26751372
2023-06-07,109.5,111.75,108.9000015258789,111.5,101.34133911132812,45157197
2023-06-08,111.5,113.0,110.94999694824219,111.1500015258789,101.0232162475586,46380294
2023-06-09,111.25,111.6500015258789,108.6500015258789,108.9000015258789,98.97821807861328,36392617
2023-06-12,109.1500015258789,110.5999984741211,109.1500015258789,109.5,99.52355194091797,23472313
2023-06-13,110.0,111.8499984741211,109.6500015258789,111.1500015258789,101.0232162475586,30018212
2023-06-14,111.5,114.0,111.4000015258789,113.80000305175781,103.43179321289062,66696433
2023-06-15,113.9000015258789,114.19999694824219,113.25,113.75,103.38633728027344,39430138
2023-06-16,114.4000015258789,114.80000305175781,113.8499984741211,114.25,103.84078216552734,31715807
2023-06-19,115.44999694824219,115.5999984741211,113.05000305175781,114.0999984741211,103.7044448852539,33502185
2023-06-20,114.0999984741211,115.25,113.5,114.25,103.84078216552734,30371599
2023-06-21,114.9000015258789,114.9000015258789,112.8499984741211,113.9000015258789,103.52267456054688,35627983
2023-06-22,110.5999984741211,112.19999694824219,110.55000305175781,111.0999984741211,104.27351379394531,34769987
2023-06-23,110.5,110.75,109.19999694824219,109.5999984741211,102.86568450927734,22190233
2023-06-26,109.5999984741211,110.19999694824219,108.0999984741211,109.8499984741211,103.1003189086914,25332751
2023-06-27,110.5999984741211,111.5,110.1500015258789,110.75,103.94502258300781,24129403
2023-06-28,111.5,112.05000305175781,110.9000015258789,111.55000305175781,104.69586944580078,23895274
2023-06-30,111.5999984741211,112.19999694824219,110.4000015258789,112.0,105.11820983886719,26741918
2023-07-03,112.25,114.25,112.05000305175781,113.0999984741211,106.15062713623047,30979256
2023-07-04,113.19999694824219,113.4000015258789,112.0999984741211,112.4000015258789,105.49363708496094,25080307
2023-07-05,112.55000305175781,113.55000305175781,112.19999694824219,112.94999694824219,106.00984191894531,27877180
2023-07-06,112.0,112.8499984741211,111.5,112.6500015258789,105.72827911376953,34320086
2023-07-07,112.0,113.30000305175781,111.25,111.5999984741211,104.74279022216797,30034274
2023-07-10,112.25,115.69999694824219,111.6500015258789,115.30000305175781,108.21544647216797,60652690
2023-07-11,115.5999984741211,116.0999984741211,114.80000305175781,115.1500015258789,108.07466888427734,37999385
2023-07-12,115.1500015258789,116.05000305175781,114.0,114.69999694824219,107.65230560302734,32771204
2023-07-13,116.0,116.94999694824219,114.5,114.8499984741211,107.79309844970703,44847814
2023-07-14,115.69999694824219,117.9000015258789,114.80000305175781,117.1500015258789,109.95177459716797,34521821
2023-07-17,117.94999694824219,119.3499984741211,117.0999984741211,117.75,110.5149154663086,49115369
2023-07-18,118.0,118.1500015258789,116.4000015258789,116.5999984741211,109.4355697631836,23433431
2023-07-19,116.69999694824219,117.19999694824219,116.0999984741211,116.69999694824219,109.5294189453125,17222355
2023-07-20,116.69999694824219,117.25,116.3499984741211,116.94999694824219,109.76406860351562,22303831
2023-07-21,116.5999984741211,117.94999694824219,115.5,116.5999984741211,109.4355697631836,31546136
2023-07-24,116.5,116.5,114.3499984741211,115.5,108.40316772460938,38113555
2023-07-25,115.0,119.9000015258789,114.3499984741211,119.25,111.92273712158203,88035259
2023-07-26,119.80000305175781,120.5999984741211,118.8499984741211,119.94999694824219,112.57972717285156,29716336
2023-07-27,120.25,121.44999694824219,119.1500015258789,119.80000305175781,112.43895721435547,39664251
2023-07-28,120.19999694824219,121.0999984741211,118.69999694824219,120.5999984741211,113.18978881835938,33996691
2023-07-31,120.5999984741211,123.8499984741211,120.5999984741211,123.1500015258789,115.58311462402344,52330311
2023-08-01,123.55000305175781,124.1500015258789,122.55000305175781,123.19999694824219,115.63003540039062,27863562
2023-08-02,122.9000015258789,122.9000015258789,118.25,118.94999694824219,111.64118194580078,54951586
2023-08-03,118.69999694824219,119.6500015258789,117.5,118.19999694824219,110.937255859375,34624188
2023-08-04,119.4000015258789,119.75,118.0,119.0,111.68810272216797,22303966
2023-08-07,119.5999984741211,119.5999984741211,118.0,118.8499984741211,111.54731750488281,20711952
2023-08-08,119.0,119.5,117.94999694824219,118.1500015258789,110.89032745361328,21275054
2023-08-09,118.3499984741211,120.5,116.9000015258789,120.19999694824219,112.81436920166016,34154214
2023-08-10,120.0,120.6500015258789,119.25,120.0,112.62665557861328,24439101
2023-08-11,120.30000305175781,121.4000015258789,119.1500015258789,120.30000305175781,112.90823364257812,26337436
2023-08-14,120.30000305175781,120.4000015258789,117.3499984741211,118.1500015258789,110.89032745361328,33095516
2023-08-16,117.94999694824219,117.94999694824219,115.4000015258789,115.94999694824219,108.82550811767578,31252473
2023-08-17,115.9000015258789,116.80000305175781,114.69999694824219,116.05000305175781,108.91936492919922,28461865
2023-08-18,116.30000305175781,116.4000015258789,114.75,115.80000305175781,108.68473052978516,30381609
2023-08-21,116.75,117.0999984741211,115.8499984741211,116.9000015258789,109.7171401977539,22629651
2023-08-22,117.1500015258789,117.75,116.5,117.55000305175781,110.32720184326172,17343131
2023-08-23,117.8499984741211,119.25,117.6500015258789,118.94999694824219,111.64118194580078,43744909
2023-08-24,119.5,120.0999984741211,118.05000305175781,118.25,110.98419189453125,27103446
2023-08-25,118.0,118.1500015258789,116.69999694824219,116.9000015258789,109.7171401977539,23692527
2023-08-28,117.0,118.25,117.0,117.5999984741211,110.37413024902344,19218821
2023-08-29,118.5,120.1500015258789,117.75,119.55000305175781,112.20430755615234,36038317
2023-08-30,120.5,122.69999694824219,120.25,122.0999984741211,114.59761810302734,51467177
2023-08-31,122.8499984741211,123.5999984741211,122.1500015258789,122.9000015258789,115.34847259521484,60626985
2023-09-01,123.5,128.6999969482422,123.4000015258789,127.05000305175781,119.24347686767578,76460408
2023-09-04,129.1999969482422,132.89999389648438,128.85000610351562,131.75,123.65467834472656,68525900
2023-09-05,131.75,132.4499969482422,128.85000610351562,131.6999969482422,123.60775756835938,36466807
2023-09-06,132.39999389648438,132.39999389648438,128.1999969482422,129.60000610351562,121.63680267333984,36058850
2023-09-07,129.5,130.8000030517578,128.60000610351562,130.14999389648438,122.15299224853516,30268235
2023-09-08,131.39999389648438,131.64999389648438,129.1999969482422,129.5,121.54293060302734,34313523
2023-09-11,129.5,131.85000610351562,129.1999969482422,131.14999389648438,123.09153747558594,33377857
2023-09-12,132.8000030517578,133.14999389648438,128.64999389648438,129.0,121.07365417480469,38065283
2023-09-13,129.60000610351562,130.5,127.69999694824219,129.5500030517578,121.5898666381836,23371459
2023-09-14,131.0,134.1999969482422,130.8000030517578,131.6999969482422,123.60775756835938,58800620
2023-09-15,132.60000610351562,133.3000030517578,129.85000610351562,131.9499969482422,123.8424072265625,85058495
2023-09-18,135.0,135.0,130.0500030517578,130.4499969482422,122.43456268310547,62420823
2023-09-20,130.4499969482422,131.8000030517578,128.0,128.3000030517578,120.41667175292969,43627379
2023-09-21,128.3000030517578,129.25,127.19999694824219,127.80000305175781,119.9473876953125,29826091
2023-09-22,127.1500015258789,128.6999969482422,125.5,126.75,118.9619140625,34059194
2023-09-25,127.30000305175781,128.3000030517578,126.0999984741211,127.4000015258789,119.57196807861328,23466981
2023-09-26,129.0,130.5500030517578,128.39999389648438,128.89999389648438,120.97979736328125,48936598
2023-09-27,128.75,128.75,126.69999694824219,128.14999389648438,120.27587890625,33277329
2023-09-28,128.35000610351562,129.3000030517578,126.30000305175781,126.80000305175781,119.00883483886719,29982233
2023-09-29,128.1999969482422,129.5500030517578,127.55000305175781,128.89999389648438,120.97979736328125,28406435
2023-10-03,129.0,129.10000610351562,127.25,128.0,120.1351089477539,18613557
2023-10-04,127.0,127.0999984741211,124.5,125.30000305175781,117.60100555419922,33272725
2023-10-05,125.9000015258789,126.1500015258789,124.55000305175781,125.25,117.5540771484375,27063441
2023-10-06,126.5,127.0,125.0999984741211,125.9000015258789,118.16414642333984,21928671
2023-10-09,124.80000305175781,124.9000015258789,122.5999984741211,123.8499984741211,116.24009704589844,21457836
2023-10-10,124.69999694824219,125.9000015258789,123.75,125.30000305175781,117.60100555419922,28745957
2023-10-11,126.0,126.30000305175781,124.69999694824219,124.94999694824219,117.27249908447266,24455932
2023-10-12,125.3499984741211,126.9000015258789,125.0999984741211,125.9000015258789,118.16414642333984,19361688
2023-10-13,125.0,125.75,124.0,125.05000305175781,117.36636352539062,26912800
2023-10-16,125.0999984741211,127.25,124.94999694824219,127.0,119.19654846191406,23868700
2023-10-17,127.9000015258789,128.5500030517578,127.0,127.4000015258789,119.57196807861328,24241710
2023-10-18,127.8499984741211,128.6999969482422,126.5999984741211,127.0999984741211,119.29039764404297,20926079
2023-10-19,125.5,126.5,124.3499984741211,126.0,118.25799560546875,30941319
2023-10-20,125.0,125.75,122.69999694824219,123.0999984741211,115.53617858886719,30746140
2023-10-23,123.3499984741211,123.4000015258789,119.69999694824219,120.0,112.62665557861328,30699479
2023-10-25,121.19999694824219,122.80000305175781,120.75,121.3499984741211,113.89370727539062,27346103
2023-10-26,120.8499984741211,120.9000015258789,118.9000015258789,119.9000015258789,112.53280639648438,36298907
2023-10-27,120.5,121.80000305175781,119.5,119.9000015258789,112.53280639648438,28424007
2023-10-30,121.05000305175781,121.25,118.94999694824219,119.1500015258789,111.82888793945312,18753217
2023-10-31,120.0,120.1500015258789,118.4000015258789,118.75,111.45346069335938,22319950
2023-11-01,119.0,119.0999984741211,116.0,116.5999984741211,109.4355697631836,24717941
2023-11-02,114.5999984741211,118.55000305175781,114.5999984741211,118.0999984741211,110.84339904785156,72538804
2023-11-03,118.19999694824219,118.5999984741211,117.0999984741211,117.30000305175781,110.09255981445312,31747230
2023-11-06,118.5,119.6500015258789,117.5,119.4000015258789,112.06352233886719,27883152
2023-11-07,119.30000305175781,120.19999694824219,118.4000015258789,119.6500015258789,112.29817199707031,25818033
2023-11-08,119.75,120.5,118.55000305175781,119.05000305175781,111.73503875732422,22552386
2023-11-09,119.19999694824219,120.5,118.8499984741211,119.6500015258789,112.29817199707031,22979112
2023-11-10,119.5,120.44999694824219,118.80000305175781,120.05000305175781,112.67359161376953,23584510
2023-11-13,120.8499984741211,121.25,119.9000015258789,121.0,113.56521606445312,17951775
2023-11-15,121.69999694824219,124.4000015258789,121.5,124.05000305175781,116.42781829833984,38344393
2023-11-16,124.0,125.25,123.0,124.69999694824219,117.0378646850586,30836413
2023-11-17,124.69999694824219,125.75,124.30000305175781,125.19999694824219,117.50714874267578,23319439
2023-11-20,125.05000305175781,125.6500015258789,124.05000305175781,124.3499984741211,116.7093734741211,18780290
2023-11-21,125.05000305175781,126.4000015258789,124.94999694824219,126.25,118.49263000488281,29643312
2023-11-22,126.4000015258789,126.9000015258789,125.5,126.0999984741211,118.35184478759766,19588063
2023-11-23,126.3499984741211,127.4000015258789,125.9000015258789,126.69999694824219,118.91497802734375,30736851
2023-11-24,126.69999694824219,127.0,125.55000305175781,125.94999694824219,118.2110595703125,14719450
2023-11-28,127.0,127.0,126.0,126.8499984741211,119.0557632446289,18377843
2023-11-29,127.1500015258789,128.14999389648438,126.69999694824219,127.75,119.90046691894531,23092165
2023-11-30,127.80000305175781,128.85000610351562,126.5,127.9000015258789,120.04125213623047,40165104
2023-12-01,128.89999389648438,130.3000030517578,128.0500030517578,130.0,122.01221466064453,31192397
2023-12-04,132.1999969482422,132.35000610351562,130.39999389648438,131.0,122.95075988769531,41230928
2023-12-05,131.0,132.4499969482422,130.0,131.60000610351562,123.51390075683594,35192149
2023-12-06,132.5,133.39999389648438,130.8000030517578,131.85000610351562,123.74854278564453,40753593
2023-12-07,131.6999969482422,132.1999969482422,129.8000030517578,130.0,122.01221466064453,34686333
2023-12-08,130.14999389648438,131.39999389648438,127.94999694824219,129.1999969482422,121.2613754272461,34393711
2023-12-11,129.85000610351562,130.5,128.75,130.0500030517578,122.05915069580078,24038059
2023-12-12,130.0500030517578,132.14999389648438,129.6999969482422,130.10000610351562,122.1060791015625,30696410
2023-12-13,130.5500030517578,131.5,129.14999389648438,131.39999389648438,123.32618713378906,22767972
2023-12-14,132.3000030517578,133.25,131.5,132.0,123.88932800292969,43372143
2023-12-15,133.39999389648438,136.75,133.0,136.4499969482422,128.06590270996094,77377446
2023-12-18,136.85000610351562,137.60000610351562,135.10000610351562,136.60000610351562,128.20669555664062,38461877
2023-12-19,136.64999389648438,137.60000610351562,134.8000030517578,135.39999389648438,127.08041381835938,27726431
2023-12-20,135.89999389648438,136.14999389648438,128.75,129.75,121.77757263183594,39495961
2023-12-21,128.6999969482422,131.4499969482422,127.8499984741211,131.0,122.95075988769531,34914399
2023-12-22,132.39999389648438,134.75,131.75,133.5500030517578,125.3440933227539,37357334
2023-12-26,134.6999969482422,136.10000610351562,134.4499969482422,135.1999969482422,126.89270782470703,25936447
2023-12-27,135.85000610351562,138.89999389648438,135.5,137.1999969482422,128.7698211669922,48101400
2023-12-28,138.14999389648438,138.75,136.85000610351562,138.14999389648438,129.66143798828125,34661176
2023-12-29,138.60000610351562,141.25,137.14999389648438,139.60000610351562,131.02235412597656,49202910
2024-01-01,140.0,140.9499969482422,139.0500030517578,139.85000610351562,131.25698852539062,21186105
2024-01-02,140.5,140.60000610351562,137.0500030517578,139.60000610351562,131.02235412597656,27764060
2024-01-03,139.5,139.60000610351562,134.35000610351562,135.35000610351562,127.03350067138672,45176618
2024-01-04,136.0,136.35000610351562,134.0,134.25,126.00108337402344,43913498
2024-01-05,135.0,135.9499969482422,132.85000610351562,133.64999389648438,125.43794250488281,71330190
2024-01-08,135.3000030517578,135.9499969482422,131.75,132.0,123.88932800292969,39559717
2024-01-09,133.5,134.8000030517578,132.5,133.64999389648438,125.43794250488281,30736868
2024-01-10,133.8000030517578,134.6999969482422,132.10000610351562,134.10000610351562,125.86030578613281,27213624
2024-01-11,134.85000610351562,135.64999389648438,134.1999969482422,134.89999389648438,126.61113739013672,23113349
2024-01-12,135.8000030517578,136.25,134.64999389648438,135.3000030517578,126.9865493774414,32883921
2024-01-15,136.0,136.25,133.9499969482422,134.89999389648438,126.61113739013672,34158775
2024-01-16,134.6999969482422,138.5,134.0,137.25,128.81674194335938,56361287
2024-01-17,135.4499969482422,135.75,131.39999389648438,131.64999389648438,123.56082916259766,58982971
2024-01-18,131.64999389648438,132.25,128.1999969482422,131.0,122.95075988769531,45273496
2024-01-19,132.60000610351562,134.6999969482422,131.60000610351562,134.25,126.00108337402344,32653013
2024-01-23,134.8000030517578,135.1999969482422,129.3000030517578,130.10000610351562,122.1060791015625,35373970
2024-01-24,130.1999969482422,135.5500030517578,130.10000610351562,135.14999389648438,126.84575653076172,39340119
2024-01-25,136.5,136.5,132.0,133.75,125.53179168701172,61358839
2024-01-29,134.6999969482422,135.39999389648438,133.5,135.0,126.7049789428711,29745400
2024-01-30,135.60000610351562,137.6999969482422,134.5,134.6999969482422,126.4234390258789,35704185
2024-01-31,135.0,136.6999969482422,134.5,135.9499969482422,127.59661865234375,36079354
2024-02-01,136.39999389648438,136.75,134.5,134.8000030517578,126.51728057861328,31701793
2024-02-02,135.3000030517578,139.60000610351562,134.8000030517578,138.6999969482422,130.17762756347656,69296192
2024-02-05,140.0,143.35000610351562,139.35000610351562,141.5500030517578,132.85252380371094,80737626
2024-02-06,143.0,145.10000610351562,140.4499969482422,144.64999389648438,135.76205444335938,53192936
2024-02-07,146.85000610351562,147.39999389648438,144.0500030517578,144.39999389648438,135.5273895263672,61517064
2024-02-08,145.3000030517578,145.64999389648438,143.0500030517578,143.64999389648438,134.82350158691406,38997666
2024-02-09,144.1999969482422,144.4499969482422,139.14999389648438,141.3000030517578,132.61788940429688,35961925
2024-02-12,142.0,142.9499969482422,136.64999389648438,137.39999389648438,128.95751953125,36477544
2024-02-13,137.75,138.25,134.10000610351562,137.85000610351562,129.3798828125,39155909
2024-02-14,137.0,141.5,135.75,141.1999969482422,132.52403259277344,29141690
2024-02-15,141.5,143.4499969482422,141.0,141.1999969482422,132.52403259277344,31587387
2024-02-16,142.0500030517578,143.4499969482422,141.5,142.3000030517578,133.55645751953125,22316127
2024-02-19,142.9499969482422,143.35000610351562,141.35000610351562,141.9499969482422,133.22796630859375,16973568
2024-02-20,141.9499969482422,142.25,140.0500030517578,141.0500030517578,132.3832550048828,24291123
2024-02-21,141.5500030517578,146.1999969482422,141.4499969482422,143.89999389648438,135.05812072753906,88000833
2024-02-22,145.0,146.14999389648438,143.5,145.89999389648438,136.9352264404297,46728176
2024-02-23,146.39999389648438,147.10000610351562,145.0,145.4499969482422,136.5128936767578,28414697
2024-02-26,145.85000610351562,145.9499969482422,142.25,142.64999389648438,133.8849334716797,22570277
2024-02-27,142.64999389648438,144.5,142.0,144.1999969482422,135.33969116210938,24119469
2024-02-28,144.0500030517578,144.9499969482422,140.0500030517578,140.75,132.10169982910156,20721926
2024-02-29,140.8000030517578,141.85000610351562,139.39999389648438,140.85000610351562,132.19554138183594,32248156
2024-03-01,143.0,150.64999389648438,143.0,149.9499969482422,140.73638916015625,123709943
2024-03-04,154.89999389648438,154.89999389648438,151.0500030517578,153.10000610351562,143.69285583496094,67577785
2024-03-05,153.1999969482422,154.0,150.75,151.85000610351562,142.51966857910156,37165490
2024-03-06,151.8000030517578,152.64999389648438,147.89999389648438,151.60000610351562,142.28501892089844,51782444
2024-03-07,152.39999389648438,159.14999389648438,152.25,157.25,147.58786010742188,124847699
2024-03-11,158.89999389648438,158.89999389648438,153.0,153.4499969482422,144.02133178710938,54155385
2024-03-12,154.1999969482422,154.5500030517578,150.89999389648438,152.5,143.1297149658203,34947937
2024-03-13,152.8000030517578,152.89999389648438,142.5,143.64999389648438,134.82350158691406,70937597
2024-03-14,143.60000610351562,143.9499969482422,138.35000610351562,142.4499969482422,133.69723510742188,91956952
2024-03-15,142.89999389648438,143.6999969482422,139.85000610351562,141.6999969482422,132.99330139160156,68482621
2024-03-18,142.5500030517578,150.25,142.1999969482422,149.6999969482422,140.5017547607422,166913078
2024-03-19,149.0,152.4499969482422,147.60000610351562,148.75,139.61013793945312,105004268
2024-03-20,149.60000610351562,150.64999389648438,143.85000610351562,145.64999389648438,136.7006072998047,77550319
2024-03-21,148.0,151.1999969482422,147.8000030517578,150.10000610351562,140.87718200683594,84225737
2024-03-22,149.0,152.75,148.35000610351562,151.8000030517578,142.4727325439453,68241556
2024-03-26,151.14999389648438,153.39999389648438,150.5,152.39999389648438,143.0358428955078,52965508
2024-03-27,152.4499969482422,154.10000610351562,152.0,152.6999969482422,143.31741333007812,35328794
2024-03-28,152.6999969482422,157.0,152.6999969482422,155.85000610351562,146.27389526367188,62575327
2024-04-01,156.8000030517578,163.89999389648438,156.5,163.14999389648438,153.1253204345703,84583929
2024-04-02,162.9499969482422,165.5,161.8000030517578,164.64999389648438,154.5331573486328,69533405
2024-04-03,164.64999389648438,166.25,163.10000610351562,163.64999389648438,153.59458923339844,50938559
2024-04-04,165.5500030517578,165.9499969482422,161.0,163.39999389648438,153.35995483398438,61094750
2024-04-05,163.89999389648438,164.14999389648438,160.8000030517578,163.35000610351562,153.3130340576172,44668121
2024-04-08,166.9499969482422,166.9499969482422,164.1999969482422,165.1999969482422,155.04937744140625,48255703
2024-04-09,166.0,169.8000030517578,165.1999969482422,166.0,155.8002166748047,63884687
2024-04-10,167.3000030517578,169.1999969482422,164.5,165.0500030517578,154.90858459472656,64134758
2024-04-12,166.0,166.0,163.0,163.5,153.4538116455078,55317636
2024-04-15,161.8000030517578,164.6999969482422,158.60000610351562,160.85000610351562,150.96664428710938,66426404
2024-04-16,160.85000610351562,162.4499969482422,159.0,160.0500030517578,150.2158203125,41391261
2024-04-18,160.89999389648438,164.0,159.14999389648438,160.0500030517578,150.2158203125,68093672
2024-04-19,160.0,162.5,157.3000030517578,162.10000610351562,152.1398468017578,60078229
2024-04-22,163.8000030517578,164.6999969482422,161.5,161.85000610351562,151.90521240234375,39304790
2024-04-23,163.5,163.5,160.8000030517578,161.14999389648438,151.2482147216797,30295177
2024-04-24,162.4499969482422,166.89999389648438,161.4499969482422,165.5500030517578,155.37786865234375,59894921
2024-04-25,165.39999389648438,168.0,164.14999389648438,167.6999969482422,157.395751953125,50128523
2024-04-26,168.0,170.6999969482422,165.25,165.8000030517578,155.6125030517578,65355111
2024-04-29,168.1999969482422,169.60000610351562,166.89999389648438,167.39999389648438,157.1141815185547,44906151
2024-04-30,168.39999389648438,168.39999389648438,164.5,165.0,154.8616485595703,55043389
2024-05-02,165.0,168.89999389648438,165.0,167.35000610351562,157.0672607421875,69320283
2024-05-03,168.9499969482422,170.75,165.14999389648438,166.5,156.2694854736328,62573586
2024-05-06,167.9499969482422,168.64999389648438,164.6999969482422,167.60000610351562,157.30189514160156,37621296
2024-05-07,167.9499969482422,167.9499969482422,162.3000030517578,164.25,154.15774536132812,43611824
2024-05-08,164.1999969482422,167.10000610351562,163.5,166.0500030517578,155.84713745117188,30128705
2024-05-09,165.9499969482422,166.6999969482422,161.5,161.89999389648438,151.95213317871094,30223088
2024-05-10,163.1999969482422,164.35000610351562,161.85000610351562,162.25,152.28062438964844,31472419
2024-05-13,162.4499969482422,164.5,158.0500030517578,163.85000610351562,153.78233337402344,36561003
2024-05-14,164.10000610351562,166.5500030517578,163.5,164.9499969482422,154.81472778320312,46261468
2024-05-15,164.9499969482422,167.5500030517578,164.9499969482422,165.60000610351562,155.4248046875,29601304
2024-05-16,167.25,168.0,162.3000030517578,165.89999389648438,155.7063446044922,41126570
2024-05-17,166.60000610351562,168.4499969482422,165.4499969482422,167.35000610351562,157.0672607421875,39181277
2024-05-21,168.5,175.1999969482422,167.9499969482422,174.35000610351562,163.6371612548828,84833644
2024-05-22,175.4499969482422,175.5,171.5,173.3000030517578,162.6516571044922,42919832
2024-05-23,173.0500030517578,175.8000030517578,170.5,175.5,164.7164764404297,49377680
2024-05-24,174.9499969482422,177.5500030517578,174.14999389648438,174.85000610351562,164.1064453125,38674485
2024-05-27,177.6999969482422,177.6999969482422,174.85000610351562,175.5,164.7164764404297,30410585
2024-05-28,175.89999389648438,177.5,173.4499969482422,174.89999389648438,164.15335083007812,39208456
2024-05-29,174.75,176.0,173.5,174.25,163.5432891845703,36575550
2024-05-30,172.0,172.0,163.35000610351562,164.14999389648438,154.0638885498047,108813875
2024-05-31,166.0500030517578,167.9499969482422,164.0,167.1999969482422,156.9264678955078,83713848
2024-06-03,173.25,175.0,168.85000610351562,174.25,163.5432891845703,86397540
2024-06-04,174.5,174.64999389648438,148.14999389648438,158.9499969482422,149.1833953857422,125042158
2024-06-05,162.14999389648438,169.60000610351562,159.0,169.1999969482422,158.80357360839844,60098501
2024-06-06,170.0,174.6999969482422,169.39999389648438,172.0500030517578,161.47848510742188,57920819
2024-06-07,172.0,179.64999389648438,170.8000030517578,178.89999389648438,167.90757751464844,84319867
2024-06-10,180.2100067138672,182.10000610351562,177.36000061035156,180.2899932861328,169.212158203125,74286848
2024-06-11,180.5,183.75,180.5,181.3300018310547,170.18826293945312,55555544
2024-06-12,182.25,183.8699951171875,181.5,182.22999572753906,171.03297424316406,33304643
2024-06-13,183.39999389648438,184.10000610351562,180.50999450683594,182.55999755859375,171.34268188476562,36669164
2024-06-14,182.9499969482422,183.5,181.39999389648438,183.14999389648438,171.8964385986328,28509237
2024-06-18,183.8000030517578,184.60000610351562,180.60000610351562,181.1199951171875,169.9911651611328,35032118
2024-06-19,182.4499969482422,182.49000549316406,179.30999755859375,180.02000427246094,168.95877075195312,27476795
2024-06-20,181.60000610351562,182.9499969482422,179.3699951171875,182.27999877929688,171.07989501953125,38837494
2024-06-21,179.39999389648438,180.89999389648438,178.17999267578125,179.94000244140625,172.2863006591797,65494855
2024-06-24,177.44000244140625,178.9499969482422,175.10000610351562,177.9600067138672,170.39051818847656,47597307
2024-06-25,177.99000549316406,179.0,175.25,175.67999267578125,168.20750427246094,30599989
2024-06-26,175.67999267578125,176.0,171.83999633789062,172.55999755859375,165.22019958496094,44006436
2024-06-27,172.55999755859375,174.9499969482422,171.8000030517578,174.16000366210938,166.7521514892578,49767976
2024-06-28,174.1699981689453,177.10000610351562,173.57000732421875,174.00999450683594,166.60853576660156,37521949
2024-07-01,174.5,175.99000549316406,173.50999450683594,174.07000732421875,166.66598510742188,27807688
2024-07-02,174.47000122070312,175.75,173.60000610351562,174.5399932861328,167.11598205566406,33359495
2024-07-03,174.5399932861328,176.8800048828125,174.39999389648438,176.3699951171875,168.86814880371094,29090492
2024-07-04,177.0,178.19000244140625,175.82000732421875,176.2899932861328,168.7915496826172,29504744
2024-07-05,176.1999969482422,176.1999969482422,173.39999389648438,174.7100067138672,167.2787628173828,38123217
2024-07-08,174.60000610351562,175.47000122070312,172.08999633789062,172.27999877929688,164.9521026611328,31479861
2024-07-09,173.60000610351562,173.6999969482422,171.50999450683594,171.8000030517578,164.49252319335938,25127904
2024-07-10,172.5,172.88999938964844,167.02000427246094,167.97999572753906,160.83502197265625,41525591
2024-07-11,170.0,170.9499969482422,168.6699981689453,168.9199981689453,161.7350311279297,33987236
2024-07-12,170.1999969482422,170.38999938964844,168.00999450683594,168.69000244140625,161.5148162841797,33311402
2024-07-15,168.69000244140625,168.99000549316406,165.8000030517578,166.75999450683594,159.66690063476562,32635187
2024-07-16,167.8000030517578,169.82000732421875,166.6999969482422,167.07000732421875,159.96372985839844,26505901
2024-07-18,167.61000061035156,167.61000061035156,164.44000244140625,166.36000061035156,159.28392028808594,36568852
2024-07-19,166.0,166.08999633789062,157.1999969482422,157.77000427246094,151.05929565429688,77987514
2024-07-22,158.39999389648438,160.6999969482422,156.41000366210938,160.32000732421875,153.50083923339844,40353690
2024-07-23,161.60000610351562,161.97000122070312,155.0,160.02000427246094,153.21359252929688,37077411
2024-07-24,160.02000427246094,162.02000427246094,159.19000244140625,160.30999755859375,153.4912567138672,28086566
2024-07-25,158.5,158.5,156.89999389648438,157.38999938964844,150.69546508789062,45155876
2024-07-26,158.75,162.9499969482422,158.2100067138672,162.5500030517578,155.63597106933594,45642032
2024-07-29,164.6999969482422,164.6999969482422,162.3300018310547,162.8699951171875,155.94235229492188,31754833
2024-07-30,162.89999389648438,165.3000030517578,161.30999755859375,164.07000732421875,157.09132385253906,42824600
2024-07-31,166.2899932861328,166.5,163.5500030517578,165.3300018310547,158.2977294921875,52769925
2024-08-01,168.1999969482422,168.9499969482422,160.89999389648438,163.05999755859375,156.12428283691406,118341338
2024-08-02,161.0,161.19000244140625,154.72000122070312,158.22000122070312,151.4901580810547,72427529
2024-08-05,153.66000366210938,154.0,149.0,149.82000732421875,143.4474639892578,102883971
2024-08-06,151.2100067138672,153.8000030517578,149.61000061035156,150.32000732421875,143.9261932373047,53507102
2024-08-07,153.6999969482422,154.3000030517578,151.89999389648438,153.86000061035156,147.31561279296875,32029697
2024-08-08,153.39999389648438,153.44000244140625,150.0,150.27999877929688,143.88787841796875,51858615
2024-08-09,153.0,153.0,151.25,151.80999755859375,145.35279846191406,23290101
2024-08-12,151.0,153.39999389648438,149.8800048828125,152.05999755859375,145.5921630859375,30550334
2024-08-13,152.10000610351562,152.9499969482422,148.5,148.8800048828125,142.5474395751953,29396493
2024-08-14,149.89999389648438,149.89999389648438,142.35000610351562,146.1699981689453,139.95269775390625,97911180
2024-08-16,148.0,150.0,146.4600067138672,149.52000427246094,143.16021728515625,54131721
2024-08-19,150.85000610351562,154.3000030517578,150.38999938964844,153.9600067138672,147.41136169433594,62889770
2024-08-20,155.6999969482422,155.6999969482422,152.8000030517578,153.92999267578125,147.3826141357422,37559016
2024-08-21,153.0,154.17999267578125,151.77000427246094,151.9199981689453,145.45811462402344,49749381
2024-08-22,152.50999450683594,154.35000610351562,152.50999450683594,154.13999938964844,147.5836944580078,36719176
2024-08-23,154.0,154.38999938964844,152.5500030517578,154.1999969482422,147.64114379882812,31490857
2024-08-26,154.61000061035156,156.39999389648438,153.6999969482422,155.6999969482422,149.0773468017578,32497603
2024-08-27,155.8000030517578,156.5,154.60000610351562,154.6999969482422,148.119873046875,24523684
2024-08-28,154.6999969482422,155.0,153.0500030517578,153.6999969482422,147.16241455078125,25195197
2024-08-29,153.2100067138672,153.55999755859375,151.1999969482422,152.97000122070312,146.4634552001953,44452983
2024-08-30,153.0,155.25,152.47000122070312,152.75999450683594,146.26239013671875,55134023
2024-09-02,153.89999389648438,153.89999389648438,152.13999938964844,152.8800048828125,146.37730407714844,19200143
2024-09-03,152.83999633789062,153.4499969482422,152.00999450683594,152.14999389648438,145.6783447265625,19780066
2024-09-04,149.5,152.17999267578125,149.16000366210938,151.17999267578125,144.7495880126953,39613696
2024-09-05,151.0,152.7899932861328,151.0,151.72000122070312,145.26663208007812,28347324
2024-09-06,151.94000244140625,152.89999389648438,149.64999389648438,151.22000122070312,144.78790283203125,30709532
2024-09-09,150.89999389648438,150.89999389648438,148.0500030517578,149.47000122070312,143.11233520507812,32624586
2024-09-10,150.5,151.58999633789062,148.80999755859375,149.4199981689453,143.064453125,41607844
2024-09-11,149.89999389648438,150.1999969482422,147.6199951171875,148.1699981689453,141.8676300048828,24633287
2024-09-12,152.0,152.44000244140625,148.75,151.74000549316406,145.28578186035156,73191476
2024-09-13,152.77999877929688,155.39999389648438,152.5,153.49000549316406,146.96133422851562,54894255
2024-09-16,155.0,155.66000366210938,153.5,154.2100067138672,147.65072631835938,32575460
2024-09-17,154.0,154.24000549316406,152.27000427246094,152.82000732421875,146.31983947753906,18275113
2024-09-18,152.39999389648438,152.97999572753906,149.61000061035156,150.60000610351562,144.19427490234375,24856345
2024-09-19,151.88999938964844,152.19000244140625,147.7899932861328,149.5399932861328,143.17935180664062,36913781
2024-09-20,151.0,153.33999633789062,150.64999389648438,152.02000427246094,145.5538787841797,53873369
2024-09-23,154.3800048828125,154.38999938964844,152.8000030517578,153.99000549316406,147.44007873535156,33281905
2024-09-24,155.14999389648438,161.5,154.85000610351562,160.52999877929688,153.70188903808594,137414352
2024-09-25,161.5,162.69000244140625,159.52000427246094,161.66000366210938,154.78384399414062,58044967
2024-09-26,162.0,165.89999389648438,160.47999572753906,165.61000061035156,158.56582641601562,88661662
2024-09-27,167.0,169.00999450683594,165.88999938964844,166.5500030517578,159.46583557128906,72795668
2024-09-30,167.5,170.17999267578125,167.25999450683594,168.5500030517578,161.38076782226562,92381529
2024-10-01,169.49000549316406,169.49000549316406,165.10000610351562,167.02999877929688,159.9254150390625,50761579
2024-10-03,165.5,169.99000549316406,164.52000427246094,166.97999572753906,159.87754821777344,75959797
2024-10-04,167.0,169.10000610351562,164.0,166.75,159.65733337402344,53880875
2024-10-07,167.10000610351562,167.9499969482422,162.3300018310547,164.36000061035156,157.36898803710938,48775098
2024-10-08,163.0,163.58999633789062,156.6999969482422,159.52000427246094,152.73486328125,74956764
2024-10-09,159.52000427246094,162.1999969482422,158.11000061035156,159.05999755859375,152.29443359375,42766218
2024-10-10,158.3000030517578,161.17999267578125,156.60000610351562,159.72000122070312,152.92636108398438,46507936
2024-10-11,159.3000030517578,163.77999877929688,159.1999969482422,160.66000366210938,153.8263702392578,53263433
2024-10-14,161.8800048828125,163.3800048828125,158.0399932861328,158.32000732421875,151.58590698242188,35566857
2024-10-15,159.5,159.52999877929688,155.0500030517578,155.6300048828125,149.01031494140625,38964393
2024-10-16,155.19000244140625,156.5500030517578,154.02000427246094,155.24000549316406,148.6369171142578,28518262
2024-10-17,155.64999389648438,156.3000030517578,152.10000610351562,152.39999389648438,145.91769409179688,28404223
2024-10-18,152.39999389648438,156.1999969482422,151.10000610351562,155.38999938964844,148.78053283691406,34750795
2024-10-21,156.10000610351562,157.92999267578125,154.58999633789062,155.02999877929688,148.4358367919922,25799090
2024-10-22,154.89999389648438,154.89999389648438,150.10000610351562,150.38999938964844,143.99319458007812,39079846
2024-10-23,150.3000030517578,151.9499969482422,148.0500030517578,148.77999877929688,142.45167541503906,42107893
2024-10-24,149.49000549316406,149.8300018310547,148.00999450683594,148.97999572753906,142.64317321777344,22115070
2024-10-25,149.0,149.5,144.42999267578125,145.86000061035156,139.6558837890625,39730802
2024-10-28,146.0,149.72999572753906,144.72999572753906,149.3800048828125,143.0261688232422,28386897
2024-10-29,149.85000610351562,150.4499969482422,146.5500030517578,150.05999755859375,143.67723083496094,32258407
2024-10-30,148.10000610351562,150.9499969482422,148.10000610351562,148.97000122070312,142.63360595703125,21362130
2024-10-31,149.0800018310547,149.9499969482422,148.1999969482422,148.55999755859375,142.24102783203125,26383702
2024-11-01,149.66000366210938,150.25,149.0,149.75,143.3804168701172,5106804
2024-11-04,150.0,150.0,145.10000610351562,146.9499969482422,140.69952392578125,25571021
2024-11-05,147.0,152.5500030517578,146.9499969482422,152.2899932861328,145.8123779296875,42772283
2024-11-06,154.0,154.9499969482422,149.58999633789062,153.6199951171875,147.08580017089844,48928986
2024-11-07,156.11000061035156,156.9199981689453,150.1999969482422,150.9499969482422,144.5293731689453,88254789
2024-11-08,152.0,152.0,146.94000244140625,147.57000732421875,141.29315185546875,61980989
2024-11-11,147.57000732421875,147.69000244140625,144.10000610351562,145.00999450683594,138.84202575683594,47497863
2024-11-12,145.64999389648438,147.1300048828125,143.60000610351562,144.1699981689453,138.0377655029297,28861672
2024-11-13,143.60000610351562,143.60000610351562,138.60000610351562,139.1699981689453,133.2504425048828,57609083
2024-11-14,139.7100067138672,140.72999572753906,137.5,137.97999572753906,132.11105346679688,36345184
2024-11-18,139.49000549316406,143.25,138.0,141.2100067138672,135.20367431640625,40233848
2024-11-19,142.0,142.49000549316406,139.05999755859375,139.4600067138672,133.52810668945312,37611903
2024-11-21,139.5,141.60000610351562,137.25,140.22000122070312,134.2557830810547,58398744
2024-11-22,140.14999389648438,143.19000244140625,139.64999389648438,142.77999877929688,136.70689392089844,43710169
2024-11-25,144.94000244140625,146.14999389648438,142.83999633789062,143.6699981689453,137.5590362548828,53883890
2024-11-26,144.22000122070312,145.8000030517578,143.5800018310547,144.47000122070312,138.32501220703125,25608469
2024-11-27,144.30999755859375,144.89999389648438,142.89999389648438,144.52999877929688,138.3824462890625,24895631
2024-11-28,144.0,145.25,143.08999633789062,143.38999938964844,137.2909393310547,30947861
2024-11-29,143.89999389648438,145.49000549316406,143.0500030517578,144.5399932861328,138.3920135498047,29742979
2024-12-02,144.11000061035156,146.8300018310547,143.13999938964844,146.41000366210938,140.1824951171875,23840351
2024-12-03,146.75,148.1999969482422,146.33999633789062,146.5399932861328,140.30694580078125,35527228
2024-12-04,147.0,147.0500030517578,144.0,145.85000610351562,139.6463165283203,38537808
2024-12-05,146.5,147.8800048828125,144.8000030517578,147.07000732421875,140.81442260742188,36328245
2024-12-06,147.5,148.67999267578125,146.60000610351562,148.2899932861328,141.98252868652344,30604899
2024-12-09,148.2899932861328,150.6699981689453,146.6300048828125,149.8800048828125,143.50489807128906,39059139
2024-12-10,150.19000244140625,152.5,149.30999755859375,150.32000732421875,143.9261932373047,36278104
2024-12-11,150.58999633789062,152.11000061035156,150.05999755859375,150.60000610351562,144.19427490234375,20499709
2024-12-12,150.8699951171875,151.6300048828125,148.6999969482422,150.77999877929688,144.36660766601562,25761723
2024-12-13,150.0,150.0500030517578,145.5500030517578,148.9499969482422,142.61444091796875,39701388
2024-12-16,148.94000244140625,149.8000030517578,147.10000610351562,147.7899932861328,141.5037841796875,22634773
2024-12-17,147.7899932861328,148.5,145.3300018310547,145.67999267578125,139.48353576660156,27110781
2024-12-18,146.0,146.89999389648438,143.3000030517578,144.4600067138672,138.31544494628906,19850229
2024-12-19,141.5500030517578,143.8000030517578,141.10000610351562,143.25999450683594,137.16647338867188,27104579
2024-12-20,142.88999938964844,144.39999389648438,140.0,140.67999267578125,134.69619750976562,46503449
2024-12-23,142.4499969482422,143.8000030517578,140.61000061035156,141.7100067138672,135.68240356445312,27514178
2024-12-24,141.1999969482422,141.5,139.25,140.3800048828125,134.40896606445312,25882917
2024-12-26,140.9499969482422,141.14999389648438,139.50999450683594,140.36000061035156,134.3898162841797,23939932
2024-12-27,140.6999969482422,141.75,138.61000061035156,138.91000366210938,133.0015106201172,19562177
2024-12-30,138.91000366210938,139.25,136.08999633789062,136.8800048828125,131.057861328125,32555723
2024-12-31,136.8699951171875,138.67999267578125,136.55999755859375,138.0500030517578,132.17808532714844,20080291
2025-01-01,138.10000610351562,138.4499969482422,136.5800018310547,136.74000549316406,130.92381286621094,18169498
2025-01-02,137.0,138.4499969482422,136.39999389648438,138.17999267578125,132.3025360107422,23388424
2025-01-03,138.17999267578125,139.72999572753906,137.83999633789062,138.36000061035156,132.47488403320312,23351832
2025-01-06,138.36000061035156,138.38999938964844,131.35000610351562,132.17999267578125,126.55774688720703,44620509
2025-01-07,132.77999877929688,133.8800048828125,132.00999450683594,133.3800048828125,127.70672607421875,24239451
2025-01-08,133.92999267578125,134.24000549316406,131.77000427246094,132.63999938964844,126.9981918334961,31570331
2025-01-09,132.0,132.39999389648438,129.6999969482422,129.92999267578125,124.40345764160156,31903107
2025-01-10,129.92999267578125,130.38999938964844,126.69999694824219,127.43000030517578,122.00980377197266,34855510
2025-01-13,126.0,126.5,122.62000274658203,122.93000030517578,117.70120239257812,38968332
2025-01-14,122.94000244140625,127.63999938964844,122.94000244140625,126.93000030517578,121.53106689453125,36877365
2025-01-15,128.0,128.30999755859375,125.77999877929688,126.52999877929688,121.14807891845703,18773125
2025-01-16,128.0,128.47000122070312,126.55999755859375,127.80999755859375,122.3736343383789,22164393
2025-01-17,127.9000015258789,131.16000366210938,127.63999938964844,130.27999877929688,124.73857879638672,27421959
2025-01-20,130.99000549316406,132.10000610351562,128.91000366210938,131.66000366210938,126.05988311767578,20571916
2025-01-21,132.05999755859375,132.39999389648438,129.25,129.6999969482422,124.18324279785156,32238213
2025-01-22,130.25,130.35000610351562,127.12000274658203,128.9199981689453,123.4364242553711,27505569
2025-01-23,127.8499984741211,130.75,127.69999694824219,130.3699951171875,124.82474517822266,20722538
2025-01-24,130.5,133.1999969482422,129.30999755859375,129.74000549316406,124.22154998779297,37092106
2025-01-27,129.02000427246094,129.4499969482422,125.73999786376953,126.37000274658203,120.99488830566406,24650571
2025-01-28,126.37000274658203,130.49000549316406,124.73999786376953,128.6199951171875,123.14917755126953,40373804
2025-01-29,129.0,131.33999633789062,128.5500030517578,130.8000030517578,125.23645782470703,16674706
2025-01-30,130.8000030517578,132.14999389648438,130.10000610351562,131.1199951171875,125.54283905029297,25256096
2025-01-31,131.1199951171875,135.0,129.92999267578125,134.6199951171875,128.8939666748047,26689228
2025-02-01,135.0,135.5,130.25,132.97000122070312,127.31415557861328,21173846
2025-02-03,131.2899932861328,132.50999450683594,127.80999755859375,131.82000732421875,126.21308135986328,27765357
2025-02-04,132.8000030517578,134.33999633789062,131.8699951171875,133.4199981689453,127.74501037597656,25032519
2025-02-05,133.14999389648438,135.38999938964844,133.0800018310547,134.39999389648438,128.68333435058594,16958362
2025-02-06,134.5,134.8699951171875,132.02000427246094,132.5399932861328,126.90243530273438,22408168
2025-02-07,133.3000030517578,138.75,132.55999755859375,138.30999755859375,132.42701721191406,52950146
2025-02-10,138.10000610351562,138.10000610351562,133.0,134.0399932861328,128.33863830566406,26120805
2025-02-11,133.0,134.33999633789062,129.6999969482422,130.11000061035156,124.5758056640625,23635428
2025-02-12,129.35000610351562,133.2899932861328,128.30999755859375,132.27999877929688,126.65350341796875,37927696
2025-02-13,132.27999877929688,137.69000244140625,131.86000061035156,136.25,130.45465087890625,52036196
2025-02-14,136.25,139.25,133.3300018310547,134.47000122070312,128.75035095214844,41469242
2025-02-17,132.91000366210938,134.8000030517578,130.72999572753906,134.2899932861328,128.5780029296875,21189637
2025-02-18,134.2899932861328,134.89999389648438,131.75,134.5399932861328,128.81736755371094,23957576
2025-02-19,134.5,136.8800048828125,133.02999877929688,135.75999450683594,129.9854736328125,18447487
2025-02-20,135.27000427246094,138.36000061035156,135.0,138.0399932861328,132.1685028076172,24139808
2025-02-21,137.91000366210938,141.60000610351562,137.14999389648438,140.75999450683594,134.77281188964844,41987785
2025-02-24,138.80999755859375,140.66000366210938,136.66000366210938,137.64999389648438,131.7950897216797,25193205
2025-02-25,138.49000549316406,139.35000610351562,136.6999969482422,137.07000732421875,131.23977661132812,23575603
2025-02-27,137.2100067138672,138.99000549316406,135.8800048828125,138.69000244140625,132.7908477783203,30747044
2025-02-28,137.8000030517578,137.8000030517578,134.05999755859375,137.1999969482422,131.36424255371094,45540594
2025-03-03,137.0,139.0500030517578,134.30999755859375,138.57000732421875,132.6759796142578,31154401
2025-03-04,136.14999389648438,140.94000244140625,135.80999755859375,139.33999633789062,133.4132080078125,28634645
2025-03-05,139.0,146.49000549316406,139.0,146.10000610351562,139.88568115234375,62109377
2025-03-06,146.7899932861328,152.1999969482422,146.1999969482422,150.44000244140625,144.04107666015625,79121467
2025-03-07,149.74000549316406,152.4499969482422,149.27000427246094,151.55999755859375,145.11343383789062,81821791
2025-03-10,151.55999755859375,154.24000549316406,150.41000366210938,151.0500030517578,144.62513732910156,54450331
2025-03-11,148.10000610351562,151.6999969482422,148.0,150.75,144.337890625,35916900
2025-03-12,151.0,152.27999877929688,147.6999969482422,150.3000030517578,143.9070281982422,26377549
2025-03-13,152.0,153.55999755859375,150.02000427246094,150.8800048828125,144.46237182617188,48286431
2025-03-17,151.99000549316406,152.63999938964844,150.89999389648438,151.80999755859375,145.35279846191406,35879780
2025-03-18,151.80999755859375,151.80999755859375,151.80999755859375,151.80999755859375,145.35279846191406,0
2025-03-19,156.8000030517578,159.1999969482422,156.5,158.60000610351562,151.85400390625,66161413
2025-03-20,160.0,160.10000610351562,156.64999389648438,159.0399932861328,152.27528381347656,39889517
2025-03-21,159.02999877929688,159.75,156.82000732421875,157.27999877929688,150.5901336669922,49184821
2025-03-24,158.0,159.0,157.11000061035156,158.4199981689453,151.681640625,30905773
2025-03-25,159.0,159.0,156.0500030517578,156.72999572753906,150.06353759765625,28467187
2025-03-26,156.1999969482422,157.5399932861328,155.00999450683594,155.80999755859375,149.1826629638672,23182869
2025-03-27,154.8000030517578,156.10000610351562,154.1999969482422,155.4199981689453,148.8092498779297,25909068
2025-03-28,155.3800048828125,156.91000366210938,153.3699951171875,154.24000549316406,147.679443359375,24589315
2025-04-01,152.07000732421875,155.33999633789062,152.07000732421875,153.1199951171875,146.60707092285156,29142122
2025-04-02,154.0,156.25,152.27000427246094,154.69000244140625,148.1103057861328,24977582
2025-04-03,153.0,155.97000122070312,152.60000610351562,153.6199951171875,147.08580017089844,15117526
2025-04-04,152.6199951171875,152.99000549316406,140.0,140.38999938964844,134.41854858398438,80846143
2025-04-07,128.0,130.35000610351562,125.33000183105469,129.47999572753906,123.97259521484375,121806340
2025-04-08,134.88999938964844,136.1999969482422,128.02000427246094,130.27999877929688,124.73857879638672,68999181
2025-04-09,130.0,130.0,125.30000305175781,127.18000030517578,121.77043151855469,73399980
2025-04-11,134.6699981689453,134.6999969482422,130.49000549316406,133.4199981689453,127.74501037597656,73706472
2025-04-15,135.60000610351562,137.0,134.83999633789062,136.41000366210938,130.60784912109375,38967608
2025-04-16,136.41000366210938,137.60000610351562,134.6199951171875,136.97000122070312,131.14401245117188,42684087
2025-04-17,134.39999389648438,137.9600067138672,133.6999969482422,137.13999938964844,131.30677795410156,62282856
2025-04-21,137.64999389648438,140.3000030517578,137.0500030517578,139.17999267578125,133.260009765625,26503486
2025-04-22,142.0,142.83999633789062,137.6999969482422,138.16000366210938,132.2834014892578,58429662
2025-04-23,139.38999938964844,141.5,137.32000732421875,141.16000366210938,135.15579223632812,37851304
2025-04-24,140.6999969482422,141.8800048828125,140.27999877929688,141.52000427246094,135.50048828125,23061444
2025-04-25,142.0,143.4499969482422,138.02000427246094,138.85000610351562,132.9440460205078,37764696
2025-04-28,138.5399932861328,142.60000610351562,138.3800048828125,142.07000732421875,136.027099609375,26971589
2025-04-29,142.07000732421875,143.3000030517578,140.9199981689453,141.5,135.48133850097656,25758449
2025-04-30,141.4499969482422,141.55999755859375,138.0,140.0800018310547,134.12173461914062,29205042
2025-05-02,140.0,143.10000610351562,139.4499969482422,141.39999389648438,135.38558959960938,29588258
2025-05-05,141.57000732421875,142.6999969482422,141.1999969482422,142.0800018310547,136.0366668701172,17213477
2025-05-06,142.0800018310547,145.39999389648438,141.5399932861328,144.44000244140625,138.29629516601562,42658262
2025-05-07,142.1999969482422,146.9499969482422,142.1999969482422,146.0,139.78993225097656,34674594
2025-05-08,146.0,146.66000366210938,142.85000610351562,143.6699981689453,137.5590362548828,29687927
2025-05-09,140.99000549316406,143.27000427246094,140.50999450683594,142.77999877929688,136.70689392089844,21875453
2025-05-12,145.61000061035156,151.9499969482422,144.5,151.6300048828125,145.18045043945312,47087413
2025-05-13,152.0,152.99000549316406,149.00999450683594,149.42999267578125,143.0740203857422,54389876
2025-05-14,151.0,157.14999389648438,151.0,155.30999755859375,148.70391845703125,60002060
2025-05-15,155.5,157.83999633789062,154.3000030517578,157.35000610351562,150.65716552734375,57066105
2025-05-16,157.35000610351562,158.14999389648438,157.0,157.5500030517578,150.84866333007812,22884754
2025-05-19,158.0,158.13999938964844,156.1300048828125,157.57000732421875,150.86781311035156,21839582
2025-05-20,158.35000610351562,162.10000610351562,158.0,158.69000244140625,151.94015502929688,58061639
2025-05-21,159.4499969482422,161.85000610351562,158.52999877929688,161.63999938964844,154.76467895507812,36044599
2025-05-22,160.97999572753906,163.60000610351562,160.36000061035156,161.2899932861328,154.4295654296875,60715453
2025-05-23,161.60000610351562,163.52999877929688,161.5,162.97000122070312,156.03811645507812,29483665
2025-05-26,163.10000610351562,165.5500030517578,162.0500030517578,162.50999450683594,155.59767150878906,25581584
2025-05-27,162.50999450683594,163.89999389648438,160.6199951171875,161.66000366210938,154.78384399414062,23296776
2025-05-28,162.39999389648438,162.69000244140625,160.64999389648438,161.24000549316406,154.3817138671875,13044476
2025-05-29,162.19000244140625,163.9499969482422,161.5,163.1199951171875,156.18173217773438,26455081
2025-05-30,163.11000061035156,163.88999938964844,160.50999450683594,161.02000427246094,154.17105102539062,32739340
2025-06-02,159.0,160.1199951171875,157.3000030517578,159.0399932861328,152.27528381347656,31365564
2025-06-03,159.0399932861328,160.64999389648438,157.1699981689453,157.35000610351562,150.65716552734375,28398746
2025-06-04,157.5,158.97999572753906,156.80999755859375,158.17999267578125,151.45184326171875,16660138
2025-06-05,158.86000061035156,159.08999633789062,157.0500030517578,157.97000122070312,151.25079345703125,23708504
2025-06-06,155.6999969482422,157.8800048828125,154.25,157.49000549316406,154.30775451660156,25804151
2025-06-09,157.69000244140625,158.1999969482422,156.82000732421875,157.32000732421875,154.1411895751953,15315437
2025-06-10,158.0,159.3000030517578,155.5,155.67999267578125,152.5343017578125,22764080
2025-06-11,156.4499969482422,157.52999877929688,155.30999755859375,156.41000366210938,153.24957275390625,17605668
2025-06-12,156.0,156.25999450683594,151.85000610351562,152.88999938964844,149.80068969726562,27846151
2025-06-13,149.8000030517578,152.5,149.8000030517578,152.1300048828125,149.05604553222656,24277592
2025-06-16,152.00999450683594,154.5,150.83999633789062,154.1699981689453,151.05482482910156,16188193
2025-06-17,153.80999755859375,154.88999938964844,152.35000610351562,152.60000610351562,149.5165557861328,16740382
2025-06-18,152.1999969482422,153.1999969482422,150.8000030517578,152.11000061035156,149.0364532470703,14860746
2025-06-19,152.0,152.4499969482422,150.5,151.0,147.94888305664062,20145922
2025-06-20,150.75,153.1699981689453,150.6300048828125,151.97000122070312,148.89927673339844,29944714
2025-06-23,150.5,153.3000030517578,150.47999572753906,152.42999267578125,149.3499755859375,17096676
2025-06-24,153.8000030517578,156.97000122070312,153.63999938964844,154.7899932861328,151.66229248046875,25403324
2025-06-25,155.89999389648438,156.89999389648438,155.50999450683594,156.38999938964844,153.22996520996094,18240433
2025-06-26,156.8699951171875,161.10000610351562,156.4499969482422,160.5399932861328,157.29611206054688,40650557
2025-06-27,161.0,163.3000030517578,160.6999969482422,161.4499969482422,158.18772888183594,31989509
2025-06-30,160.99000549316406,162.1999969482422,159.5,159.75999450683594,156.53187561035156,15842285
2025-07-01,160.00999450683594,160.44000244140625,157.72999572753906,160.05999755859375,156.8258056640625,17823415
2025-07-02,160.05999755859375,166.14999389648438,159.8300018310547,165.8800048828125,162.52821350097656,63315210
2025-07-03,166.0,168.77999877929688,165.2100067138672,165.91000366210938,162.5576171875,60571824
2025-07-04,165.91000366210938,166.49000549316406,162.0,163.00999450683594,159.71620178222656,22938753
2025-07-07,163.0,163.35000610351562,160.0500030517578,162.39999389648438,159.1185302734375,17469909
2025-07-08,162.4499969482422,162.89999389648438,161.60000610351562,161.97000122070312,158.6972198486328,11398248
2025-07-09,161.9499969482422,161.9499969482422,157.50999450683594,159.0,155.7872314453125,29839077
2025-07-10,160.0,161.5500030517578,159.27999877929688,160.66000366210938,157.4136962890625,17566887
2025-07-11,160.63999938964844,161.6199951171875,159.32000732421875,159.83999633789062,156.61026000976562,20689511
2025-07-14,159.83999633789062,161.1199951171875,159.3000030517578,160.44000244140625,157.19813537597656,15152964
2025-07-15,160.25999450683594,160.85000610351562,157.9499969482422,159.0,155.7872314453125,17993051
2025-07-16,159.0,159.27000427246094,157.0,157.3300018310547,154.15097045898438,14591157
2025-07-17,157.5,160.6999969482422,157.1199951171875,159.89999389648438,156.66903686523438,21733241
2025-07-18,160.10000610351562,162.75,160.10000610351562,162.3699951171875,159.08912658691406,30728478
2025-07-21,162.5,165.60000610351562,162.49000549316406,163.02000427246094,159.72601318359375,29812899
2025-07-22,163.3000030517578,164.41000366210938,162.72999572753906,163.0399932861328,159.74559020996094,13615524
2025-07-23,163.25,164.13999938964844,161.8800048828125,162.77000427246094,159.48106384277344,14287149
2025-07-24,163.0,164.75,162.80999755859375,163.47999572753906,160.17669677734375,14377270
2025-07-25,163.5,163.58999633789062,161.0500030517578,161.42999267578125,158.16812133789062,12443495
2025-07-28,161.22999572753906,162.2899932861328,159.08999633789062,159.67999267578125,156.4534912109375,19296285
2025-07-29,158.1999969482422,162.4499969482422,158.1999969482422,161.69000244140625,158.42288208007812,15262937
2025-07-30,161.69000244140625,162.7899932861328,161.0500030517578,161.36000061035156,158.09954833984375,16083106
2025-07-31,161.0,162.1300048828125,156.55999755859375,157.94000244140625,154.7486572265625,26213891
2025-08-01,157.92999267578125,157.92999267578125,152.50999450683594,153.00999450683594,149.9182586669922,23927359
2025-08-04,153.5,159.9199981689453,153.5,159.55999755859375,156.33590698242188,30064719
2025-08-05,159.55999755859375,160.13999938964844,158.27999877929688,159.6199951171875,156.3946990966797,14441034
2025-08-06,159.6199951171875,159.8000030517578,157.8000030517578,158.66000366210938,155.4541015625,13438851
2025-08-07,157.14999389648438,160.0,156.25999450683594,159.6699981689453,156.44369506835938,23159540
2025-08-08,159.5,159.9499969482422,157.00999450683594,157.9499969482422,154.75843811035156,11951173
2025-08-11,157.9499969482422,160.0,157.14999389648438,158.52000427246094,155.3169403076172,14325736
2025-08-12,158.52000427246094,161.64999389648438,158.5,160.16000366210938,156.92379760742188,20056598
2025-08-13,160.9600067138672,162.39999389648438,159.89999389648438,160.17999267578125,156.94337463378906,18079396
2025-08-14,160.02000427246094,160.60000610351562,154.8300018310547,155.3000030517578,152.16200256347656,47256126
2025-08-18,158.0,159.0,156.0,157.9600067138672,154.76824951171875,61022494
2025-08-19,158.5,159.4600067138672,156.75999450683594,159.22999572753906,156.0125732421875,21224239
2025-08-20,158.1999969482422,162.75999450683594,158.02999877929688,161.9199981689453,158.64822387695312,28520245
2025-08-21,161.9199981689453,162.5399932861328,161.19000244140625,161.50999450683594,158.2465057373047,17282594
2025-08-22,161.25,161.27999877929688,158.10000610351562,158.5500030517578,155.34632873535156,16063984
2025-08-25,159.1999969482422,160.3300018310547,158.63999938964844,159.6300048828125,156.40451049804688,16376542
2025-08-26,159.16000366210938,159.16000366210938,154.63999938964844,155.02999877929688,151.89744567871094,19621100
2025-08-28,155.77999877929688,155.8699951171875,153.16000366210938,153.6300048828125,150.52574157714844,22269875
2025-08-29,154.5,155.10000610351562,153.0500030517578,154.47999572753906,151.35855102539062,16971859
2025-09-01,154.47999572753906,156.36000061035156,153.6999969482422,156.1699981689453,153.01441955566406,10798622
2025-09-02,156.1699981689453,159.07000732421875,155.5,158.38999938964844,155.18955993652344,21202113
2025-09-03,158.39999389648438,168.0,158.39999389648438,167.85000610351562,164.4584197998047,82352014
2025-09-04,169.0,169.3000030517578,166.6199951171875,166.80999755859375,163.43942260742188,26316842
2025-09-05,167.0,168.0,165.94000244140625,167.67999267578125,164.29183959960938,16798170
2025-09-08,170.0,172.5,168.4600067138672,168.82000732421875,165.4088134765625,36402317
2025-09-09,169.3000030517578,169.72000122070312,167.99000549316406,169.14999389648438,165.7321319580078,14028910
2025-09-10,169.19000244140625,170.72999572753906,168.75,169.42999267578125,166.0064697265625,13128306
2025-09-11,169.35000610351562,170.89999389648438,168.4600067138672,169.41000366210938,165.9868927001953,13829526
2025-09-12,169.60000610351562,171.0,168.6300048828125,169.77999877929688,166.3494110107422,12119036
2025-09-15,169.77000427246094,170.1999969482422,168.6300048828125,169.22999572753906,165.81051635742188,10611401
2025-09-16,169.38999938964844,172.27000427246094,169.02000427246094,172.02000427246094,168.54415893554688,26629438
2025-09-17,172.5,172.89999389648438,169.35000610351562,171.36000061035156,167.89749145507812,21381306
2025-09-18,171.4600067138672,172.1999969482422,169.80999755859375,172.02999877929688,168.55393981933594,16413388
2025-09-19,172.10000610351562,172.6699981689453,170.60000610351562,171.47999572753906,168.0150604248047,25406461
2025-09-22,170.8000030517578,172.2100067138672,170.50999450683594,171.38999938964844,167.9268798828125,20970704
2025-09-23,171.4499969482422,173.80999755859375,171.1999969482422,173.2899932861328,169.78848266601562,24533561
2025-09-24,173.16000366210938,174.44000244140625,172.3800048828125,172.66000366210938,169.1712188720703,20168891
2025-09-25,172.89999389648438,173.85000610351562,171.86000061035156,172.3800048828125,168.89688110351562,17026549
2025-09-26,172.22000122070312,173.3699951171875,167.1999969482422,167.39999389648438,164.01748657226562,20157657
2025-09-29,167.60000610351562,170.27999877929688,167.55999755859375,168.97999572753906,165.56556701660156,16832342
2025-09-30,169.5,170.14999389648438,168.41000366210938,168.77000427246094,165.3598175048828,24553596
2025-10-01,169.0,169.74000549316406,166.1300048828125,167.50999450683594,164.12527465820312,17542776
2025-10-03,168.1199951171875,174.74000549316406,168.1199951171875,173.2100067138672,169.71011352539062,55172705
2025-10-06,173.3000030517578,173.47999572753906,169.3000030517578,170.05999755859375,166.62374877929688,21474004
2025-10-07,170.39999389648438,172.1999969482422,170.39999389648438,171.42999267578125,167.966064453125,19189843
2025-10-08,172.0,173.6300048828125,170.05999755859375,171.94000244140625,168.46575927734375,22662699
2025-10-09,172.7899932861328,177.82000732421875,172.77999877929688,176.4199981689453,172.85523986816406,68504717
2025-10-10,176.0,176.13999938964844,172.89999389648438,173.86000061035156,170.3469696044922,18085975
2025-10-13,173.0,173.8000030517578,170.91000366210938,173.02999877929688,169.5337371826172,19386219
2025-10-14,174.91000366210938,176.4499969482422,169.25,170.50999450683594,167.0646514892578,22082970
2025-10-15,170.8300018310547,174.0,170.11000061035156,173.24000549316406,169.739501953125,15031989
2025-10-16,173.0,174.49000549316406,172.22000122070312,174.0,170.48414611816406,12205250
2025-10-17,173.60000610351562,174.30999755859375,170.99000549316406,172.22000122070312,168.7401123046875,21659007
2025-10-20,173.3000030517578,173.3000030517578,170.82000732421875,171.9499969482422,168.47555541992188,18049579
2025-10-21,172.39999389648438,173.25,172.10000610351562,172.77999877929688,169.28878784179688,2471987
2025-10-23,173.89999389648438,176.0800018310547,173.63999938964844,174.16000366210938,170.6409149169922,31472510
2025-10-24,174.60000610351562,177.35000610351562,173.72000122070312,174.44000244140625,170.91525268554688,25226376
2025-10-27,175.88999938964844,177.89999389648438,175.52999877929688,176.66000366210938,173.09039306640625,23832477
2025-10-28,177.35000610351562,182.05999755859375,177.02000427246094,181.80999755859375,178.13632202148438,59511794
2025-10-29,183.6699981689453,186.94000244140625,182.0500030517578,185.19000244140625,181.44802856445312,51610530
2025-10-30,184.39999389648438,185.19000244140625,182.63999938964844,184.35000610351562,180.62501525878906,24270977
2025-10-31,184.0,184.3000030517578,182.1199951171875,182.83999633789062,179.1455078125,16041321
2025-11-03,182.39999389648438,184.10000610351562,181.8000030517578,182.6699981689453,178.9789581298828,16652212
2025-11-04,183.0,183.08999633789062,178.89999389648438,179.2899932861328,175.667236328125,18746387
2025-11-06,179.2899932861328,180.6699981689453,176.52000427246094,177.27000427246094,173.6880645751953,23664538
2025-11-07,177.0,182.25,175.00999450683594,181.3699951171875,177.70521545410156,19165876
2025-11-10,182.02999877929688,182.50999450683594,180.1999969482422,181.47999572753906,177.81298828125,18376132
2025-11-11,182.89999389648438,182.89999389648438,179.02000427246094,181.0399932861328,177.3818817138672,14109340
2025-11-12,181.44000244140625,182.14999389648438,178.0,178.61000061035156,175.00099182128906,19037263
2025-11-13,184.0,184.0,175.10000610351562,176.64999389648438,173.08058166503906,82083661
2025-11-14,177.52000427246094,177.6999969482422,172.1199951171875,174.25999450683594,170.73887634277344,38345500
2025-11-17,175.1300048828125,175.25,172.6199951171875,173.1699981689453,169.67091369628906,28204282
2025-11-18,172.39999389648438,173.1199951171875,170.5500030517578,172.4499969482422,168.9654541015625,34278387
2025-11-19,172.4499969482422,173.89999389648438,172.05999755859375,173.2100067138672,169.71011352539062,19621610
2025-11-20,174.10000610351562,174.36000061035156,172.25999450683594,172.4600067138672,168.9752655029297,15968891
2025-11-21,171.8000030517578,171.89999389648438,167.6999969482422,168.0,164.60537719726562,28412865
2025-11-24,168.0,168.3800048828125,165.17999267578125,165.36000061035156,162.0187225341797,31202769
2025-11-25,166.0,167.27000427246094,165.0800018310547,166.3300018310547,162.9691162109375,19983310
2025-11-26,167.0,169.9499969482422,166.89999389648438,169.6699981689453,166.2416229248047,15044796
2025-11-27,170.4499969482422,171.0,167.17999267578125,168.1300048828125,164.73275756835938,17546627
2025-11-28,168.1300048828125,169.0,167.2899932861328,167.9600067138672,164.56619262695312,11975539
2025-12-01,169.0,169.64999389648438,167.6999969482422,168.6300048828125,165.22265625,11758473
2025-12-02,168.42999267578125,168.85000610351562,167.0,167.77999877929688,164.3898162841797,15355023
2025-12-03,167.77999877929688,167.99000549316406,165.0,166.9199981689453,163.5471954345703,18873943
2025-12-04,167.8000030517578,167.97000122070312,166.1999969482422,166.77000427246094,163.40023803710938,11419966
2025-12-05,167.0,167.64999389648438,165.0,167.11000061035156,163.7333526611328,33500436
2025-12-08,167.08999633789062,168.1999969482422,163.0,163.47000122070312,160.1669158935547,15772400
2025-12-09,163.38999938964844,163.38999938964844,160.05999755859375,160.6699981689453,157.42349243164062,25766371
2025-12-10,161.0,163.67999267578125,160.80999755859375,162.22999572753906,158.95196533203125,22537548
2025-12-11,163.5,166.66000366210938,163.1699981689453,166.3800048828125,163.0181121826172,32603566
2025-12-12,167.60000610351562,172.5,167.39999389648438,171.88999938964844,168.41677856445312,41130927
2025-12-15,170.9499969482422,173.1699981689453,170.5,172.8699951171875,169.37696838378906,23254201
2025-12-16,172.6999969482422,172.6999969482422,169.25,169.8300018310547,166.39840698242188,22981935
2025-12-17,170.08999633789062,171.3000030517578,169.66000366210938,170.33999633789062,166.89808654785156,11624504
2025-12-18,169.9199981689453,170.4499969482422,167.55999755859375,168.1199951171875,164.7229461669922,13152378
2025-12-19,169.14999389648438,169.6199951171875,167.8300018310547,168.69000244140625,165.28143310546875,28448892
2025-12-22,169.0399932861328,171.4600067138672,169.0,169.22000122070312,165.80072021484375,23729300
2025-12-23,169.35000610351562,171.35000610351562,169.25,170.89999389648438,167.44677734375,17348078
2025-12-24,171.35000610351562,171.64999389648438,169.6699981689453,170.07000732421875,166.63356018066406,17430406
2025-12-26,169.88999938964844,169.89999389648438,167.82000732421875,169.1199951171875,165.70274353027344,16904834
2025-12-29,169.50999450683594,174.1300048828125,169.2899932861328,172.3000030517578,168.81849670410156,48001907
2025-12-30,172.77999877929688,176.35000610351562,170.8000030517578,175.8000030517578,172.24777221679688,33741158
2025-12-31,180.0,181.39999389648438,178.5,180.0800018310547,176.4412841796875,50897201
2026-01-01,180.60000610351562,182.1999969482422,180.1999969482422,181.88999938964844,178.21470642089844,21507757
2026-01-02,182.0,183.85000610351562,181.60000610351562,182.8800048828125,179.18470764160156,23006840
2026-01-05,182.8800048828125,186.88999938964844,182.8699951171875,185.72000122070312,181.9673309326172,30646009
2026-01-06,186.0,187.85000610351562,184.47000122070312,186.1999969482422,182.4376220703125,28514282
2026-01-07,186.1999969482422,186.64999389648438,182.89999389648438,183.8000030517578,180.08612060546875,18231588
2026-01-08,185.4499969482422,185.8699951171875,179.5500030517578,180.1199951171875,176.48046875,38454951
2026-01-09,179.0500030517578,181.5,177.3300018310547,178.39999389648438,174.79522705078125,25318701
2026-01-12,178.39999389648438,183.64999389648438,177.63999938964844,183.24000549316406,179.53744506835938,25782267
2026-01-13,183.5,184.38999938964844,181.10000610351562,182.57000732421875,178.8809814453125,19155081
2026-01-14,182.57000732421875,190.64999389648438,181.66000366210938,189.25,185.42599487304688,55907778
2026-01-15,189.25,189.25,189.25,189.25,185.42599487304688,0
2026-01-16,190.0500030517578,191.0,187.30999755859375,188.2100067138672,184.40701293945312,26028519
2026-01-19,187.10000610351562,189.44000244140625,186.8000030517578,188.27000427246094,184.46580505371094,19709364
2026-01-20,188.27000427246094,190.0,183.02999877929688,183.55999755859375,179.85096740722656,20094927
2026-01-21,183.55999755859375,185.7100067138672,180.8800048828125,184.41000366210938,180.6837921142578,35037961
2026-01-22,185.88999938964844,189.99000549316406,185.7899932861328,189.10000610351562,185.27903747558594,35681682
2026-01-23,190.5,192.39999389648438,187.27000427246094,187.61000061035156,183.8191375732422,28492706
2026-01-27,189.6699981689453,193.13999938964844,187.72000122070312,192.27999877929688,188.394775390625,42314287
2026-01-28,193.49000549316406,195.1999969482422,192.10000610351562,193.85000610351562,189.9330596923828,33310718
2026-01-29,194.4499969482422,202.99000549316406,194.11000061035156,202.32000732421875,198.23190307617188,60610904
2026-01-30,198.5500030517578,199.0,190.6300048828125,193.1300048828125,189.22760009765625,52262849
2026-02-02,185.3800048828125,189.0,182.5500030517578,188.50999450683594,184.70094299316406,25601945
2026-02-03,193.5800018310547,199.0,191.50999450683594,192.92999267578125,189.03163146972656,28467895
2026-02-04,193.99000549316406,196.13999938964844,193.4499969482422,195.39999389648438,191.45172119140625,13859145
2026-02-05,193.0,198.41000366210938,191.52000427246094,197.75999450683594,193.7640380859375,31293689
2026-02-06,197.60000610351562,197.60000610351562,194.3699951171875,197.05999755859375,193.07818603515625,18446912
2026-02-09,202.0,206.33999633789062,197.5500030517578,202.0,197.91836547851562,68967709
2026-02-10,202.99000549316406,211.10000610351562,201.0800018310547,208.00999450683594,203.8069305419922,82443790
2026-02-11,209.39999389648438,210.25,205.3000030517578,207.58999633789062,203.39541625976562,40897457
2026-02-12,208.0,210.38999938964844,206.1999969482422,208.11000061035156,203.9049072265625,24109860
2026-02-13,206.58999633789062,206.85000610351562,202.55999755859375,203.17999267578125,199.07452392578125,25870923
2026-02-16,201.0,206.1199951171875,200.5500030517578,205.80999755859375,201.65138244628906,17932490
2026-02-17,205.5,205.8000030517578,201.66000366210938,203.0800018310547,198.97654724121094,18506676
2026-02-18,203.5500030517578,209.6999969482422,203.5500030517578,209.02999877929688,204.8063201904297,48357001
2026-02-19,211.0,211.38999938964844,204.25,205.41000366210938,201.2594757080078,27749813
2026-02-20,206.41000366210938,209.3000030517578,204.72999572753906,208.36000061035156,204.1498565673828,26605844
2026-02-23,210.0,210.10000610351562,205.5,208.13999938964844,203.93429565429688,23377191
2026-02-24,207.2100067138672,209.5399932861328,206.75,209.1300048828125,204.904296875,23413086
2026-02-25,210.10000610351562,216.4499969482422,209.39999389648438,214.63999938964844,210.30296325683594,48873839
2026-02-26,215.9499969482422,215.9499969482422,213.00999450683594,215.52000427246094,211.16519165039062,25522669
2026-02-27,215.5,215.89999389648438,211.66000366210938,212.3300018310547,208.03964233398438,25598534
2026-03-02,205.0,214.33999633789062,204.5,211.00999450683594,206.74630737304688,30523310
2026-03-04,207.0,207.0,194.42999267578125,196.72999572753906,192.75485229492188,72096617
2026-03-05,198.5,203.0399932861328,197.6300048828125,200.57000732421875,196.51727294921875,41033397
2026-03-06,199.5,202.1999969482422,197.10000610351562,198.4600067138672,194.4499053955078,28551376
2026-03-09,193.4499969482422,193.6999969482422,187.02999877929688,191.00999450683594,187.15042114257812,43019965
2026-03-10,194.00999450683594,196.63999938964844,192.0,195.0,191.059814453125,25783308
2026-03-11,197.13999938964844,198.8800048828125,194.0,194.74000549316406,190.80506896972656,34207226
2026-03-12,193.99000549316406,194.66000366210938,190.10000610351562,193.47000122070312,189.56072998046875,24413736
2026-03-13,191.9499969482422,192.5,182.25999450683594,183.50999450683594,179.80197143554688,42683952
2026-03-16,183.0,187.64999389648438,181.25,186.94000244140625,183.1626739501953,44789516
2026-03-17,187.8000030517578,196.30999755859375,186.85000610351562,195.42999267578125,191.48110961914062,45672442
2026-03-18,196.39999389648438,196.42999267578125,193.1699981689453,195.41000366210938,191.46153259277344,26353743
2026-03-19,190.8000030517578,194.22000122070312,189.3699951171875,190.50999450683594,186.66053771972656,24146344
2026-03-20,193.39999389648438,199.44000244140625,193.33999633789062,196.77000427246094,192.79405212402344,46881257
2026-03-23,193.0,193.9499969482422,186.50999450683594,187.1699981689453,183.38803100585938,44393392
2026-03-24,192.0,192.19000244140625,187.77999877929688,190.7899932861328,186.93487548828125,34321983
2026-03-25,193.02999877929688,197.14999389648438,192.32000732421875,196.64999389648438,192.6764678955078,34767360
2026-03-27,194.32000732421875,195.5,192.63999938964844,193.22000122070312,189.31578063964844,36938046
2026-03-30,192.0,194.4199981689453,188.3000030517578,191.86000061035156,187.98326110839844,45914996
2026-04-01,200.0,200.1999969482422,194.0,194.60000610351562,190.66790771484375,35813622
2026-04-02,192.91000366210938,194.85000610351562,187.9499969482422,194.13999938964844,190.21719360351562,27633959
2026-04-06,193.02000427246094,196.64999389648438,190.25,196.10000610351562,192.13758850097656,28115748
2026-04-07,195.60000610351562,198.4199981689453,193.27999877929688,198.1300048828125,194.12657165527344,32090982
2026-04-08,202.00999450683594,206.39999389648438,202.0,204.17999267578125,200.05430603027344,37018381
2026-04-09,204.50999450683594,208.19000244140625,204.05999755859375,205.1999969482422,201.0537109375,36853400
2026-04-10,207.97999572753906,209.0,204.8000030517578,206.61000061035156,202.4352264404297,28385501
2026-04-13,203.6999969482422,207.0,201.5,206.38999938964844,202.21966552734375,25848544
2026-04-15,209.0,211.14999389648438,207.60000610351562,208.72000122070312,204.50257873535156,30858355
2026-04-16,209.75,212.9199981689453,209.00999450683594,210.69000244140625,206.4327850341797,26751249
2026-04-17,210.69000244140625,212.4600067138672,208.5,212.1199951171875,207.83387756347656,22837792
2026-04-20,212.0,213.39999389648438,209.8000030517578,211.72000122070312,207.4419708251953,24992602
2026-04-21,211.72000122070312,214.49000549316406,211.0800018310547,212.00999450683594,207.72610473632812,17427021
2026-04-22,211.0,213.77999877929688,210.50999450683594,213.02999877929688,208.72549438476562,20795714
2026-04-23,213.0399932861328,213.10000610351562,210.16000366210938,210.91000366210938,206.64833068847656,19304122
2026-04-24,211.0,212.0,208.60000610351562,210.07000732421875,205.8253173828125,22379072
2026-04-27,211.0,215.0,210.92999267578125,213.27000427246094,208.9606475830078,33068230
2026-04-28,213.1999969482422,218.24000549316406,212.1999969482422,215.0500030517578,210.70468139648438,34950491
2026-04-29,216.10000610351562,217.0,211.36000061035156,215.8800048828125,211.51791381835938,32800573
2026-04-30,215.77999877929688,215.77999877929688,210.0,211.36000061035156,207.0892333984375,24894783
2026-05-01,211.36000061035156,211.36000061035156,211.36000061035156,211.36000061035156,207.0892333984375,0
2026-05-04,212.5500030517578,214.5,211.39999389648438,212.24000549316406,207.9514617919922,23140911
2026-05-05,212.1999969482422,212.33999633789062,209.4499969482422,211.32000732421875,207.050048828125,20733709
2026-05-06,214.0,216.72999572753906,212.4199981689453,215.47000122070312,211.11619567871094,24082651
2026-05-07,216.6999969482422,219.1999969482422,215.75,217.08999633789062,212.70346069335938,21243369
2026-05-08,217.0,217.39999389648438,214.25,214.49000549316406,210.156005859375,17760366
2026-05-11,213.5,215.0,211.52000427246094,212.0800018310547,207.79469299316406,16301350
2026-05-12,212.0,216.3300018310547,211.5,212.0,207.71630859375,28371348
2026-05-13,213.24000549316406,220.91000366210938,213.07000732421875,219.6199951171875,215.1823272705078,46231533
2026-05-14,222.3000030517578,222.89999389648438,219.02000427246094,221.1300048828125,216.66183471679688,34985006
2026-05-15,223.0,224.39999389648438,216.0,216.83999633789062,212.45851135253906,33231023
2026-05-18,211.0,211.82000732421875,205.0500030517578,209.7100067138672,205.4725799560547,73796001
2026-05-19,210.58999633789062,212.3300018310547,208.89999389648438,209.2899932861328,205.06106567382812,32573663
2026-05-20,207.5,207.5,203.0399932861328,207.00999450683594,202.82713317871094,56670462
2026-05-21,209.75,210.07000732421875,207.66000366210938,208.5800018310547,204.36541748046875,24385712
2026-05-22,209.60000610351562,210.8800048828125,208.25999450683594,209.19000244140625,204.9630889892578,22023114
2026-05-25,211.3000030517578,211.75,209.44000244140625,210.22000122070312,205.97227478027344,23090495
2026-05-26,209.89999389648438,211.13999938964844,209.50999450683594,210.47000122070312,206.21722412109375,17801824
2026-05-27,210.6999969482422,218.9600067138672,210.6999969482422,214.6999969482422,210.36175537109375,39110042
2026-05-28,214.6999969482422,214.6999969482422,214.6999969482422,214.6999969482422,210.36175537109375,0
2026-05-29,215.69000244140625,215.6999969482422,206.6999969482422,208.02000427246094,203.8167266845703,67467374
2026-06-01,210.0,211.39999389648438,206.5,210.57000732421875,206.31521606445312,23733470
2026-06-02,209.00999450683594,213.4600067138672,208.57000732421875,210.60000610351562,206.3446044921875,29358964
2026-06-03,210.7100067138672,212.49000549316406,207.60000610351562,211.88999938964844,207.60853576660156,23198930
2026-06-04,210.4199981689453,212.24000549316406,209.30999755859375,210.57000732421875,206.31521606445312,18939468
2026-06-05,209.39999389648438,210.5,203.89999389648438,206.77000427246094,202.5919952392578,35802398
2026-06-08,203.44000244140625,205.2100067138672,201.60000610351562,202.72000122070312,198.6238250732422,31036948
2026-06-09,203.0,204.0,200.33999633789062,203.17999267578125,199.07452392578125,42111455
2026-06-10,203.0,203.39999389648438,198.0,199.30999755859375,195.28271484375,34008938
2026-06-11,197.44000244140625,199.35000610351562,196.0500030517578,197.9600067138672,193.9600067138672,38292223
2026-06-12,200.0,200.82000732421875,195.8000030517578,197.86000061035156,197.86000061035156,27622963
2026-06-15,199.9600067138672,200.9499969482422,196.82000732421875,197.27999877929688,197.27999877929688,27071539
2026-06-16,197.50999450683594,197.60000610351562,193.30999755859375,196.0,196.0,29255187
2026-06-17,196.7899932861328,199.5,195.60000610351562,199.00999450683594,199.00999450683594,22491220
2026-06-18,199.00999450683594,200.6999969482422,198.14999389648438,200.52000427246094,200.52000427246094,22111931
2026-06-19,199.25,199.36000061035156,196.5,198.9600067138672,198.9600067138672,31571461
2026-06-22,199.3000030517578,200.66000366210938,198.6999969482422,198.97000122070312,198.97000122070312,19238506
2026-06-23,197.75,197.97999572753906,192.72999572753906,193.55999755859375,193.55999755859375,34634510
2026-06-24,192.8000030517578,193.3800048828125,189.58999633789062,190.16000366210938,190.16000366210938,51305789
2026-06-25,190.0,190.86000061035156,187.61000061035156,188.7100067138672,188.7100067138672,34151735
2026-06-26,188.7100067138672,188.7100067138672,188.7100067138672,188.7100067138672,188.7100067138672,0
2026-06-29,188.72999572753906,191.27000427246094,188.60000610351562,189.57000732421875,189.57000732421875,62549132
2026-06-30,189.5,190.39999389648438,187.0500030517578,188.05999755859375,188.05999755859375,33686235
2026-07-01,188.5,188.7100067138672,184.6999969482422,185.1699981689453,185.1699981689453,20614036
2026-07-02,186.0,188.60000610351562,185.13999938964844,187.6699981689453,187.6699981689453,29139217
2026-07-03,190.60000610351562,192.97999572753906,189.11000061035156,189.8000030517578,189.8000030517578,28474469
2026-07-06,190.38999938964844,191.4499969482422,189.19000244140625,190.8699951171875,190.8699951171875,14466645
2026-07-07,191.0,191.3000030517578,189.0,189.7899932861328,189.7899932861328,22805982
2026-07-08,187.66000366210938,189.7899932861328,186.52000427246094,188.1999969482422,188.1999969482422,17816943
2026-07-09,189.5,189.8699951171875,186.6199951171875,187.91000366210938,187.91000366210938,21203724
2026-07-10,189.67999267578125,193.3000030517578,188.74000549316406,191.19000244140625,191.19000244140625,23145573
2026-07-13,189.0,189.27000427246094,185.39999389648438,187.11000061035156,187.11000061035156,47597415
2026-07-14,186.6999969482422,190.35000610351562,186.6999969482422,188.27000427246094,188.27000427246094,24096425
2026-07-15,188.74000549316406,189.3300018310547,184.80999755859375,185.25999450683594,185.25999450683594,24924570
2026-07-16,186.5,186.75,184.91000366210938,185.49000549316406,185.49000549316406,13166990
2026-07-17,185.1999969482422,186.58999633789062,183.41000366210938,185.88999938964844,185.88999938964844,20132684
2026-07-20,186.67999267578125,187.19000244140625,185.75999450683594,186.41000366210938,186.41000366210938,11188887
2026-07-21,186.75,188.10000610351562,184.6999969482422,187.24000549316406,187.24000549316406,21618426
2026-07-22,187.99000549316406,187.99000549316406,184.91000366210938,186.52999877929688,186.52999877929688,16643117
2026-07-23,186.0,186.0,183.5,184.22999572753906,184.22999572753906,20581098
2026-07-24,183.41000366210938,183.52000427246094,181.1999969482422,182.6699981689453,182.6699981689453,16117953
2026-07-27,183.60000610351562,184.88999938964844,183.3300018310547,184.25,184.25,11857396
2026-07-28,184.30999755859375,185.13999938964844,182.00999450683594,182.6300048828125,182.6300048828125,19135253
2026-07-29,183.5,188.6699981689453,183.0399932861328,187.27000427246094,187.27000427246094,24872418
2026-07-30,188.00999450683594,188.99000549316406,186.10000610351562,186.9199981689453,186.9199981689453,13769746
2026-07-31,188.25,191.83999633789062,186.30999755859375,189.69000244140625,189.69000244140625,34249584
2026-08-03,192.94000244140625,193.5,188.49000549316406,191.0,191.0,27563681
2026-08-04,190.6999969482422,192.60000610351562,189.0,190.9499969482422,190.9499969482422,22165429
2026-08-05,192.25,192.99000549316406,189.83999633789062,192.99000549316406,192.99000549316406,22780522
2026-08-06,193.4499969482422,193.64999389648438,188.99000549316406,189.3000030517578,189.3000030517578,18802510
2026-08-07,189.41000366210938,189.69000244140625,186.75,187.5500030517578,187.5500030517578,9924021
2026-08-10,187.55999755859375,192.35000610351562,187.5500030517578,190.24000549316406,190.24000549316406,33338101
2026-08-11,190.24000549316406,190.55999755859375,186.77999877929688,188.25,188.25,20973262
2026-08-12,188.35000610351562,188.8800048828125,183.60000610351562,186.1999969482422,186.1999969482422,36484049
2026-08-13,186.1999969482422,186.66000366210938,183.4600067138672,184.85000610351562,184.85000610351562,19940424
2026-08-14,184.0,184.19000244140625,180.0,183.5,183.5,16131505
2026-08-17,183.5,186.35000610351562,182.05999755859375,186.0,186.0,16278106
2026-08-18,186.33999633789062,187.11000061035156,184.3300018310547,185.5,185.5,13393441
2026-08-19,184.16000366210938,184.9499969482422,182.5,184.0,184.0,15509632
2026-08-20,185.0,185.60000610351562,182.9499969482422,183.5,183.5,21782667
2026-08-21,184.39999389648438,184.94000244140625,182.0,183.0,183.0,26299054
2026-08-24,184.14999389648438,186.3000030517578,183.05999755859375,186.3000030517578,186.3000030517578,37800944
2026-08-25,186.3000030517578,187.27000427246094,183.5,186.94000244140625,186.94000244140625,24578020
2026-08-26,186.49000549316406,189.9499969482422,184.2899932861328,188.00999450683594,188.00999450683594,32199274
2026-08-27,188.0500030517578,190.25,186.5,186.8000030517578,186.8000030517578,40921836
2026-08-28,187.60000610351562,188.7899932861328,184.0800018310547,186.5,186.5,39370394
2026-08-31,185.35000610351562,185.82000732421875,181.39999389648438,184.35000610351562,184.35000610351562,36802869
2026-09-01,183.6999969482422,188.67999267578125,182.1199951171875,184.07000732421875,184.07000732421875,46663321
2026-09-02,182.5,184.05999755859375,181.44000244140625,183.85000610351562,183.85000610351562,19496175
2026-09-03,184.11000061035156,187.64999389648438,182.0,184.1999969482422,184.1999969482422,21964971
2026-09-04,184.1999969482422,189.89999389648438,182.83999633789062,188.7899932861328,188.7899932861328,36500951
2026-09-07,189.0,190.24000549316406,184.3699951171875,185.61000061035156,185.61000061035156,23695657
2026-09-08,185.89999389648438,186.5,183.61000061035156,184.14999389648438,184.14999389648438,24272812
2026-09-09,184.8000030517578,190.25999450683594,183.41000366210938,188.75,188.75,45985325
2026-09-10,189.0,189.0,185.0,186.77999877929688,186.77999877929688,23334612
2026-09-11,184.0,184.24000549316406,180.7899932861328,183.0,183.0,31510206
2026-09-14,183.0,183.0,183.0,183.0,183.0,0
2026-09-15,186.10000610351562,186.49000549316406,182.3800048828125,183.64999389648438,183.64999389648438,31857708
2026-09-16,183.64999389648438,185.39999389648438,180.27999877929688,183.0,183.0,29476234
2026-09-17,183.0,189.49000549316406,182.8699951171875,187.2899932861328,187.2899932861328,29397693
2026-09-18,186.39999389648438,187.9600067138672,185.5399932861328,185.5399932861328,185.5399932861328,29014128
2026-09-21,184.5500030517578,186.8699951171875,183.33999633789062,183.39999389648438,183.39999389648438,9933718
2026-09-22,183.60000610351562,185.49000549316406,183.10000610351562,184.97000122070312,184.97000122070312,17525509
2026-09-23,184.8800048828125,191.5,184.8699951171875,190.82000732421875,190.82000732421875,39798327
2026-09-24,188.2100067138672,191.8000030517578,187.72000122070312,188.02000427246094,188.02000427246094,15701549
2026-09-25,188.57000732421875,190.33999633789062,187.00999450683594,187.97000122070312,187.97000122070312,15890667
2026-09-28,187.5500030517578,188.5800018310547,185.25,186.3000030517578,186.3000030517578,13628891
2026-09-29,184.77999877929688,189.0,184.24000549316406,188.0,188.0,28159048
2026-09-30,189.0,189.5500030517578,184.3000030517578,184.3000030517578,184.3000030517578,32381754
